stride: 96
first vertex: 0
vertex count: 1270
topology: trianglelist
element[0]:
  SemanticName: POSITION
  SemanticIndex: 0
  Format: R32G32B32_FLOAT
  InputSlot: 0
  AlignedByteOffset: 0
  InputSlotClass: per-vertex
  InstanceDataStepRate: 0
element[1]:
  SemanticName: NORMAL
  SemanticIndex: 0
  Format: R32G32B32_FLOAT
  InputSlot: 0
  AlignedByteOffset: 12
  InputSlotClass: per-vertex
  InstanceDataStepRate: 0
element[2]:
  SemanticName: TANGENT
  SemanticIndex: 0
  Format: R32G32B32A32_FLOAT
  InputSlot: 0
  AlignedByteOffset: 24
  InputSlotClass: per-vertex
  InstanceDataStepRate: 0
element[3]:
  SemanticName: BLENDWEIGHTS
  SemanticIndex: 0
  Format: R32G32B32A32_FLOAT
  InputSlot: 0
  AlignedByteOffset: 40
  InputSlotClass: per-vertex
  InstanceDataStepRate: 0
element[4]:
  SemanticName: BLENDINDICES
  SemanticIndex: 0
  Format: R32G32B32A32_UINT
  InputSlot: 0
  AlignedByteOffset: 56
  InputSlotClass: per-vertex
  InstanceDataStepRate: 0
element[5]:
  SemanticName: COLOR
  SemanticIndex: 0
  Format: R32G32B32A32_FLOAT
  InputSlot: 0
  AlignedByteOffset: 72
  InputSlotClass: per-vertex
  InstanceDataStepRate: 0
element[6]:
  SemanticName: TEXCOORD
  SemanticIndex: 1
  Format: R32G32_FLOAT
  InputSlot: 0
  AlignedByteOffset: 88
  InputSlotClass: per-vertex
  InstanceDataStepRate: 0

vertex-data:

vb0[0]+000 POSITION: 0.08664968609809875, 0.017082076519727707, 1.5783309936523438
vb0[0]+012 NORMAL: 0.7450665235519409, 0.6668638586997986, 0.012977255508303642
vb0[0]+024 TANGENT: 1.0, 0.0, 0.0, -1.0
vb0[0]+040 BLENDWEIGHTS: 1.0, 0.0, 0.0, 0.0
vb0[0]+056 BLENDINDICES: 1, 0, 0, 0
vb0[0]+072 COLOR: 0.007372548803687096, 0.0, 0.0, 0.0
vb0[0]+088 TEXCOORD1: 0.7450665831565857, 0.0

vb0[1]+000 POSITION: 0.0852336660027504, 0.019906554371118546, 1.5930309295654297
vb0[1]+012 NORMAL: 0.33984774351119995, -0.9122493267059326, -0.22870218753814697
vb0[1]+024 TANGENT: 1.0, 0.0, 0.0, -1.0
vb0[1]+040 BLENDWEIGHTS: 1.0, 0.0, 0.0, 0.0
vb0[1]+056 BLENDINDICES: 1, 0, 0, 0
vb0[1]+072 COLOR: 0.0, 0.0, 0.0, 0.0
vb0[1]+088 TEXCOORD1: 0.33984771370887756, 0.0

vb0[2]+000 POSITION: 0.08818735182285309, 0.011118550784885883, 1.5907251834869385
vb0[2]+012 NORMAL: -0.1493065357208252, -0.1028042882680893, -0.9834321141242981
vb0[2]+024 TANGENT: 1.0, 0.0, 0.0, -1.0
vb0[2]+040 BLENDWEIGHTS: 1.0, 0.0, 0.0, 0.0
vb0[2]+056 BLENDINDICES: 1, 0, 0, 0
vb0[2]+072 COLOR: 0.0, 0.0, 0.0, 0.0
vb0[2]+088 TEXCOORD1: -0.1493065357208252, 0.0

vb0[3]+000 POSITION: 0.08365724235773087, 0.027389392256736755, 1.5705286264419556
vb0[3]+012 NORMAL: 0.6981126070022583, 0.6055351495742798, -0.38205480575561523
vb0[3]+024 TANGENT: 1.0, 0.0, 0.0, -1.0
vb0[3]+040 BLENDWEIGHTS: 1.0, 0.0, 0.0, 0.0
vb0[3]+056 BLENDINDICES: 1, 0, 0, 0
vb0[3]+072 COLOR: 0.00800000037997961, 0.0, 0.0, 0.0
vb0[3]+088 TEXCOORD1: 0.6981126666069031, 0.0

vb0[4]+000 POSITION: 0.08225200325250626, 0.03327883780002594, 1.5764210224151611
vb0[4]+012 NORMAL: -0.07835017889738083, 0.156389057636261, 0.9845830202102661
vb0[4]+024 TANGENT: 1.0, 0.0, 0.0, -1.0
vb0[4]+040 BLENDWEIGHTS: 1.0, 0.0, 0.0, 0.0
vb0[4]+056 BLENDINDICES: 1, 0, 0, 0
vb0[4]+072 COLOR: 0.007529411930590868, 0.0, 0.0, 0.0
vb0[4]+088 TEXCOORD1: -0.07835018634796143, 0.0

vb0[5]+000 POSITION: 0.07599425315856934, 0.04621037840843201, 1.5635015964508057
vb0[5]+012 NORMAL: -0.6999276280403137, -0.6116982102394104, 0.3686821460723877
vb0[5]+024 TANGENT: 1.0, 0.0, 0.0, -1.0
vb0[5]+040 BLENDWEIGHTS: 1.0, 0.0, 0.0, 0.0
vb0[5]+056 BLENDINDICES: 1, 0, 0, 0
vb0[5]+072 COLOR: 0.008470588363707066, 0.0, 0.0, 0.0
vb0[5]+088 TEXCOORD1: -0.6999276876449585, 2.9802322387695312e-08

vb0[6]+000 POSITION: 0.07945065945386887, 0.04068493843078613, 1.569934606552124
vb0[6]+012 NORMAL: -0.699951708316803, -0.6117233037948608, 0.3685949444770813
vb0[6]+024 TANGENT: 1.0, 0.0, 0.0, -1.0
vb0[6]+040 BLENDWEIGHTS: 1.0, 0.0, 0.0, 0.0
vb0[6]+056 BLENDINDICES: 1, 0, 0, 0
vb0[6]+072 COLOR: 0.00800000037997961, 0.0, 0.0, 0.0
vb0[6]+088 TEXCOORD1: -0.699951708316803, 0.0

vb0[7]+000 POSITION: 0.0806988924741745, 0.03624453395605087, 1.5654592514038086
vb0[7]+012 NORMAL: -0.7489017248153687, -0.6626631617546082, -0.004867913667112589
vb0[7]+024 TANGENT: 1.0, 0.0, 0.0, -1.0
vb0[7]+040 BLENDWEIGHTS: 1.0, 0.0, 0.0, 0.0
vb0[7]+056 BLENDINDICES: 1, 0, 0, 0
vb0[7]+072 COLOR: 0.00831372570246458, 0.0, 0.0, 0.0
vb0[7]+088 TEXCOORD1: -0.7489017248153687, 0.0

vb0[8]+000 POSITION: 0.08613897114992142, 0.02126210182905197, 1.5645431280136108
vb0[8]+012 NORMAL: 0.6979585289955139, 0.6053575277328491, -0.3826175034046173
vb0[8]+024 TANGENT: 1.0, 0.0, 0.0, -1.0
vb0[8]+040 BLENDWEIGHTS: 1.0, 0.0, 0.0, 0.0
vb0[8]+056 BLENDINDICES: 1, 0, 0, 0
vb0[8]+072 COLOR: 0.008470588363707066, 0.0, 0.0, 0.0
vb0[8]+088 TEXCOORD1: 0.6979585289955139, 0.0

vb0[9]+000 POSITION: 0.0809907540678978, 0.033261798322200775, 1.5603463649749756
vb0[9]+012 NORMAL: -0.7488975524902344, -0.6626599431037903, -0.005857435986399651
vb0[9]+024 TANGENT: 1.0, 0.0, 0.0, -1.0
vb0[9]+040 BLENDWEIGHTS: 1.0, 0.0, 0.0, 0.0
vb0[9]+056 BLENDINDICES: 1, 0, 0, 0
vb0[9]+072 COLOR: 0.008784313686192036, 0.0, 0.0, 0.0
vb0[9]+088 TEXCOORD1: -0.7488975524902344, 0.0

vb0[10]+000 POSITION: 0.07524792104959488, 0.04316050559282303, 1.5583372116088867
vb0[10]+012 NORMAL: -0.16209381818771362, -0.0877605602145195, -0.9828650951385498
vb0[10]+024 TANGENT: 1.0, 0.0, 0.0, -1.0
vb0[10]+040 BLENDWEIGHTS: 1.0, 0.0, 0.0, 0.0
vb0[10]+056 BLENDINDICES: 1, 0, 0, 0
vb0[10]+072 COLOR: 0.00894117634743452, 0.0, 0.0, 0.0
vb0[10]+088 TEXCOORD1: -0.16209380328655243, 0.0

vb0[11]+000 POSITION: 0.08792127668857574, 0.009228658862411976, 1.5714941024780273
vb0[11]+012 NORMAL: 0.5579594969749451, 0.45059090852737427, -0.696885347366333
vb0[11]+024 TANGENT: 1.0, 0.0, 0.0, -1.0
vb0[11]+040 BLENDWEIGHTS: 1.0, 0.0, 0.0, 0.0
vb0[11]+056 BLENDINDICES: 1, 0, 0, 0
vb0[11]+072 COLOR: 0.00784313678741455, 0.0, 0.0, 0.0
vb0[11]+088 TEXCOORD1: 0.5579594373703003, 0.0

vb0[12]+000 POSITION: 0.08768024295568466, -0.0036118223797529936, 1.5819541215896606
vb0[12]+012 NORMAL: 0.6981126070022583, 0.6055351495742798, -0.38205480575561523
vb0[12]+024 TANGENT: 1.0, 0.0, 0.0, -1.0
vb0[12]+040 BLENDWEIGHTS: 1.0, 0.0, 0.0, 0.0
vb0[12]+056 BLENDINDICES: 1, 0, 0, 0
vb0[12]+072 COLOR: 0.0070588234812021255, 0.0, 0.0, 0.0
vb0[12]+088 TEXCOORD1: 0.6981126666069031, 0.0

vb0[13]+000 POSITION: 0.08601091057062149, 0.003995820879936218, 1.6061651706695557
vb0[13]+012 NORMAL: 0.9578262567520142, 0.24771299958229065, 0.145626500248909
vb0[13]+024 TANGENT: 1.0, 0.0, 0.0, -1.0
vb0[13]+040 BLENDWEIGHTS: 1.0, 0.0, 0.0, 0.0
vb0[13]+056 BLENDINDICES: 1, 0, 0, 0
vb0[13]+072 COLOR: 0.0, 0.0, 0.0, 0.0
vb0[13]+088 TEXCOORD1: 0.9578263163566589, -1.4901161193847656e-08

vb0[14]+000 POSITION: 0.08355008810758591, -0.013349947519600391, 1.5953829288482666
vb0[14]+012 NORMAL: 0.5584794282913208, 0.45115503668785095, -0.6961033940315247
vb0[14]+024 TANGENT: 1.0, 0.0, 0.0, -1.0
vb0[14]+040 BLENDWEIGHTS: 1.0, 0.0, 0.0, 0.0
vb0[14]+056 BLENDINDICES: 1, 0, 0, 0
vb0[14]+072 COLOR: 0.006117647048085928, 0.0, 0.0, 0.0
vb0[14]+088 TEXCOORD1: 0.558479368686676, 2.9802322387695312e-08

vb0[15]+000 POSITION: 0.07972078025341034, -0.017387140542268753, 1.6058425903320312
vb0[15]+012 NORMAL: 0.3384077250957489, 0.23553988337516785, -0.9110440015792847
vb0[15]+024 TANGENT: 1.0, 0.0, 0.0, -1.0
vb0[15]+040 BLENDWEIGHTS: 1.0, 0.0, 0.0, 0.0
vb0[15]+056 BLENDINDICES: 1, 0, 0, 0
vb0[15]+072 COLOR: 0.005333333276212215, 0.0, 0.0, 0.0
vb0[15]+088 TEXCOORD1: 0.3384077250957489, 0.0

vb0[16]+000 POSITION: 0.07334549725055695, -0.021908024325966835, 1.6181823015213013
vb0[16]+012 NORMAL: -0.699951708316803, -0.6117233037948608, 0.3685949444770813
vb0[16]+024 TANGENT: 1.0, 0.0, 0.0, -1.0
vb0[16]+040 BLENDWEIGHTS: 1.0, 0.0, 0.0, 0.0
vb0[16]+056 BLENDINDICES: 1, 0, 0, 0
vb0[16]+072 COLOR: 0.004392156843096018, 0.0, 0.0, 0.0
vb0[16]+088 TEXCOORD1: -0.699951708316803, 0.0

vb0[17]+000 POSITION: 0.08102376759052277, -0.003237437456846237, 1.6221706867218018
vb0[17]+012 NORMAL: -0.7492225170135498, 0.6556271910667419, -0.09390739351511002
vb0[17]+024 TANGENT: 1.0, 0.0, 0.0, -1.0
vb0[17]+040 BLENDWEIGHTS: 1.0, 0.0, 0.0, 0.0
vb0[17]+056 BLENDINDICES: 1, 0, 0, 0
vb0[17]+072 COLOR: 0.0, 0.0, 0.0, 0.0
vb0[17]+088 TEXCOORD1: -0.7492225766181946, 0.0

vb0[18]+000 POSITION: 0.07016652077436447, -0.008138149976730347, 1.6380693912506104
vb0[18]+012 NORMAL: -0.8187946081161499, 0.5677558779716492, -0.08502128720283508
vb0[18]+024 TANGENT: 1.0, 0.0, 0.0, -1.0
vb0[18]+040 BLENDWEIGHTS: 1.0, 0.0, 0.0, 0.0
vb0[18]+056 BLENDINDICES: 1, 0, 0, 0
vb0[18]+072 COLOR: 0.0, 0.0, 0.0, 0.0
vb0[18]+088 TEXCOORD1: -0.8187946677207947, 7.450580596923828e-09

vb0[19]+000 POSITION: 0.06545494496822357, -0.024759359657764435, 1.6314748525619507
vb0[19]+012 NORMAL: -0.5625686049461365, -0.4700402617454529, 0.6801313757896423
vb0[19]+024 TANGENT: 1.0, 0.0, 0.0, -1.0
vb0[19]+040 BLENDWEIGHTS: 1.0, 0.0, 0.0, 0.0
vb0[19]+056 BLENDINDICES: 1, 0, 0, 0
vb0[19]+072 COLOR: 0.0034509804099798203, 0.0, 0.0, 0.0
vb0[19]+088 TEXCOORD1: -0.5625686049461365, 0.0

vb0[20]+000 POSITION: 0.06106215715408325, -0.010923654772341251, 1.6509230136871338
vb0[20]+012 NORMAL: -0.821993350982666, 0.5632538795471191, -0.08409590274095535
vb0[20]+024 TANGENT: 1.0, 0.0, 0.0, -1.0
vb0[20]+040 BLENDWEIGHTS: 1.0, 0.0, 0.0, 0.0
vb0[20]+056 BLENDINDICES: 1, 0, 0, 0
vb0[20]+072 COLOR: 0.0, 0.0, 0.0, 0.0
vb0[20]+088 TEXCOORD1: -0.821993350982666, 0.0

vb0[21]+000 POSITION: 0.058183636516332626, -0.02547459490597248, 1.6447080373764038
vb0[21]+012 NORMAL: -0.5618219375610352, -0.46927323937416077, 0.6812772750854492
vb0[21]+024 TANGENT: 1.0, 0.0, 0.0, -1.0
vb0[21]+040 BLENDWEIGHTS: 1.0, 0.0, 0.0, 0.0
vb0[21]+056 BLENDINDICES: 1, 0, 0, 0
vb0[21]+072 COLOR: 0.0025098039768636227, 0.0, 0.0, 0.0
vb0[21]+088 TEXCOORD1: -0.5618219375610352, 0.0

vb0[22]+000 POSITION: 0.05562067776918411, -0.03781863674521446, 1.6228275299072266
vb0[22]+012 NORMAL: -0.6999276280403137, -0.6116982102394104, 0.3686821460723877
vb0[22]+024 TANGENT: 1.0, 0.0, 0.0, -1.0
vb0[22]+040 BLENDWEIGHTS: 0.949999988079071, 0.05000000074505806, 0.0, 0.0
vb0[22]+056 BLENDINDICES: 1, 4, 0, 0
vb0[22]+072 COLOR: 0.004078431520611048, 0.0, 0.0, 0.0
vb0[22]+088 TEXCOORD1: -0.6999276876449585, 2.9802322387695312e-08

vb0[23]+000 POSITION: 0.05005860701203346, -0.03698725625872612, 1.636702060699463
vb0[23]+012 NORMAL: -0.24174387753009796, -0.22577813267707825, -0.9437076449394226
vb0[23]+024 TANGENT: 1.0, 0.0, 0.0, -1.0
vb0[23]+040 BLENDWEIGHTS: 0.8500000238418579, 0.15000000596046448, 0.0, 0.0
vb0[23]+056 BLENDINDICES: 1, 4, 0, 0
vb0[23]+072 COLOR: 0.0029803921934217215, 0.0, 0.0, 0.0
vb0[23]+088 TEXCOORD1: -0.24174387753009796, 0.0

vb0[24]+000 POSITION: 0.061627376824617386, -0.03617732226848602, 1.608898401260376
vb0[24]+012 NORMAL: 0.2771942615509033, 0.2338530570268631, 0.9319206476211548
vb0[24]+024 TANGENT: 1.0, 0.0, 0.0, -1.0
vb0[24]+040 BLENDWEIGHTS: 1.0, 0.0, 0.0, 0.0
vb0[24]+056 BLENDINDICES: 1, 0, 0, 0
vb0[24]+072 COLOR: 0.005019607953727245, 0.0, 0.0, 0.0
vb0[24]+088 TEXCOORD1: 0.2771942615509033, 0.0

vb0[25]+000 POSITION: 0.0683351680636406, -0.031815774738788605, 1.5965003967285156
vb0[25]+012 NORMAL: 0.5579594969749451, 0.45059090852737427, -0.696885347366333
vb0[25]+024 TANGENT: 1.0, 0.0, 0.0, -1.0
vb0[25]+040 BLENDWEIGHTS: 1.0, 0.0, 0.0, 0.0
vb0[25]+056 BLENDINDICES: 1, 0, 0, 0
vb0[25]+072 COLOR: 0.005960784386843443, 0.0, 0.0, 0.0
vb0[25]+088 TEXCOORD1: 0.5579594373703003, 0.0

vb0[26]+000 POSITION: 0.07552053779363632, -0.02502059005200863, 1.5862765312194824
vb0[26]+012 NORMAL: 0.5584794282913208, 0.45115503668785095, -0.6961033940315247
vb0[26]+024 TANGENT: 1.0, 0.0, 0.0, -1.0
vb0[26]+040 BLENDWEIGHTS: 1.0, 0.0, 0.0, 0.0
vb0[26]+056 BLENDINDICES: 1, 0, 0, 0
vb0[26]+072 COLOR: 0.0067450981587171555, 0.0, 0.0, 0.0
vb0[26]+088 TEXCOORD1: 0.558479368686676, 2.9802322387695312e-08

vb0[27]+000 POSITION: 0.08487947285175323, -0.00941675715148449, 1.5827172994613647
vb0[27]+012 NORMAL: -0.5625686049461365, -0.4700402617454529, 0.6801313757896423
vb0[27]+024 TANGENT: 1.0, 0.0, 0.0, -1.0
vb0[27]+040 BLENDWEIGHTS: 1.0, 0.0, 0.0, 0.0
vb0[27]+056 BLENDINDICES: 1, 0, 0, 0
vb0[27]+072 COLOR: 0.0070588234812021255, 0.0, 0.0, 0.0
vb0[27]+088 TEXCOORD1: -0.5625686049461365, 0.0

vb0[28]+000 POSITION: 0.08671499043703079, 0.0010956424521282315, 1.5722026824951172
vb0[28]+012 NORMAL: -0.3480319082736969, -0.26046326756477356, 0.9005734920501709
vb0[28]+024 TANGENT: 1.0, 0.0, 0.0, -1.0
vb0[28]+040 BLENDWEIGHTS: 1.0, 0.0, 0.0, 0.0
vb0[28]+056 BLENDINDICES: 1, 0, 0, 0
vb0[28]+072 COLOR: 0.00784313678741455, 0.0, 0.0, 0.0
vb0[28]+088 TEXCOORD1: -0.3480319380760193, 2.9802322387695312e-08

vb0[29]+000 POSITION: 0.08621202409267426, 0.010281309485435486, 1.566375494003296
vb0[29]+012 NORMAL: -0.5618219375610352, -0.46927323937416077, 0.6812772750854492
vb0[29]+024 TANGENT: 1.0, 0.0, 0.0, -1.0
vb0[29]+040 BLENDWEIGHTS: 1.0, 0.0, 0.0, 0.0
vb0[29]+056 BLENDINDICES: 1, 0, 0, 0
vb0[29]+072 COLOR: 0.00831372570246458, 0.0, 0.0, 0.0
vb0[29]+088 TEXCOORD1: -0.5618219375610352, 0.0

vb0[30]+000 POSITION: 0.08621209859848022, -0.0034266458824276924, 1.568426489830017
vb0[30]+012 NORMAL: -0.35028257966041565, -0.26258236169815063, 0.8990843296051025
vb0[30]+024 TANGENT: 1.0, 0.0, 0.0, -1.0
vb0[30]+040 BLENDWEIGHTS: 1.0, 0.0, 0.0, 0.0
vb0[30]+056 BLENDINDICES: 1, 0, 0, 0
vb0[30]+072 COLOR: 0.00800000037997961, 0.0, 0.0, 0.0
vb0[30]+088 TEXCOORD1: -0.35028260946273804, 0.0

vb0[31]+000 POSITION: 0.08181031793355942, -0.015936577692627907, 1.5774563550949097
vb0[31]+012 NORMAL: 0.33872753381729126, 0.23583127558231354, -0.9108496904373169
vb0[31]+024 TANGENT: 1.0, 0.0, 0.0, -1.0
vb0[31]+040 BLENDWEIGHTS: 1.0, 0.0, 0.0, 0.0
vb0[31]+056 BLENDINDICES: 1, 0, 0, 0
vb0[31]+072 COLOR: 0.007372548803687096, 0.0, 0.0, 0.0
vb0[31]+088 TEXCOORD1: 0.33872756361961365, 0.0

vb0[32]+000 POSITION: 0.08672725409269333, 0.007187362294644117, 1.5624386072158813
vb0[32]+012 NORMAL: 0.33872753381729126, 0.23583127558231354, -0.9108496904373169
vb0[32]+024 TANGENT: 1.0, 0.0, 0.0, -1.0
vb0[32]+040 BLENDWEIGHTS: 1.0, 0.0, 0.0, 0.0
vb0[32]+056 BLENDINDICES: 1, 0, 0, 0
vb0[32]+072 COLOR: 0.008470588363707066, 0.0, 0.0, 0.0
vb0[32]+088 TEXCOORD1: 0.33872756361961365, 0.0

vb0[33]+000 POSITION: 0.08568590134382248, 0.01798652485013008, 1.562674880027771
vb0[33]+012 NORMAL: -0.35028257966041565, -0.26258236169815063, 0.8990843296051025
vb0[33]+024 TANGENT: 1.0, 0.0, 0.0, -1.0
vb0[33]+040 BLENDWEIGHTS: 1.0, 0.0, 0.0, 0.0
vb0[33]+056 BLENDINDICES: 1, 0, 0, 0
vb0[33]+072 COLOR: 0.008470588363707066, 0.0, 0.0, 0.0
vb0[33]+088 TEXCOORD1: -0.35028260946273804, 0.0

vb0[34]+000 POSITION: 0.07997269183397293, 0.030005769804120064, 1.55880606174469
vb0[34]+012 NORMAL: 0.3384077250957489, 0.23553988337516785, -0.9110440015792847
vb0[34]+024 TANGENT: 1.0, 0.0, 0.0, -1.0
vb0[34]+040 BLENDWEIGHTS: 1.0, 0.0, 0.0, 0.0
vb0[34]+056 BLENDINDICES: 1, 0, 0, 0
vb0[34]+072 COLOR: 0.008784313686192036, 0.0, 0.0, 0.0
vb0[34]+088 TEXCOORD1: 0.3384077250957489, 0.0

vb0[35]+000 POSITION: 0.08447747677564621, 0.022943105548620224, 1.5608975887298584
vb0[35]+012 NORMAL: 0.0442751981317997, -0.007726560812443495, -0.9989895224571228
vb0[35]+024 TANGENT: 1.0, 0.0, 0.0, -1.0
vb0[35]+040 BLENDWEIGHTS: 1.0, 0.0, 0.0, 0.0
vb0[35]+056 BLENDINDICES: 1, 0, 0, 0
vb0[35]+072 COLOR: 0.00862745102494955, 0.0, 0.0, 0.0
vb0[35]+088 TEXCOORD1: 0.0442751981317997, -4.656612873077393e-10

vb0[36]+000 POSITION: 0.08378524333238602, 0.02161560021340847, 1.5582743883132935
vb0[36]+012 NORMAL: 0.044308047741651535, -0.007701717782765627, -0.9989882111549377
vb0[36]+024 TANGENT: 1.0, 0.0, 0.0, -1.0
vb0[36]+040 BLENDWEIGHTS: 1.0, 0.0, 0.0, 0.0
vb0[36]+056 BLENDINDICES: 1, 0, 0, 0
vb0[36]+072 COLOR: 0.008784313686192036, 0.0, 0.0, 0.0
vb0[36]+088 TEXCOORD1: 0.044308051466941833, -4.656612873077393e-10

vb0[37]+000 POSITION: 0.08245508372783661, 0.026112861931324005, 1.5585590600967407
vb0[37]+012 NORMAL: 0.2463972270488739, 0.8087198734283447, 0.5340978503227234
vb0[37]+024 TANGENT: 1.0, 0.0, 0.0, -1.0
vb0[37]+040 BLENDWEIGHTS: 1.0, 0.0, 0.0, 0.0
vb0[37]+056 BLENDINDICES: 1, 0, 0, 0
vb0[37]+072 COLOR: 0.008784313686192036, 0.0, 0.0, 0.0
vb0[37]+088 TEXCOORD1: 0.2463972270488739, -2.9802322387695312e-08

vb0[38]+000 POSITION: 0.08556278049945831, 0.01613951474428177, 1.559791088104248
vb0[38]+012 NORMAL: -0.06060755252838135, -0.014000989496707916, 0.9980635046958923
vb0[38]+024 TANGENT: 1.0, 0.0, 0.0, -1.0
vb0[38]+040 BLENDWEIGHTS: 1.0, 0.0, 0.0, 0.0
vb0[38]+056 BLENDINDICES: 1, 0, 0, 0
vb0[38]+072 COLOR: 0.008784313686192036, 0.0, 0.0, 0.0
vb0[38]+088 TEXCOORD1: -0.06060755252838135, 9.313225746154785e-10

vb0[39]+000 POSITION: 0.08463171124458313, 0.014466515742242336, 1.5577032566070557
vb0[39]+012 NORMAL: -0.059374015778303146, -0.013021423481404781, 0.9981508851051331
vb0[39]+024 TANGENT: 1.0, 0.0, 0.0, -1.0
vb0[39]+040 BLENDWEIGHTS: 1.0, 0.0, 0.0, 0.0
vb0[39]+056 BLENDINDICES: 1, 0, 0, 0
vb0[39]+072 COLOR: 0.00894117634743452, 0.0, 0.0, 0.0
vb0[39]+088 TEXCOORD1: -0.059374019503593445, 0.0

vb0[40]+000 POSITION: 0.08365029841661453, 0.005739184096455574, 1.5580955743789673
vb0[40]+012 NORMAL: -0.278225839138031, -0.23285067081451416, -0.9318642020225525
vb0[40]+024 TANGENT: 1.0, 0.0, 0.0, -1.0
vb0[40]+040 BLENDWEIGHTS: 1.0, 0.0, 0.0, 0.0
vb0[40]+056 BLENDINDICES: 1, 0, 0, 0
vb0[40]+072 COLOR: 0.008784313686192036, 0.0, 0.0, 0.0
vb0[40]+088 TEXCOORD1: -0.2782258689403534, 0.0

vb0[41]+000 POSITION: 0.08119416981935501, -0.004423055332154036, 1.5602914094924927
vb0[41]+012 NORMAL: -0.3480319082736969, -0.26046326756477356, 0.9005734920501709
vb0[41]+024 TANGENT: 1.0, 0.0, 0.0, -1.0
vb0[41]+040 BLENDWEIGHTS: 1.0, 0.0, 0.0, 0.0
vb0[41]+056 BLENDINDICES: 1, 0, 0, 0
vb0[41]+072 COLOR: 0.00862745102494955, 0.0, 0.0, 0.0
vb0[41]+088 TEXCOORD1: -0.3480319380760193, 2.9802322387695312e-08

vb0[42]+000 POSITION: 0.0842895656824112, -0.004034400451928377, 1.5639408826828003
vb0[42]+012 NORMAL: 0.5745192170143127, 0.4076962172985077, 0.7097263336181641
vb0[42]+024 TANGENT: 1.0, 0.0, 0.0, -1.0
vb0[42]+040 BLENDWEIGHTS: 1.0, 0.0, 0.0, 0.0
vb0[42]+056 BLENDINDICES: 1, 0, 0, 0
vb0[42]+072 COLOR: 0.00831372570246458, 0.0, 0.0, 0.0
vb0[42]+088 TEXCOORD1: 0.5745192170143127, 0.0

vb0[43]+000 POSITION: 0.08116260170936584, -0.012709827162325382, 1.5677155256271362
vb0[43]+012 NORMAL: 0.5735266804695129, 0.40722668170928955, 0.710797905921936
vb0[43]+024 TANGENT: 1.0, 0.0, 0.0, -1.0
vb0[43]+040 BLENDWEIGHTS: 1.0, 0.0, 0.0, 0.0
vb0[43]+056 BLENDINDICES: 1, 0, 0, 0
vb0[43]+072 COLOR: 0.008156863041222095, 0.0, 0.0, 0.0
vb0[43]+088 TEXCOORD1: 0.5735267400741577, 0.0

vb0[44]+000 POSITION: 0.0776999443769455, -0.014065485447645187, 1.5635180473327637
vb0[44]+012 NORMAL: 0.044308047741651535, -0.007701717782765627, -0.9989882111549377
vb0[44]+024 TANGENT: 1.0, 0.0, 0.0, -1.0
vb0[44]+040 BLENDWEIGHTS: 1.0, 0.0, 0.0, 0.0
vb0[44]+056 BLENDINDICES: 1, 0, 0, 0
vb0[44]+072 COLOR: 0.00831372570246458, 0.0, 0.0, 0.0
vb0[44]+088 TEXCOORD1: 0.044308051466941833, -4.656612873077393e-10

vb0[45]+000 POSITION: 0.07771068811416626, -0.019614575430750847, 1.5720969438552856
vb0[45]+012 NORMAL: 0.2772209644317627, 0.2338709533214569, 0.9319081902503967
vb0[45]+024 TANGENT: 1.0, 0.0, 0.0, -1.0
vb0[45]+040 BLENDWEIGHTS: 1.0, 0.0, 0.0, 0.0
vb0[45]+056 BLENDINDICES: 1, 0, 0, 0
vb0[45]+072 COLOR: 0.007686274591833353, 0.0, 0.0, 0.0
vb0[45]+088 TEXCOORD1: 0.2772209942340851, 0.0

vb0[46]+000 POSITION: 0.07298991829156876, -0.022566789761185646, 1.567476749420166
vb0[46]+012 NORMAL: 0.0442751981317997, -0.007726560812443495, -0.9989895224571228
vb0[46]+024 TANGENT: 1.0, 0.0, 0.0, -1.0
vb0[46]+040 BLENDWEIGHTS: 1.0, 0.0, 0.0, 0.0
vb0[46]+056 BLENDINDICES: 1, 0, 0, 0
vb0[46]+072 COLOR: 0.00800000037997961, 0.0, 0.0, 0.0
vb0[46]+088 TEXCOORD1: 0.0442751981317997, -4.656612873077393e-10

vb0[47]+000 POSITION: 0.07025071233510971, -0.028890427201986313, 1.5808974504470825
vb0[47]+012 NORMAL: -0.7797704935073853, -0.47026392817497253, -0.41329148411750793
vb0[47]+024 TANGENT: 1.0, 0.0, 0.0, -1.0
vb0[47]+040 BLENDWEIGHTS: 1.0, 0.0, 0.0, 0.0
vb0[47]+056 BLENDINDICES: 1, 0, 0, 0
vb0[47]+072 COLOR: 0.0070588234812021255, 0.0, 0.0, 0.0
vb0[47]+088 TEXCOORD1: -0.7797704935073853, 0.0

vb0[48]+000 POSITION: 0.06536886841058731, -0.030438339337706566, 1.575463891029358
vb0[48]+012 NORMAL: -0.2795443832874298, -0.233694925904274, -0.9312580823898315
vb0[48]+024 TANGENT: 1.0, 0.0, 0.0, -1.0
vb0[48]+040 BLENDWEIGHTS: 1.0, 0.0, 0.0, 0.0
vb0[48]+056 BLENDINDICES: 1, 0, 0, 0
vb0[48]+072 COLOR: 0.007529411930590868, 0.0, 0.0, 0.0
vb0[48]+088 TEXCOORD1: -0.2795444130897522, 0.0

vb0[49]+000 POSITION: 0.06374029815196991, -0.03549706190824509, 1.5907843112945557
vb0[49]+012 NORMAL: -0.5687167644500732, -0.39451584219932556, -0.7217469215393066
vb0[49]+024 TANGENT: 1.0, 0.0, 0.0, -1.0
vb0[49]+040 BLENDWEIGHTS: 1.0, 0.0, 0.0, 0.0
vb0[49]+056 BLENDINDICES: 1, 0, 0, 0
vb0[49]+072 COLOR: 0.006274509709328413, 0.0, 0.0, 0.0
vb0[49]+088 TEXCOORD1: -0.5687167644500732, 0.0

vb0[50]+000 POSITION: 0.05761443451046944, -0.03677922487258911, 1.5852941274642944
vb0[50]+012 NORMAL: -0.06060755252838135, -0.014000989496707916, 0.9980635046958923
vb0[50]+024 TANGENT: 1.0, 0.0, 0.0, -1.0
vb0[50]+040 BLENDWEIGHTS: 1.0, 0.0, 0.0, 0.0
vb0[50]+056 BLENDINDICES: 1, 0, 0, 0
vb0[50]+072 COLOR: 0.0067450981587171555, 0.0, 0.0, 0.0
vb0[50]+088 TEXCOORD1: -0.06060755252838135, 9.313225746154785e-10

vb0[51]+000 POSITION: 0.05627893656492233, -0.040332451462745667, 1.6035115718841553
vb0[51]+012 NORMAL: -0.5690101981163025, -0.3946468234062195, -0.7214439511299133
vb0[51]+024 TANGENT: 1.0, 0.0, 0.0, -1.0
vb0[51]+040 BLENDWEIGHTS: 1.0, 0.0, 0.0, 0.0
vb0[51]+056 BLENDINDICES: 1, 0, 0, 0
vb0[51]+072 COLOR: 0.005490196403115988, 0.0, 0.0, 0.0
vb0[51]+088 TEXCOORD1: -0.5690101981163025, -2.9802322387695312e-08

vb0[52]+000 POSITION: 0.048815980553627014, -0.04260234907269478, 1.6181907653808594
vb0[52]+012 NORMAL: -0.7797841429710388, -0.4702669382095337, -0.41326233744621277
vb0[52]+024 TANGENT: 1.0, 0.0, 0.0, -1.0
vb0[52]+040 BLENDWEIGHTS: 1.0, 0.0, 0.0, 0.0
vb0[52]+056 BLENDINDICES: 1, 0, 0, 0
vb0[52]+072 COLOR: 0.004392156843096018, 0.0, 0.0, 0.0
vb0[52]+088 TEXCOORD1: -0.7797841429710388, 0.0

vb0[53]+000 POSITION: 0.04165106639266014, -0.04180390387773514, 1.6299803256988525
vb0[53]+012 NORMAL: 0.5745192170143127, 0.4076962172985077, 0.7097263336181641
vb0[53]+024 TANGENT: 1.0, 0.0, 0.0, -1.0
vb0[53]+040 BLENDWEIGHTS: 1.0, 0.0, 0.0, 0.0
vb0[53]+056 BLENDINDICES: 1, 0, 0, 0
vb0[53]+072 COLOR: 0.0034509804099798203, 0.0, 0.0, 0.0
vb0[53]+088 TEXCOORD1: 0.5745192170143127, 0.0

vb0[54]+000 POSITION: 0.04437989741563797, -0.03398679569363594, 1.6487787961959839
vb0[54]+012 NORMAL: -0.9477726817131042, -0.03216029331088066, -0.31732091307640076
vb0[54]+024 TANGENT: 1.0, 0.0, 0.0, -1.0
vb0[54]+040 BLENDWEIGHTS: 0.9097499847412109, 0.09025000035762787, 0.0, 0.0
vb0[54]+056 BLENDINDICES: 1, 4, 0, 0
vb0[54]+072 COLOR: 0.002196078421548009, 0.0, 0.0, 0.0
vb0[54]+088 TEXCOORD1: -0.947772741317749, 3.725290298461914e-09

vb0[55]+000 POSITION: 0.03393438085913658, -0.03935627266764641, 1.642121434211731
vb0[55]+012 NORMAL: 0.7761236429214478, 0.4834975302219391, 0.40479907393455505
vb0[55]+024 TANGENT: 1.0, 0.0, 0.0, -1.0
vb0[55]+040 BLENDWEIGHTS: 1.0, 0.0, 0.0, 0.0
vb0[55]+056 BLENDINDICES: 1, 0, 0, 0
vb0[55]+072 COLOR: 0.0026666666381061077, 0.0, 0.0, 0.0
vb0[55]+088 TEXCOORD1: 0.7761236429214478, 0.0

vb0[56]+000 POSITION: 0.039286088198423386, -0.031013211235404015, 1.6578649282455444
vb0[56]+012 NORMAL: 0.4019790291786194, 0.5664917230606079, 0.7193747162818909
vb0[56]+024 TANGENT: 1.0, 0.0, 0.0, -1.0
vb0[56]+040 BLENDWEIGHTS: 1.0, 0.0, 0.0, 0.0
vb0[56]+056 BLENDINDICES: 1, 0, 0, 0
vb0[56]+072 COLOR: 0.0015686274273321033, 0.0, 0.0, 0.0
vb0[56]+088 TEXCOORD1: 0.4019790589809418, 2.9802322387695312e-08

vb0[57]+000 POSITION: 0.02788090892136097, -0.03663063794374466, 1.651374340057373
vb0[57]+012 NORMAL: 0.7751277685165405, 0.4832758903503418, 0.4069659411907196
vb0[57]+024 TANGENT: 1.0, 0.0, 0.0, -1.0
vb0[57]+040 BLENDWEIGHTS: 1.0, 0.0, 0.0, 0.0
vb0[57]+056 BLENDINDICES: 1, 0, 0, 0
vb0[57]+072 COLOR: 0.001882352982647717, 0.0, 0.0, 0.0
vb0[57]+088 TEXCOORD1: 0.7751278281211853, 0.0

vb0[58]+000 POSITION: 0.03431043401360512, -0.028211411088705063, 1.6641284227371216
vb0[58]+012 NORMAL: 0.5090401768684387, 0.844226598739624, 0.16780756413936615
vb0[58]+024 TANGENT: 1.0, 0.0, 0.0, -1.0
vb0[58]+040 BLENDWEIGHTS: 1.0, 0.0, 0.0, 0.0
vb0[58]+056 BLENDINDICES: 1, 0, 0, 0
vb0[58]+072 COLOR: 0.0010980392107740045, 0.0, 0.0, 0.0
vb0[58]+088 TEXCOORD1: 0.5090402960777283, 0.0

vb0[59]+000 POSITION: 0.022023357450962067, -0.03233625367283821, 1.659921646118164
vb0[59]+012 NORMAL: 0.5735266804695129, 0.40722668170928955, 0.710797905921936
vb0[59]+024 TANGENT: 1.0, 0.0, 0.0, -1.0
vb0[59]+040 BLENDWEIGHTS: 1.0, 0.0, 0.0, 0.0
vb0[59]+056 BLENDINDICES: 1, 0, 0, 0
vb0[59]+072 COLOR: 0.0014117647660896182, 0.0, 0.0, 0.0
vb0[59]+088 TEXCOORD1: 0.5735267400741577, 0.0

vb0[60]+000 POSITION: 0.029502665624022484, -0.025772303342819214, 1.6687123775482178
vb0[60]+012 NORMAL: -0.9681431651115417, -0.052347324788570404, -0.24486424028873444
vb0[60]+024 TANGENT: 1.0, 0.0, 0.0, -1.0
vb0[60]+040 BLENDWEIGHTS: 1.0, 0.0, 0.0, 0.0
vb0[60]+056 BLENDINDICES: 1, 0, 0, 0
vb0[60]+072 COLOR: 0.0007843137136660516, 0.0, 0.0, 0.0
vb0[60]+088 TEXCOORD1: -0.9681432247161865, 0.0

vb0[61]+000 POSITION: 0.017019081860780716, -0.02794664353132248, 1.6665695905685425
vb0[61]+012 NORMAL: -0.8296306729316711, -0.4713069796562195, -0.2993035912513733
vb0[61]+024 TANGENT: 1.0, 0.0, 0.0, -1.0
vb0[61]+040 BLENDWEIGHTS: 1.0, 0.0, 0.0, 0.0
vb0[61]+056 BLENDINDICES: 1, 0, 0, 0
vb0[61]+072 COLOR: 0.0009411764913238585, 0.0, 0.0, 0.0
vb0[61]+088 TEXCOORD1: -0.8296307325363159, 0.0

vb0[62]+000 POSITION: 0.04940740391612053, -0.04134290665388107, 1.5976213216781616
vb0[62]+012 NORMAL: 0.2772209644317627, 0.2338709533214569, 0.9319081902503967
vb0[62]+024 TANGENT: 1.0, 0.0, 0.0, -1.0
vb0[62]+040 BLENDWEIGHTS: 1.0, 0.0, 0.0, 0.0
vb0[62]+056 BLENDINDICES: 1, 0, 0, 0
vb0[62]+072 COLOR: 0.005803921725600958, 0.0, 0.0, 0.0
vb0[62]+088 TEXCOORD1: 0.2772209942340851, 0.0

vb0[63]+000 POSITION: 0.04081860929727554, -0.043434277176856995, 1.6107969284057617
vb0[63]+012 NORMAL: -0.059374015778303146, -0.013021423481404781, 0.9981508851051331
vb0[63]+024 TANGENT: 1.0, 0.0, 0.0, -1.0
vb0[63]+040 BLENDWEIGHTS: 1.0, 0.0, 0.0, 0.0
vb0[63]+056 BLENDINDICES: 1, 0, 0, 0
vb0[63]+072 COLOR: 0.004862744826823473, 0.0, 0.0, 0.0
vb0[63]+088 TEXCOORD1: -0.059374019503593445, 0.0

vb0[64]+000 POSITION: 0.032550107687711716, -0.043054066598415375, 1.621820330619812
vb0[64]+012 NORMAL: -0.5687167644500732, -0.39451584219932556, -0.7217469215393066
vb0[64]+024 TANGENT: 1.0, 0.0, 0.0, -1.0
vb0[64]+040 BLENDWEIGHTS: 1.0, 0.0, 0.0, 0.0
vb0[64]+056 BLENDINDICES: 1, 0, 0, 0
vb0[64]+072 COLOR: 0.004078431520611048, 0.0, 0.0, 0.0
vb0[64]+088 TEXCOORD1: -0.5687167644500732, 0.0

vb0[65]+000 POSITION: 0.024005182087421417, -0.04090560972690582, 1.633117437362671
vb0[65]+012 NORMAL: -0.278225839138031, -0.23285067081451416, -0.9318642020225525
vb0[65]+024 TANGENT: 1.0, 0.0, 0.0, -1.0
vb0[65]+040 BLENDWEIGHTS: 1.0, 0.0, 0.0, 0.0
vb0[65]+056 BLENDINDICES: 1, 0, 0, 0
vb0[65]+072 COLOR: 0.003294117748737335, 0.0, 0.0, 0.0
vb0[65]+088 TEXCOORD1: -0.2782258689403534, 0.0

vb0[66]+000 POSITION: 0.015925239771604538, -0.03717653080821037, 1.6437816619873047
vb0[66]+012 NORMAL: -0.2795443832874298, -0.233694925904274, -0.9312580823898315
vb0[66]+024 TANGENT: 1.0, 0.0, 0.0, -1.0
vb0[66]+040 BLENDWEIGHTS: 1.0, 0.0, 0.0, 0.0
vb0[66]+056 BLENDINDICES: 1, 0, 0, 0
vb0[66]+072 COLOR: 0.0025098039768636227, 0.0, 0.0, 0.0
vb0[66]+088 TEXCOORD1: -0.2795444130897522, 0.0

vb0[67]+000 POSITION: 0.009402378462255001, -0.032594259828329086, 1.6526633501052856
vb0[67]+012 NORMAL: -0.5690101981163025, -0.3946468234062195, -0.7214439511299133
vb0[67]+024 TANGENT: 1.0, 0.0, 0.0, -1.0
vb0[67]+040 BLENDWEIGHTS: 1.0, 0.0, 0.0, 0.0
vb0[67]+056 BLENDINDICES: 1, 0, 0, 0
vb0[67]+072 COLOR: 0.001882352982647717, 0.0, 0.0, 0.0
vb0[67]+088 TEXCOORD1: -0.5690101981163025, -2.9802322387695312e-08

vb0[68]+000 POSITION: 0.003981643356382847, -0.026206854730844498, 1.6594055891036987
vb0[68]+012 NORMAL: 0.2771942615509033, 0.2338530570268631, 0.9319206476211548
vb0[68]+024 TANGENT: 1.0, 0.0, 0.0, -1.0
vb0[68]+040 BLENDWEIGHTS: 1.0, 0.0, 0.0, 0.0
vb0[68]+056 BLENDINDICES: 1, 0, 0, 0
vb0[68]+072 COLOR: 0.0014117647660896182, 0.0, 0.0, 0.0
vb0[68]+088 TEXCOORD1: 0.2771942615509033, 0.0

vb0[69]+000 POSITION: 0.01422796119004488, -0.022510433569550514, 1.6713638305664062
vb0[69]+012 NORMAL: -0.7797841429710388, -0.4702669382095337, -0.41326233744621277
vb0[69]+024 TANGENT: 1.0, 0.0, 0.0, -1.0
vb0[69]+040 BLENDWEIGHTS: 1.0, 0.0, 0.0, 0.0
vb0[69]+056 BLENDINDICES: 1, 0, 0, 0
vb0[69]+072 COLOR: 0.00047058824566192925, 0.0, 0.0, 0.0
vb0[69]+088 TEXCOORD1: -0.7797841429710388, 0.0

vb0[70]+000 POSITION: 0.0003521693288348615, -0.019293097779154778, 1.663775086402893
vb0[70]+012 NORMAL: -0.7797704935073853, -0.47026392817497253, -0.41329148411750793
vb0[70]+024 TANGENT: 1.0, 0.0, 0.0, -1.0
vb0[70]+040 BLENDWEIGHTS: 1.0, 0.0, 0.0, 0.0
vb0[70]+056 BLENDINDICES: 1, 0, 0, 0
vb0[70]+072 COLOR: 0.0010980392107740045, 0.0, 0.0, 0.0
vb0[70]+088 TEXCOORD1: -0.7797704935073853, 0.0

vb0[71]+000 POSITION: 0.06828880310058594, -0.02093546837568283, 1.5671685934066772
vb0[71]+012 NORMAL: 0.7761236429214478, 0.4834975302219391, 0.40479907393455505
vb0[71]+024 TANGENT: 1.0, 0.0, 0.0, -1.0
vb0[71]+040 BLENDWEIGHTS: 1.0, 0.0, 0.0, 0.0
vb0[71]+056 BLENDINDICES: 1, 0, 0, 0
vb0[71]+072 COLOR: 0.00800000037997961, 0.0, 0.0, 0.0
vb0[71]+088 TEXCOORD1: 0.7761236429214478, 0.0

vb0[72]+000 POSITION: 0.060128748416900635, -0.028520304709672928, 1.575035572052002
vb0[72]+012 NORMAL: -0.829505443572998, -0.471248596906662, -0.299742192029953
vb0[72]+024 TANGENT: 1.0, 0.0, 0.0, -1.0
vb0[72]+040 BLENDWEIGHTS: 1.0, 0.0, 0.0, 0.0
vb0[72]+056 BLENDINDICES: 1, 0, 0, 0
vb0[72]+072 COLOR: 0.007529411930590868, 0.0, 0.0, 0.0
vb0[72]+088 TEXCOORD1: -0.8295055031776428, 0.0

vb0[73]+000 POSITION: 0.07510275393724442, -0.013364167883992195, 1.5629682540893555
vb0[73]+012 NORMAL: 0.8730310797691345, 0.4869258999824524, 0.02683384343981743
vb0[73]+024 TANGENT: 1.0, 0.0, 0.0, -1.0
vb0[73]+040 BLENDWEIGHTS: 1.0, 0.0, 0.0, 0.0
vb0[73]+056 BLENDINDICES: 1, 0, 0, 0
vb0[73]+072 COLOR: 0.008470588363707066, 0.0, 0.0, 0.0
vb0[73]+088 TEXCOORD1: 0.8730310797691345, 1.862645149230957e-09

vb0[74]+000 POSITION: 0.07877194881439209, -0.0038711070083081722, 1.5601246356964111
vb0[74]+012 NORMAL: 0.8727622628211975, 0.48719707131385803, 0.030410947278141975
vb0[74]+024 TANGENT: 1.0, 0.0, 0.0, -1.0
vb0[74]+040 BLENDWEIGHTS: 1.0, 0.0, 0.0, 0.0
vb0[74]+056 BLENDINDICES: 1, 0, 0, 0
vb0[74]+072 COLOR: 0.00862745102494955, 0.0, 0.0, 0.0
vb0[74]+088 TEXCOORD1: 0.8727623820304871, -1.862645149230957e-09

vb0[75]+000 POSITION: 0.08171563595533371, 0.005982207600027323, 1.5579546689987183
vb0[75]+012 NORMAL: 0.7751277685165405, 0.4832758903503418, 0.4069659411907196
vb0[75]+024 TANGENT: 1.0, 0.0, 0.0, -1.0
vb0[75]+040 BLENDWEIGHTS: 1.0, 0.0, 0.0, 0.0
vb0[75]+056 BLENDINDICES: 1, 0, 0, 0
vb0[75]+072 COLOR: 0.008784313686192036, 0.0, 0.0, 0.0
vb0[75]+088 TEXCOORD1: 0.7751278281211853, 0.0

vb0[76]+000 POSITION: 0.08368394523859024, 0.014290107414126396, 1.5577436685562134
vb0[76]+012 NORMAL: 0.6046151518821716, 0.35213109850883484, 0.7144537568092346
vb0[76]+024 TANGENT: 1.0, 0.0, 0.0, -1.0
vb0[76]+040 BLENDWEIGHTS: 1.0, 0.0, 0.0, 0.0
vb0[76]+056 BLENDINDICES: 1, 0, 0, 0
vb0[76]+072 COLOR: 0.00894117634743452, 0.0, 0.0, 0.0
vb0[76]+088 TEXCOORD1: 0.6046151518821716, 0.0

vb0[77]+000 POSITION: 0.054071418941020966, -0.034620001912117004, 1.58552086353302
vb0[77]+012 NORMAL: 0.5513988733291626, 0.3284054100513458, 0.7668827176094055
vb0[77]+024 TANGENT: 1.0, 0.0, 0.0, -1.0
vb0[77]+040 BLENDWEIGHTS: 1.0, 0.0, 0.0, 0.0
vb0[77]+056 BLENDINDICES: 1, 0, 0, 0
vb0[77]+072 COLOR: 0.0067450981587171555, 0.0, 0.0, 0.0
vb0[77]+088 TEXCOORD1: 0.5513989329338074, 2.9802322387695312e-08

vb0[78]+000 POSITION: 0.04757414385676384, -0.03989870101213455, 1.5975251197814941
vb0[78]+012 NORMAL: 0.5502505302429199, 0.32788801193237305, 0.7679283618927002
vb0[78]+024 TANGENT: 1.0, 0.0, 0.0, -1.0
vb0[78]+040 BLENDWEIGHTS: 1.0, 0.0, 0.0, 0.0
vb0[78]+056 BLENDINDICES: 1, 0, 0, 0
vb0[78]+072 COLOR: 0.005803921725600958, 0.0, 0.0, 0.0
vb0[78]+088 TEXCOORD1: 0.5502504706382751, 0.0

vb0[79]+000 POSITION: 0.06949391961097717, 0.02151552215218544, 1.5618919134140015
vb0[79]+012 NORMAL: 0.6046152114868164, 0.3521311283111572, 0.7144538164138794
vb0[79]+024 TANGENT: 1.0, 0.0, 0.0, -1.0
vb0[79]+040 BLENDWEIGHTS: 1.0, 0.0, 0.0, 0.0
vb0[79]+056 BLENDINDICES: 1, 0, 0, 0
vb0[79]+072 COLOR: 0.00862745102494955, 0.0, 0.0, 0.0
vb0[79]+088 TEXCOORD1: 0.6046151518821716, 0.0

vb0[80]+000 POSITION: 0.0693817213177681, 0.015571975149214268, 1.5623186826705933
vb0[80]+012 NORMAL: -0.15330548584461212, -0.10509926080703735, -0.982573926448822
vb0[80]+024 TANGENT: 1.0, 0.0, 0.0, -1.0
vb0[80]+040 BLENDWEIGHTS: 1.0, 0.0, 0.0, 0.0
vb0[80]+056 BLENDINDICES: 1, 0, 0, 0
vb0[80]+072 COLOR: 0.008470588363707066, 0.0, 0.0, 0.0
vb0[80]+088 TEXCOORD1: -0.15330550074577332, 0.0

vb0[81]+000 POSITION: 0.06892527639865875, 0.008930467069149017, 1.5632402896881104
vb0[81]+012 NORMAL: -0.15568143129348755, -0.1057208925485611, -0.9821335673332214
vb0[81]+024 TANGENT: 1.0, 0.0, 0.0, -1.0
vb0[81]+040 BLENDWEIGHTS: 1.0, 0.0, 0.0, 0.0
vb0[81]+056 BLENDINDICES: 1, 0, 0, 0
vb0[81]+072 COLOR: 0.008470588363707066, 0.0, 0.0, 0.0
vb0[81]+088 TEXCOORD1: -0.15568144619464874, 7.450580596923828e-09

vb0[82]+000 POSITION: 0.0683044046163559, 0.0005884107085876167, 1.5654394626617432
vb0[82]+012 NORMAL: -0.7685485482215881, -0.19410212337970734, -0.6096372008323669
vb0[82]+024 TANGENT: 1.0, 0.0, 0.0, -1.0
vb0[82]+040 BLENDWEIGHTS: 1.0, 0.0, 0.0, 0.0
vb0[82]+056 BLENDINDICES: 1, 0, 0, 0
vb0[82]+072 COLOR: 0.00831372570246458, 0.0, 0.0, 0.0
vb0[82]+088 TEXCOORD1: -0.7685485482215881, 0.0

vb0[83]+000 POSITION: 0.06707635521888733, -0.008617119863629341, 1.5680851936340332
vb0[83]+012 NORMAL: -0.19021299481391907, -0.06257188320159912, -0.9797468185424805
vb0[83]+024 TANGENT: 1.0, 0.0, 0.0, -1.0
vb0[83]+040 BLENDWEIGHTS: 1.0, 0.0, 0.0, 0.0
vb0[83]+056 BLENDINDICES: 1, 0, 0, 0
vb0[83]+072 COLOR: 0.00800000037997961, 0.0, 0.0, 0.0
vb0[83]+088 TEXCOORD1: -0.19021300971508026, 3.725290298461914e-09

vb0[84]+000 POSITION: 0.0645010769367218, -0.016727235168218613, 1.5709937810897827
vb0[84]+012 NORMAL: -0.19441525638103485, -0.056872762739658356, -0.9792692065238953
vb0[84]+024 TANGENT: 1.0, 0.0, 0.0, -1.0
vb0[84]+040 BLENDWEIGHTS: 1.0, 0.0, 0.0, 0.0
vb0[84]+056 BLENDINDICES: 1, 0, 0, 0
vb0[84]+072 COLOR: 0.00784313678741455, 0.0, 0.0, 0.0
vb0[84]+088 TEXCOORD1: -0.19441525638103485, 3.725290298461914e-09

vb0[85]+000 POSITION: 0.0591522641479969, -0.02410564199090004, 1.5781774520874023
vb0[85]+012 NORMAL: -0.19441525638103485, -0.05687275528907776, -0.9792692065238953
vb0[85]+024 TANGENT: 1.0, 0.0, 0.0, -1.0
vb0[85]+040 BLENDWEIGHTS: 1.0, 0.0, 0.0, 0.0
vb0[85]+056 BLENDINDICES: 1, 0, 0, 0
vb0[85]+072 COLOR: 0.007215686142444611, 0.0, 0.0, 0.0
vb0[85]+088 TEXCOORD1: -0.19441525638103485, 3.725290298461914e-09

vb0[86]+000 POSITION: 0.05367923527956009, -0.029812412336468697, 1.5873777866363525
vb0[86]+012 NORMAL: -0.18992026150226593, -0.06296824663877487, -0.9797781705856323
vb0[86]+024 TANGENT: 1.0, 0.0, 0.0, -1.0
vb0[86]+040 BLENDWEIGHTS: 1.0, 0.0, 0.0, 0.0
vb0[86]+056 BLENDINDICES: 1, 0, 0, 0
vb0[86]+072 COLOR: 0.00658823549747467, 0.0, 0.0, 0.0
vb0[86]+088 TEXCOORD1: -0.18992024660110474, 0.0

vb0[87]+000 POSITION: 0.047541022300720215, -0.03391218185424805, 1.598361611366272
vb0[87]+012 NORMAL: -0.02823566272854805, 0.17310267686843872, 0.984498918056488
vb0[87]+024 TANGENT: 1.0, 0.0, 0.0, -1.0
vb0[87]+040 BLENDWEIGHTS: 1.0, 0.0, 0.0, 0.0
vb0[87]+056 BLENDINDICES: 1, 0, 0, 0
vb0[87]+072 COLOR: 0.005803921725600958, 0.0, 0.0, 0.0
vb0[87]+088 TEXCOORD1: -0.0282356645911932, 0.0

vb0[88]+000 POSITION: 0.040029432624578476, -0.04141226038336754, 1.6103066205978394
vb0[88]+012 NORMAL: 0.7527559995651245, -0.5527087450027466, 0.35759133100509644
vb0[88]+024 TANGENT: 1.0, 0.0, 0.0, -1.0
vb0[88]+040 BLENDWEIGHTS: 1.0, 0.0, 0.0, 0.0
vb0[88]+056 BLENDINDICES: 1, 0, 0, 0
vb0[88]+072 COLOR: 0.004862744826823473, 0.0, 0.0, 0.0
vb0[88]+088 TEXCOORD1: 0.7527559995651245, 0.0

vb0[89]+000 POSITION: 0.02329716645181179, -0.03516216203570366, 1.6298667192459106
vb0[89]+012 NORMAL: -0.028522662818431854, 0.1729176640510559, 0.9845231771469116
vb0[89]+024 TANGENT: 1.0, 0.0, 0.0, -1.0
vb0[89]+040 BLENDWEIGHTS: 1.0, 0.0, 0.0, 0.0
vb0[89]+056 BLENDINDICES: 1, 0, 0, 0
vb0[89]+072 COLOR: 0.0034509804099798203, 0.0, 0.0, 0.0
vb0[89]+088 TEXCOORD1: -0.028522666543722153, 1.4901161193847656e-08

vb0[90]+000 POSITION: 0.031865283846855164, -0.03703172504901886, 1.6197837591171265
vb0[90]+012 NORMAL: -0.023945974186062813, 0.1758652776479721, 0.9841229319572449
vb0[90]+024 TANGENT: 1.0, 0.0, 0.0, -1.0
vb0[90]+040 BLENDWEIGHTS: 1.0, 0.0, 0.0, 0.0
vb0[90]+056 BLENDINDICES: 1, 0, 0, 0
vb0[90]+072 COLOR: 0.004235294181853533, 0.0, 0.0, 0.0
vb0[90]+088 TEXCOORD1: -0.023945974186062813, 0.0

vb0[91]+000 POSITION: 0.016461225226521492, -0.031395073980093, 1.6401219367980957
vb0[91]+012 NORMAL: -0.0507209375500679, 0.1686803698539734, 0.9843648672103882
vb0[91]+024 TANGENT: 1.0, 0.0, 0.0, -1.0
vb0[91]+040 BLENDWEIGHTS: 1.0, 0.0, 0.0, 0.0
vb0[91]+056 BLENDINDICES: 1, 0, 0, 0
vb0[91]+072 COLOR: 0.0026666666381061077, 0.0, 0.0, 0.0
vb0[91]+088 TEXCOORD1: -0.0507209412753582, 0.0

vb0[92]+000 POSITION: 0.010922146029770374, -0.02676282823085785, 1.6492857933044434
vb0[92]+012 NORMAL: -0.07784086465835571, 0.15677917003631592, 0.9845614433288574
vb0[92]+024 TANGENT: 1.0, 0.0, 0.0, -1.0
vb0[92]+040 BLENDWEIGHTS: 1.0, 0.0, 0.0, 0.0
vb0[92]+056 BLENDINDICES: 1, 0, 0, 0
vb0[92]+072 COLOR: 0.002039215760305524, 0.0, 0.0, 0.0
vb0[92]+088 TEXCOORD1: -0.07784085720777512, 0.0

vb0[93]+000 POSITION: 0.005900700110942125, -0.02285950630903244, 1.657189130783081
vb0[93]+012 NORMAL: -0.051352083683013916, 0.16864480078220367, 0.9843383431434631
vb0[93]+024 TANGENT: 1.0, 0.0, 0.0, -1.0
vb0[93]+040 BLENDWEIGHTS: 1.0, 0.0, 0.0, 0.0
vb0[93]+056 BLENDINDICES: 1, 0, 0, 0
vb0[93]+072 COLOR: 0.0015686274273321033, 0.0, 0.0, 0.0
vb0[93]+088 TEXCOORD1: -0.051352087408304214, 0.0

vb0[94]+000 POSITION: 0.07505641877651215, 0.04077574238181114, 1.568987250328064
vb0[94]+012 NORMAL: -0.16310137510299683, -0.08696751296520233, -0.9827688336372375
vb0[94]+024 TANGENT: 1.0, 0.0, 0.0, -1.0
vb0[94]+040 BLENDWEIGHTS: 1.0, 0.0, 0.0, 0.0
vb0[94]+056 BLENDINDICES: 1, 0, 0, 0
vb0[94]+072 COLOR: 0.008156863041222095, 0.0, 0.0, 0.0
vb0[94]+088 TEXCOORD1: -0.16310136020183563, 0.0

vb0[95]+000 POSITION: 0.07672147452831268, 0.033471107482910156, 1.5757120847702026
vb0[95]+012 NORMAL: -0.14915986359119415, -0.10267782211303711, -0.9834676384925842
vb0[95]+024 TANGENT: 1.0, 0.0, 0.0, -1.0
vb0[95]+040 BLENDWEIGHTS: 1.0, 0.0, 0.0, 0.0
vb0[95]+056 BLENDINDICES: 1, 0, 0, 0
vb0[95]+072 COLOR: 0.007686274591833353, 0.0, 0.0, 0.0
vb0[95]+088 TEXCOORD1: -0.14915986359119415, 7.450580596923828e-09

vb0[96]+000 POSITION: 0.07929912209510803, 0.022890843451023102, 1.5892720222473145
vb0[96]+012 NORMAL: 0.6227176189422607, 0.7258516550064087, -0.2921678125858307
vb0[96]+024 TANGENT: 1.0, 0.0, 0.0, -1.0
vb0[96]+040 BLENDWEIGHTS: 1.0, 0.0, 0.0, 0.0
vb0[96]+056 BLENDINDICES: 1, 0, 0, 0
vb0[96]+072 COLOR: 0.0, 0.0, 0.0, 0.0
vb0[96]+088 TEXCOORD1: 0.6227176189422607, 0.0

vb0[97]+000 POSITION: 0.07020121812820435, 0.04062100872397423, 1.5571110248565674
vb0[97]+012 NORMAL: -0.4021509289741516, 0.12753796577453613, 0.9066469669342041
vb0[97]+024 TANGENT: 1.0, 0.0, 0.0, -1.0
vb0[97]+040 BLENDWEIGHTS: 1.0, 0.0, 0.0, 0.0
vb0[97]+056 BLENDINDICES: 1, 0, 0, 0
vb0[97]+072 COLOR: 0.00894117634743452, 0.0, 0.0, 0.0
vb0[97]+088 TEXCOORD1: -0.4021508991718292, 0.0

vb0[98]+000 POSITION: 0.06884176284074783, 0.028892407193779945, 1.560463547706604
vb0[98]+012 NORMAL: -0.7681556940078735, -0.1941051334142685, -0.6101311445236206
vb0[98]+024 TANGENT: 1.0, 0.0, 0.0, -1.0
vb0[98]+040 BLENDWEIGHTS: 1.0, 0.0, 0.0, 0.0
vb0[98]+056 BLENDINDICES: 1, 0, 0, 0
vb0[98]+072 COLOR: 0.00862745102494955, 0.0, 0.0, 0.0
vb0[98]+088 TEXCOORD1: -0.7681556940078735, 0.0

vb0[99]+000 POSITION: 0.06697062402963638, 0.03981976956129074, 1.5584733486175537
vb0[99]+012 NORMAL: -0.10187968611717224, 0.13872036337852478, 0.9850773215293884
vb0[99]+024 TANGENT: 1.0, 0.0, 0.0, -1.0
vb0[99]+040 BLENDWEIGHTS: 1.0, 0.0, 0.0, 0.0
vb0[99]+056 BLENDINDICES: 1, 0, 0, 0
vb0[99]+072 COLOR: 0.008784313686192036, 0.0, 0.0, 0.0
vb0[99]+088 TEXCOORD1: -0.10187967866659164, 0.0

vb0[100]+000 POSITION: -0.062004074454307556, -0.020336754620075226, 1.526318073272705
vb0[100]+012 NORMAL: -0.4109538495540619, 0.12739723920822144, 0.9027107954025269
vb0[100]+024 TANGENT: 1.0, 0.0, 0.0, -1.0
vb0[100]+040 BLENDWEIGHTS: 0.6594831347465515, 0.2826356291770935, 0.05788123980164528, 0.0
vb0[100]+056 BLENDINDICES: 5, 6, 1, 0
vb0[100]+072 COLOR: 0.0070588234812021255, 0.0, 0.0, 0.0
vb0[100]+088 TEXCOORD1: -0.4109538495540619, 0.0

vb0[101]+000 POSITION: -0.062119901180267334, -0.020213671028614044, 1.5399000644683838
vb0[101]+012 NORMAL: -0.10193858295679092, 0.13867749273777008, 0.9850772023200989
vb0[101]+024 TANGENT: 1.0, 0.0, 0.0, -1.0
vb0[101]+040 BLENDWEIGHTS: 0.637499988079071, 0.21250000596046448, 0.15000000596046448, 0.0
vb0[101]+056 BLENDINDICES: 5, 1, 6, 0
vb0[101]+072 COLOR: 0.006274509709328413, 0.0, 0.0, 0.0
vb0[101]+088 TEXCOORD1: -0.10193859040737152, -1.4901161193847656e-08

vb0[102]+000 POSITION: -0.06856279820203781, -0.015826072543859482, 1.5397191047668457
vb0[102]+012 NORMAL: -0.42257994413375854, 0.782900333404541, -0.4566105008125305
vb0[102]+024 TANGENT: 1.0, 0.0, 0.0, -1.0
vb0[102]+040 BLENDWEIGHTS: 0.637499988079071, 0.21250000596046448, 0.15000000596046448, 0.0
vb0[102]+056 BLENDINDICES: 5, 1, 6, 0
vb0[102]+072 COLOR: 0.006117647048085928, 0.0, 0.0, 0.0
vb0[102]+088 TEXCOORD1: -0.4225800037384033, -2.9802322387695312e-08

vb0[103]+000 POSITION: -0.06722474098205566, -0.015192479826509953, 1.5255563259124756
vb0[103]+012 NORMAL: -0.42370831966400146, 0.7885657548904419, -0.4456852674484253
vb0[103]+024 TANGENT: 1.0, 0.0, 0.0, -1.0
vb0[103]+040 BLENDWEIGHTS: 0.6594831347465515, 0.2826356291770935, 0.05788123980164528, 0.0
vb0[103]+056 BLENDINDICES: 5, 6, 1, 0
vb0[103]+072 COLOR: 0.0070588234812021255, 0.0, 0.0, 0.0
vb0[103]+088 TEXCOORD1: -0.42370831966400146, 0.0

vb0[104]+000 POSITION: -0.0701083391904831, -0.0057219513691961765, 1.5245472192764282
vb0[104]+012 NORMAL: -0.15337282419204712, -0.10693280398845673, -0.9823656678199768
vb0[104]+024 TANGENT: 1.0, 0.0, 0.0, -1.0
vb0[104]+040 BLENDWEIGHTS: 0.6594831347465515, 0.2826356291770935, 0.05788123980164528, 0.0
vb0[104]+056 BLENDINDICES: 5, 6, 1, 0
vb0[104]+072 COLOR: 0.0070588234812021255, 0.0, 0.0, 0.0
vb0[104]+088 TEXCOORD1: -0.15337280929088593, 0.0

vb0[105]+000 POSITION: -0.06830422580242157, -0.00637064641341567, 1.5109891891479492
vb0[105]+012 NORMAL: -0.1534189134836197, -0.10699627548456192, -0.9823514819145203
vb0[105]+024 TANGENT: 1.0, 0.0, 0.0, -1.0
vb0[105]+040 BLENDWEIGHTS: 0.5, 0.5, 0.0, 0.0
vb0[105]+056 BLENDINDICES: 5, 6, 0, 0
vb0[105]+072 COLOR: 0.00800000037997961, 0.0, 0.0, 0.0
vb0[105]+088 TEXCOORD1: -0.1534189134836197, 7.450580596923828e-09

vb0[106]+000 POSITION: -0.06582873314619064, -0.014832952991127968, 1.5124276876449585
vb0[106]+012 NORMAL: 0.3961702585220337, -0.6620568633079529, 0.6361837983131409
vb0[106]+024 TANGENT: 1.0, 0.0, 0.0, -1.0
vb0[106]+040 BLENDWEIGHTS: 0.5, 0.5, 0.0, 0.0
vb0[106]+056 BLENDINDICES: 5, 6, 0, 0
vb0[106]+072 COLOR: 0.00800000037997961, 0.0, 0.0, 0.0
vb0[106]+088 TEXCOORD1: 0.3961702585220337, 0.0

vb0[107]+000 POSITION: -0.06444457918405533, -0.014870375394821167, 1.5015084743499756
vb0[107]+012 NORMAL: 0.33800581097602844, -0.4569932520389557, 0.8227448463439941
vb0[107]+024 TANGENT: 1.0, 0.0, 0.0, -1.0
vb0[107]+040 BLENDWEIGHTS: 0.6961916089057922, 0.26440006494522095, 0.03940841183066368, 0.0
vb0[107]+056 BLENDINDICES: 6, 5, 7, 0
vb0[107]+072 COLOR: 0.00862745102494955, 0.0, 0.0, 0.0
vb0[107]+088 TEXCOORD1: 0.33800581097602844, 0.0

vb0[108]+000 POSITION: -0.06593509763479233, -0.008311081677675247, 1.4997466802597046
vb0[108]+012 NORMAL: -0.4691399335861206, 0.1338471621274948, 0.8729219436645508
vb0[108]+024 TANGENT: 1.0, 0.0, 0.0, -1.0
vb0[108]+040 BLENDWEIGHTS: 0.6961916089057922, 0.26440006494522095, 0.03940841183066368, 0.0
vb0[108]+056 BLENDINDICES: 6, 5, 7, 0
vb0[108]+072 COLOR: 0.008784313686192036, 0.0, 0.0, 0.0
vb0[108]+088 TEXCOORD1: -0.4691399335861206, 0.0

vb0[109]+000 POSITION: -0.07313836365938187, -0.005121844820678234, 1.5532915592193604
vb0[109]+012 NORMAL: -0.46707794070243835, 0.13416263461112976, 0.8739785552024841
vb0[109]+024 TANGENT: 1.0, 0.0, 0.0, -1.0
vb0[109]+040 BLENDWEIGHTS: 0.4749999940395355, 0.4749999940395355, 0.05000000074505806, 0.0
vb0[109]+056 BLENDINDICES: 1, 5, 6, 0
vb0[109]+072 COLOR: 0.00517647061496973, 0.0, 0.0, 0.0
vb0[109]+088 TEXCOORD1: -0.46707797050476074, 0.0

vb0[110]+000 POSITION: -0.07171468436717987, -0.005270140711218119, 1.5388420820236206
vb0[110]+012 NORMAL: -0.1542852818965912, -0.10818933695554733, -0.9820850491523743
vb0[110]+024 TANGENT: 1.0, 0.0, 0.0, -1.0
vb0[110]+040 BLENDWEIGHTS: 0.637499988079071, 0.21250000596046448, 0.15000000596046448, 0.0
vb0[110]+056 BLENDINDICES: 5, 1, 6, 0
vb0[110]+072 COLOR: 0.006117647048085928, 0.0, 0.0, 0.0
vb0[110]+088 TEXCOORD1: -0.1542852818965912, 0.0

vb0[111]+000 POSITION: -0.06979548186063766, -0.01663539558649063, 1.553417444229126
vb0[111]+012 NORMAL: 0.6698338985443115, -0.3305237591266632, 0.6648884415626526
vb0[111]+024 TANGENT: 1.0, 0.0, 0.0, -1.0
vb0[111]+040 BLENDWEIGHTS: 0.4749999940395355, 0.4749999940395355, 0.05000000074505806, 0.0
vb0[111]+056 BLENDINDICES: 1, 5, 6, 0
vb0[111]+072 COLOR: 0.005333333276212215, 0.0, 0.0, 0.0
vb0[111]+088 TEXCOORD1: 0.6698338985443115, 2.9802322387695312e-08

vb0[112]+000 POSITION: -0.07104700058698654, -0.018059348687529564, 1.5692380666732788
vb0[112]+012 NORMAL: 0.7150893807411194, -0.5291178822517395, 0.45681655406951904
vb0[112]+024 TANGENT: 1.0, 0.0, 0.0, -1.0
vb0[112]+040 BLENDWEIGHTS: 0.75, 0.25, 0.0, 0.0
vb0[112]+056 BLENDINDICES: 1, 5, 0, 0
vb0[112]+072 COLOR: 0.004235294181853533, 0.0, 0.0, 0.0
vb0[112]+088 TEXCOORD1: 0.7150894403457642, 0.0

vb0[113]+000 POSITION: -0.0738104060292244, -0.006716353818774223, 1.5695202350616455
vb0[113]+012 NORMAL: 0.11055390536785126, -0.04064786434173584, -0.9930385947227478
vb0[113]+024 TANGENT: 1.0, 0.0, 0.0, -1.0
vb0[113]+040 BLENDWEIGHTS: 0.75, 0.25, 0.0, 0.0
vb0[113]+056 BLENDINDICES: 1, 5, 0, 0
vb0[113]+072 COLOR: 0.004078431520611048, 0.0, 0.0, 0.0
vb0[113]+088 TEXCOORD1: 0.11055389791727066, -3.725290298461914e-09

vb0[114]+000 POSITION: -0.07175584882497787, -0.02007213793694973, 1.5847761631011963
vb0[114]+012 NORMAL: -0.2536855638027191, -0.6626697182655334, 0.7046364545822144
vb0[114]+024 TANGENT: 1.0, 0.0, 0.0, -1.0
vb0[114]+040 BLENDWEIGHTS: 0.9226219058036804, 0.07737808674573898, 0.0, 0.0
vb0[114]+056 BLENDINDICES: 1, 5, 0, 0
vb0[114]+072 COLOR: 0.003294117748737335, 0.0, 0.0, 0.0
vb0[114]+088 TEXCOORD1: -0.2536855638027191, 0.0

vb0[115]+000 POSITION: -0.07432582974433899, -0.008947438560426235, 1.5857905149459839
vb0[115]+012 NORMAL: -0.6351814866065979, -0.38765159249305725, -0.6680349707603455
vb0[115]+024 TANGENT: 1.0, 0.0, 0.0, -1.0
vb0[115]+040 BLENDWEIGHTS: 0.9226219058036804, 0.07737808674573898, 0.0, 0.0
vb0[115]+056 BLENDINDICES: 1, 5, 0, 0
vb0[115]+072 COLOR: 0.0031372548546642065, 0.0, 0.0, 0.0
vb0[115]+088 TEXCOORD1: -0.6351814866065979, 0.0

vb0[116]+000 POSITION: -0.060869358479976654, -0.021007243543863297, 1.4913396835327148
vb0[116]+012 NORMAL: 0.11703189462423325, -0.03782375156879425, -0.9924076199531555
vb0[116]+024 TANGENT: 1.0, 0.0, 0.0, -1.0
vb0[116]+040 BLENDWEIGHTS: 0.7354397773742676, 0.168597012758255, 0.09596320986747742, 0.0
vb0[116]+056 BLENDINDICES: 6, 7, 5, 0
vb0[116]+072 COLOR: 0.009411764331161976, 0.0, 0.0, 0.0
vb0[116]+088 TEXCOORD1: 0.11703189462423325, 0.0

vb0[117]+000 POSITION: -0.062199778854846954, -0.020098894834518433, 1.5032883882522583
vb0[117]+012 NORMAL: 0.03113928996026516, 0.19365091621875763, 0.98057621717453
vb0[117]+024 TANGENT: 1.0, 0.0, 0.0, -1.0
vb0[117]+040 BLENDWEIGHTS: 0.6961916089057922, 0.26440006494522095, 0.03940841183066368, 0.0
vb0[117]+056 BLENDINDICES: 6, 5, 7, 0
vb0[117]+072 COLOR: 0.00862745102494955, 0.0, 0.0, 0.0
vb0[117]+088 TEXCOORD1: 0.03113928996026516, -1.4901161193847656e-08

vb0[118]+000 POSITION: -0.0627826452255249, -0.011279306374490261, 1.4882136583328247
vb0[118]+012 NORMAL: 0.5513988733291626, 0.3284054100513458, 0.7668827176094055
vb0[118]+024 TANGENT: 1.0, 0.0, 0.0, -1.0
vb0[118]+040 BLENDWEIGHTS: 0.7354397773742676, 0.168597012758255, 0.09596320986747742, 0.0
vb0[118]+056 BLENDINDICES: 6, 7, 5, 0
vb0[118]+072 COLOR: 0.009568626992404461, 0.0, 0.0, 0.0
vb0[118]+088 TEXCOORD1: 0.5513989329338074, 2.9802322387695312e-08

vb0[119]+000 POSITION: -0.05895574018359184, -0.01450343057513237, 1.4783947467803955
vb0[119]+012 NORMAL: 0.09579646587371826, 0.1334591656923294, 0.9864135980606079
vb0[119]+024 TANGENT: 1.0, 0.0, 0.0, -1.0
vb0[119]+040 BLENDWEIGHTS: 0.6859999895095825, 0.2940000295639038, 0.019999999552965164, 0.0
vb0[119]+056 BLENDINDICES: 6, 7, 5, 0
vb0[119]+072 COLOR: 0.010196078568696976, 0.0, 0.0, 0.0
vb0[119]+088 TEXCOORD1: 0.09579645842313766, 0.0

vb0[120]+000 POSITION: -0.058116305619478226, -0.022122373804450035, 1.4811657667160034
vb0[120]+012 NORMAL: -0.6662778854370117, 0.7431145310401917, -0.062085408717393875
vb0[120]+024 TANGENT: 1.0, 0.0, 0.0, -1.0
vb0[120]+040 BLENDWEIGHTS: 0.6859999895095825, 0.2940000295639038, 0.019999999552965164, 0.0
vb0[120]+056 BLENDINDICES: 6, 7, 5, 0
vb0[120]+072 COLOR: 0.01003921590745449, 0.0, 0.0, 0.0
vb0[120]+088 TEXCOORD1: -0.6662778854370117, 0.0

vb0[121]+000 POSITION: -0.05403318628668785, -0.018492374569177628, 1.4700573682785034
vb0[121]+012 NORMAL: 0.08942791074514389, 0.13084830343723297, 0.9873608350753784
vb0[121]+024 TANGENT: 1.0, 0.0, 0.0, -1.0
vb0[121]+040 BLENDWEIGHTS: 0.5, 0.5, 0.0, 0.0
vb0[121]+056 BLENDINDICES: 6, 7, 0, 0
vb0[121]+072 COLOR: 0.01082353014498949, 0.0, 0.0, 0.0
vb0[121]+088 TEXCOORD1: 0.08942791074514389, 1.4901161193847656e-08

vb0[122]+000 POSITION: -0.05386979505419731, -0.023392971605062485, 1.4724221229553223
vb0[122]+012 NORMAL: -0.6444268822669983, 0.7610442638397217, -0.07433498650789261
vb0[122]+024 TANGENT: 1.0, 0.0, 0.0, -1.0
vb0[122]+040 BLENDWEIGHTS: 0.5, 0.5, 0.0, 0.0
vb0[122]+056 BLENDINDICES: 6, 7, 0, 0
vb0[122]+072 COLOR: 0.01066666655242443, 0.0, 0.0, 0.0
vb0[122]+088 TEXCOORD1: -0.6444268822669983, 0.0

vb0[123]+000 POSITION: -0.04929197579622269, -0.021121740341186523, 1.4646129608154297
vb0[123]+012 NORMAL: 0.5502505302429199, 0.32788801193237305, 0.7679283618927002
vb0[123]+024 TANGENT: 1.0, 0.0, 0.0, -1.0
vb0[123]+040 BLENDWEIGHTS: 0.6508749723434448, 0.3491249978542328, 0.0, 0.0
vb0[123]+056 BLENDINDICES: 7, 6, 0, 0
vb0[123]+072 COLOR: 0.011294118128716946, 0.0, 0.0, 0.0
vb0[123]+088 TEXCOORD1: 0.5502504706382751, 0.0

vb0[124]+000 POSITION: -0.04922972992062569, -0.024764327332377434, 1.4663527011871338
vb0[124]+012 NORMAL: -0.5760148763656616, 0.8171963691711426, 0.019925348460674286
vb0[124]+024 TANGENT: 1.0, 0.0, 0.0, -1.0
vb0[124]+040 BLENDWEIGHTS: 0.6508749723434448, 0.3491249978542328, 0.0, 0.0
vb0[124]+056 BLENDINDICES: 7, 6, 0, 0
vb0[124]+072 COLOR: 0.01113725546747446, 0.0, 0.0, 0.0
vb0[124]+088 TEXCOORD1: -0.5760148763656616, 0.0

vb0[125]+000 POSITION: -0.044890131801366806, -0.023142004385590553, 1.4609386920928955
vb0[125]+012 NORMAL: 0.11055390536785126, -0.04064786434173584, -0.9930385947227478
vb0[125]+024 TANGENT: 1.0, 0.0, 0.0, -1.0
vb0[125]+040 BLENDWEIGHTS: 0.75, 0.25, 0.0, 0.0
vb0[125]+056 BLENDINDICES: 7, 6, 0, 0
vb0[125]+072 COLOR: 0.011607843451201916, 0.0, 0.0, 0.0
vb0[125]+088 TEXCOORD1: 0.11055389791727066, -3.725290298461914e-09

vb0[126]+000 POSITION: -0.04516967758536339, -0.025933751836419106, 1.4624170064926147
vb0[126]+012 NORMAL: 0.6378264427185059, 0.16857662796974182, -0.7515047788619995
vb0[126]+024 TANGENT: 1.0, 0.0, 0.0, -1.0
vb0[126]+040 BLENDWEIGHTS: 0.75, 0.25, 0.0, 0.0
vb0[126]+056 BLENDINDICES: 7, 6, 0, 0
vb0[126]+072 COLOR: 0.01145098078995943, 0.0, 0.0, 0.0
vb0[126]+088 TEXCOORD1: 0.6378264427185059, 0.0

vb0[127]+000 POSITION: -0.04093330353498459, -0.025073928758502007, 1.4584521055221558
vb0[127]+012 NORMAL: 0.6378086805343628, 0.1685698926448822, -0.7515212297439575
vb0[127]+024 TANGENT: 1.0, 0.0, 0.0, -1.0
vb0[127]+040 BLENDWEIGHTS: 0.8346250057220459, 0.1653750091791153, 0.0, 0.0
vb0[127]+056 BLENDINDICES: 7, 6, 0, 0
vb0[127]+072 COLOR: 0.0117647061124444, 0.0, 0.0, 0.0
vb0[127]+088 TEXCOORD1: 0.6378087401390076, 0.0

vb0[128]+000 POSITION: -0.04116714000701904, -0.02707670070230961, 1.4596656560897827
vb0[128]+012 NORMAL: 0.11703189462423325, -0.03782375156879425, -0.9924076199531555
vb0[128]+024 TANGENT: 1.0, 0.0, 0.0, -1.0
vb0[128]+040 BLENDWEIGHTS: 0.8346250057220459, 0.1653750091791153, 0.0, 0.0
vb0[128]+056 BLENDINDICES: 7, 6, 0, 0
vb0[128]+072 COLOR: 0.011607843451201916, 0.0, 0.0, 0.0
vb0[128]+088 TEXCOORD1: 0.11703189462423325, 0.0

vb0[129]+000 POSITION: -0.03837139904499054, -0.02631217986345291, 1.4570971727371216
vb0[129]+012 NORMAL: -0.5261021256446838, -0.08996988832950592, 0.8456488847732544
vb0[129]+024 TANGENT: 1.0, 0.0, 0.0, -1.0
vb0[129]+040 BLENDWEIGHTS: 0.8949999809265137, 0.10500001907348633, 0.0, 0.0
vb0[129]+056 BLENDINDICES: 7, 6, 0, 0
vb0[129]+072 COLOR: 0.011921568773686886, 0.0, 0.0, 0.0
vb0[129]+088 TEXCOORD1: -0.5261021256446838, 7.450580596923828e-09

vb0[130]+000 POSITION: -0.03852303698658943, -0.02770267426967621, 1.4580347537994385
vb0[130]+012 NORMAL: 0.09579646587371826, 0.1334591656923294, 0.9864135980606079
vb0[130]+024 TANGENT: 1.0, 0.0, 0.0, -1.0
vb0[130]+040 BLENDWEIGHTS: 0.8949999809265137, 0.10500001907348633, 0.0, 0.0
vb0[130]+056 BLENDINDICES: 7, 6, 0, 0
vb0[130]+072 COLOR: 0.0117647061124444, 0.0, 0.0, 0.0
vb0[130]+088 TEXCOORD1: 0.09579645842313766, 0.0

vb0[131]+000 POSITION: -0.03449046239256859, -0.02841278910636902, 1.4557759761810303
vb0[131]+012 NORMAL: -0.5282496213912964, -0.09070993959903717, 0.8442298769950867
vb0[131]+024 TANGENT: 1.0, 0.0, 0.0, -1.0
vb0[131]+040 BLENDWEIGHTS: 1.0, 0.0, 0.0, 0.0
vb0[131]+056 BLENDINDICES: 7, 0, 0, 0
vb0[131]+072 COLOR: 0.012078431434929371, 0.0, 0.0, 0.0
vb0[131]+088 TEXCOORD1: 0.7540570497512817, 0.5758808255195618

vb0[132]+000 POSITION: -0.03525406867265701, -0.028297100216150284, 1.456187129020691
vb0[132]+012 NORMAL: -0.19378939270973206, -0.9805019497871399, 0.03258286416530609
vb0[132]+024 TANGENT: 1.0, 0.0, 0.0, -1.0
vb0[132]+040 BLENDWEIGHTS: 0.9800000190734863, 0.019999999552965164, 0.0, 0.0
vb0[132]+056 BLENDINDICES: 7, 6, 0, 0
vb0[132]+072 COLOR: 0.011921568773686886, 0.0, 0.0, 0.0
vb0[132]+088 TEXCOORD1: -0.19378937780857086, 0.0

vb0[133]+000 POSITION: -0.03530721366405487, -0.027973107993602753, 1.4558950662612915
vb0[133]+012 NORMAL: 0.08942791074514389, 0.13084830343723297, 0.9873608350753784
vb0[133]+024 TANGENT: 1.0, 0.0, 0.0, -1.0
vb0[133]+040 BLENDWEIGHTS: 0.9800000190734863, 0.019999999552965164, 0.0, 0.0
vb0[133]+056 BLENDINDICES: 7, 6, 0, 0
vb0[133]+072 COLOR: 0.011921568773686886, 0.0, 0.0, 0.0
vb0[133]+088 TEXCOORD1: 0.08942791074514389, 1.4901161193847656e-08

vb0[134]+000 POSITION: -0.07547042518854141, 0.0024284294340759516, 1.5866703987121582
vb0[134]+012 NORMAL: -0.15330548584461212, -0.10509926080703735, -0.982573926448822
vb0[134]+024 TANGENT: 1.0, 0.0, 0.0, -1.0
vb0[134]+040 BLENDWEIGHTS: 0.9226219058036804, 0.07737808674573898, 0.0, 0.0
vb0[134]+056 BLENDINDICES: 1, 5, 0, 0
vb0[134]+072 COLOR: 0.0029803921934217215, 0.0, 0.0, 0.0
vb0[134]+088 TEXCOORD1: -0.15330550074577332, 0.0

vb0[135]+000 POSITION: -0.07521244138479233, 0.0060644992627203465, 1.5697720050811768
vb0[135]+012 NORMAL: -0.7685485482215881, -0.19410212337970734, -0.6096372008323669
vb0[135]+024 TANGENT: 1.0, 0.0, 0.0, -1.0
vb0[135]+040 BLENDWEIGHTS: 0.75, 0.25, 0.0, 0.0
vb0[135]+056 BLENDINDICES: 1, 5, 0, 0
vb0[135]+072 COLOR: 0.004078431520611048, 0.0, 0.0, 0.0
vb0[135]+088 TEXCOORD1: -0.7685485482215881, 0.0

vb0[136]+000 POSITION: -0.0740131363272667, 0.006921730935573578, 1.55312180519104
vb0[136]+012 NORMAL: 0.6077494025230408, 0.15367244184017181, -0.7791184186935425
vb0[136]+024 TANGENT: 1.0, 0.0, 0.0, -1.0
vb0[136]+040 BLENDWEIGHTS: 0.4749999940395355, 0.4749999940395355, 0.05000000074505806, 0.0
vb0[136]+056 BLENDINDICES: 1, 5, 6, 0
vb0[136]+072 COLOR: 0.00517647061496973, 0.0, 0.0, 0.0
vb0[136]+088 TEXCOORD1: 0.6077494025230408, 0.0

vb0[137]+000 POSITION: -0.07311554998159409, 0.0068945311941206455, 1.5378327369689941
vb0[137]+012 NORMAL: 0.6071057915687561, 0.1533898115158081, -0.7796756029129028
vb0[137]+024 TANGENT: 1.0, 0.0, 0.0, -1.0
vb0[137]+040 BLENDWEIGHTS: 0.637499988079071, 0.21250000596046448, 0.15000000596046448, 0.0
vb0[137]+056 BLENDINDICES: 5, 1, 6, 0
vb0[137]+072 COLOR: 0.006117647048085928, 0.0, 0.0, 0.0
vb0[137]+088 TEXCOORD1: 0.6071058511734009, 0.0

vb0[138]+000 POSITION: -0.07086317241191864, 0.00660649174824357, 1.5234466791152954
vb0[138]+012 NORMAL: -0.15568143129348755, -0.1057208925485611, -0.9821335673332214
vb0[138]+024 TANGENT: 1.0, 0.0, 0.0, -1.0
vb0[138]+040 BLENDWEIGHTS: 0.6594831347465515, 0.2826356291770935, 0.05788123980164528, 0.0
vb0[138]+056 BLENDINDICES: 5, 6, 1, 0
vb0[138]+072 COLOR: 0.0070588234812021255, 0.0, 0.0, 0.0
vb0[138]+088 TEXCOORD1: -0.15568144619464874, 7.450580596923828e-09

vb0[139]+000 POSITION: -0.0681515634059906, 0.005354588385671377, 1.509350299835205
vb0[139]+012 NORMAL: -0.4691399335861206, 0.1338471621274948, 0.8729219436645508
vb0[139]+024 TANGENT: 1.0, 0.0, 0.0, -1.0
vb0[139]+040 BLENDWEIGHTS: 0.5, 0.5, 0.0, 0.0
vb0[139]+056 BLENDINDICES: 5, 6, 0, 0
vb0[139]+072 COLOR: 0.00800000037997961, 0.0, 0.0, 0.0
vb0[139]+088 TEXCOORD1: -0.4691399335861206, 0.0

vb0[140]+000 POSITION: -0.06457731872797012, 0.002802834380418062, 1.497418761253357
vb0[140]+012 NORMAL: -0.4021509289741516, 0.12753796577453613, 0.9066469669342041
vb0[140]+024 TANGENT: 1.0, 0.0, 0.0, -1.0
vb0[140]+040 BLENDWEIGHTS: 0.6961916089057922, 0.26440006494522095, 0.03940841183066368, 0.0
vb0[140]+056 BLENDINDICES: 6, 5, 7, 0
vb0[140]+072 COLOR: 0.008784313686192036, 0.0, 0.0, 0.0
vb0[140]+088 TEXCOORD1: -0.4021508991718292, 0.0

vb0[141]+000 POSITION: -0.06085219234228134, -0.0019834660924971104, 1.486176609992981
vb0[141]+012 NORMAL: -0.4109538495540619, 0.12739723920822144, 0.9027107954025269
vb0[141]+024 TANGENT: 1.0, 0.0, 0.0, -1.0
vb0[141]+040 BLENDWEIGHTS: 0.7354397773742676, 0.168597012758255, 0.09596320986747742, 0.0
vb0[141]+056 BLENDINDICES: 6, 7, 5, 0
vb0[141]+072 COLOR: 0.009568626992404461, 0.0, 0.0, 0.0
vb0[141]+088 TEXCOORD1: -0.4109538495540619, 0.0

vb0[142]+000 POSITION: -0.056737761944532394, -0.007459898013621569, 1.4768688678741455
vb0[142]+012 NORMAL: -0.46707794070243835, 0.13416263461112976, 0.8739785552024841
vb0[142]+024 TANGENT: 1.0, 0.0, 0.0, -1.0
vb0[142]+040 BLENDWEIGHTS: 0.6859999895095825, 0.2940000295639038, 0.019999999552965164, 0.0
vb0[142]+056 BLENDINDICES: 6, 7, 5, 0
vb0[142]+072 COLOR: 0.01035294122993946, 0.0, 0.0, 0.0
vb0[142]+088 TEXCOORD1: -0.46707797050476074, 0.0

vb0[143]+000 POSITION: -0.05227243900299072, -0.012445630505681038, 1.4693870544433594
vb0[143]+012 NORMAL: 0.03113928996026516, 0.19365091621875763, 0.98057621717453
vb0[143]+024 TANGENT: 1.0, 0.0, 0.0, -1.0
vb0[143]+040 BLENDWEIGHTS: 0.5, 0.5, 0.0, 0.0
vb0[143]+056 BLENDINDICES: 6, 7, 0, 0
vb0[143]+072 COLOR: 0.01082353014498949, 0.0, 0.0, 0.0
vb0[143]+088 TEXCOORD1: 0.03113928996026516, -1.4901161193847656e-08

vb0[144]+000 POSITION: -0.04775046184659004, -0.017019623890519142, 1.4636363983154297
vb0[144]+012 NORMAL: 0.7446826696395874, 0.24890348315238953, 0.6192695498466492
vb0[144]+024 TANGENT: 1.0, 0.0, 0.0, -1.0
vb0[144]+040 BLENDWEIGHTS: 0.6508749723434448, 0.3491249978542328, 0.0, 0.0
vb0[144]+056 BLENDINDICES: 7, 6, 0, 0
vb0[144]+072 COLOR: 0.011294118128716946, 0.0, 0.0, 0.0
vb0[144]+088 TEXCOORD1: 0.7446827292442322, -1.4901161193847656e-08

vb0[145]+000 POSITION: -0.04371116682887077, -0.020480327308177948, 1.4602673053741455
vb0[145]+012 NORMAL: 0.03625592961907387, 0.19417119026184082, 0.9802974462509155
vb0[145]+024 TANGENT: 1.0, 0.0, 0.0, -1.0
vb0[145]+040 BLENDWEIGHTS: 0.75, 0.25, 0.0, 0.0
vb0[145]+056 BLENDINDICES: 7, 6, 0, 0
vb0[145]+072 COLOR: 0.011607843451201916, 0.0, 0.0, 0.0
vb0[145]+088 TEXCOORD1: 0.036255933344364166, 0.0

vb0[146]+000 POSITION: -0.04038749635219574, -0.02336231805384159, 1.4581516981124878
vb0[146]+012 NORMAL: 0.746921181678772, 0.24886971712112427, 0.616581380367279
vb0[146]+024 TANGENT: 1.0, 0.0, 0.0, -1.0
vb0[146]+040 BLENDWEIGHTS: 0.8346250057220459, 0.1653750091791153, 0.0, 0.0
vb0[146]+056 BLENDINDICES: 7, 6, 0, 0
vb0[146]+072 COLOR: 0.0117647061124444, 0.0, 0.0, 0.0
vb0[146]+088 TEXCOORD1: 0.7469212412834167, 0.0

vb0[147]+000 POSITION: -0.03806111961603165, -0.025279350578784943, 1.456926941871643
vb0[147]+012 NORMAL: -0.7681556940078735, -0.1941051334142685, -0.6101311445236206
vb0[147]+024 TANGENT: 1.0, 0.0, 0.0, -1.0
vb0[147]+040 BLENDWEIGHTS: 0.8949999809265137, 0.10500001907348633, 0.0, 0.0
vb0[147]+056 BLENDINDICES: 7, 6, 0, 0
vb0[147]+072 COLOR: 0.011921568773686886, 0.0, 0.0, 0.0
vb0[147]+088 TEXCOORD1: -0.7681556940078735, 0.0

vb0[148]+000 POSITION: -0.03523986414074898, -0.02763957716524601, 1.455914855003357
vb0[148]+012 NORMAL: -0.8164892196655273, -0.19306834042072296, -0.5441230535507202
vb0[148]+024 TANGENT: 1.0, 0.0, 0.0, -1.0
vb0[148]+040 BLENDWEIGHTS: 0.9800000190734863, 0.019999999552965164, 0.0, 0.0
vb0[148]+056 BLENDINDICES: 7, 6, 0, 0
vb0[148]+072 COLOR: 0.011921568773686886, 0.0, 0.0, 0.0
vb0[148]+088 TEXCOORD1: -0.8164892196655273, -1.4901161193847656e-08

vb0[149]+000 POSITION: -0.036545172333717346, -0.027277011424303055, 1.4562571048736572
vb0[149]+012 NORMAL: 0.4844362437725067, 0.29431962966918945, 0.8238309025764465
vb0[149]+024 TANGENT: 1.0, 0.0, 0.0, -1.0
vb0[149]+040 BLENDWEIGHTS: 0.9448750019073486, 0.05512499436736107, 0.0, 0.0
vb0[149]+056 BLENDINDICES: 7, 6, 0, 0
vb0[149]+072 COLOR: 0.011921568773686886, 0.0, 0.0, 0.0
vb0[149]+088 TEXCOORD1: 0.4844363033771515, -2.9802322387695312e-08

vb0[150]+000 POSITION: -0.03638354316353798, -0.02665805071592331, 1.4562194347381592
vb0[150]+012 NORMAL: -0.5224100947380066, -0.26237133145332336, 0.8113254904747009
vb0[150]+024 TANGENT: 1.0, 0.0, 0.0, -1.0
vb0[150]+040 BLENDWEIGHTS: 0.9448750019073486, 0.05512499436736107, 0.0, 0.0
vb0[150]+056 BLENDINDICES: 7, 6, 0, 0
vb0[150]+072 COLOR: 0.011921568773686886, 0.0, 0.0, 0.0
vb0[150]+088 TEXCOORD1: -0.5224100947380066, 0.0

vb0[151]+000 POSITION: -0.0735829696059227, 0.009907056577503681, 1.5229023694992065
vb0[151]+012 NORMAL: -0.829505443572998, -0.471248596906662, -0.299742192029953
vb0[151]+024 TANGENT: 1.0, 0.0, 0.0, -1.0
vb0[151]+040 BLENDWEIGHTS: 0.6594831347465515, 0.2826356291770935, 0.05788123980164528, 0.0
vb0[151]+056 BLENDINDICES: 5, 6, 1, 0
vb0[151]+072 COLOR: 0.0070588234812021255, 0.0, 0.0, 0.0
vb0[151]+088 TEXCOORD1: -0.8295055031776428, 0.0

vb0[152]+000 POSITION: -0.07217074185609818, 0.01002791989594698, 1.5094696283340454
vb0[152]+012 NORMAL: -0.07784086465835571, 0.15677917003631592, 0.9845614433288574
vb0[152]+024 TANGENT: 1.0, 0.0, 0.0, -1.0
vb0[152]+040 BLENDWEIGHTS: 0.5, 0.5, 0.0, 0.0
vb0[152]+056 BLENDINDICES: 5, 6, 0, 0
vb0[152]+072 COLOR: 0.00800000037997961, 0.0, 0.0, 0.0
vb0[152]+088 TEXCOORD1: -0.07784085720777512, 0.0

vb0[153]+000 POSITION: -0.07463517785072327, 0.009099379181861877, 1.5375820398330688
vb0[153]+012 NORMAL: 0.6071057915687561, 0.1533898115158081, -0.7796756029129028
vb0[153]+024 TANGENT: 1.0, 0.0, 0.0, -1.0
vb0[153]+040 BLENDWEIGHTS: 0.637499988079071, 0.21250000596046448, 0.15000000596046448, 0.0
vb0[153]+056 BLENDINDICES: 5, 1, 6, 0
vb0[153]+072 COLOR: 0.006117647048085928, 0.0, 0.0, 0.0
vb0[153]+088 TEXCOORD1: 0.6071058511734009, 0.0

vb0[154]+000 POSITION: -0.0748889371752739, 0.008235100656747818, 1.5531915426254272
vb0[154]+012 NORMAL: 0.6378086805343628, 0.1685698926448822, -0.7515212297439575
vb0[154]+024 TANGENT: 1.0, 0.0, 0.0, -1.0
vb0[154]+040 BLENDWEIGHTS: 0.4749999940395355, 0.4749999940395355, 0.05000000074505806, 0.0
vb0[154]+056 BLENDINDICES: 1, 5, 6, 0
vb0[154]+072 COLOR: 0.005019607953727245, 0.0, 0.0, 0.0
vb0[154]+088 TEXCOORD1: 0.6378087401390076, 0.0

vb0[155]+000 POSITION: -0.07809910923242569, 0.017450416460633278, 1.5701013803482056
vb0[155]+012 NORMAL: -0.8164892196655273, -0.19306834042072296, -0.5441230535507202
vb0[155]+024 TANGENT: 1.0, 0.0, 0.0, -1.0
vb0[155]+040 BLENDWEIGHTS: 0.75, 0.25, 0.0, 0.0
vb0[155]+056 BLENDINDICES: 1, 5, 0, 0
vb0[155]+072 COLOR: 0.003921568393707275, 0.0, 0.0, 0.0
vb0[155]+088 TEXCOORD1: -0.8164892792701721, -1.4901161193847656e-08

vb0[156]+000 POSITION: -0.07820317894220352, 0.014276860281825066, 1.587541937828064
vb0[156]+012 NORMAL: -0.5261021256446838, -0.08996988832950592, 0.8456488847732544
vb0[156]+024 TANGENT: 1.0, 0.0, 0.0, -1.0
vb0[156]+040 BLENDWEIGHTS: 0.9226219058036804, 0.07737808674573898, 0.0, 0.0
vb0[156]+056 BLENDINDICES: 1, 5, 0, 0
vb0[156]+072 COLOR: 0.0028235295321792364, 0.0, 0.0, 0.0
vb0[156]+088 TEXCOORD1: -0.5261021256446838, 7.450580596923828e-09

vb0[157]+000 POSITION: -0.077532097697258, 0.02370651625096798, 1.5882683992385864
vb0[157]+012 NORMAL: -0.5196599960327148, -0.44693198800086975, -0.7281519770622253
vb0[157]+024 TANGENT: 1.0, 0.0, 0.0, -1.0
vb0[157]+040 BLENDWEIGHTS: 1.0, 0.0, 0.0, 0.0
vb0[157]+056 BLENDINDICES: 1, 0, 0, 0
vb0[157]+072 COLOR: 0.0, 0.0, 0.0, 0.0
vb0[157]+088 TEXCOORD1: -0.5196599960327148, 0.0

vb0[158]+000 POSITION: -0.07714663445949554, 0.026407109573483467, 1.570148229598999
vb0[158]+012 NORMAL: -0.580392599105835, -0.10888988524675369, 0.8070237636566162
vb0[158]+024 TANGENT: 1.0, 0.0, 0.0, -1.0
vb0[158]+040 BLENDWEIGHTS: 0.75, 0.25, 0.0, 0.0
vb0[158]+056 BLENDINDICES: 1, 5, 0, 0
vb0[158]+072 COLOR: 0.003921568393707275, 0.0, 0.0, 0.0
vb0[158]+088 TEXCOORD1: -0.5803926587104797, 7.450580596923828e-09

vb0[159]+000 POSITION: -0.07759711891412735, 0.01828279159963131, 1.5529991388320923
vb0[159]+012 NORMAL: -0.580392599105835, -0.10888989269733429, 0.8070237040519714
vb0[159]+024 TANGENT: 1.0, 0.0, 0.0, -1.0
vb0[159]+040 BLENDWEIGHTS: 0.4749999940395355, 0.4749999940395355, 0.05000000074505806, 0.0
vb0[159]+056 BLENDINDICES: 1, 5, 6, 0
vb0[159]+072 COLOR: 0.005019607953727245, 0.0, 0.0, 0.0
vb0[159]+088 TEXCOORD1: -0.5803926587104797, 7.450580596923828e-09

vb0[160]+000 POSITION: -0.07584431022405624, 0.02752866968512535, 1.552468180656433
vb0[160]+012 NORMAL: -0.5282496213912964, -0.09070993959903717, 0.8442298769950867
vb0[160]+024 TANGENT: 1.0, 0.0, 0.0, -1.0
vb0[160]+040 BLENDWEIGHTS: 0.4749999940395355, 0.4749999940395355, 0.05000000074505806, 0.0
vb0[160]+056 BLENDINDICES: 1, 5, 6, 0
vb0[160]+072 COLOR: 0.005019607953727245, 0.0, 0.0, 0.0
vb0[160]+088 TEXCOORD1: -0.5282496213912964, 0.0

vb0[161]+000 POSITION: -0.07481220364570618, 0.026455428451299667, 1.536143183708191
vb0[161]+012 NORMAL: 0.6378264427185059, 0.16857662796974182, -0.7515047788619995
vb0[161]+024 TANGENT: 1.0, 0.0, 0.0, -1.0
vb0[161]+040 BLENDWEIGHTS: 0.637499988079071, 0.21250000596046448, 0.15000000596046448, 0.0
vb0[161]+056 BLENDINDICES: 5, 1, 6, 0
vb0[161]+072 COLOR: 0.006117647048085928, 0.0, 0.0, 0.0
vb0[161]+088 TEXCOORD1: 0.6378264427185059, 0.0

vb0[162]+000 POSITION: -0.07673977315425873, 0.01780916377902031, 1.5367742776870728
vb0[162]+012 NORMAL: 0.6077494025230408, 0.15367244184017181, -0.7791184186935425
vb0[162]+024 TANGENT: 1.0, 0.0, 0.0, -1.0
vb0[162]+040 BLENDWEIGHTS: 0.637499988079071, 0.21250000596046448, 0.15000000596046448, 0.0
vb0[162]+056 BLENDINDICES: 5, 1, 6, 0
vb0[162]+072 COLOR: 0.006117647048085928, 0.0, 0.0, 0.0
vb0[162]+088 TEXCOORD1: 0.6077494025230408, 0.0

vb0[163]+000 POSITION: -0.07353377342224121, 0.024700231850147247, 1.521613597869873
vb0[163]+012 NORMAL: -0.8296306729316711, -0.4713069796562195, -0.2993035912513733
vb0[163]+024 TANGENT: 1.0, 0.0, 0.0, -1.0
vb0[163]+040 BLENDWEIGHTS: 0.6594831347465515, 0.2826356291770935, 0.05788123980164528, 0.0
vb0[163]+056 BLENDINDICES: 5, 6, 1, 0
vb0[163]+072 COLOR: 0.0070588234812021255, 0.0, 0.0, 0.0
vb0[163]+088 TEXCOORD1: -0.8296307325363159, 0.0

vb0[164]+000 POSITION: -0.0751926600933075, 0.017169103026390076, 1.5221046209335327
vb0[164]+012 NORMAL: -0.6351814866065979, -0.38765159249305725, -0.6680349707603455
vb0[164]+024 TANGENT: 1.0, 0.0, 0.0, -1.0
vb0[164]+040 BLENDWEIGHTS: 0.6594831347465515, 0.2826356291770935, 0.05788123980164528, 0.0
vb0[164]+056 BLENDINDICES: 5, 6, 1, 0
vb0[164]+072 COLOR: 0.0070588234812021255, 0.0, 0.0, 0.0
vb0[164]+088 TEXCOORD1: -0.6351814866065979, 0.0

vb0[165]+000 POSITION: -0.07230503112077713, 0.02134712226688862, 1.5076982975006104
vb0[165]+012 NORMAL: -0.10187968611717224, 0.13872036337852478, 0.9850773215293884
vb0[165]+024 TANGENT: 1.0, 0.0, 0.0, -1.0
vb0[165]+040 BLENDWEIGHTS: 0.5, 0.5, 0.0, 0.0
vb0[165]+056 BLENDINDICES: 5, 6, 0, 0
vb0[165]+072 COLOR: 0.00800000037997961, 0.0, 0.0, 0.0
vb0[165]+088 TEXCOORD1: -0.10187967866659164, 0.0

vb0[166]+000 POSITION: -0.07309438288211823, 0.015842771157622337, 1.5084675550460815
vb0[166]+012 NORMAL: -0.623324990272522, -0.38244786858558655, -0.6820553541183472
vb0[166]+024 TANGENT: 1.0, 0.0, 0.0, -1.0
vb0[166]+040 BLENDWEIGHTS: 0.5, 0.5, 0.0, 0.0
vb0[166]+056 BLENDINDICES: 5, 6, 0, 0
vb0[166]+072 COLOR: 0.00800000037997961, 0.0, 0.0, 0.0
vb0[166]+088 TEXCOORD1: -0.6233250498771667, 0.0

vb0[167]+000 POSITION: -0.07021111994981766, 0.009036057628691196, 1.497423529624939
vb0[167]+012 NORMAL: -0.14915986359119415, -0.10267782211303711, -0.9834676384925842
vb0[167]+024 TANGENT: 1.0, 0.0, 0.0, -1.0
vb0[167]+040 BLENDWEIGHTS: 0.7007124423980713, 0.2661967873573303, 0.0330907478928566, 0.0
vb0[167]+056 BLENDINDICES: 6, 5, 7, 0
vb0[167]+072 COLOR: 0.008784313686192036, 0.0, 0.0, 0.0
vb0[167]+088 TEXCOORD1: -0.14915986359119415, 7.450580596923828e-09

vb0[168]+000 POSITION: -0.06993965059518814, 0.01651659980416298, 1.4955179691314697
vb0[168]+012 NORMAL: -0.07835017889738083, 0.156389057636261, 0.9845830202102661
vb0[168]+024 TANGENT: 1.0, 0.0, 0.0, -1.0
vb0[168]+040 BLENDWEIGHTS: 0.7007124423980713, 0.2661967873573303, 0.0330907478928566, 0.0
vb0[168]+056 BLENDINDICES: 6, 5, 7, 0
vb0[168]+072 COLOR: 0.008784313686192036, 0.0, 0.0, 0.0
vb0[168]+088 TEXCOORD1: -0.07835018634796143, 0.0

vb0[169]+000 POSITION: -0.06614985316991806, 0.0045143128372728825, 1.4987919330596924
vb0[169]+012 NORMAL: -0.10193858295679092, 0.13867749273777008, 0.9850772023200989
vb0[169]+024 TANGENT: 1.0, 0.0, 0.0, -1.0
vb0[169]+040 BLENDWEIGHTS: 0.7007124423980713, 0.2661967873573303, 0.0330907478928566, 0.0
vb0[169]+056 BLENDINDICES: 6, 5, 7, 0
vb0[169]+072 COLOR: 0.008784313686192036, 0.0, 0.0, 0.0
vb0[169]+088 TEXCOORD1: -0.10193859040737152, -1.4901161193847656e-08

vb0[170]+000 POSITION: -0.06735727936029434, 0.006401986815035343, 1.4889302253723145
vb0[170]+012 NORMAL: -0.1534189134836197, -0.10699627548456192, -0.9823514819145203
vb0[170]+024 TANGENT: 1.0, 0.0, 0.0, -1.0
vb0[170]+040 BLENDWEIGHTS: 0.7903580665588379, 0.10638830065727234, 0.10325365513563156, 0.0
vb0[170]+056 BLENDINDICES: 6, 7, 5, 0
vb0[170]+072 COLOR: 0.00925490166991949, 0.0, 0.0, 0.0
vb0[170]+088 TEXCOORD1: -0.1534189134836197, 7.450580596923828e-09

vb0[171]+000 POSITION: -0.06410329788923264, 0.0037441253662109375, 1.4907643795013428
vb0[171]+012 NORMAL: -0.15337282419204712, -0.10693280398845673, -0.9823656678199768
vb0[171]+024 TANGENT: 1.0, 0.0, 0.0, -1.0
vb0[171]+040 BLENDWEIGHTS: 0.7903580665588379, 0.10638830065727234, 0.10325365513563156, 0.0
vb0[171]+056 BLENDINDICES: 6, 7, 5, 0
vb0[171]+072 COLOR: 0.00925490166991949, 0.0, 0.0, 0.0
vb0[171]+088 TEXCOORD1: -0.15337280929088593, 0.0

vb0[172]+000 POSITION: -0.06430048495531082, 0.004684443585574627, 1.4829723834991455
vb0[172]+012 NORMAL: -0.16209381818771362, -0.0877605602145195, -0.9828650951385498
vb0[172]+024 TANGENT: 1.0, 0.0, 0.0, -1.0
vb0[172]+040 BLENDWEIGHTS: 0.8128058910369873, 0.16719412803649902, 0.019999999552965164, 0.0
vb0[172]+056 BLENDINDICES: 6, 7, 5, 0
vb0[172]+072 COLOR: 0.009725489653646946, 0.0, 0.0, 0.0
vb0[172]+088 TEXCOORD1: -0.16209380328655243, 0.0

vb0[173]+000 POSITION: -0.061955202370882034, 0.002933392534032464, 1.484477162361145
vb0[173]+012 NORMAL: -0.1493065357208252, -0.1028042882680893, -0.9834321141242981
vb0[173]+024 TANGENT: 1.0, 0.0, 0.0, -1.0
vb0[173]+040 BLENDWEIGHTS: 0.8128058910369873, 0.16719412803649902, 0.019999999552965164, 0.0
vb0[173]+056 BLENDINDICES: 6, 7, 5, 0
vb0[173]+072 COLOR: 0.009725489653646946, 0.0, 0.0, 0.0
vb0[173]+088 TEXCOORD1: -0.1493065357208252, 0.0

vb0[174]+000 POSITION: -0.06145840138196945, 0.0032418202608823776, 1.4792221784591675
vb0[174]+012 NORMAL: -0.02823566272854805, 0.17310267686843872, 0.984498918056488
vb0[174]+024 TANGENT: 1.0, 0.0, 0.0, -1.0
vb0[174]+040 BLENDWEIGHTS: 0.7890006303787231, 0.21099938452243805, 0.0, 0.0
vb0[174]+056 BLENDINDICES: 6, 7, 0, 0
vb0[174]+072 COLOR: 0.01003921590745449, 0.0, 0.0, 0.0
vb0[174]+088 TEXCOORD1: -0.0282356645911932, 0.0

vb0[175]+000 POSITION: -0.05987682193517685, 0.0021981142926961184, 1.4802873134613037
vb0[175]+012 NORMAL: -0.0507209375500679, 0.1686803698539734, 0.9843648672103882
vb0[175]+024 TANGENT: 1.0, 0.0, 0.0, -1.0
vb0[175]+040 BLENDWEIGHTS: 0.7890006303787231, 0.21099938452243805, 0.0, 0.0
vb0[175]+056 BLENDINDICES: 6, 7, 0, 0
vb0[175]+072 COLOR: 0.01003921590745449, 0.0, 0.0, 0.0
vb0[175]+088 TEXCOORD1: -0.0507209412753582, 0.0

vb0[176]+000 POSITION: -0.05678195878863335, 0.0015937518328428268, 1.4753276109695435
vb0[176]+012 NORMAL: -0.051352083683013916, 0.16864480078220367, 0.9843383431434631
vb0[176]+024 TANGENT: 1.0, 0.0, 0.0, -1.0
vb0[176]+040 BLENDWEIGHTS: 0.7288080453872681, 0.27119195461273193, 0.0, 0.0
vb0[176]+056 BLENDINDICES: 6, 7, 0, 0
vb0[176]+072 COLOR: 0.01035294122993946, 0.0, 0.0, 0.0
vb0[176]+088 TEXCOORD1: -0.051352087408304214, 0.0

vb0[177]+000 POSITION: -0.05636299401521683, 0.0013279294362291694, 1.4758824110031128
vb0[177]+012 NORMAL: -0.028522662818431854, 0.1729176640510559, 0.9845231771469116
vb0[177]+024 TANGENT: 1.0, 0.0, 0.0, -1.0
vb0[177]+040 BLENDWEIGHTS: 0.7288080453872681, 0.27119195461273193, 0.0, 0.0
vb0[177]+056 BLENDINDICES: 6, 7, 0, 0
vb0[177]+072 COLOR: 0.01035294122993946, 0.0, 0.0, 0.0
vb0[177]+088 TEXCOORD1: -0.028522666543722153, 1.4901161193847656e-08

vb0[178]+000 POSITION: -0.058137234300374985, 0.0016898297471925616, 1.4778530597686768
vb0[178]+012 NORMAL: 0.6678420305252075, 0.6788718700408936, 0.3051553964614868
vb0[178]+024 TANGENT: 1.0, 0.0, 0.0, -1.0
vb0[178]+040 BLENDWEIGHTS: 0.7583646774291992, 0.24163533747196198, 0.0, 0.0
vb0[178]+056 BLENDINDICES: 6, 7, 0, 0
vb0[178]+072 COLOR: 0.010196078568696976, 0.0, 0.0, 0.0
vb0[178]+088 TEXCOORD1: 0.6678420901298523, 0.0

vb0[179]+000 POSITION: -0.059150662273168564, 0.0022864723578095436, 1.4770426750183105
vb0[179]+012 NORMAL: 0.4019790291786194, 0.5664917230606079, 0.7193747162818909
vb0[179]+024 TANGENT: 1.0, 0.0, 0.0, -1.0
vb0[179]+040 BLENDWEIGHTS: 0.7583646774291992, 0.24163533747196198, 0.0, 0.0
vb0[179]+056 BLENDINDICES: 6, 7, 0, 0
vb0[179]+072 COLOR: 0.010196078568696976, 0.0, 0.0, 0.0
vb0[179]+088 TEXCOORD1: 0.4019790589809418, 2.9802322387695312e-08

vb0[180]+000 POSITION: -0.05480700731277466, 0.001135821221396327, 1.4744067192077637
vb0[180]+012 NORMAL: -0.19021299481391907, -0.06257188320159912, -0.9797468185424805
vb0[180]+024 TANGENT: 1.0, 0.0, 0.0, -1.0
vb0[180]+040 BLENDWEIGHTS: 0.699999988079071, 0.30000001192092896, 0.0, 0.0
vb0[180]+056 BLENDINDICES: 6, 7, 0, 0
vb0[180]+072 COLOR: 0.01035294122993946, 0.0, 0.0, 0.0
vb0[180]+088 TEXCOORD1: 0.6775822043418884, -0.3788064122200012

vb0[181]+000 POSITION: -0.06711141765117645, 0.012531265616416931, 1.4877959489822388
vb0[181]+012 NORMAL: -0.16310137510299683, -0.08696751296520233, -0.9827688336372375
vb0[181]+024 TANGENT: 1.0, 0.0, 0.0, -1.0
vb0[181]+040 BLENDWEIGHTS: 0.7903580665588379, 0.10638830065727234, 0.10325365513563156, 0.0
vb0[181]+056 BLENDINDICES: 6, 7, 5, 0
vb0[181]+072 COLOR: 0.009411764331161976, 0.0, 0.0, 0.0
vb0[181]+088 TEXCOORD1: -0.16310136020183563, 0.0

vb0[182]+000 POSITION: -0.06393234431743622, 0.008902030065655708, 1.4818466901779175
vb0[182]+012 NORMAL: -0.18992026150226593, -0.06296824663877487, -0.9797781705856323
vb0[182]+024 TANGENT: 1.0, 0.0, 0.0, -1.0
vb0[182]+040 BLENDWEIGHTS: 0.8128058910369873, 0.16719412803649902, 0.019999999552965164, 0.0
vb0[182]+056 BLENDINDICES: 6, 7, 5, 0
vb0[182]+072 COLOR: 0.009725489653646946, 0.0, 0.0, 0.0
vb0[182]+088 TEXCOORD1: -0.18992024660110474, 0.0

vb0[183]+000 POSITION: -0.0608527734875679, 0.006325802765786648, 1.4782962799072266
vb0[183]+012 NORMAL: 0.6454591155052185, -0.07870317995548248, -0.7597290873527527
vb0[183]+024 TANGENT: 1.0, 0.0, 0.0, -1.0
vb0[183]+040 BLENDWEIGHTS: 0.7890006303787231, 0.21099938452243805, 0.0, 0.0
vb0[183]+056 BLENDINDICES: 6, 7, 0, 0
vb0[183]+072 COLOR: 0.01003921590745449, 0.0, 0.0, 0.0
vb0[183]+088 TEXCOORD1: 0.6454591751098633, 0.0

vb0[184]+000 POSITION: -0.05864207446575165, 0.004599680658429861, 1.4763635396957397
vb0[184]+012 NORMAL: 0.6976181864738464, 0.5892891883850098, 0.4075133800506592
vb0[184]+024 TANGENT: 1.0, 0.0, 0.0, -1.0
vb0[184]+040 BLENDWEIGHTS: 0.7583646774291992, 0.24163533747196198, 0.0, 0.0
vb0[184]+056 BLENDINDICES: 6, 7, 0, 0
vb0[184]+072 COLOR: 0.010196078568696976, 0.0, 0.0, 0.0
vb0[184]+088 TEXCOORD1: 0.6976181864738464, 0.0

vb0[185]+000 POSITION: -0.05658069625496864, 0.002730312291532755, 1.4749715328216553
vb0[185]+012 NORMAL: 0.6454591155052185, -0.07870317995548248, -0.7597290873527527
vb0[185]+024 TANGENT: 1.0, 0.0, 0.0, -1.0
vb0[185]+040 BLENDWEIGHTS: 0.7288080453872681, 0.27119195461273193, 0.0, 0.0
vb0[185]+056 BLENDINDICES: 6, 7, 0, 0
vb0[185]+072 COLOR: 0.01035294122993946, 0.0, 0.0, 0.0
vb0[185]+088 TEXCOORD1: 0.6454591751098633, 0.0

vb0[186]+000 POSITION: -0.061050329357385635, -0.01983732171356678, 1.5399057865142822
vb0[186]+012 NORMAL: 0.6454591155052185, -0.07870318740606308, -0.7597291469573975
vb0[186]+024 TANGENT: 1.0, 0.0, 0.0, -1.0
vb0[186]+040 BLENDWEIGHTS: 0.637499988079071, 0.21250000596046448, 0.15000000596046448, 0.0
vb0[186]+056 BLENDINDICES: 5, 1, 6, 0
vb0[186]+072 COLOR: 0.006274509709328413, 0.0, 0.0, 0.0
vb0[186]+088 TEXCOORD1: 0.6454591155052185, 0.0

vb0[187]+000 POSITION: -0.05961461737751961, -0.01859201304614544, 1.5263456106185913
vb0[187]+012 NORMAL: 0.6454591751098633, -0.07870317995548248, -0.7597290873527527
vb0[187]+024 TANGENT: 1.0, 0.0, 0.0, -1.0
vb0[187]+040 BLENDWEIGHTS: 0.6487400531768799, 0.27803143858909607, 0.057881247252225876, 0.015347233042120934
vb0[187]+056 BLENDINDICES: 5, 6, 1, 8
vb0[187]+072 COLOR: 0.0070588234812021255, 0.0, 0.0, 0.0
vb0[187]+088 TEXCOORD1: 0.6454591751098633, 0.0

vb0[188]+000 POSITION: -0.062343958765268326, -0.020690537989139557, 1.5532761812210083
vb0[188]+012 NORMAL: 0.03625592961907387, 0.19417119026184082, 0.9802974462509155
vb0[188]+024 TANGENT: 1.0, 0.0, 0.0, -1.0
vb0[188]+040 BLENDWEIGHTS: 0.4749999940395355, 0.4749999940395355, 0.05000000074505806, 0.0
vb0[188]+056 BLENDINDICES: 1, 5, 6, 0
vb0[188]+072 COLOR: 0.005333333276212215, 0.0, 0.0, 0.0
vb0[188]+088 TEXCOORD1: 0.036255933344364166, 0.0

vb0[189]+000 POSITION: -0.06229592487215996, -0.020018650218844414, 1.513879418373108
vb0[189]+012 NORMAL: -0.15428529679775238, -0.10818934440612793, -0.9820851683616638
vb0[189]+024 TANGENT: 1.0, 0.0, 0.0, -1.0
vb0[189]+040 BLENDWEIGHTS: 0.5, 0.5, 0.0, 0.0
vb0[189]+056 BLENDINDICES: 5, 6, 0, 0
vb0[189]+072 COLOR: 0.00784313678741455, 0.0, 0.0, 0.0
vb0[189]+088 TEXCOORD1: -0.15428529679775238, 0.0

vb0[190]+000 POSITION: -0.058153241872787476, -0.017403705045580864, 1.5144329071044922
vb0[190]+012 NORMAL: 0.8167399168014526, 0.24596279859542847, 0.5219562649726868
vb0[190]+024 TANGENT: 1.0, 0.0, 0.0, -1.0
vb0[190]+040 BLENDWEIGHTS: 0.47043919563293457, 0.47043919563293457, 0.059121593832969666, 0.0
vb0[190]+056 BLENDINDICES: 5, 6, 8, 0
vb0[190]+072 COLOR: 0.00784313678741455, 0.0, 0.0, 0.0
vb0[190]+088 TEXCOORD1: 0.8167398571968079, -1.4901161193847656e-08

vb0[191]+000 POSITION: -0.05629139393568039, -0.0164328683167696, 1.503912329673767
vb0[191]+012 NORMAL: 0.7446826696395874, 0.24890348315238953, 0.6192695498466492
vb0[191]+024 TANGENT: 1.0, 0.0, 0.0, -1.0
vb0[191]+040 BLENDWEIGHTS: 0.567477822303772, 0.21382129192352295, 0.19976121187210083, 0.018939662724733353
vb0[191]+056 BLENDINDICES: 6, 5, 8, 7
vb0[191]+072 COLOR: 0.00862745102494955, 0.0, 0.0, 0.0
vb0[191]+088 TEXCOORD1: 0.7446827292442322, -1.4901161193847656e-08

vb0[192]+000 POSITION: -0.05351438373327255, -0.01576734520494938, 1.495330810546875
vb0[192]+012 NORMAL: -0.7004612684249878, 0.7136754989624023, -0.004611186217516661
vb0[192]+024 TANGENT: 1.0, 0.0, 0.0, -1.0
vb0[192]+040 BLENDWEIGHTS: 0.5615583658218384, 0.2508963346481323, 0.11454027146100998, 0.07300501316785812
vb0[192]+056 BLENDINDICES: 6, 8, 7, 5
vb0[192]+072 COLOR: 0.00925490166991949, 0.0, 0.0, 0.0
vb0[192]+088 TEXCOORD1: -0.7004613280296326, 0.0

vb0[193]+000 POSITION: -0.05202513188123703, -0.016972560435533524, 1.4874407052993774
vb0[193]+012 NORMAL: 0.746921181678772, 0.24886971712112427, 0.616581380367279
vb0[193]+024 TANGENT: 1.0, 0.0, 0.0, -1.0
vb0[193]+040 BLENDWEIGHTS: 0.6615000367164612, 0.22050000727176666, 0.09800001233816147, 0.020000001415610313
vb0[193]+056 BLENDINDICES: 6, 7, 8, 5
vb0[193]+072 COLOR: 0.009725489653646946, 0.0, 0.0, 0.0
vb0[193]+088 TEXCOORD1: 0.7469212412834167, 0.0

vb0[194]+000 POSITION: -0.05033694580197334, -0.0186040960252285, 1.4801921844482422
vb0[194]+012 NORMAL: 0.8167399168014526, 0.24596278369426727, 0.5219562649726868
vb0[194]+024 TANGENT: 1.0, 0.0, 0.0, -1.0
vb0[194]+040 BLENDWEIGHTS: 0.6810873746871948, 0.2918946146965027, 0.027018001303076744, 0.0
vb0[194]+056 BLENDINDICES: 6, 7, 8, 0
vb0[194]+072 COLOR: 0.010196078568696976, 0.0, 0.0, 0.0
vb0[194]+088 TEXCOORD1: 0.8167399168014526, -1.4901161193847656e-08

vb0[195]+000 POSITION: -0.04832395911216736, -0.02014886774122715, 1.4739702939987183
vb0[195]+012 NORMAL: -0.6659210920333862, 0.7434172630310059, -0.06228874623775482
vb0[195]+024 TANGENT: 1.0, 0.0, 0.0, -1.0
vb0[195]+040 BLENDWEIGHTS: 0.5, 0.5, 0.0, 0.0
vb0[195]+056 BLENDINDICES: 6, 7, 0, 0
vb0[195]+072 COLOR: 0.01066666655242443, 0.0, 0.0, 0.0
vb0[195]+088 TEXCOORD1: -0.665921151638031, 0.0

vb0[196]+000 POSITION: -0.045046381652355194, -0.021948136389255524, 1.467746376991272
vb0[196]+012 NORMAL: -0.6444268822669983, 0.7610442638397217, -0.07433498650789261
vb0[196]+024 TANGENT: 1.0, 0.0, 0.0, -1.0
vb0[196]+040 BLENDWEIGHTS: 0.6508749723434448, 0.3491249978542328, 0.0, 0.0
vb0[196]+056 BLENDINDICES: 7, 6, 0, 0
vb0[196]+072 COLOR: 0.01113725546747446, 0.0, 0.0, 0.0
vb0[196]+088 TEXCOORD1: -0.6444268822669983, -7.450580596923828e-09

vb0[197]+000 POSITION: -0.042172398418188095, -0.023488396778702736, 1.463746190071106
vb0[197]+012 NORMAL: -0.5760148763656616, 0.8171963691711426, 0.019925346598029137
vb0[197]+024 TANGENT: 1.0, 0.0, 0.0, -1.0
vb0[197]+040 BLENDWEIGHTS: 0.75, 0.25, 0.0, 0.0
vb0[197]+056 BLENDINDICES: 7, 6, 0, 0
vb0[197]+072 COLOR: 0.01145098078995943, 0.0, 0.0, 0.0
vb0[197]+088 TEXCOORD1: -0.5760148167610168, 1.862645149230957e-09

vb0[198]+000 POSITION: -0.039545487612485886, -0.025047682225704193, 1.4607468843460083
vb0[198]+012 NORMAL: -0.5986343622207642, 0.8007304072380066, 0.02162407897412777
vb0[198]+024 TANGENT: 1.0, 0.0, 0.0, -1.0
vb0[198]+040 BLENDWEIGHTS: 0.8346250057220459, 0.1653750091791153, 0.0, 0.0
vb0[198]+056 BLENDINDICES: 7, 6, 0, 0
vb0[198]+072 COLOR: 0.011607843451201916, 0.0, 0.0, 0.0
vb0[198]+088 TEXCOORD1: -0.5986343622207642, 0.0

vb0[199]+000 POSITION: -0.03745080530643463, -0.026318052783608437, 1.4586312770843506
vb0[199]+012 NORMAL: -0.5995293259620667, 0.8000588417053223, 0.021691665053367615
vb0[199]+024 TANGENT: 1.0, 0.0, 0.0, -1.0
vb0[199]+040 BLENDWEIGHTS: 0.8949999809265137, 0.10500001907348633, 0.0, 0.0
vb0[199]+056 BLENDINDICES: 7, 6, 0, 0
vb0[199]+072 COLOR: 0.0117647061124444, 0.0, 0.0, 0.0
vb0[199]+088 TEXCOORD1: -0.5995292663574219, -1.862645149230957e-09

vb0[200]+000 POSITION: -0.03506851568818092, -0.027954310178756714, 1.4563467502593994
vb0[200]+012 NORMAL: 0.29730644822120667, -0.9304947257041931, -0.21398228406906128
vb0[200]+024 TANGENT: 1.0, 0.0, 0.0, -1.0
vb0[200]+040 BLENDWEIGHTS: 0.9800000190734863, 0.019999999552965164, 0.0, 0.0
vb0[200]+056 BLENDINDICES: 7, 6, 0, 0
vb0[200]+072 COLOR: 0.011921568773686886, 0.0, 0.0, 0.0
vb0[200]+088 TEXCOORD1: 0.29730647802352905, -1.4901161193847656e-08

vb0[201]+000 POSITION: -0.054831478744745255, -0.02056797221302986, 1.5049102306365967
vb0[201]+012 NORMAL: -0.5986343622207642, 0.8007304072380066, 0.02162407897412777
vb0[201]+024 TANGENT: 1.0, 0.0, 0.0, -1.0
vb0[201]+040 BLENDWEIGHTS: 0.5491947531700134, 0.24408654868602753, 0.20671872794628143, 0.0
vb0[201]+056 BLENDINDICES: 6, 8, 5, 0
vb0[201]+072 COLOR: 0.00862745102494955, 0.0, 0.0, 0.0
vb0[201]+088 TEXCOORD1: -0.5986343622207642, 0.0

vb0[202]+000 POSITION: -0.05647721141576767, -0.020362967625260353, 1.5148857831954956
vb0[202]+012 NORMAL: -0.5995293259620667, 0.8000588417053223, 0.021691665053367615
vb0[202]+024 TANGENT: 1.0, 0.0, 0.0, -1.0
vb0[202]+040 BLENDWEIGHTS: 0.4530966579914093, 0.4530966579914093, 0.0938066765666008, 0.0
vb0[202]+056 BLENDINDICES: 5, 6, 8, 0
vb0[202]+072 COLOR: 0.00784313678741455, 0.0, 0.0, 0.0
vb0[202]+088 TEXCOORD1: -0.5995292663574219, -1.862645149230957e-09

vb0[203]+000 POSITION: -0.05062605440616608, -0.024292651563882828, 1.506187915802002
vb0[203]+012 NORMAL: -0.6837311387062073, 0.7296865582466125, 0.008322414942085743
vb0[203]+024 TANGENT: 1.0, 0.0, 0.0, -1.0
vb0[203]+040 BLENDWEIGHTS: 0.5491947531700134, 0.24408654868602753, 0.20671872794628143, 0.0
vb0[203]+056 BLENDINDICES: 6, 8, 5, 0
vb0[203]+072 COLOR: 0.00862745102494955, 0.0, 0.0, 0.0
vb0[203]+088 TEXCOORD1: -0.6837311387062073, 0.0

vb0[204]+000 POSITION: -0.052729036659002304, -0.023330766707658768, 1.5159202814102173
vb0[204]+012 NORMAL: -0.6462739706039429, 0.7628946900367737, 0.01793033629655838
vb0[204]+024 TANGENT: 1.0, 0.0, 0.0, -1.0
vb0[204]+040 BLENDWEIGHTS: 0.4530966579914093, 0.4530966579914093, 0.0938066765666008, 0.0
vb0[204]+056 BLENDINDICES: 5, 6, 8, 0
vb0[204]+072 COLOR: 0.00784313678741455, 0.0, 0.0, 0.0
vb0[204]+088 TEXCOORD1: -0.6462740302085876, 0.0

vb0[205]+000 POSITION: -0.058530885726213455, -0.020068254321813583, 1.5265594720840454
vb0[205]+012 NORMAL: -0.6473523378372192, 0.7619853615760803, 0.017695574089884758
vb0[205]+024 TANGENT: 1.0, 0.0, 0.0, -1.0
vb0[205]+040 BLENDWEIGHTS: 0.6462934613227844, 0.2769829332828522, 0.05788123607635498, 0.01884237490594387
vb0[205]+056 BLENDINDICES: 5, 6, 1, 8
vb0[205]+072 COLOR: 0.0070588234812021255, 0.0, 0.0, 0.0
vb0[205]+088 TEXCOORD1: -0.6473523378372192, 0.0

vb0[206]+000 POSITION: -0.05530795827507973, -0.02224007621407509, 1.5270582437515259
vb0[206]+012 NORMAL: -0.6473523378372192, 0.7619853615760803, 0.017695574089884758
vb0[206]+024 TANGENT: 1.0, 0.0, 0.0, -1.0
vb0[206]+040 BLENDWEIGHTS: 0.6462934613227844, 0.2769829332828522, 0.05788123607635498, 0.01884237490594387
vb0[206]+056 BLENDINDICES: 5, 6, 1, 8
vb0[206]+072 COLOR: 0.007215686142444611, 0.0, 0.0, 0.0
vb0[206]+088 TEXCOORD1: -0.6473523378372192, 0.0

vb0[207]+000 POSITION: -0.05805213376879692, -0.020949332043528557, 1.540041208267212
vb0[207]+012 NORMAL: -0.6462739706039429, 0.7628946900367737, 0.01793033629655838
vb0[207]+024 TANGENT: 1.0, 0.0, 0.0, -1.0
vb0[207]+040 BLENDWEIGHTS: 0.637499988079071, 0.21250000596046448, 0.15000000596046448, 0.0
vb0[207]+056 BLENDINDICES: 5, 1, 6, 0
vb0[207]+072 COLOR: 0.006274509709328413, 0.0, 0.0, 0.0
vb0[207]+088 TEXCOORD1: -0.6462740302085876, 0.0

vb0[208]+000 POSITION: -0.06055209040641785, -0.020716816186904907, 1.5532821416854858
vb0[208]+012 NORMAL: -0.6835834980010986, 0.7298243045806885, 0.008371459320187569
vb0[208]+024 TANGENT: 1.0, 0.0, 0.0, -1.0
vb0[208]+040 BLENDWEIGHTS: 0.4749999940395355, 0.4749999940395355, 0.05000000074505806, 0.0
vb0[208]+056 BLENDINDICES: 1, 5, 6, 0
vb0[208]+072 COLOR: 0.005333333276212215, 0.0, 0.0, 0.0
vb0[208]+088 TEXCOORD1: -0.6835834980010986, 9.313225746154785e-10

vb0[209]+000 POSITION: -0.05300044268369675, -0.0214415043592453, 1.496721863746643
vb0[209]+012 NORMAL: -0.6837311387062073, 0.7296865582466125, 0.008322414942085743
vb0[209]+024 TANGENT: 1.0, 0.0, 0.0, -1.0
vb0[209]+040 BLENDWEIGHTS: 0.5785896182060242, 0.346164733171463, 0.07524563372135162, 0.0
vb0[209]+056 BLENDINDICES: 6, 8, 5, 0
vb0[209]+072 COLOR: 0.009098039008677006, 0.0, 0.0, 0.0
vb0[209]+088 TEXCOORD1: -0.6837311387062073, 0.0

vb0[210]+000 POSITION: -0.04838310182094574, -0.025264503434300423, 1.4988508224487305
vb0[210]+012 NORMAL: -0.6835834980010986, 0.7298243045806885, 0.008371459320187569
vb0[210]+024 TANGENT: 1.0, 0.0, 0.0, -1.0
vb0[210]+040 BLENDWEIGHTS: 0.5785896182060242, 0.346164733171463, 0.07524563372135162, 0.0
vb0[210]+056 BLENDINDICES: 6, 8, 5, 0
vb0[210]+072 COLOR: 0.009098039008677006, 0.0, 0.0, 0.0
vb0[210]+088 TEXCOORD1: -0.6835834980010986, 9.313225746154785e-10

vb0[211]+000 POSITION: -0.050278469920158386, -0.02282628044486046, 1.489376187324524
vb0[211]+012 NORMAL: -0.7041974663734436, 0.7096253037452698, -0.023191099986433983
vb0[211]+024 TANGENT: 1.0, 0.0, 0.0, -1.0
vb0[211]+040 BLENDWEIGHTS: 0.49000000953674316, 0.49000000953674316, 0.019999999552965164, 0.0
vb0[211]+056 BLENDINDICES: 6, 8, 5, 0
vb0[211]+072 COLOR: 0.009568626992404461, 0.0, 0.0, 0.0
vb0[211]+088 TEXCOORD1: -0.7041975259780884, 0.0

vb0[212]+000 POSITION: -0.0505816750228405, -0.01816571317613125, 1.4884752035140991
vb0[212]+012 NORMAL: -0.700526773929596, 0.7136105298995972, -0.004729661159217358
vb0[212]+024 TANGENT: 1.0, 0.0, 0.0, -1.0
vb0[212]+040 BLENDWEIGHTS: 0.4899999797344208, 0.4710424244403839, 0.020000001415610313, 0.018957633525133133
vb0[212]+056 BLENDINDICES: 8, 6, 5, 7
vb0[212]+072 COLOR: 0.009725489653646946, 0.0, 0.0, 0.0
vb0[212]+088 TEXCOORD1: -0.7005267143249512, 0.0

vb0[213]+000 POSITION: -0.046136677265167236, -0.02614198625087738, 1.4917973279953003
vb0[213]+012 NORMAL: -0.7004612684249878, 0.7136754989624023, -0.004611186217516661
vb0[213]+024 TANGENT: 1.0, 0.0, 0.0, -1.0
vb0[213]+040 BLENDWEIGHTS: 0.49000000953674316, 0.49000000953674316, 0.019999999552965164, 0.0
vb0[213]+056 BLENDINDICES: 6, 8, 5, 0
vb0[213]+072 COLOR: 0.009568626992404461, 0.0, 0.0, 0.0
vb0[213]+088 TEXCOORD1: -0.7004613280296326, 0.0

vb0[214]+000 POSITION: -0.0466407909989357, -0.02461201697587967, 1.4829368591308594
vb0[214]+012 NORMAL: -0.7042004466056824, 0.7096230983734131, -0.023166660219430923
vb0[214]+024 TANGENT: 1.0, 0.0, 0.0, -1.0
vb0[214]+040 BLENDWEIGHTS: 0.6000000238418579, 0.3999999761581421, 0.0, 0.0
vb0[214]+056 BLENDINDICES: 8, 6, 0, 0
vb0[214]+072 COLOR: 0.01003921590745449, 0.0, 0.0, 0.0
vb0[214]+088 TEXCOORD1: -0.7042005062103271, 0.0

vb0[215]+000 POSITION: -0.04685237631201744, -0.020870225504040718, 1.4818801879882812
vb0[215]+012 NORMAL: -0.700526773929596, 0.7136105298995972, -0.004729661159217358
vb0[215]+024 TANGENT: 1.0, 0.0, 0.0, -1.0
vb0[215]+040 BLENDWEIGHTS: 0.6000000238418579, 0.3999999761581421, 0.0, 0.0
vb0[215]+056 BLENDINDICES: 8, 6, 0, 0
vb0[215]+072 COLOR: 0.010196078568696976, 0.0, 0.0, 0.0
vb0[215]+088 TEXCOORD1: -0.7005267143249512, 0.0

vb0[216]+000 POSITION: -0.04333079606294632, -0.0268948245793581, 1.485353946685791
vb0[216]+012 NORMAL: -0.7041974663734436, 0.7096253037452698, -0.023191099986433983
vb0[216]+024 TANGENT: 1.0, 0.0, 0.0, -1.0
vb0[216]+040 BLENDWEIGHTS: 0.6000000238418579, 0.3999999761581421, 0.0, 0.0
vb0[216]+056 BLENDINDICES: 8, 6, 0, 0
vb0[216]+072 COLOR: 0.01003921590745449, 0.0, 0.0, 0.0
vb0[216]+088 TEXCOORD1: -0.7041975259780884, 0.0

vb0[217]+000 POSITION: -0.04249854385852814, -0.02578340657055378, 1.4777908325195312
vb0[217]+012 NORMAL: -0.7042004466056824, 0.7096230983734131, -0.023166660219430923
vb0[217]+024 TANGENT: 1.0, 0.0, 0.0, -1.0
vb0[217]+040 BLENDWEIGHTS: 0.7000000476837158, 0.2999999523162842, 0.0, 0.0
vb0[217]+056 BLENDINDICES: 8, 6, 0, 0
vb0[217]+072 COLOR: 0.010509803891181946, 0.0, 0.0, 0.0
vb0[217]+088 TEXCOORD1: -0.7042005062103271, 0.0

vb0[218]+000 POSITION: -0.042791251093149185, -0.022724084556102753, 1.4769903421401978
vb0[218]+012 NORMAL: 0.29730644822120667, -0.9304947257041931, -0.21398228406906128
vb0[218]+024 TANGENT: 1.0, 0.0, 0.0, -1.0
vb0[218]+040 BLENDWEIGHTS: 0.7000000476837158, 0.2999999523162842, 0.0, 0.0
vb0[218]+056 BLENDINDICES: 8, 6, 0, 0
vb0[218]+072 COLOR: 0.010509803891181946, 0.0, 0.0, 0.0
vb0[218]+088 TEXCOORD1: 0.29730647802352905, -1.4901161193847656e-08

vb0[219]+000 POSITION: -0.04033365100622177, -0.027239881455898285, 1.4802346229553223
vb0[219]+012 NORMAL: -0.6951001882553101, 0.7177261114120483, -0.04129016771912575
vb0[219]+024 TANGENT: 1.0, 0.0, 0.0, -1.0
vb0[219]+040 BLENDWEIGHTS: 0.7000000476837158, 0.2999999523162842, 0.0, 0.0
vb0[219]+056 BLENDINDICES: 8, 6, 0, 0
vb0[219]+072 COLOR: 0.01035294122993946, 0.0, 0.0, 0.0
vb0[219]+088 TEXCOORD1: -0.6951002478599548, 0.0

vb0[220]+000 POSITION: -0.03868154436349869, -0.02435917779803276, 1.473134160041809
vb0[220]+012 NORMAL: -0.6662778854370117, 0.7431145310401917, -0.062085408717393875
vb0[220]+024 TANGENT: 1.0, 0.0, 0.0, -1.0
vb0[220]+040 BLENDWEIGHTS: 0.7900000810623169, 0.2099999189376831, 0.0, 0.0
vb0[220]+056 BLENDINDICES: 8, 6, 0, 0
vb0[220]+072 COLOR: 0.01082353014498949, 0.0, 0.0, 0.0
vb0[220]+088 TEXCOORD1: -0.6662778854370117, 0.0

vb0[221]+000 POSITION: -0.03863563761115074, -0.02671811915934086, 1.4738258123397827
vb0[221]+012 NORMAL: -0.6951637268066406, 0.7176685333251953, -0.04122116416692734
vb0[221]+024 TANGENT: 1.0, 0.0, 0.0, -1.0
vb0[221]+040 BLENDWEIGHTS: 0.7900000810623169, 0.2099999189376831, 0.0, 0.0
vb0[221]+056 BLENDINDICES: 8, 6, 0, 0
vb0[221]+072 COLOR: 0.01082353014498949, 0.0, 0.0, 0.0
vb0[221]+088 TEXCOORD1: -0.6951637864112854, 0.0

vb0[222]+000 POSITION: -0.03716125339269638, -0.027663294225931168, 1.475968599319458
vb0[222]+012 NORMAL: -0.6951637268066406, 0.7176685333251953, -0.04122116416692734
vb0[222]+024 TANGENT: 1.0, 0.0, 0.0, -1.0
vb0[222]+040 BLENDWEIGHTS: 0.7900000810623169, 0.2099999189376831, 0.0, 0.0
vb0[222]+056 BLENDINDICES: 8, 6, 0, 0
vb0[222]+072 COLOR: 0.01066666655242443, 0.0, 0.0, 0.0
vb0[222]+088 TEXCOORD1: -0.6951637864112854, 0.0

vb0[223]+000 POSITION: -0.03479005768895149, -0.025727292522788048, 1.4707704782485962
vb0[223]+012 NORMAL: 0.6495794057846069, -0.680706262588501, -0.3386525511741638
vb0[223]+024 TANGENT: 1.0, 0.0, 0.0, -1.0
vb0[223]+040 BLENDWEIGHTS: 0.8717153668403625, 0.12828464806079865, 0.0, 0.0
vb0[223]+056 BLENDINDICES: 8, 6, 0, 0
vb0[223]+072 COLOR: 0.010980392806231976, 0.0, 0.0, 0.0
vb0[223]+088 TEXCOORD1: 0.6495794057846069, 0.0

vb0[224]+000 POSITION: -0.03479570150375366, -0.027426116168498993, 1.4711817502975464
vb0[224]+012 NORMAL: -0.6659210920333862, 0.7434172630310059, -0.06228874623775482
vb0[224]+024 TANGENT: 1.0, 0.0, 0.0, -1.0
vb0[224]+040 BLENDWEIGHTS: 0.8717153668403625, 0.12828464806079865, 0.0, 0.0
vb0[224]+056 BLENDINDICES: 8, 6, 0, 0
vb0[224]+072 COLOR: 0.010980392806231976, 0.0, 0.0, 0.0
vb0[224]+088 TEXCOORD1: -0.665921151638031, 0.0

vb0[225]+000 POSITION: -0.03373891860246658, -0.027921579778194427, 1.4725003242492676
vb0[225]+012 NORMAL: -0.6951001882553101, 0.7177261114120483, -0.04129016771912575
vb0[225]+024 TANGENT: 1.0, 0.0, 0.0, -1.0
vb0[225]+040 BLENDWEIGHTS: 0.8717153668403625, 0.12828464806079865, 0.0, 0.0
vb0[225]+056 BLENDINDICES: 8, 6, 0, 0
vb0[225]+072 COLOR: 0.010980392806231976, 0.0, 0.0, 0.0
vb0[225]+088 TEXCOORD1: -0.6951002478599548, 0.0

vb0[226]+000 POSITION: -0.03174647316336632, -0.027814075350761414, 1.469753384590149
vb0[226]+012 NORMAL: 0.4135911464691162, -0.8285990357398987, 0.3773144483566284
vb0[226]+024 TANGENT: 1.0, 0.0, 0.0, -1.0
vb0[226]+040 BLENDWEIGHTS: 0.9329953789710999, 0.06700463593006134, 0.0, 0.0
vb0[226]+056 BLENDINDICES: 8, 6, 0, 0
vb0[226]+072 COLOR: 0.01113725546747446, 0.0, 0.0, 0.0
vb0[226]+088 TEXCOORD1: 0.41359108686447144, -2.9802322387695312e-08

vb0[227]+000 POSITION: -0.03167179599404335, -0.026801496744155884, 1.4695528745651245
vb0[227]+012 NORMAL: 0.7150893807411194, -0.5291178822517395, 0.45681655406951904
vb0[227]+024 TANGENT: 1.0, 0.0, 0.0, -1.0
vb0[227]+040 BLENDWEIGHTS: 0.9329953789710999, 0.06700463593006134, 0.0, 0.0
vb0[227]+056 BLENDINDICES: 8, 6, 0, 0
vb0[227]+072 COLOR: 0.01113725546747446, 0.0, 0.0, 0.0
vb0[227]+088 TEXCOORD1: 0.7150894403457642, 0.0

vb0[228]+000 POSITION: -0.031095555052161217, -0.028094099834561348, 1.470550298690796
vb0[228]+012 NORMAL: 0.7255949378013611, -0.670519232749939, 0.15464769303798676
vb0[228]+024 TANGENT: 1.0, 0.0, 0.0, -1.0
vb0[228]+040 BLENDWEIGHTS: 0.9329953789710999, 0.06700463593006134, 0.0, 0.0
vb0[228]+056 BLENDINDICES: 8, 6, 0, 0
vb0[228]+072 COLOR: 0.01113725546747446, 0.0, 0.0, 0.0
vb0[228]+088 TEXCOORD1: 0.7255949974060059, 0.0

vb0[229]+000 POSITION: -0.028103254735469818, -0.0280507393181324, 1.4689756631851196
vb0[229]+012 NORMAL: 0.3961702585220337, -0.6620568633079529, 0.6361837983131409
vb0[229]+024 TANGENT: 1.0, 0.0, 0.0, -1.0
vb0[229]+040 BLENDWEIGHTS: 1.0, 0.0, 0.0, 0.0
vb0[229]+056 BLENDINDICES: 8, 0, 0, 0
vb0[229]+072 COLOR: 0.01113725546747446, 0.0, 0.0, 0.0
vb0[229]+088 TEXCOORD1: 0.9214222431182861, 0.375853568315506

vb0[230]+000 POSITION: -0.0658561959862709, -0.024053888395428658, 1.5839860439300537
vb0[230]+012 NORMAL: -0.623324990272522, -0.38244786858558655, -0.6820553541183472
vb0[230]+024 TANGENT: 1.0, 0.0, 0.0, -1.0
vb0[230]+040 BLENDWEIGHTS: 0.9226219058036804, 0.07737808674573898, 0.0, 0.0
vb0[230]+056 BLENDINDICES: 1, 5, 0, 0
vb0[230]+072 COLOR: 0.003294117748737335, 0.0, 0.0, 0.0
vb0[230]+088 TEXCOORD1: -0.6233250498771667, 0.0

vb0[231]+000 POSITION: -0.06470932066440582, -0.026523716747760773, 1.6002676486968994
vb0[231]+012 NORMAL: -0.16531290113925934, -0.8290417790412903, 0.5341922640800476
vb0[231]+024 TANGENT: 1.0, 0.0, 0.0, -1.0
vb0[231]+040 BLENDWEIGHTS: 1.0, 0.0, 0.0, 0.0
vb0[231]+056 BLENDINDICES: 1, 0, 0, 0
vb0[231]+072 COLOR: 0.002352941082790494, 0.0, 0.0, 0.0
vb0[231]+088 TEXCOORD1: -0.16531291604042053, 0.0

vb0[232]+000 POSITION: -0.07111739367246628, -0.022539393976330757, 1.6009145975112915
vb0[232]+012 NORMAL: -0.3359571695327759, -0.5262671709060669, 0.7811374068260193
vb0[232]+024 TANGENT: 1.0, 0.0, 0.0, -1.0
vb0[232]+040 BLENDWEIGHTS: 1.0, 0.0, 0.0, 0.0
vb0[232]+056 BLENDINDICES: 1, 0, 0, 0
vb0[232]+072 COLOR: 0.002196078421548009, 0.0, 0.0, 0.0
vb0[232]+088 TEXCOORD1: -0.33595719933509827, 2.9802322387695312e-08

vb0[233]+000 POSITION: -0.07424360513687134, -0.011751481331884861, 1.603252649307251
vb0[233]+012 NORMAL: -0.2536855638027191, -0.6626697182655334, 0.7046364545822144
vb0[233]+024 TANGENT: 1.0, 0.0, 0.0, -1.0
vb0[233]+040 BLENDWEIGHTS: 1.0, 0.0, 0.0, 0.0
vb0[233]+056 BLENDINDICES: 1, 0, 0, 0
vb0[233]+072 COLOR: 0.002039215760305524, 0.0, 0.0, 0.0
vb0[233]+088 TEXCOORD1: -0.2536855638027191, 0.0

vb0[234]+000 POSITION: -0.06269634515047073, -0.028211593627929688, 1.6148377656936646
vb0[234]+012 NORMAL: 0.3961702585220337, -0.6620568633079529, 0.6361837983131409
vb0[234]+024 TANGENT: 1.0, 0.0, 0.0, -1.0
vb0[234]+040 BLENDWEIGHTS: 1.0, 0.0, 0.0, 0.0
vb0[234]+056 BLENDINDICES: 1, 0, 0, 0
vb0[234]+072 COLOR: 0.0014117647660896182, 0.0, 0.0, 0.0
vb0[234]+088 TEXCOORD1: 0.3961702585220337, 0.0

vb0[235]+000 POSITION: -0.06860309094190598, -0.02389707788825035, 1.6162046194076538
vb0[235]+012 NORMAL: 0.33800581097602844, -0.4569932520389557, 0.8227448463439941
vb0[235]+024 TANGENT: 1.0, 0.0, 0.0, -1.0
vb0[235]+040 BLENDWEIGHTS: 1.0, 0.0, 0.0, 0.0
vb0[235]+056 BLENDINDICES: 1, 0, 0, 0
vb0[235]+072 COLOR: 0.0012549019884318113, 0.0, 0.0, 0.0
vb0[235]+088 TEXCOORD1: 0.33800581097602844, 0.0

vb0[236]+000 POSITION: -0.07130546122789383, -0.012799856252968311, 1.6198946237564087
vb0[236]+012 NORMAL: 0.4135911464691162, -0.8285990357398987, 0.3773144483566284
vb0[236]+024 TANGENT: 1.0, 0.0, 0.0, -1.0
vb0[236]+040 BLENDWEIGHTS: 1.0, 0.0, 0.0, 0.0
vb0[236]+056 BLENDINDICES: 1, 0, 0, 0
vb0[236]+072 COLOR: 0.0009411764913238585, 0.0, 0.0, 0.0
vb0[236]+088 TEXCOORD1: 0.41359108686447144, -2.9802322387695312e-08

vb0[237]+000 POSITION: -0.0738382488489151, 0.004516038112342358, 1.625303864479065
vb0[237]+012 NORMAL: 0.4068816006183624, 0.7034019827842712, 0.5828147530555725
vb0[237]+024 TANGENT: 1.0, 0.0, 0.0, -1.0
vb0[237]+040 BLENDWEIGHTS: 1.0, 0.0, 0.0, 0.0
vb0[237]+056 BLENDINDICES: 1, 0, 0, 0
vb0[237]+072 COLOR: 0.0, 0.0, 0.0, 0.0
vb0[237]+088 TEXCOORD1: 0.40688157081604004, 0.0

vb0[238]+000 POSITION: -0.05702240765094757, -0.02826940268278122, 1.630248785018921
vb0[238]+012 NORMAL: 0.3961702585220337, -0.6620568633079529, 0.6361837983131409
vb0[238]+024 TANGENT: 1.0, 0.0, 0.0, -1.0
vb0[238]+040 BLENDWEIGHTS: 1.0, 0.0, 0.0, 0.0
vb0[238]+056 BLENDINDICES: 1, 0, 0, 0
vb0[238]+072 COLOR: 0.00047058824566192925, 0.0, 0.0, 0.0
vb0[238]+088 TEXCOORD1: 0.3961702585220337, 0.0

vb0[239]+000 POSITION: -0.06318088620901108, -0.012892789207398891, 1.6355820894241333
vb0[239]+012 NORMAL: 0.4135911464691162, -0.8285990357398987, 0.3773144483566284
vb0[239]+024 TANGENT: 1.0, 0.0, 0.0, -1.0
vb0[239]+040 BLENDWEIGHTS: 1.0, 0.0, 0.0, 0.0
vb0[239]+056 BLENDINDICES: 1, 0, 0, 0
vb0[239]+072 COLOR: 0.0, 0.0, 0.0, 0.0
vb0[239]+088 TEXCOORD1: 0.41359108686447144, -2.9802322387695312e-08

vb0[240]+000 POSITION: -0.06650467216968536, 0.0024973584804683924, 1.6441508531570435
vb0[240]+012 NORMAL: 0.3857518136501312, -0.91895991563797, 0.08190391957759857
vb0[240]+024 TANGENT: 1.0, 0.0, 0.0, -1.0
vb0[240]+040 BLENDWEIGHTS: 1.0, 0.0, 0.0, 0.0
vb0[240]+056 BLENDINDICES: 1, 0, 0, 0
vb0[240]+072 COLOR: 0.0, 0.0, 0.0, 0.0
vb0[240]+088 TEXCOORD1: 0.3857518434524536, 0.0

vb0[241]+000 POSITION: -0.06408936530351639, -0.022050777450203896, 1.5689972639083862
vb0[241]+012 NORMAL: 0.33800581097602844, -0.4569932520389557, 0.8227448463439941
vb0[241]+024 TANGENT: 1.0, 0.0, 0.0, -1.0
vb0[241]+040 BLENDWEIGHTS: 0.75, 0.25, 0.0, 0.0
vb0[241]+056 BLENDINDICES: 1, 5, 0, 0
vb0[241]+072 COLOR: 0.004392156843096018, 0.0, 0.0, 0.0
vb0[241]+088 TEXCOORD1: 0.33800581097602844, 0.0

vb0[242]+000 POSITION: -0.046343088150024414, -0.017838554456830025, 1.4902784824371338
vb0[242]+012 NORMAL: -0.12353546172380447, -0.9537605047225952, 0.2740071415901184
vb0[242]+024 TANGENT: 1.0, 0.0, 0.0, -1.0
vb0[242]+040 BLENDWEIGHTS: 0.49000000953674316, 0.49000000953674316, 0.019999999552965164, 0.0
vb0[242]+056 BLENDINDICES: 6, 8, 5, 0
vb0[242]+072 COLOR: 0.009568626992404461, 0.0, 0.0, 0.0
vb0[242]+088 TEXCOORD1: -0.12353546917438507, -2.9802322387695312e-08

vb0[243]+000 POSITION: -0.04802343621850014, -0.015571624971926212, 1.4969538450241089
vb0[243]+012 NORMAL: -0.16531290113925934, -0.8290417790412903, 0.5341922640800476
vb0[243]+024 TANGENT: 1.0, 0.0, 0.0, -1.0
vb0[243]+040 BLENDWEIGHTS: 0.5785896182060242, 0.346164733171463, 0.07524563372135162, 0.0
vb0[243]+056 BLENDINDICES: 6, 8, 5, 0
vb0[243]+072 COLOR: 0.009098039008677006, 0.0, 0.0, 0.0
vb0[243]+088 TEXCOORD1: -0.16531291604042053, 0.0

vb0[244]+000 POSITION: -0.05372246727347374, -0.012255219742655754, 1.5037676095962524
vb0[244]+012 NORMAL: 0.7005602121353149, -0.7052270174026489, -0.10895030945539474
vb0[244]+024 TANGENT: 1.0, 0.0, 0.0, -1.0
vb0[244]+040 BLENDWEIGHTS: 0.5590917468070984, 0.210561141371727, 0.19869935512542725, 0.03164776787161827
vb0[244]+056 BLENDINDICES: 6, 5, 8, 7
vb0[244]+072 COLOR: 0.00862745102494955, 0.0, 0.0, 0.0
vb0[244]+088 TEXCOORD1: 0.7005602717399597, 0.0

vb0[245]+000 POSITION: -0.050149790942668915, -0.013036251068115234, 1.5048264265060425
vb0[245]+012 NORMAL: 0.7255949378013611, -0.670519232749939, 0.15464769303798676
vb0[245]+024 TANGENT: 1.0, 0.0, 0.0, -1.0
vb0[245]+040 BLENDWEIGHTS: 0.5491947531700134, 0.24408654868602753, 0.20671872794628143, 0.0
vb0[245]+056 BLENDINDICES: 6, 8, 5, 0
vb0[245]+072 COLOR: 0.00862745102494955, 0.0, 0.0, 0.0
vb0[245]+088 TEXCOORD1: 0.7255949974060059, 0.0

vb0[246]+000 POSITION: -0.052750371396541595, -0.01051879022270441, 1.5146154165267944
vb0[246]+012 NORMAL: 0.3857518136501312, -0.91895991563797, 0.08190391957759857
vb0[246]+024 TANGENT: 1.0, 0.0, 0.0, -1.0
vb0[246]+040 BLENDWEIGHTS: 0.47043919563293457, 0.47043919563293457, 0.059121593832969666, 0.0
vb0[246]+056 BLENDINDICES: 5, 6, 8, 0
vb0[246]+072 COLOR: 0.00784313678741455, 0.0, 0.0, 0.0
vb0[246]+088 TEXCOORD1: 0.3857518434524536, 0.0

vb0[247]+000 POSITION: -0.05449952557682991, -0.009981888346374035, 1.5141675472259521
vb0[247]+012 NORMAL: 0.4135911464691162, -0.8285990357398987, 0.3773144483566284
vb0[247]+024 TANGENT: 1.0, 0.0, 0.0, -1.0
vb0[247]+040 BLENDWEIGHTS: 0.5, 0.5, 0.0, 0.0
vb0[247]+056 BLENDINDICES: 5, 6, 0, 0
vb0[247]+072 COLOR: 0.00784313678741455, 0.0, 0.0, 0.0
vb0[247]+088 TEXCOORD1: 0.41359108686447144, -2.9802322387695312e-08

vb0[248]+000 POSITION: -0.05528153479099274, -0.008239824324846268, 1.5259003639221191
vb0[248]+012 NORMAL: -0.12353546172380447, -0.9537605047225952, 0.2740071415901184
vb0[248]+024 TANGENT: 1.0, 0.0, 0.0, -1.0
vb0[248]+040 BLENDWEIGHTS: 0.6594831347465515, 0.2826356291770935, 0.05788123980164528, 0.0
vb0[248]+056 BLENDINDICES: 5, 6, 1, 0
vb0[248]+072 COLOR: 0.007215686142444611, 0.0, 0.0, 0.0
vb0[248]+088 TEXCOORD1: -0.12353546917438507, -2.9802322387695312e-08

vb0[249]+000 POSITION: -0.0434541217982769, -0.02045893669128418, 1.4838777780532837
vb0[249]+012 NORMAL: 0.3857518136501312, -0.91895991563797, 0.08190391957759857
vb0[249]+024 TANGENT: 1.0, 0.0, 0.0, -1.0
vb0[249]+040 BLENDWEIGHTS: 0.6000000238418579, 0.3999999761581421, 0.0, 0.0
vb0[249]+056 BLENDINDICES: 8, 6, 0, 0
vb0[249]+072 COLOR: 0.01003921590745449, 0.0, 0.0, 0.0
vb0[249]+088 TEXCOORD1: 0.3857518434524536, 0.0

vb0[250]+000 POSITION: -0.04027574136853218, -0.022481851279735565, 1.479213833808899
vb0[250]+012 NORMAL: -0.19378939270973206, -0.9805019497871399, 0.03258286416530609
vb0[250]+024 TANGENT: 1.0, 0.0, 0.0, -1.0
vb0[250]+040 BLENDWEIGHTS: 0.7000000476837158, 0.2999999523162842, 0.0, 0.0
vb0[250]+056 BLENDINDICES: 8, 6, 0, 0
vb0[250]+072 COLOR: 0.01035294122993946, 0.0, 0.0, 0.0
vb0[250]+088 TEXCOORD1: -0.19378937780857086, 0.0

vb0[251]+000 POSITION: -0.03684079647064209, -0.024387428537011147, 1.4752482175827026
vb0[251]+012 NORMAL: 0.7005602121353149, -0.7052270174026489, -0.10895030945539474
vb0[251]+024 TANGENT: 1.0, 0.0, 0.0, -1.0
vb0[251]+040 BLENDWEIGHTS: 0.7900000810623169, 0.2099999189376831, 0.0, 0.0
vb0[251]+056 BLENDINDICES: 8, 6, 0, 0
vb0[251]+072 COLOR: 0.01066666655242443, 0.0, 0.0, 0.0
vb0[251]+088 TEXCOORD1: 0.7005602717399597, 0.0

vb0[252]+000 POSITION: -0.03407484292984009, -0.025605512782931328, 1.4726738929748535
vb0[252]+012 NORMAL: 0.29730644822120667, -0.9304947257041931, -0.21398228406906128
vb0[252]+024 TANGENT: 1.0, 0.0, 0.0, -1.0
vb0[252]+040 BLENDWEIGHTS: 0.8717153668403625, 0.12828464806079865, 0.0, 0.0
vb0[252]+056 BLENDINDICES: 8, 6, 0, 0
vb0[252]+072 COLOR: 0.01082353014498949, 0.0, 0.0, 0.0
vb0[252]+088 TEXCOORD1: 0.29730647802352905, -1.4901161193847656e-08

vb0[253]+000 POSITION: -0.031113559380173683, -0.02679179422557354, 1.4705142974853516
vb0[253]+012 NORMAL: 0.3857518136501312, -0.91895991563797, 0.08190391957759857
vb0[253]+024 TANGENT: 1.0, 0.0, 0.0, -1.0
vb0[253]+040 BLENDWEIGHTS: 0.9329953789710999, 0.06700463593006134, 0.0, 0.0
vb0[253]+056 BLENDINDICES: 8, 6, 0, 0
vb0[253]+072 COLOR: 0.01113725546747446, 0.0, 0.0, 0.0
vb0[253]+088 TEXCOORD1: 0.3857518434524536, 0.0

vb0[254]+000 POSITION: -0.053569044917821884, -0.009185056202113628, 1.4790674448013306
vb0[254]+012 NORMAL: 0.28113260865211487, -0.21870073676109314, 0.934416651725769
vb0[254]+024 TANGENT: 1.0, 0.0, 0.0, -1.0
vb0[254]+040 BLENDWEIGHTS: 0.6859999895095825, 0.2940000295639038, 0.019999999552965164, 0.0
vb0[254]+056 BLENDINDICES: 6, 7, 5, 0
vb0[254]+072 COLOR: 0.010196078568696976, 0.0, 0.0, 0.0
vb0[254]+088 TEXCOORD1: 0.28113263845443726, -1.4901161193847656e-08

vb0[255]+000 POSITION: -0.04939769208431244, -0.014083604328334332, 1.4710955619812012
vb0[255]+012 NORMAL: 0.22407522797584534, -0.0347205214202404, 0.9739531874656677
vb0[255]+024 TANGENT: 1.0, 0.0, 0.0, -1.0
vb0[255]+040 BLENDWEIGHTS: 0.5, 0.5, 0.0, 0.0
vb0[255]+056 BLENDINDICES: 6, 7, 0, 0
vb0[255]+072 COLOR: 0.01082353014498949, 0.0, 0.0, 0.0
vb0[255]+088 TEXCOORD1: 0.22407521307468414, 0.0

vb0[256]+000 POSITION: -0.04570799320936203, -0.01790277473628521, 1.4651826620101929
vb0[256]+012 NORMAL: 0.5332882404327393, 0.12030793726444244, 0.8373348116874695
vb0[256]+024 TANGENT: 1.0, 0.0, 0.0, -1.0
vb0[256]+040 BLENDWEIGHTS: 0.6508749723434448, 0.3491249978542328, 0.0, 0.0
vb0[256]+056 BLENDINDICES: 7, 6, 0, 0
vb0[256]+072 COLOR: 0.011294118128716946, 0.0, 0.0, 0.0
vb0[256]+088 TEXCOORD1: 0.533288300037384, 7.450580596923828e-09

vb0[257]+000 POSITION: -0.04240497946739197, -0.020719604566693306, 1.4618782997131348
vb0[257]+012 NORMAL: 0.6036631464958191, -0.08729830384254456, 0.7924454212188721
vb0[257]+024 TANGENT: 1.0, 0.0, 0.0, -1.0
vb0[257]+040 BLENDWEIGHTS: 0.75, 0.25, 0.0, 0.0
vb0[257]+056 BLENDINDICES: 7, 6, 0, 0
vb0[257]+072 COLOR: 0.01145098078995943, 0.0, 0.0, 0.0
vb0[257]+088 TEXCOORD1: 0.6036631464958191, 0.0

vb0[258]+000 POSITION: -0.03947042301297188, -0.02333620749413967, 1.4593478441238403
vb0[258]+012 NORMAL: -0.4147489368915558, -0.41170772910118103, 0.8114678859710693
vb0[258]+024 TANGENT: 1.0, 0.0, 0.0, -1.0
vb0[258]+040 BLENDWEIGHTS: 0.8346250057220459, 0.1653750091791153, 0.0, 0.0
vb0[258]+056 BLENDINDICES: 7, 6, 0, 0
vb0[258]+072 COLOR: 0.0117647061124444, 0.0, 0.0, 0.0
vb0[258]+088 TEXCOORD1: -0.4147489070892334, 0.0

vb0[259]+000 POSITION: -0.037426866590976715, -0.0252242349088192, 1.4577581882476807
vb0[259]+012 NORMAL: -0.47814300656318665, -0.33857765793800354, 0.8103976845741272
vb0[259]+024 TANGENT: 1.0, 0.0, 0.0, -1.0
vb0[259]+040 BLENDWEIGHTS: 0.8949999809265137, 0.10500001907348633, 0.0, 0.0
vb0[259]+056 BLENDINDICES: 7, 6, 0, 0
vb0[259]+072 COLOR: 0.0117647061124444, 0.0, 0.0, 0.0
vb0[259]+088 TEXCOORD1: -0.47814303636550903, 2.9802322387695312e-08

vb0[260]+000 POSITION: -0.03599986806511879, -0.02665175311267376, 1.4566733837127686
vb0[260]+012 NORMAL: 0.13331027328968048, 0.21304097771644592, 0.9679059982299805
vb0[260]+024 TANGENT: 1.0, 0.0, 0.0, -1.0
vb0[260]+040 BLENDWEIGHTS: 0.9448750019073486, 0.05512499436736107, 0.0, 0.0
vb0[260]+056 BLENDINDICES: 7, 6, 0, 0
vb0[260]+072 COLOR: 0.011921568773686886, 0.0, 0.0, 0.0
vb0[260]+088 TEXCOORD1: 0.1333102583885193, 0.0

vb0[261]+000 POSITION: -0.03508942946791649, -0.027620771899819374, 1.456118106842041
vb0[261]+012 NORMAL: 0.22407522797584534, -0.0347205214202404, 0.9739531874656677
vb0[261]+024 TANGENT: 1.0, 0.0, 0.0, -1.0
vb0[261]+040 BLENDWEIGHTS: 0.9800000190734863, 0.019999999552965164, 0.0, 0.0
vb0[261]+056 BLENDINDICES: 7, 6, 0, 0
vb0[261]+072 COLOR: 0.011921568773686886, 0.0, 0.0, 0.0
vb0[261]+088 TEXCOORD1: 0.22407521307468414, 0.0

vb0[262]+000 POSITION: -0.03656451776623726, -0.028091516345739365, 1.45689857006073
vb0[262]+012 NORMAL: 0.18635515868663788, 0.12078958004713058, 0.9750290513038635
vb0[262]+024 TANGENT: 1.0, 0.0, 0.0, -1.0
vb0[262]+040 BLENDWEIGHTS: 0.9448750019073486, 0.05512499436736107, 0.0, 0.0
vb0[262]+056 BLENDINDICES: 7, 6, 0, 0
vb0[262]+072 COLOR: 0.011921568773686886, 0.0, 0.0, 0.0
vb0[262]+088 TEXCOORD1: 0.18635515868663788, 0.0

vb0[263]+000 POSITION: -0.035991743206977844, -0.027278423309326172, 1.4572235345840454
vb0[263]+012 NORMAL: -0.545963704586029, -0.1896408051252365, 0.816063642501831
vb0[263]+024 TANGENT: 1.0, 0.0, 0.0, -1.0
vb0[263]+040 BLENDWEIGHTS: 0.9448750019073486, 0.05512499436736107, 0.0, 0.0
vb0[263]+056 BLENDINDICES: 7, 6, 0, 0
vb0[263]+072 COLOR: 0.011921568773686886, 0.0, 0.0, 0.0
vb0[263]+088 TEXCOORD1: -0.5459637641906738, 0.0

vb0[264]+000 POSITION: -0.05681983008980751, -0.004327917005866766, 1.4881433248519897
vb0[264]+012 NORMAL: 0.28113260865211487, -0.21870073676109314, 0.934416651725769
vb0[264]+024 TANGENT: 1.0, 0.0, 0.0, -1.0
vb0[264]+040 BLENDWEIGHTS: 0.7354397773742676, 0.168597012758255, 0.09596320986747742, 0.0
vb0[264]+056 BLENDINDICES: 6, 7, 5, 0
vb0[264]+072 COLOR: 0.009568626992404461, 0.0, 0.0, 0.0
vb0[264]+088 TEXCOORD1: 0.28113263845443726, -1.4901161193847656e-08

vb0[265]+000 POSITION: -0.05878055840730667, 0.0004129600420128554, 1.499657392501831
vb0[265]+012 NORMAL: 0.22407522797584534, -0.0347205214202404, 0.9739531874656677
vb0[265]+024 TANGENT: 1.0, 0.0, 0.0, -1.0
vb0[265]+040 BLENDWEIGHTS: 0.6961916089057922, 0.26440006494522095, 0.03940841183066368, 0.0
vb0[265]+056 BLENDINDICES: 6, 5, 7, 0
vb0[265]+072 COLOR: 0.008784313686192036, 0.0, 0.0, 0.0
vb0[265]+088 TEXCOORD1: 0.22407521307468414, 0.0

vb0[266]+000 POSITION: -0.07340496778488159, 0.027074655517935753, 1.5700336694717407
vb0[266]+012 NORMAL: 0.6110661029815674, 0.7533156275749207, 0.24313315749168396
vb0[266]+024 TANGENT: 1.0, 0.0, 0.0, -1.0
vb0[266]+040 BLENDWEIGHTS: 0.8759201765060425, 0.12407982349395752, 0.0, 0.0
vb0[266]+056 BLENDINDICES: 1, 5, 0, 0
vb0[266]+072 COLOR: 0.0, 0.0, 0.0, 0.0
vb0[266]+088 TEXCOORD1: 0.6110661625862122, -1.4901161193847656e-08

vb0[267]+000 POSITION: -0.06992058455944061, 0.028041116893291473, 1.552337884902954
vb0[267]+012 NORMAL: 0.5463840961456299, -0.620936930179596, -0.5620514750480652
vb0[267]+024 TANGENT: 1.0, 0.0, 0.0, -1.0
vb0[267]+040 BLENDWEIGHTS: 0.4749999940395355, 0.4749999940395355, 0.05000000074505806, 0.0
vb0[267]+056 BLENDINDICES: 1, 5, 6, 0
vb0[267]+072 COLOR: 0.005019607953727245, 0.0, 0.0, 0.0
vb0[267]+088 TEXCOORD1: 0.5463840961456299, -2.9802322387695312e-08

vb0[268]+000 POSITION: -0.06835858523845673, 0.02680746279656887, 1.5361663103103638
vb0[268]+012 NORMAL: 0.6495794057846069, -0.680706262588501, -0.3386525511741638
vb0[268]+024 TANGENT: 1.0, 0.0, 0.0, -1.0
vb0[268]+040 BLENDWEIGHTS: 0.637499988079071, 0.21250000596046448, 0.15000000596046448, 0.0
vb0[268]+056 BLENDINDICES: 5, 1, 6, 0
vb0[268]+072 COLOR: 0.006117647048085928, 0.0, 0.0, 0.0
vb0[268]+088 TEXCOORD1: 0.6495794057846069, 0.0

vb0[269]+000 POSITION: -0.06718654185533524, 0.024936744943261147, 1.5222676992416382
vb0[269]+012 NORMAL: 0.29730644822120667, -0.9304947257041931, -0.21398228406906128
vb0[269]+024 TANGENT: 1.0, 0.0, 0.0, -1.0
vb0[269]+040 BLENDWEIGHTS: 0.6594831347465515, 0.2826356291770935, 0.05788123980164528, 0.0
vb0[269]+056 BLENDINDICES: 5, 6, 1, 0
vb0[269]+072 COLOR: 0.0070588234812021255, 0.0, 0.0, 0.0
vb0[269]+088 TEXCOORD1: 0.29730647802352905, -1.4901161193847656e-08

vb0[270]+000 POSITION: -0.0658077821135521, 0.02121991664171219, 1.508819580078125
vb0[270]+012 NORMAL: 0.12945541739463806, -0.9005002379417419, -0.4151392877101898
vb0[270]+024 TANGENT: 1.0, 0.0, 0.0, -1.0
vb0[270]+040 BLENDWEIGHTS: 0.5, 0.5, 0.0, 0.0
vb0[270]+056 BLENDINDICES: 5, 6, 0, 0
vb0[270]+072 COLOR: 0.00800000037997961, 0.0, 0.0, 0.0
vb0[270]+088 TEXCOORD1: 0.12945543229579926, 0.0

vb0[271]+000 POSITION: -0.06427805870771408, 0.01657181791961193, 1.4971463680267334
vb0[271]+012 NORMAL: -0.558693528175354, -0.8188427686691284, -0.13174960017204285
vb0[271]+024 TANGENT: 1.0, 0.0, 0.0, -1.0
vb0[271]+040 BLENDWEIGHTS: 0.7007124423980713, 0.2661967873573303, 0.0330907478928566, 0.0
vb0[271]+056 BLENDINDICES: 6, 5, 7, 0
vb0[271]+072 COLOR: 0.008784313686192036, 0.0, 0.0, 0.0
vb0[271]+088 TEXCOORD1: -0.5586935877799988, 0.0

vb0[272]+000 POSITION: -0.06235890835523605, 0.012317299842834473, 1.488779902458191
vb0[272]+012 NORMAL: -0.3417225778102875, -0.7430790662765503, -0.5753772854804993
vb0[272]+024 TANGENT: 1.0, 0.0, 0.0, -1.0
vb0[272]+040 BLENDWEIGHTS: 0.7903580665588379, 0.10638830065727234, 0.10325365513563156, 0.0
vb0[272]+056 BLENDINDICES: 6, 7, 5, 0
vb0[272]+072 COLOR: 0.009411764331161976, 0.0, 0.0, 0.0
vb0[272]+088 TEXCOORD1: -0.34172260761260986, 0.0

vb0[273]+000 POSITION: -0.060458552092313766, 0.008882217109203339, 1.483083724975586
vb0[273]+012 NORMAL: -0.1006244570016861, -0.8510946035385132, -0.515279233455658
vb0[273]+024 TANGENT: 1.0, 0.0, 0.0, -1.0
vb0[273]+040 BLENDWEIGHTS: 0.8128058910369873, 0.16719412803649902, 0.019999999552965164, 0.0
vb0[273]+056 BLENDINDICES: 6, 7, 5, 0
vb0[273]+072 COLOR: 0.009725489653646946, 0.0, 0.0, 0.0
vb0[273]+088 TEXCOORD1: -0.1006244570016861, 0.0

vb0[274]+000 POSITION: -0.05867742374539375, 0.006294755730777979, 1.4794126749038696
vb0[274]+012 NORMAL: -0.42471879720687866, 0.892727255821228, -0.15050601959228516
vb0[274]+024 TANGENT: 1.0, 0.0, 0.0, -1.0
vb0[274]+040 BLENDWEIGHTS: 0.7890006303787231, 0.21099938452243805, 0.0, 0.0
vb0[274]+056 BLENDINDICES: 6, 7, 0, 0
vb0[274]+072 COLOR: 0.01003921590745449, 0.0, 0.0, 0.0
vb0[274]+088 TEXCOORD1: -0.42471879720687866, 1.4901161193847656e-08

vb0[275]+000 POSITION: -0.05607639253139496, 0.0027363060507923365, 1.4756295680999756
vb0[275]+012 NORMAL: -0.42501890659332275, 0.8921769261360168, -0.15290260314941406
vb0[275]+024 TANGENT: 1.0, 0.0, 0.0, -1.0
vb0[275]+040 BLENDWEIGHTS: 0.7288080453872681, 0.27119195461273193, 0.0, 0.0
vb0[275]+056 BLENDINDICES: 6, 7, 0, 0
vb0[275]+072 COLOR: 0.01035294122993946, 0.0, 0.0, 0.0
vb0[275]+088 TEXCOORD1: -0.42501890659332275, 0.0

vb0[276]+000 POSITION: -0.05736126750707626, 0.00445927120745182, 1.4772523641586304
vb0[276]+012 NORMAL: 0.4716796576976776, 0.4170735776424408, 0.7768964171409607
vb0[276]+024 TANGENT: 1.0, 0.0, 0.0, -1.0
vb0[276]+040 BLENDWEIGHTS: 0.7583646774291992, 0.24163533747196198, 0.0, 0.0
vb0[276]+056 BLENDINDICES: 6, 7, 0, 0
vb0[276]+072 COLOR: 0.010196078568696976, 0.0, 0.0, 0.0
vb0[276]+088 TEXCOORD1: 0.4716796576976776, 0.0

vb0[277]+000 POSITION: -0.061025407165288925, 0.0041006566025316715, 1.5109484195709229
vb0[277]+012 NORMAL: 0.18635515868663788, 0.12078958004713058, 0.9750290513038635
vb0[277]+024 TANGENT: 1.0, 0.0, 0.0, -1.0
vb0[277]+040 BLENDWEIGHTS: 0.5, 0.5, 0.0, 0.0
vb0[277]+056 BLENDINDICES: 5, 6, 0, 0
vb0[277]+072 COLOR: 0.00800000037997961, 0.0, 0.0, 0.0
vb0[277]+088 TEXCOORD1: 0.18635515868663788, 0.0

vb0[278]+000 POSITION: -0.06243528798222542, -0.0082801328971982, 1.5685272216796875
vb0[278]+012 NORMAL: 0.33800581097602844, -0.4569932520389557, 0.8227448463439941
vb0[278]+024 TANGENT: 1.0, 0.0, 0.0, -1.0
vb0[278]+040 BLENDWEIGHTS: 0.75, 0.25, 0.0, 0.0
vb0[278]+056 BLENDINDICES: 1, 5, 0, 0
vb0[278]+072 COLOR: 0.004392156843096018, 0.0, 0.0, 0.0
vb0[278]+088 TEXCOORD1: 0.33800581097602844, 0.0

vb0[279]+000 POSITION: -0.06437548995018005, -0.010669831186532974, 1.5845619440078735
vb0[279]+012 NORMAL: 0.28113260865211487, -0.21870073676109314, 0.934416651725769
vb0[279]+024 TANGENT: 1.0, 0.0, 0.0, -1.0
vb0[279]+040 BLENDWEIGHTS: 0.9226219058036804, 0.07737808674573898, 0.0, 0.0
vb0[279]+056 BLENDINDICES: 1, 5, 0, 0
vb0[279]+072 COLOR: 0.003294117748737335, 0.0, 0.0, 0.0
vb0[279]+088 TEXCOORD1: 0.28113263845443726, -1.4901161193847656e-08

vb0[280]+000 POSITION: -0.057915348559617996, -0.0076955221593379974, 1.5386635065078735
vb0[280]+012 NORMAL: 0.6036631464958191, -0.08729830384254456, 0.7924454212188721
vb0[280]+024 TANGENT: 1.0, 0.0, 0.0, -1.0
vb0[280]+040 BLENDWEIGHTS: 0.637499988079071, 0.21250000596046448, 0.15000000596046448, 0.0
vb0[280]+056 BLENDINDICES: 5, 1, 6, 0
vb0[280]+072 COLOR: 0.006274509709328413, 0.0, 0.0, 0.0
vb0[280]+088 TEXCOORD1: 0.6036631464958191, 0.0

vb0[281]+000 POSITION: -0.06016106531023979, -0.007631414569914341, 1.552557349205017
vb0[281]+012 NORMAL: 0.6698338985443115, -0.3305237591266632, 0.6648884415626526
vb0[281]+024 TANGENT: 1.0, 0.0, 0.0, -1.0
vb0[281]+040 BLENDWEIGHTS: 0.4749999940395355, 0.4749999940395355, 0.05000000074505806, 0.0
vb0[281]+056 BLENDINDICES: 1, 5, 6, 0
vb0[281]+072 COLOR: 0.005333333276212215, 0.0, 0.0, 0.0
vb0[281]+088 TEXCOORD1: 0.6698338985443115, 2.9802322387695312e-08

vb0[282]+000 POSITION: -0.06352701038122177, -0.013049871660768986, 1.6005332469940186
vb0[282]+012 NORMAL: -0.3359571695327759, -0.5262671709060669, 0.7811374068260193
vb0[282]+024 TANGENT: 1.0, 0.0, 0.0, -1.0
vb0[282]+040 BLENDWEIGHTS: 1.0, 0.0, 0.0, 0.0
vb0[282]+056 BLENDINDICES: 1, 0, 0, 0
vb0[282]+072 COLOR: 0.002196078421548009, 0.0, 0.0, 0.0
vb0[282]+088 TEXCOORD1: -0.33595719933509827, 2.9802322387695312e-08

vb0[283]+000 POSITION: -0.06105990335345268, -0.01430081482976675, 1.6148324012756348
vb0[283]+012 NORMAL: -0.4147489368915558, -0.41170772910118103, 0.8114678859710693
vb0[283]+024 TANGENT: 1.0, 0.0, 0.0, -1.0
vb0[283]+040 BLENDWEIGHTS: 1.0, 0.0, 0.0, 0.0
vb0[283]+056 BLENDINDICES: 1, 0, 0, 0
vb0[283]+072 COLOR: 0.0014117647660896182, 0.0, 0.0, 0.0
vb0[283]+088 TEXCOORD1: -0.4147489070892334, 0.0

vb0[284]+000 POSITION: -0.061936814337968826, 0.006087054964154959, 1.5243197679519653
vb0[284]+012 NORMAL: 0.4844362437725067, 0.29431962966918945, 0.8238309025764465
vb0[284]+024 TANGENT: 1.0, 0.0, 0.0, -1.0
vb0[284]+040 BLENDWEIGHTS: 0.6594831347465515, 0.2826356291770935, 0.05788123980164528, 0.0
vb0[284]+056 BLENDINDICES: 5, 6, 1, 0
vb0[284]+072 COLOR: 0.0070588234812021255, 0.0, 0.0, 0.0
vb0[284]+088 TEXCOORD1: 0.4844363033771515, -2.9802322387695312e-08

vb0[285]+000 POSITION: -0.06680738180875778, 0.007301692850887775, 1.5237481594085693
vb0[285]+012 NORMAL: 0.5332882404327393, 0.12030793726444244, 0.8373348116874695
vb0[285]+024 TANGENT: 1.0, 0.0, 0.0, -1.0
vb0[285]+040 BLENDWEIGHTS: 0.6594831347465515, 0.2826356291770935, 0.05788123980164528, 0.0
vb0[285]+056 BLENDINDICES: 5, 6, 1, 0
vb0[285]+072 COLOR: 0.0070588234812021255, 0.0, 0.0, 0.0
vb0[285]+088 TEXCOORD1: 0.533288300037384, 7.450580596923828e-09

vb0[286]+000 POSITION: -0.06530856341123581, 0.009148758836090565, 1.5529574155807495
vb0[286]+012 NORMAL: -0.47814300656318665, -0.33857765793800354, 0.8103976845741272
vb0[286]+024 TANGENT: 1.0, 0.0, 0.0, -1.0
vb0[286]+040 BLENDWEIGHTS: 0.4749999940395355, 0.4749999940395355, 0.05000000074505806, 0.0
vb0[286]+056 BLENDINDICES: 1, 5, 6, 0
vb0[286]+072 COLOR: 0.00517647061496973, 0.0, 0.0, 0.0
vb0[286]+088 TEXCOORD1: -0.47814303636550903, 2.9802322387695312e-08

vb0[287]+000 POSITION: -0.06416159123182297, 0.00866534374654293, 1.5529457330703735
vb0[287]+012 NORMAL: 0.22407522797584534, -0.0347205214202404, 0.9739531874656677
vb0[287]+024 TANGENT: 1.0, 0.0, 0.0, -1.0
vb0[287]+040 BLENDWEIGHTS: 0.4749999940395355, 0.4749999940395355, 0.05000000074505806, 0.0
vb0[287]+056 BLENDINDICES: 1, 5, 6, 0
vb0[287]+072 COLOR: 0.00517647061496973, 0.0, 0.0, 0.0
vb0[287]+088 TEXCOORD1: 0.22407521307468414, 0.0

vb0[288]+000 POSITION: -0.06313842535018921, 0.0074509126134216785, 1.5380382537841797
vb0[288]+012 NORMAL: 0.18635515868663788, 0.12078958004713058, 0.9750290513038635
vb0[288]+024 TANGENT: 1.0, 0.0, 0.0, -1.0
vb0[288]+040 BLENDWEIGHTS: 0.637499988079071, 0.21250000596046448, 0.15000000596046448, 0.0
vb0[288]+056 BLENDINDICES: 5, 1, 6, 0
vb0[288]+072 COLOR: 0.006117647048085928, 0.0, 0.0, 0.0
vb0[288]+088 TEXCOORD1: 0.18635515868663788, 0.0

vb0[289]+000 POSITION: -0.06607262045145035, 0.008387718349695206, 1.5378856658935547
vb0[289]+012 NORMAL: 0.18635515868663788, 0.12078958004713058, 0.9750290513038635
vb0[289]+024 TANGENT: 1.0, 0.0, 0.0, -1.0
vb0[289]+040 BLENDWEIGHTS: 0.637499988079071, 0.21250000596046448, 0.15000000596046448, 0.0
vb0[289]+056 BLENDINDICES: 5, 1, 6, 0
vb0[289]+072 COLOR: 0.006117647048085928, 0.0, 0.0, 0.0
vb0[289]+088 TEXCOORD1: 0.18635515868663788, 0.0

vb0[290]+000 POSITION: -0.06487999111413956, 0.009503476321697235, 1.5688163042068481
vb0[290]+012 NORMAL: -0.5224100947380066, -0.26237133145332336, 0.8113254904747009
vb0[290]+024 TANGENT: 1.0, 0.0, 0.0, -1.0
vb0[290]+040 BLENDWEIGHTS: 0.75, 0.25, 0.0, 0.0
vb0[290]+056 BLENDINDICES: 1, 5, 0, 0
vb0[290]+072 COLOR: 0.004235294181853533, 0.0, 0.0, 0.0
vb0[290]+088 TEXCOORD1: -0.5224100947380066, 0.0

vb0[291]+000 POSITION: -0.06910236179828644, 0.027131060138344765, 1.5699018239974976
vb0[291]+012 NORMAL: -0.3672555387020111, -0.9235674738883972, -0.11021138727664948
vb0[291]+024 TANGENT: 1.0, 0.0, 0.0, -1.0
vb0[291]+040 BLENDWEIGHTS: 0.75, 0.25, 0.0, 0.0
vb0[291]+056 BLENDINDICES: 1, 5, 0, 0
vb0[291]+072 COLOR: 0.003921568393707275, 0.0, 0.0, 0.0
vb0[291]+088 TEXCOORD1: -0.3672555387020111, 0.0

vb0[292]+000 POSITION: -0.06653886288404465, 0.005847888067364693, 1.5100475549697876
vb0[292]+012 NORMAL: 0.4716796576976776, 0.4170735776424408, 0.7768964171409607
vb0[292]+024 TANGENT: 1.0, 0.0, 0.0, -1.0
vb0[292]+040 BLENDWEIGHTS: 0.5, 0.5, 0.0, 0.0
vb0[292]+056 BLENDINDICES: 5, 6, 0, 0
vb0[292]+072 COLOR: 0.00800000037997961, 0.0, 0.0, 0.0
vb0[292]+088 TEXCOORD1: 0.4716796576976776, 0.0

vb0[293]+000 POSITION: -0.06557653099298477, 0.004646010231226683, 1.4986754655838013
vb0[293]+012 NORMAL: 0.13331027328968048, 0.21304097771644592, 0.9679059982299805
vb0[293]+024 TANGENT: 1.0, 0.0, 0.0, -1.0
vb0[293]+040 BLENDWEIGHTS: 0.7007124423980713, 0.2661967873573303, 0.0330907478928566, 0.0
vb0[293]+056 BLENDINDICES: 6, 5, 7, 0
vb0[293]+072 COLOR: 0.008784313686192036, 0.0, 0.0, 0.0
vb0[293]+088 TEXCOORD1: 0.1333102583885193, 0.0

vb0[294]+000 POSITION: -0.06922149658203125, 0.0239375252276659, 1.5879098176956177
vb0[294]+012 NORMAL: 0.12945541739463806, -0.9005002379417419, -0.4151392877101898
vb0[294]+024 TANGENT: 1.0, 0.0, 0.0, -1.0
vb0[294]+040 BLENDWEIGHTS: 0.9226219058036804, 0.07737808674573898, 0.0, 0.0
vb0[294]+056 BLENDINDICES: 1, 5, 0, 0
vb0[294]+072 COLOR: 0.0028235295321792364, 0.0, 0.0, 0.0
vb0[294]+088 TEXCOORD1: 0.12945543229579926, 0.0

vb0[295]+000 POSITION: -0.07791496813297272, 0.01006032433360815, 1.6087859869003296
vb0[295]+012 NORMAL: 0.7264459729194641, -0.4354841113090515, -0.5316293835639954
vb0[295]+024 TANGENT: 1.0, 0.0, 0.0, -1.0
vb0[295]+040 BLENDWEIGHTS: 1.0, 0.0, 0.0, 0.0
vb0[295]+056 BLENDINDICES: 1, 0, 0, 0
vb0[295]+072 COLOR: 0.0, 0.0, 0.0, 0.0
vb0[295]+088 TEXCOORD1: 0.7264460325241089, 0.0

vb0[296]+000 POSITION: 0.07141485810279846, 0.0019238197710365057, 1.5244730710983276
vb0[296]+012 NORMAL: -0.09867130219936371, 0.8605401515960693, 0.49973464012145996
vb0[296]+024 TANGENT: 1.0, 0.0, 0.0, -1.0
vb0[296]+040 BLENDWEIGHTS: 0.5883278846740723, 0.3167920410633087, 0.08573748916387558, 0.009142624214291573
vb0[296]+056 BLENDINDICES: 9, 10, 1, 11
vb0[296]+072 COLOR: 0.01113725546747446, 0.0, 0.0, 0.0
vb0[296]+088 TEXCOORD1: -0.09867130219936371, 2.9802322387695312e-08

vb0[297]+000 POSITION: 0.07088842988014221, -0.012254804372787476, 1.5258655548095703
vb0[297]+012 NORMAL: -0.13559351861476898, 0.5181623697280884, 0.8444656133651733
vb0[297]+024 TANGENT: 1.0, 0.0, 0.0, -1.0
vb0[297]+040 BLENDWEIGHTS: 0.5824679732322693, 0.3136366009712219, 0.08573750406503677, 0.01815790683031082
vb0[297]+056 BLENDINDICES: 9, 10, 1, 11
vb0[297]+072 COLOR: 0.010980392806231976, 0.0, 0.0, 0.0
vb0[297]+088 TEXCOORD1: -0.13559351861476898, 2.9802322387695312e-08

vb0[298]+000 POSITION: 0.06807681173086166, -0.014265798032283783, 1.5132516622543335
vb0[298]+012 NORMAL: -0.36862096190452576, 0.613494336605072, -0.6983862519264221
vb0[298]+024 TANGENT: 1.0, 0.0, 0.0, -1.0
vb0[298]+040 BLENDWEIGHTS: 0.5850000381469727, 0.3149999678134918, 0.10000000149011612, 0.0
vb0[298]+056 BLENDINDICES: 10, 9, 11, 0
vb0[298]+072 COLOR: 0.011921568773686886, 0.0, 0.0, 0.0
vb0[298]+088 TEXCOORD1: -0.36862093210220337, 0.0

vb0[299]+000 POSITION: 0.06639593094587326, -0.00279292487539351, 1.5126370191574097
vb0[299]+012 NORMAL: 0.048945989459753036, 0.8473423719406128, 0.5287866592407227
vb0[299]+024 TANGENT: 1.0, 0.0, 0.0, -1.0
vb0[299]+040 BLENDWEIGHTS: 0.5850000381469727, 0.3149999678134918, 0.10000000149011612, 0.0
vb0[299]+056 BLENDINDICES: 10, 9, 11, 0
vb0[299]+072 COLOR: 0.011921568773686886, 0.0, 0.0, 0.0
vb0[299]+088 TEXCOORD1: 0.048945989459753036, -2.9802322387695312e-08

vb0[300]+000 POSITION: 0.06528133898973465, -0.01637621782720089, 1.5032683610916138
vb0[300]+012 NORMAL: 0.01845577172935009, 0.42921918630599976, 0.9030117392539978
vb0[300]+024 TANGENT: 1.0, 0.0, 0.0, -1.0
vb0[300]+040 BLENDWEIGHTS: 0.5513354539871216, 0.2450380027294159, 0.20362655818462372, 0.0
vb0[300]+056 BLENDINDICES: 10, 11, 9, 0
vb0[300]+072 COLOR: 0.012549019418656826, 0.0, 0.0, 0.0
vb0[300]+088 TEXCOORD1: 0.01845577359199524, 0.0

vb0[301]+000 POSITION: 0.062025438994169235, -0.007059764117002487, 1.503511667251587
vb0[301]+012 NORMAL: 0.01845577172935009, 0.42921918630599976, 0.9030117392539978
vb0[301]+024 TANGENT: 1.0, 0.0, 0.0, -1.0
vb0[301]+040 BLENDWEIGHTS: 0.5513354539871216, 0.2450380027294159, 0.20362655818462372, 0.0
vb0[301]+056 BLENDINDICES: 10, 11, 9, 0
vb0[301]+072 COLOR: 0.012549019418656826, 0.0, 0.0, 0.0
vb0[301]+088 TEXCOORD1: 0.01845577359199524, 0.0

vb0[302]+000 POSITION: 0.08035912364721298, 0.009683274663984776, 1.5530812740325928
vb0[302]+012 NORMAL: 0.4019790291786194, 0.5664917230606079, 0.7193747162818909
vb0[302]+024 TANGENT: 1.0, 0.0, 0.0, -1.0
vb0[302]+040 BLENDWEIGHTS: 0.800000011920929, 0.1921568661928177, 0.00784313678741455, 0.0
vb0[302]+056 BLENDINDICES: 1, 9, 10, 0
vb0[302]+072 COLOR: 0.00925490166991949, 0.0, 0.0, 0.0
vb0[302]+088 TEXCOORD1: 0.4019790589809418, 2.9802322387695312e-08

vb0[303]+000 POSITION: 0.07529386132955551, -0.010022655129432678, 1.5532904863357544
vb0[303]+012 NORMAL: -0.09867130219936371, 0.8605401515960693, 0.49973464012145996
vb0[303]+024 TANGENT: 1.0, 0.0, 0.0, -1.0
vb0[303]+040 BLENDWEIGHTS: 0.75, 0.240196093916893, 0.009803921915590763, 0.0
vb0[303]+056 BLENDINDICES: 1, 9, 10, 0
vb0[303]+072 COLOR: 0.009098039008677006, 0.0, 0.0, 0.0
vb0[303]+088 TEXCOORD1: -0.09867130219936371, 2.9802322387695312e-08

vb0[304]+000 POSITION: 0.07329965382814407, -0.010850552469491959, 1.5395617485046387
vb0[304]+012 NORMAL: 0.4068816006183624, 0.7034019827842712, 0.5828147530555725
vb0[304]+024 TANGENT: 1.0, 0.0, 0.0, -1.0
vb0[304]+040 BLENDWEIGHTS: 0.5969544053077698, 0.2988429367542267, 0.10420266538858414, 0.0
vb0[304]+056 BLENDINDICES: 9, 1, 10, 0
vb0[304]+072 COLOR: 0.01003921590745449, 0.0, 0.0, 0.0
vb0[304]+088 TEXCOORD1: 0.40688157081604004, 0.0

vb0[305]+000 POSITION: 0.07641635090112686, 0.006300831213593483, 1.5382757186889648
vb0[305]+012 NORMAL: 0.3862704932689667, 0.9168615341186523, 0.10079704225063324
vb0[305]+024 TANGENT: 1.0, 0.0, 0.0, -1.0
vb0[305]+040 BLENDWEIGHTS: 0.5969544053077698, 0.2988429367542267, 0.10420266538858414, 0.0
vb0[305]+056 BLENDINDICES: 9, 1, 10, 0
vb0[305]+072 COLOR: 0.010196078568696976, 0.0, 0.0, 0.0
vb0[305]+088 TEXCOORD1: 0.38627052307128906, 0.0

vb0[306]+000 POSITION: 0.08442244678735733, 0.017089972272515297, 1.5696336030960083
vb0[306]+012 NORMAL: 0.005321595352143049, 0.32459700107574463, 0.9458373785018921
vb0[306]+024 TANGENT: 1.0, 0.0, 0.0, -1.0
vb0[306]+040 BLENDWEIGHTS: 1.0, 0.0, 0.0, 0.0
vb0[306]+056 BLENDINDICES: 1, 0, 0, 0
vb0[306]+072 COLOR: 0.00800000037997961, 0.0, 0.0, 0.0
vb0[306]+088 TEXCOORD1: 0.005321595352143049, 2.9802322387695312e-08

vb0[307]+000 POSITION: 0.07723913341760635, -0.009475269354879856, 1.5696957111358643
vb0[307]+012 NORMAL: 0.048945989459753036, 0.8473423719406128, 0.5287866592407227
vb0[307]+024 TANGENT: 1.0, 0.0, 0.0, -1.0
vb0[307]+040 BLENDWEIGHTS: 0.949999988079071, 0.05000000074505806, 0.0, 0.0
vb0[307]+056 BLENDINDICES: 1, 9, 0, 0
vb0[307]+072 COLOR: 0.00800000037997961, 0.0, 0.0, 0.0
vb0[307]+088 TEXCOORD1: 0.048945989459753036, -2.9802322387695312e-08

vb0[308]+000 POSITION: 0.08419988304376602, 0.017323320731520653, 1.584355115890503
vb0[308]+012 NORMAL: -0.2901917099952698, -0.2894347310066223, -0.9121492505073547
vb0[308]+024 TANGENT: 1.0, 0.0, 0.0, -1.0
vb0[308]+040 BLENDWEIGHTS: 1.0, 0.0, 0.0, 0.0
vb0[308]+056 BLENDINDICES: 1, 0, 0, 0
vb0[308]+072 COLOR: 0.0070588234812021255, 0.0, 0.0, 0.0
vb0[308]+088 TEXCOORD1: -0.2901917099952698, 0.0

vb0[309]+000 POSITION: 0.07714782655239105, -0.009399035945534706, 1.5844717025756836
vb0[309]+012 NORMAL: -0.290069580078125, -0.28837499022483826, -0.9125237464904785
vb0[309]+024 TANGENT: 1.0, 0.0, 0.0, -1.0
vb0[309]+040 BLENDWEIGHTS: 1.0, 0.0, 0.0, 0.0
vb0[309]+056 BLENDINDICES: 1, 0, 0, 0
vb0[309]+072 COLOR: 0.0069019608199596405, 0.0, 0.0, 0.0
vb0[309]+088 TEXCOORD1: -0.290069580078125, 0.0

vb0[310]+000 POSITION: 0.06125197187066078, -0.019041499122977257, 1.4942458868026733
vb0[310]+012 NORMAL: -0.3029068410396576, 0.43182381987571716, -0.8495738506317139
vb0[310]+024 TANGENT: 1.0, 0.0, 0.0, -1.0
vb0[310]+040 BLENDWEIGHTS: 0.5495156049728394, 0.3481094539165497, 0.10237497091293335, 0.0
vb0[310]+056 BLENDINDICES: 10, 11, 9, 0
vb0[310]+072 COLOR: 0.01317647099494934, 0.0, 0.0, 0.0
vb0[310]+088 TEXCOORD1: -0.3029068112373352, 0.0

vb0[311]+000 POSITION: 0.057209547609090805, -0.011765088886022568, 1.4948828220367432
vb0[311]+012 NORMAL: -0.2574690282344818, 0.5581331849098206, 0.788794755935669
vb0[311]+024 TANGENT: 1.0, 0.0, 0.0, -1.0
vb0[311]+040 BLENDWEIGHTS: 0.5495156049728394, 0.3481094539165497, 0.10237497091293335, 0.0
vb0[311]+056 BLENDINDICES: 10, 11, 9, 0
vb0[311]+072 COLOR: 0.01317647099494934, 0.0, 0.0, 0.0
vb0[311]+088 TEXCOORD1: -0.2574690282344818, -2.9802322387695312e-08

vb0[312]+000 POSITION: 0.055965155363082886, -0.022655393928289413, 1.4866167306900024
vb0[312]+012 NORMAL: -0.3704586327075958, 0.6183189749717712, -0.6931393146514893
vb0[312]+024 TANGENT: 1.0, 0.0, 0.0, -1.0
vb0[312]+040 BLENDWEIGHTS: 0.530795693397522, 0.4342874586582184, 0.03491685912013054, 0.0
vb0[312]+056 BLENDINDICES: 10, 11, 9, 0
vb0[312]+072 COLOR: 0.013803921639919281, 0.0, 0.0, 0.0
vb0[312]+088 TEXCOORD1: -0.3704586327075958, 2.9802322387695312e-08

vb0[313]+000 POSITION: 0.05189668387174606, -0.01684008538722992, 1.4876246452331543
vb0[313]+012 NORMAL: 0.4716796576976776, 0.4170735776424408, 0.7768964171409607
vb0[313]+024 TANGENT: 1.0, 0.0, 0.0, -1.0
vb0[313]+040 BLENDWEIGHTS: 0.530795693397522, 0.4342874586582184, 0.03491685912013054, 0.0
vb0[313]+056 BLENDINDICES: 10, 11, 9, 0
vb0[313]+072 COLOR: 0.013647058978676796, 0.0, 0.0, 0.0
vb0[313]+088 TEXCOORD1: 0.4716796576976776, 0.0

vb0[314]+000 POSITION: 0.04958788678050041, -0.026997314766049385, 1.4810279607772827
vb0[314]+012 NORMAL: -0.3029068410396576, 0.43182381987571716, -0.8495738506317139
vb0[314]+024 TANGENT: 1.0, 0.0, 0.0, -1.0
vb0[314]+040 BLENDWEIGHTS: 0.5500000715255737, 0.44999992847442627, 0.0, 0.0
vb0[314]+056 BLENDINDICES: 11, 10, 0, 0
vb0[314]+072 COLOR: 0.014117646962404251, 0.0, 0.0, 0.0
vb0[314]+088 TEXCOORD1: -0.3029068112373352, 0.0

vb0[315]+000 POSITION: 0.04612832888960838, -0.022172531113028526, 1.482293963432312
vb0[315]+012 NORMAL: 0.6976181864738464, 0.5892891883850098, 0.4075133800506592
vb0[315]+024 TANGENT: 1.0, 0.0, 0.0, -1.0
vb0[315]+040 BLENDWEIGHTS: 0.5500000715255737, 0.44999992847442627, 0.0, 0.0
vb0[315]+056 BLENDINDICES: 11, 10, 0, 0
vb0[315]+072 COLOR: 0.014117646962404251, 0.0, 0.0, 0.0
vb0[315]+088 TEXCOORD1: 0.6976181864738464, 0.0

vb0[316]+000 POSITION: 0.04549145698547363, -0.02953661046922207, 1.478954792022705
vb0[316]+012 NORMAL: -0.245575949549675, 0.23948830366134644, -0.9393283724784851
vb0[316]+024 TANGENT: 1.0, 0.0, 0.0, -1.0
vb0[316]+040 BLENDWEIGHTS: 0.6500000953674316, 0.34999990463256836, 0.0, 0.0
vb0[316]+056 BLENDINDICES: 11, 10, 0, 0
vb0[316]+072 COLOR: 0.014274509623646736, 0.0, 0.0, 0.0
vb0[316]+088 TEXCOORD1: -0.24557596445083618, 0.0

vb0[317]+000 POSITION: 0.04264829680323601, -0.025638584047555923, 1.4799838066101074
vb0[317]+012 NORMAL: 0.6881181597709656, 0.48490452766418457, 0.5397786498069763
vb0[317]+024 TANGENT: 1.0, 0.0, 0.0, -1.0
vb0[317]+040 BLENDWEIGHTS: 0.6500000953674316, 0.34999990463256836, 0.0, 0.0
vb0[317]+056 BLENDINDICES: 11, 10, 0, 0
vb0[317]+072 COLOR: 0.014117646962404251, 0.0, 0.0, 0.0
vb0[317]+088 TEXCOORD1: 0.6881181597709656, -2.9802322387695312e-08

vb0[318]+000 POSITION: 0.041924264281988144, -0.03173814341425896, 1.4777071475982666
vb0[318]+012 NORMAL: -0.24373303353786469, 0.23228412866592407, -0.9416146874427795
vb0[318]+024 TANGENT: 1.0, 0.0, 0.0, -1.0
vb0[318]+040 BLENDWEIGHTS: 0.7375001311302185, 0.2624998688697815, 0.0, 0.0
vb0[318]+056 BLENDINDICES: 11, 10, 0, 0
vb0[318]+072 COLOR: 0.014274509623646736, 0.0, 0.0, 0.0
vb0[318]+088 TEXCOORD1: -0.24373306334018707, 0.0

vb0[319]+000 POSITION: 0.03984707593917847, -0.02867795340716839, 1.478613257408142
vb0[319]+012 NORMAL: 0.4844362437725067, 0.29431962966918945, 0.8238309025764465
vb0[319]+024 TANGENT: 1.0, 0.0, 0.0, -1.0
vb0[319]+040 BLENDWEIGHTS: 0.7375001311302185, 0.2624998688697815, 0.0, 0.0
vb0[319]+056 BLENDINDICES: 11, 10, 0, 0
vb0[319]+072 COLOR: 0.014274509623646736, 0.0, 0.0, 0.0
vb0[319]+088 TEXCOORD1: 0.4844363033771515, -2.9802322387695312e-08

vb0[320]+000 POSITION: 0.03847828879952431, -0.033888693898916245, 1.4770126342773438
vb0[320]+012 NORMAL: -0.22818350791931152, 0.06749878823757172, -0.9712755680084229
vb0[320]+024 TANGENT: 1.0, 0.0, 0.0, -1.0
vb0[320]+040 BLENDWEIGHTS: 0.8263564109802246, 0.173643559217453, 0.0, 0.0
vb0[320]+056 BLENDINDICES: 11, 10, 0, 0
vb0[320]+072 COLOR: 0.014431372284889221, 0.0, 0.0, 0.0
vb0[320]+088 TEXCOORD1: -0.22818352282047272, -7.450580596923828e-09

vb0[321]+000 POSITION: 0.03678441047668457, -0.03208788111805916, 1.477689504623413
vb0[321]+012 NORMAL: 0.4844362437725067, 0.29431962966918945, 0.8238309025764465
vb0[321]+024 TANGENT: 1.0, 0.0, 0.0, -1.0
vb0[321]+040 BLENDWEIGHTS: 0.8263564109802246, 0.173643559217453, 0.0, 0.0
vb0[321]+056 BLENDINDICES: 11, 10, 0, 0
vb0[321]+072 COLOR: 0.014274509623646736, 0.0, 0.0, 0.0
vb0[321]+088 TEXCOORD1: 0.4844363033771515, -2.9802322387695312e-08

vb0[322]+000 POSITION: 0.035283539444208145, -0.03574920818209648, 1.4767589569091797
vb0[322]+012 NORMAL: 0.6881181597709656, 0.48490452766418457, 0.5397786498069763
vb0[322]+024 TANGENT: 1.0, 0.0, 0.0, -1.0
vb0[322]+040 BLENDWEIGHTS: 0.9185556173324585, 0.08144441246986389, 0.0, 0.0
vb0[322]+056 BLENDINDICES: 11, 10, 0, 0
vb0[322]+072 COLOR: 0.014431372284889221, 0.0, 0.0, 0.0
vb0[322]+088 TEXCOORD1: 0.6881181597709656, -2.9802322387695312e-08

vb0[323]+000 POSITION: 0.03450885787606239, -0.034734394401311874, 1.4771183729171753
vb0[323]+012 NORMAL: 0.5332882404327393, 0.12030793726444244, 0.8373348116874695
vb0[323]+024 TANGENT: 1.0, 0.0, 0.0, -1.0
vb0[323]+040 BLENDWEIGHTS: 0.9185556173324585, 0.08144441246986389, 0.0, 0.0
vb0[323]+056 BLENDINDICES: 11, 10, 0, 0
vb0[323]+072 COLOR: 0.014431372284889221, 0.0, 0.0, 0.0
vb0[323]+088 TEXCOORD1: 0.533288300037384, 7.450580596923828e-09

vb0[324]+000 POSITION: 0.032243404537439346, -0.037401795387268066, 1.4768873453140259
vb0[324]+012 NORMAL: -0.1006244570016861, -0.8510946035385132, -0.515279233455658
vb0[324]+024 TANGENT: 1.0, 0.0, 0.0, -1.0
vb0[324]+040 BLENDWEIGHTS: 1.0, 0.0, 0.0, 0.0
vb0[324]+056 BLENDINDICES: 11, 0, 0, 0
vb0[324]+072 COLOR: 0.014431372284889221, 0.0, 0.0, 0.0
vb0[324]+088 TEXCOORD1: -0.7631815075874329, -0.2271277904510498

vb0[325]+000 POSITION: 0.07560393214225769, -0.010577964596450329, 1.5696945190429688
vb0[325]+012 NORMAL: 0.41627752780914307, -0.5580533146858215, -0.7178367376327515
vb0[325]+024 TANGENT: 1.0, 0.0, 0.0, -1.0
vb0[325]+040 BLENDWEIGHTS: 0.949999988079071, 0.05000000074505806, 0.0, 0.0
vb0[325]+056 BLENDINDICES: 1, 9, 0, 0
vb0[325]+072 COLOR: 0.00800000037997961, 0.0, 0.0, 0.0
vb0[325]+088 TEXCOORD1: 0.41627752780914307, 0.0

vb0[326]+000 POSITION: 0.0718938335776329, -0.01121509075164795, 1.553262710571289
vb0[326]+012 NORMAL: -0.3417225778102875, -0.7430790662765503, -0.5753772854804993
vb0[326]+024 TANGENT: 1.0, 0.0, 0.0, -1.0
vb0[326]+040 BLENDWEIGHTS: 0.75, 0.240196093916893, 0.009803921915590763, 0.0
vb0[326]+056 BLENDINDICES: 1, 9, 10, 0
vb0[326]+072 COLOR: 0.009098039008677006, 0.0, 0.0, 0.0
vb0[326]+088 TEXCOORD1: -0.34172260761260986, 0.0

vb0[327]+000 POSITION: 0.06894102692604065, -0.01188291609287262, 1.5397346019744873
vb0[327]+012 NORMAL: 0.12945541739463806, -0.9005002379417419, -0.4151392877101898
vb0[327]+024 TANGENT: 1.0, 0.0, 0.0, -1.0
vb0[327]+040 BLENDWEIGHTS: 0.5969544053077698, 0.2988429367542267, 0.10420266538858414, 0.0
vb0[327]+056 BLENDINDICES: 9, 1, 10, 0
vb0[327]+072 COLOR: 0.01003921590745449, 0.0, 0.0, 0.0
vb0[327]+088 TEXCOORD1: 0.12945543229579926, 0.0

vb0[328]+000 POSITION: 0.06587249785661697, -0.013463333249092102, 1.5263150930404663
vb0[328]+012 NORMAL: -0.42370831966400146, 0.7885657548904419, -0.4456852674484253
vb0[328]+024 TANGENT: 1.0, 0.0, 0.0, -1.0
vb0[328]+040 BLENDWEIGHTS: 0.5824679732322693, 0.3136366009712219, 0.08573750406503677, 0.01815790683031082
vb0[328]+056 BLENDINDICES: 9, 10, 1, 11
vb0[328]+072 COLOR: 0.010980392806231976, 0.0, 0.0, 0.0
vb0[328]+088 TEXCOORD1: -0.42370831966400146, 0.0

vb0[329]+000 POSITION: 0.06259199976921082, -0.015451078303158283, 1.5160590410232544
vb0[329]+012 NORMAL: -0.3704586327075958, 0.6183189749717712, -0.6931393146514893
vb0[329]+024 TANGENT: 1.0, 0.0, 0.0, -1.0
vb0[329]+040 BLENDWEIGHTS: 0.5850000381469727, 0.3149999678134918, 0.10000000149011612, 0.0
vb0[329]+056 BLENDINDICES: 10, 9, 11, 0
vb0[329]+072 COLOR: 0.0117647061124444, 0.0, 0.0, 0.0
vb0[329]+088 TEXCOORD1: -0.3704586327075958, 2.9802322387695312e-08

vb0[330]+000 POSITION: 0.05909668654203415, -0.017786502838134766, 1.5065820217132568
vb0[330]+012 NORMAL: -0.42257994413375854, 0.782900333404541, -0.4566105008125305
vb0[330]+024 TANGENT: 1.0, 0.0, 0.0, -1.0
vb0[330]+040 BLENDWEIGHTS: 0.5513354539871216, 0.2450380027294159, 0.20362655818462372, 0.0
vb0[330]+056 BLENDINDICES: 10, 11, 9, 0
vb0[330]+072 COLOR: 0.012392156757414341, 0.0, 0.0, 0.0
vb0[330]+088 TEXCOORD1: -0.4225800037384033, -2.9802322387695312e-08

vb0[331]+000 POSITION: 0.054987963289022446, -0.020552387461066246, 1.498716115951538
vb0[331]+012 NORMAL: -0.3043045103549957, 0.4358011782169342, -0.8470395803451538
vb0[331]+024 TANGENT: 1.0, 0.0, 0.0, -1.0
vb0[331]+040 BLENDWEIGHTS: 0.5495156049728394, 0.3481094539165497, 0.10237497091293335, 0.0
vb0[331]+056 BLENDINDICES: 10, 11, 9, 0
vb0[331]+072 COLOR: 0.01286274567246437, 0.0, 0.0, 0.0
vb0[331]+088 TEXCOORD1: -0.3043045103549957, 0.0

vb0[332]+000 POSITION: 0.05061589181423187, -0.023647984489798546, 1.491713523864746
vb0[332]+012 NORMAL: -0.36862096190452576, 0.613494336605072, -0.6983862519264221
vb0[332]+024 TANGENT: 1.0, 0.0, 0.0, -1.0
vb0[332]+040 BLENDWEIGHTS: 0.530795693397522, 0.4342874586582184, 0.03491685912013054, 0.0
vb0[332]+056 BLENDINDICES: 10, 11, 9, 0
vb0[332]+072 COLOR: 0.013333333656191826, 0.0, 0.0, 0.0
vb0[332]+088 TEXCOORD1: -0.36862093210220337, 0.0

vb0[333]+000 POSITION: 0.046278227120637894, -0.02648143656551838, 1.486286997795105
vb0[333]+012 NORMAL: -0.24373303353786469, 0.23228412866592407, -0.9416146874427795
vb0[333]+024 TANGENT: 1.0, 0.0, 0.0, -1.0
vb0[333]+040 BLENDWEIGHTS: 0.5500000715255737, 0.44999992847442627, 0.0, 0.0
vb0[333]+056 BLENDINDICES: 11, 10, 0, 0
vb0[333]+072 COLOR: 0.013803921639919281, 0.0, 0.0, 0.0
vb0[333]+088 TEXCOORD1: -0.24373306334018707, 0.0

vb0[334]+000 POSITION: 0.04349574074149132, -0.028477877378463745, 1.4834147691726685
vb0[334]+012 NORMAL: -0.3043045103549957, 0.4358011782169342, -0.8470395803451538
vb0[334]+024 TANGENT: 1.0, 0.0, 0.0, -1.0
vb0[334]+040 BLENDWEIGHTS: 0.6500000953674316, 0.34999990463256836, 0.0, 0.0
vb0[334]+056 BLENDINDICES: 11, 10, 0, 0
vb0[334]+072 COLOR: 0.013960784301161766, 0.0, 0.0, 0.0
vb0[334]+088 TEXCOORD1: -0.3043045103549957, 0.0

vb0[335]+000 POSITION: 0.04029256850481033, -0.030843516811728477, 1.4808474779129028
vb0[335]+012 NORMAL: -0.22877137362957, 0.05955483391880989, -0.9716567397117615
vb0[335]+024 TANGENT: 1.0, 0.0, 0.0, -1.0
vb0[335]+040 BLENDWEIGHTS: 0.7375001311302185, 0.2624998688697815, 0.0, 0.0
vb0[335]+056 BLENDINDICES: 11, 10, 0, 0
vb0[335]+072 COLOR: 0.014117646962404251, 0.0, 0.0, 0.0
vb0[335]+088 TEXCOORD1: -0.22877137362957, 0.0

vb0[336]+000 POSITION: 0.037460971623659134, -0.033228084444999695, 1.4791496992111206
vb0[336]+012 NORMAL: -0.245575949549675, 0.23948830366134644, -0.9393283724784851
vb0[336]+024 TANGENT: 1.0, 0.0, 0.0, -1.0
vb0[336]+040 BLENDWEIGHTS: 0.8263564109802246, 0.173643559217453, 0.0, 0.0
vb0[336]+056 BLENDINDICES: 11, 10, 0, 0
vb0[336]+072 COLOR: 0.014274509623646736, 0.0, 0.0, 0.0
vb0[336]+088 TEXCOORD1: -0.24557596445083618, 0.0

vb0[337]+000 POSITION: 0.03478853777050972, -0.035357773303985596, 1.4778516292572021
vb0[337]+012 NORMAL: -0.22877137362957, 0.05955483391880989, -0.9716567397117615
vb0[337]+024 TANGENT: 1.0, 0.0, 0.0, -1.0
vb0[337]+040 BLENDWEIGHTS: 0.9185556173324585, 0.08144441246986389, 0.0, 0.0
vb0[337]+056 BLENDINDICES: 11, 10, 0, 0
vb0[337]+072 COLOR: 0.014274509623646736, 0.0, 0.0, 0.0
vb0[337]+088 TEXCOORD1: -0.22877137362957, 0.0

vb0[338]+000 POSITION: 0.05808613821864128, -0.014568437822163105, 1.5058515071868896
vb0[338]+012 NORMAL: -0.2558412551879883, -0.11328021436929703, -0.9600588083267212
vb0[338]+024 TANGENT: 1.0, 0.0, 0.0, -1.0
vb0[338]+040 BLENDWEIGHTS: 0.5513354539871216, 0.2450380027294159, 0.20362655818462372, 0.0
vb0[338]+056 BLENDINDICES: 10, 11, 9, 0
vb0[338]+072 COLOR: 0.012392156757414341, 0.0, 0.0, 0.0
vb0[338]+088 TEXCOORD1: -0.2558412551879883, 0.0

vb0[339]+000 POSITION: 0.06176270171999931, -0.014107457362115383, 1.5161052942276
vb0[339]+012 NORMAL: -0.22818350791931152, 0.06749878823757172, -0.9712755680084229
vb0[339]+024 TANGENT: 1.0, 0.0, 0.0, -1.0
vb0[339]+040 BLENDWEIGHTS: 0.5850000381469727, 0.3149999678134918, 0.10000000149011612, 0.0
vb0[339]+056 BLENDINDICES: 10, 9, 11, 0
vb0[339]+072 COLOR: 0.0117647061124444, 0.0, 0.0, 0.0
vb0[339]+088 TEXCOORD1: -0.22818352282047272, -7.450580596923828e-09

vb0[340]+000 POSITION: 0.054801128804683685, -0.014688496477901936, 1.4961389303207397
vb0[340]+012 NORMAL: -0.25808361172676086, -0.12193582206964493, -0.958396852016449
vb0[340]+024 TANGENT: 1.0, 0.0, 0.0, -1.0
vb0[340]+040 BLENDWEIGHTS: 0.5495156049728394, 0.3481094539165497, 0.10237497091293335, 0.0
vb0[340]+056 BLENDINDICES: 10, 11, 9, 0
vb0[340]+072 COLOR: 0.01317647099494934, 0.0, 0.0, 0.0
vb0[340]+088 TEXCOORD1: -0.25808361172676086, -7.450580596923828e-09

vb0[341]+000 POSITION: 0.06541728973388672, -0.013015726581215858, 1.5262954235076904
vb0[341]+012 NORMAL: -0.3446929454803467, 0.9324721693992615, 0.10808561742305756
vb0[341]+024 TANGENT: 1.0, 0.0, 0.0, -1.0
vb0[341]+040 BLENDWEIGHTS: 0.5883278846740723, 0.3167920410633087, 0.08573748916387558, 0.009142624214291573
vb0[341]+056 BLENDINDICES: 9, 10, 1, 11
vb0[341]+072 COLOR: 0.010980392806231976, 0.0, 0.0, 0.0
vb0[341]+088 TEXCOORD1: -0.3446929454803467, 0.0

vb0[342]+000 POSITION: 0.06995577365159988, -0.018908517435193062, 1.5695321559906006
vb0[342]+012 NORMAL: -0.290069580078125, -0.28837499022483826, -0.9125237464904785
vb0[342]+024 TANGENT: 1.0, 0.0, 0.0, -1.0
vb0[342]+040 BLENDWEIGHTS: 0.949999988079071, 0.05000000074505806, 0.0, 0.0
vb0[342]+056 BLENDINDICES: 1, 9, 0, 0
vb0[342]+072 COLOR: 0.00784313678741455, 0.0, 0.0, 0.0
vb0[342]+088 TEXCOORD1: -0.290069580078125, 0.0

vb0[343]+000 POSITION: 0.06651641428470612, -0.01903972402215004, 1.5530275106430054
vb0[343]+012 NORMAL: -0.1006244570016861, -0.8510946035385132, -0.515279233455658
vb0[343]+024 TANGENT: 1.0, 0.0, 0.0, -1.0
vb0[343]+040 BLENDWEIGHTS: 0.75, 0.240196093916893, 0.009803921915590763, 0.0
vb0[343]+056 BLENDINDICES: 1, 9, 10, 0
vb0[343]+072 COLOR: 0.009098039008677006, 0.0, 0.0, 0.0
vb0[343]+088 TEXCOORD1: -0.1006244570016861, 0.0

vb0[344]+000 POSITION: 0.06665142625570297, -0.019940340891480446, 1.5694830417633057
vb0[344]+012 NORMAL: -0.25808361172676086, -0.12193582206964493, -0.958396852016449
vb0[344]+024 TANGENT: 1.0, 0.0, 0.0, -1.0
vb0[344]+040 BLENDWEIGHTS: 0.949999988079071, 0.05000000074505806, 0.0, 0.0
vb0[344]+056 BLENDINDICES: 1, 9, 0, 0
vb0[344]+072 COLOR: 0.00784313678741455, 0.0, 0.0, 0.0
vb0[344]+088 TEXCOORD1: -0.25808361172676086, -7.450580596923828e-09

vb0[345]+000 POSITION: 0.06349854916334152, -0.020187897607684135, 1.5531049966812134
vb0[345]+012 NORMAL: 0.41627752780914307, -0.5580533146858215, -0.7178367376327515
vb0[345]+024 TANGENT: 1.0, 0.0, 0.0, -1.0
vb0[345]+040 BLENDWEIGHTS: 0.75, 0.240196093916893, 0.009803921915590763, 0.0
vb0[345]+056 BLENDINDICES: 1, 9, 10, 0
vb0[345]+072 COLOR: 0.009098039008677006, 0.0, 0.0, 0.0
vb0[345]+088 TEXCOORD1: 0.41627752780914307, 0.0

vb0[346]+000 POSITION: 0.07238788157701492, -0.01849200576543808, 1.58436119556427
vb0[346]+012 NORMAL: -0.3060036897659302, -0.436387836933136, -0.8461248874664307
vb0[346]+024 TANGENT: 1.0, 0.0, 0.0, -1.0
vb0[346]+040 BLENDWEIGHTS: 1.0, 0.0, 0.0, 0.0
vb0[346]+056 BLENDINDICES: 1, 0, 0, 0
vb0[346]+072 COLOR: 0.0069019608199596405, 0.0, 0.0, 0.0
vb0[346]+088 TEXCOORD1: -0.30600374937057495, 0.0

vb0[347]+000 POSITION: 0.06905532628297806, -0.01991342194378376, 1.5843197107315063
vb0[347]+012 NORMAL: -0.2558412551879883, -0.11328021436929703, -0.9600588083267212
vb0[347]+024 TANGENT: 1.0, 0.0, 0.0, -1.0
vb0[347]+040 BLENDWEIGHTS: 1.0, 0.0, 0.0, 0.0
vb0[347]+056 BLENDINDICES: 1, 0, 0, 0
vb0[347]+072 COLOR: 0.0069019608199596405, 0.0, 0.0, 0.0
vb0[347]+088 TEXCOORD1: -0.2558412551879883, 0.0

vb0[348]+000 POSITION: 0.07643550634384155, 0.030501317232847214, 1.5695512294769287
vb0[348]+012 NORMAL: -0.3062136173248291, -0.43835583329200745, -0.8450309634208679
vb0[348]+024 TANGENT: 1.0, 0.0, 0.0, -1.0
vb0[348]+040 BLENDWEIGHTS: 1.0, 0.0, 0.0, 0.0
vb0[348]+056 BLENDINDICES: 1, 0, 0, 0
vb0[348]+072 COLOR: 0.00800000037997961, 0.0, 0.0, 0.0
vb0[348]+088 TEXCOORD1: -0.3062136173248291, 0.0

vb0[349]+000 POSITION: 0.07680763304233551, 0.028884585946798325, 1.584350824356079
vb0[349]+012 NORMAL: -0.3010897636413574, -0.5717637538909912, -0.7631718516349792
vb0[349]+024 TANGENT: 1.0, 0.0, 0.0, -1.0
vb0[349]+040 BLENDWEIGHTS: 1.0, 0.0, 0.0, 0.0
vb0[349]+056 BLENDINDICES: 1, 0, 0, 0
vb0[349]+072 COLOR: 0.0070588234812021255, 0.0, 0.0, 0.0
vb0[349]+088 TEXCOORD1: -0.3010897636413574, 0.0

vb0[350]+000 POSITION: 0.08307178318500519, 0.024067038670182228, 1.5696152448654175
vb0[350]+012 NORMAL: -0.3060036897659302, -0.436387836933136, -0.8461248874664307
vb0[350]+024 TANGENT: 1.0, 0.0, 0.0, -1.0
vb0[350]+040 BLENDWEIGHTS: 1.0, 0.0, 0.0, 0.0
vb0[350]+056 BLENDINDICES: 1, 0, 0, 0
vb0[350]+072 COLOR: 0.00800000037997961, 0.0, 0.0, 0.0
vb0[350]+088 TEXCOORD1: -0.30600374937057495, 0.0

vb0[351]+000 POSITION: 0.0830148309469223, 0.017280368134379387, 1.55286705493927
vb0[351]+012 NORMAL: -0.3062136173248291, -0.43835583329200745, -0.8450309634208679
vb0[351]+024 TANGENT: 1.0, 0.0, 0.0, -1.0
vb0[351]+040 BLENDWEIGHTS: 0.8500000238418579, 0.14411763846874237, 0.005882352124899626, 0.0
vb0[351]+056 BLENDINDICES: 1, 9, 10, 0
vb0[351]+072 COLOR: 0.00925490166991949, 0.0, 0.0, 0.0
vb0[351]+088 TEXCOORD1: -0.3062136173248291, 0.0

vb0[352]+000 POSITION: 0.08169801533222198, 0.02299358882009983, 1.5530108213424683
vb0[352]+012 NORMAL: -0.3004611134529114, -0.5737040042877197, -0.7619624733924866
vb0[352]+024 TANGENT: 1.0, 0.0, 0.0, -1.0
vb0[352]+040 BLENDWEIGHTS: 0.8999999761581421, 0.09607846289873123, 0.003921569790691137, 0.0
vb0[352]+056 BLENDINDICES: 1, 9, 10, 0
vb0[352]+072 COLOR: 0.00925490166991949, 0.0, 0.0, 0.0
vb0[352]+088 TEXCOORD1: -0.3004611134529114, -2.9802322387695312e-08

vb0[353]+000 POSITION: 0.0820934846997261, 0.02666342258453369, 1.5529284477233887
vb0[353]+012 NORMAL: -0.22708134353160858, -0.7107998728752136, -0.6657308340072632
vb0[353]+024 TANGENT: 1.0, 0.0, 0.0, -1.0
vb0[353]+040 BLENDWEIGHTS: 1.0, 0.0, 0.0, 0.0
vb0[353]+056 BLENDINDICES: 1, 0, 0, 0
vb0[353]+072 COLOR: 0.00925490166991949, 0.0, 0.0, 0.0
vb0[353]+088 TEXCOORD1: -0.22708135843276978, 0.0

vb0[354]+000 POSITION: 0.07372205704450607, 0.031214885413646698, 1.5529512166976929
vb0[354]+012 NORMAL: -0.3010897636413574, -0.5717637538909912, -0.7631718516349792
vb0[354]+024 TANGENT: 1.0, 0.0, 0.0, -1.0
vb0[354]+040 BLENDWEIGHTS: 1.0, 0.0, 0.0, 0.0
vb0[354]+056 BLENDINDICES: 1, 0, 0, 0
vb0[354]+072 COLOR: 0.00925490166991949, 0.0, 0.0, 0.0
vb0[354]+088 TEXCOORD1: -0.3010897636413574, 0.0

vb0[355]+000 POSITION: 0.08087995648384094, 0.017424367368221283, 1.537400484085083
vb0[355]+012 NORMAL: -0.3004611134529114, -0.5737040042877197, -0.7619624733924866
vb0[355]+024 TANGENT: 1.0, 0.0, 0.0, -1.0
vb0[355]+040 BLENDWEIGHTS: 0.5969544053077698, 0.2988429367542267, 0.10420266538858414, 0.0
vb0[355]+056 BLENDINDICES: 9, 1, 10, 0
vb0[355]+072 COLOR: 0.01035294122993946, 0.0, 0.0, 0.0
vb0[355]+088 TEXCOORD1: -0.3004611134529114, -2.9802322387695312e-08

vb0[356]+000 POSITION: 0.07913397252559662, 0.022184763103723526, 1.536995768547058
vb0[356]+012 NORMAL: -0.22590990364551544, -0.7118731737136841, -0.6649821996688843
vb0[356]+024 TANGENT: 1.0, 0.0, 0.0, -1.0
vb0[356]+040 BLENDWEIGHTS: 0.5842328667640686, 0.3137850761413574, 0.10198202729225159, 0.0
vb0[356]+056 BLENDINDICES: 9, 1, 10, 0
vb0[356]+072 COLOR: 0.01035294122993946, 0.0, 0.0, 0.0
vb0[356]+088 TEXCOORD1: -0.22590988874435425, 0.0

vb0[357]+000 POSITION: 0.07973704487085342, 0.027786297723650932, 1.5366801023483276
vb0[357]+012 NORMAL: -0.11793124675750732, -0.7955028414726257, -0.5943629741668701
vb0[357]+024 TANGENT: 1.0, 0.0, 0.0, -1.0
vb0[357]+040 BLENDWEIGHTS: 0.5543851852416992, 0.348842978477478, 0.09677189588546753, 0.0
vb0[357]+056 BLENDINDICES: 9, 1, 10, 0
vb0[357]+072 COLOR: 0.01035294122993946, 0.0, 0.0, 0.0
vb0[357]+088 TEXCOORD1: -0.11793125420808792, 0.0

vb0[358]+000 POSITION: 0.07142841070890427, 0.03125923126935959, 1.5364681482315063
vb0[358]+012 NORMAL: -0.11229455471038818, -0.7982137799263, -0.5918147563934326
vb0[358]+024 TANGENT: 1.0, 0.0, 0.0, -1.0
vb0[358]+040 BLENDWEIGHTS: 0.5543851852416992, 0.348842978477478, 0.09677189588546753, 0.0
vb0[358]+056 BLENDINDICES: 9, 1, 10, 0
vb0[358]+072 COLOR: 0.01035294122993946, 0.0, 0.0, 0.0
vb0[358]+088 TEXCOORD1: -0.11229455471038818, -2.9802322387695312e-08

vb0[359]+000 POSITION: 0.07829578220844269, 0.01738949678838253, 1.523232102394104
vb0[359]+012 NORMAL: 0.3427533209323883, -0.11724771559238434, -0.9320799708366394
vb0[359]+024 TANGENT: 1.0, 0.0, 0.0, -1.0
vb0[359]+040 BLENDWEIGHTS: 0.594270646572113, 0.3199918866157532, 0.08573748916387558, 0.0
vb0[359]+056 BLENDINDICES: 9, 10, 1, 0
vb0[359]+072 COLOR: 0.011294118128716946, 0.0, 0.0, 0.0
vb0[359]+088 TEXCOORD1: 0.3427533507347107, -7.450580596923828e-09

vb0[360]+000 POSITION: 0.07390455156564713, 0.016432346776127815, 1.5079988241195679
vb0[360]+012 NORMAL: -0.3395310342311859, 0.9332824945449829, 0.11705765128135681
vb0[360]+024 TANGENT: 1.0, 0.0, 0.0, -1.0
vb0[360]+040 BLENDWEIGHTS: 0.6370000243186951, 0.34299996495246887, 0.019999999552965164, 0.0
vb0[360]+056 BLENDINDICES: 10, 9, 12, 0
vb0[360]+072 COLOR: 0.012392156757414341, 0.0, 0.0, 0.0
vb0[360]+088 TEXCOORD1: -0.3395310342311859, 0.0

vb0[361]+000 POSITION: 0.06590349227190018, -0.001489534741267562, 1.5094099044799805
vb0[361]+012 NORMAL: -0.032238565385341644, -0.8325647711753845, -0.5529888272285461
vb0[361]+024 TANGENT: 1.0, 0.0, 0.0, -1.0
vb0[361]+040 BLENDWEIGHTS: 0.6370000243186951, 0.34299996495246887, 0.019999999552965164, 0.0
vb0[361]+056 BLENDINDICES: 10, 9, 12, 0
vb0[361]+072 COLOR: 0.012235294096171856, 0.0, 0.0, 0.0
vb0[361]+088 TEXCOORD1: -0.032238565385341644, -2.9802322387695312e-08

vb0[362]+000 POSITION: 0.061801422387361526, -0.011611317284405231, 1.5100862979888916
vb0[362]+012 NORMAL: -0.42471879720687866, 0.892727255821228, -0.15050601959228516
vb0[362]+024 TANGENT: 1.0, 0.0, 0.0, -1.0
vb0[362]+040 BLENDWEIGHTS: 0.6370000243186951, 0.34299996495246887, 0.019999999552965164, 0.0
vb0[362]+056 BLENDINDICES: 10, 9, 12, 0
vb0[362]+072 COLOR: 0.012078431434929371, 0.0, 0.0, 0.0
vb0[362]+088 TEXCOORD1: -0.42471879720687866, 1.4901161193847656e-08

vb0[363]+000 POSITION: 0.06179491803050041, -0.0023974895011633635, 1.4936054944992065
vb0[363]+012 NORMAL: -0.3446929454803467, 0.9324721693992615, 0.10808561742305756
vb0[363]+024 TANGENT: 1.0, 0.0, 0.0, -1.0
vb0[363]+040 BLENDWEIGHTS: 0.7711318135261536, 0.14403106272220612, 0.08483715355396271, 0.0
vb0[363]+056 BLENDINDICES: 10, 9, 12, 0
vb0[363]+072 COLOR: 0.013333333656191826, 0.0, 0.0, 0.0
vb0[363]+088 TEXCOORD1: -0.3446929454803467, 0.0

vb0[364]+000 POSITION: 0.06804739683866501, 0.014578982256352901, 1.4912409782409668
vb0[364]+012 NORMAL: -0.42501890659332275, 0.8921769261360168, -0.15290260314941406
vb0[364]+024 TANGENT: 1.0, 0.0, 0.0, -1.0
vb0[364]+040 BLENDWEIGHTS: 0.7711318135261536, 0.14403106272220612, 0.08483715355396271, 0.0
vb0[364]+056 BLENDINDICES: 10, 9, 12, 0
vb0[364]+072 COLOR: 0.013490196317434311, 0.0, 0.0, 0.0
vb0[364]+088 TEXCOORD1: -0.42501890659332275, 0.0

vb0[365]+000 POSITION: 0.059892453253269196, -0.0034722613636404276, 1.4940185546875
vb0[365]+012 NORMAL: -0.17840658128261566, 0.9315272569656372, 0.3169037997722626
vb0[365]+024 TANGENT: 1.0, 0.0, 0.0, -1.0
vb0[365]+040 BLENDWEIGHTS: 0.7711318135261536, 0.14403106272220612, 0.08483715355396271, 0.0
vb0[365]+056 BLENDINDICES: 10, 9, 12, 0
vb0[365]+072 COLOR: 0.013333333656191826, 0.0, 0.0, 0.0
vb0[365]+088 TEXCOORD1: -0.17840658128261566, 0.0

vb0[366]+000 POSITION: 0.05773276090621948, -0.010506195947527885, 1.4948492050170898
vb0[366]+012 NORMAL: -0.3395310342311859, 0.9332824945449829, 0.11705765128135681
vb0[366]+024 TANGENT: 1.0, 0.0, 0.0, -1.0
vb0[366]+040 BLENDWEIGHTS: 0.7711318135261536, 0.14403106272220612, 0.08483715355396271, 0.0
vb0[366]+056 BLENDINDICES: 10, 9, 12, 0
vb0[366]+072 COLOR: 0.01317647099494934, 0.0, 0.0, 0.0
vb0[366]+088 TEXCOORD1: -0.3395310342311859, 0.0

vb0[367]+000 POSITION: 0.06972110271453857, 0.020359467715024948, 1.507893443107605
vb0[367]+012 NORMAL: -0.17753614485263824, 0.9315544962882996, 0.317312628030777
vb0[367]+024 TANGENT: 1.0, 0.0, 0.0, -1.0
vb0[367]+040 BLENDWEIGHTS: 0.6198883652687073, 0.3337859511375427, 0.046325743198394775, 0.0
vb0[367]+056 BLENDINDICES: 10, 9, 13, 0
vb0[367]+072 COLOR: 0.012392156757414341, 0.0, 0.0, 0.0
vb0[367]+088 TEXCOORD1: -0.17753612995147705, 0.0

vb0[368]+000 POSITION: 0.06086871027946472, 0.01855732873082161, 1.491235613822937
vb0[368]+012 NORMAL: -0.17753614485263824, 0.9315544962882996, 0.317312628030777
vb0[368]+024 TANGENT: 1.0, 0.0, 0.0, -1.0
vb0[368]+040 BLENDWEIGHTS: 0.5603784322738647, 0.2957974374294281, 0.10441125184297562, 0.03941286727786064
vb0[368]+056 BLENDINDICES: 10, 13, 9, 12
vb0[368]+072 COLOR: 0.013490196317434311, 0.0, 0.0, 0.0
vb0[368]+088 TEXCOORD1: -0.17753612995147705, 0.0

vb0[369]+000 POSITION: 0.05834268406033516, -0.0032619903795421124, 1.482066035270691
vb0[369]+012 NORMAL: 0.027067793533205986, 0.9107317328453064, 0.41211041808128357
vb0[369]+024 TANGENT: 1.0, 0.0, 0.0, -1.0
vb0[369]+040 BLENDWEIGHTS: 0.7238124012947083, 0.2412707507610321, 0.03491685539484024, 0.0
vb0[369]+056 BLENDINDICES: 10, 12, 9, 0
vb0[369]+072 COLOR: 0.014117646962404251, 0.0, 0.0, 0.0
vb0[369]+088 TEXCOORD1: 0.027067797258496284, 0.0

vb0[370]+000 POSITION: 0.062091004103422165, 0.011408986523747444, 1.479055404663086
vb0[370]+012 NORMAL: -0.17840658128261566, 0.9315272569656372, 0.3169037997722626
vb0[370]+024 TANGENT: 1.0, 0.0, 0.0, -1.0
vb0[370]+040 BLENDWEIGHTS: 0.7238124012947083, 0.2412707507610321, 0.03491685539484024, 0.0
vb0[370]+056 BLENDINDICES: 10, 12, 9, 0
vb0[370]+072 COLOR: 0.014431372284889221, 0.0, 0.0, 0.0
vb0[370]+088 TEXCOORD1: -0.17840658128261566, 0.0

vb0[371]+000 POSITION: 0.05489961430430412, -0.0048361970111727715, 1.483422040939331
vb0[371]+012 NORMAL: 0.026751089841127396, 0.9108194708824158, 0.41193729639053345
vb0[371]+024 TANGENT: 1.0, 0.0, 0.0, -1.0
vb0[371]+040 BLENDWEIGHTS: 0.7238124012947083, 0.2412707507610321, 0.03491685539484024, 0.0
vb0[371]+056 BLENDINDICES: 10, 12, 9, 0
vb0[371]+072 COLOR: 0.013960784301161766, 0.0, 0.0, 0.0
vb0[371]+088 TEXCOORD1: 0.026751089841127396, 2.9802322387695312e-08

vb0[372]+000 POSITION: 0.04884950444102287, -0.006309852469712496, 1.4740869998931885
vb0[372]+012 NORMAL: 0.2202412635087967, 0.8331559896469116, 0.5072917342185974
vb0[372]+024 TANGENT: 1.0, 0.0, 0.0, -1.0
vb0[372]+040 BLENDWEIGHTS: 0.5, 0.5, 0.0, 0.0
vb0[372]+056 BLENDINDICES: 10, 12, 0, 0
vb0[372]+072 COLOR: 0.014745097607374191, 0.0, 0.0, 0.0
vb0[372]+088 TEXCOORD1: 0.2202412635087967, 2.9802322387695312e-08

vb0[373]+000 POSITION: 0.052956562489271164, -0.005053109955042601, 1.4717282056808472
vb0[373]+012 NORMAL: 0.026751089841127396, 0.9108194708824158, 0.41193729639053345
vb0[373]+024 TANGENT: 1.0, 0.0, 0.0, -1.0
vb0[373]+040 BLENDWEIGHTS: 0.5, 0.5, 0.0, 0.0
vb0[373]+056 BLENDINDICES: 10, 12, 0, 0
vb0[373]+072 COLOR: 0.014901961199939251, 0.0, 0.0, 0.0
vb0[373]+088 TEXCOORD1: 0.026751089841127396, 2.9802322387695312e-08

vb0[374]+000 POSITION: 0.05667320266366005, 0.00776739651337266, 1.4705750942230225
vb0[374]+012 NORMAL: 0.027067793533205986, 0.9107317328453064, 0.41211041808128357
vb0[374]+024 TANGENT: 1.0, 0.0, 0.0, -1.0
vb0[374]+040 BLENDWEIGHTS: 0.6141250133514404, 0.38587498664855957, 0.0, 0.0
vb0[374]+056 BLENDINDICES: 10, 12, 0, 0
vb0[374]+072 COLOR: 0.015058823861181736, 0.0, 0.0, 0.0
vb0[374]+088 TEXCOORD1: 0.027067797258496284, 0.0

vb0[375]+000 POSITION: 0.05175677314400673, 0.0044928002171218395, 1.464690923690796
vb0[375]+012 NORMAL: 0.5090401768684387, 0.844226598739624, 0.16780756413936615
vb0[375]+024 TANGENT: 1.0, 0.0, 0.0, -1.0
vb0[375]+040 BLENDWEIGHTS: 0.5, 0.5, 0.0, 0.0
vb0[375]+056 BLENDINDICES: 10, 12, 0, 0
vb0[375]+072 COLOR: 0.015372549183666706, 0.0, 0.0, 0.0
vb0[375]+088 TEXCOORD1: 0.5090402960777283, 0.0

vb0[376]+000 POSITION: 0.04780946671962738, -0.0068023488856852055, 1.465171456336975
vb0[376]+012 NORMAL: 0.2463972270488739, 0.8087198734283447, 0.5340978503227234
vb0[376]+024 TANGENT: 1.0, 0.0, 0.0, -1.0
vb0[376]+040 BLENDWEIGHTS: 0.6000000238418579, 0.3999999761581421, 0.0, 0.0
vb0[376]+056 BLENDINDICES: 12, 10, 0, 0
vb0[376]+072 COLOR: 0.015372549183666706, 0.0, 0.0, 0.0
vb0[376]+088 TEXCOORD1: 0.2463972270488739, -2.9802322387695312e-08

vb0[377]+000 POSITION: 0.046010151505470276, 0.00031071185367181897, 1.4600393772125244
vb0[377]+012 NORMAL: 0.048945989459753036, 0.8473423719406128, 0.5287866592407227
vb0[377]+024 TANGENT: 1.0, 0.0, 0.0, -1.0
vb0[377]+040 BLENDWEIGHTS: 0.6000000238418579, 0.3999999761581421, 0.0, 0.0
vb0[377]+056 BLENDINDICES: 12, 10, 0, 0
vb0[377]+072 COLOR: 0.0156862735748291, 0.0, 0.0, 0.0
vb0[377]+088 TEXCOORD1: 0.048945989459753036, -2.9802322387695312e-08

vb0[378]+000 POSITION: 0.04168401658535004, -0.009336228482425213, 1.4604668617248535
vb0[378]+012 NORMAL: 0.3862704932689667, 0.9168615341186523, 0.10079704225063324
vb0[378]+024 TANGENT: 1.0, 0.0, 0.0, -1.0
vb0[378]+040 BLENDWEIGHTS: 0.7000000476837158, 0.2999999523162842, 0.0, 0.0
vb0[378]+056 BLENDINDICES: 12, 10, 0, 0
vb0[378]+072 COLOR: 0.0156862735748291, 0.0, 0.0, 0.0
vb0[378]+088 TEXCOORD1: 0.38627052307128906, 0.0

vb0[379]+000 POSITION: 0.039890460669994354, -0.004277389030903578, 1.4567605257034302
vb0[379]+012 NORMAL: 0.2463972270488739, 0.8087198734283447, 0.5340978503227234
vb0[379]+024 TANGENT: 1.0, 0.0, 0.0, -1.0
vb0[379]+040 BLENDWEIGHTS: 0.7000000476837158, 0.2999999523162842, 0.0, 0.0
vb0[379]+056 BLENDINDICES: 12, 10, 0, 0
vb0[379]+072 COLOR: 0.015843136236071587, 0.0, 0.0, 0.0
vb0[379]+088 TEXCOORD1: 0.2463972270488739, -2.9802322387695312e-08

vb0[380]+000 POSITION: 0.036379411816596985, -0.011514210142195225, 1.4573774337768555
vb0[380]+012 NORMAL: -0.13559351861476898, 0.5181623697280884, 0.8444656133651733
vb0[380]+024 TANGENT: 1.0, 0.0, 0.0, -1.0
vb0[380]+040 BLENDWEIGHTS: 0.7950000166893005, 0.20499999821186066, 0.0, 0.0
vb0[380]+056 BLENDINDICES: 12, 10, 0, 0
vb0[380]+072 COLOR: 0.015843136236071587, 0.0, 0.0, 0.0
vb0[380]+088 TEXCOORD1: -0.13559351861476898, 2.9802322387695312e-08

vb0[381]+000 POSITION: 0.035132210701704025, -0.008039326407015324, 1.4548691511154175
vb0[381]+012 NORMAL: -0.2574690282344818, 0.5581331849098206, 0.788794755935669
vb0[381]+024 TANGENT: 1.0, 0.0, 0.0, -1.0
vb0[381]+040 BLENDWEIGHTS: 0.7950000166893005, 0.20499999821186066, 0.0, 0.0
vb0[381]+056 BLENDINDICES: 12, 10, 0, 0
vb0[381]+072 COLOR: 0.01600000075995922, 0.0, 0.0, 0.0
vb0[381]+088 TEXCOORD1: -0.2574690282344818, -2.9802322387695312e-08

vb0[382]+000 POSITION: 0.033238962292671204, -0.012689914554357529, 1.4559926986694336
vb0[382]+012 NORMAL: 0.048945989459753036, 0.8473423719406128, 0.5287866592407227
vb0[382]+024 TANGENT: 1.0, 0.0, 0.0, -1.0
vb0[382]+040 BLENDWEIGHTS: 0.864625096321106, 0.13537491858005524, 0.0, 0.0
vb0[382]+056 BLENDINDICES: 12, 10, 0, 0
vb0[382]+072 COLOR: 0.015843136236071587, 0.0, 0.0, 0.0
vb0[382]+088 TEXCOORD1: 0.048945989459753036, -2.9802322387695312e-08

vb0[383]+000 POSITION: 0.03236665949225426, -0.01034762803465128, 1.4542075395584106
vb0[383]+012 NORMAL: 0.29119426012039185, -0.008965143002569675, -0.9566218852996826
vb0[383]+024 TANGENT: 1.0, 0.0, 0.0, -1.0
vb0[383]+040 BLENDWEIGHTS: 0.864625096321106, 0.13537491858005524, 0.0, 0.0
vb0[383]+056 BLENDINDICES: 12, 10, 0, 0
vb0[383]+072 COLOR: 0.01600000075995922, 0.0, 0.0, 0.0
vb0[383]+088 TEXCOORD1: 0.29119428992271423, 9.313225746154785e-10

vb0[384]+000 POSITION: 0.02990710362792015, -0.013657192699611187, 1.4547879695892334
vb0[384]+012 NORMAL: 0.4716796576976776, 0.4170735776424408, 0.7768964171409607
vb0[384]+024 TANGENT: 1.0, 0.0, 0.0, -1.0
vb0[384]+040 BLENDWEIGHTS: 0.9536949992179871, 0.04630499333143234, 0.0, 0.0
vb0[384]+056 BLENDINDICES: 12, 10, 0, 0
vb0[384]+072 COLOR: 0.01600000075995922, 0.0, 0.0, 0.0
vb0[384]+088 TEXCOORD1: 0.4716796576976776, 0.0

vb0[385]+000 POSITION: 0.029523970559239388, -0.012875856831669807, 1.4541655778884888
vb0[385]+012 NORMAL: -0.11793124675750732, -0.7955028414726257, -0.5943629741668701
vb0[385]+024 TANGENT: 1.0, 0.0, 0.0, -1.0
vb0[385]+040 BLENDWEIGHTS: 0.9536949992179871, 0.04630499333143234, 0.0, 0.0
vb0[385]+056 BLENDINDICES: 12, 10, 0, 0
vb0[385]+072 COLOR: 0.01600000075995922, 0.0, 0.0, 0.0
vb0[385]+088 TEXCOORD1: -0.11793125420808792, 0.0

vb0[386]+000 POSITION: 0.03062153421342373, -0.011806711554527283, 1.454031229019165
vb0[386]+012 NORMAL: 0.7717692255973816, -0.5708061456680298, 0.28027260303497314
vb0[386]+024 TANGENT: 1.0, 0.0, 0.0, -1.0
vb0[386]+040 BLENDWEIGHTS: 0.9102235436439514, 0.08977647870779037, 0.0, 0.0
vb0[386]+056 BLENDINDICES: 12, 10, 0, 0
vb0[386]+072 COLOR: 0.01600000075995922, 0.0, 0.0, 0.0
vb0[386]+088 TEXCOORD1: 0.7717691659927368, 0.0

vb0[387]+000 POSITION: 0.03135698288679123, -0.013303183950483799, 1.4552415609359741
vb0[387]+012 NORMAL: 0.9142298102378845, -0.3923886716365814, 0.10106953978538513
vb0[387]+024 TANGENT: 1.0, 0.0, 0.0, -1.0
vb0[387]+040 BLENDWEIGHTS: 0.9102235436439514, 0.08977647870779037, 0.0, 0.0
vb0[387]+056 BLENDINDICES: 12, 10, 0, 0
vb0[387]+072 COLOR: 0.01600000075995922, 0.0, 0.0, 0.0
vb0[387]+088 TEXCOORD1: 0.9142298102378845, 0.0

vb0[388]+000 POSITION: 0.02875184640288353, -0.013868365436792374, 1.4545159339904785
vb0[388]+012 NORMAL: -0.22708134353160858, -0.7107998728752136, -0.6657308340072632
vb0[388]+024 TANGENT: 1.0, 0.0, 0.0, -1.0
vb0[388]+040 BLENDWEIGHTS: 1.0, 0.0, 0.0, 0.0
vb0[388]+056 BLENDINDICES: 12, 0, 0, 0
vb0[388]+072 COLOR: 0.01600000075995922, 0.0, 0.0, 0.0
vb0[388]+088 TEXCOORD1: -0.6775476336479187, -0.4906576871871948

vb0[389]+000 POSITION: 0.04391328617930412, -0.007266254164278507, 1.467922329902649
vb0[389]+012 NORMAL: -0.18892721831798553, -0.931535542011261, -0.3107216954231262
vb0[389]+024 TANGENT: 1.0, 0.0, 0.0, -1.0
vb0[389]+040 BLENDWEIGHTS: 0.6000000238418579, 0.3999999761581421, 0.0, 0.0
vb0[389]+056 BLENDINDICES: 12, 10, 0, 0
vb0[389]+072 COLOR: 0.015058823861181736, 0.0, 0.0, 0.0
vb0[389]+088 TEXCOORD1: -0.18892721831798553, 0.0

vb0[390]+000 POSITION: 0.03927303105592728, -0.009163818322122097, 1.4626399278640747
vb0[390]+012 NORMAL: -0.22590990364551544, -0.7118731737136841, -0.6649821996688843
vb0[390]+024 TANGENT: 1.0, 0.0, 0.0, -1.0
vb0[390]+040 BLENDWEIGHTS: 0.7000000476837158, 0.2999999523162842, 0.0, 0.0
vb0[390]+056 BLENDINDICES: 12, 10, 0, 0
vb0[390]+072 COLOR: 0.015529411844909191, 0.0, 0.0, 0.0
vb0[390]+088 TEXCOORD1: -0.22590988874435425, 0.0

vb0[391]+000 POSITION: 0.03515749052166939, -0.010978960432112217, 1.45883047580719
vb0[391]+012 NORMAL: -0.11229455471038818, -0.7982137799263, -0.5918147563934326
vb0[391]+024 TANGENT: 1.0, 0.0, 0.0, -1.0
vb0[391]+040 BLENDWEIGHTS: 0.7950000166893005, 0.20499999821186066, 0.0, 0.0
vb0[391]+056 BLENDINDICES: 12, 10, 0, 0
vb0[391]+072 COLOR: 0.0156862735748291, 0.0, 0.0, 0.0
vb0[391]+088 TEXCOORD1: -0.11229455471038818, -2.9802322387695312e-08

vb0[392]+000 POSITION: 0.0326559878885746, -0.012095456011593342, 1.457000970840454
vb0[392]+012 NORMAL: 0.13331027328968048, 0.21304097771644592, 0.9679059982299805
vb0[392]+024 TANGENT: 1.0, 0.0, 0.0, -1.0
vb0[392]+040 BLENDWEIGHTS: 0.864625096321106, 0.13537491858005524, 0.0, 0.0
vb0[392]+056 BLENDINDICES: 12, 10, 0, 0
vb0[392]+072 COLOR: 0.015843136236071587, 0.0, 0.0, 0.0
vb0[392]+088 TEXCOORD1: 0.1333102583885193, 0.0

vb0[393]+000 POSITION: 0.029779989272356033, -0.013348221778869629, 1.455167531967163
vb0[393]+012 NORMAL: 0.4019790291786194, 0.5664917230606079, 0.7193747162818909
vb0[393]+024 TANGENT: 1.0, 0.0, 0.0, -1.0
vb0[393]+040 BLENDWEIGHTS: 0.9536949992179871, 0.04630499333143234, 0.0, 0.0
vb0[393]+056 BLENDINDICES: 12, 10, 0, 0
vb0[393]+072 COLOR: 0.01600000075995922, 0.0, 0.0, 0.0
vb0[393]+088 TEXCOORD1: 0.4019790589809418, 2.9802322387695312e-08

vb0[394]+000 POSITION: 0.03097810409963131, -0.012814859859645367, 1.4558967351913452
vb0[394]+012 NORMAL: 0.8206061124801636, -0.548973798751831, 0.15885058045387268
vb0[394]+024 TANGENT: 1.0, 0.0, 0.0, -1.0
vb0[394]+040 BLENDWEIGHTS: 0.9102235436439514, 0.08977647870779037, 0.0, 0.0
vb0[394]+056 BLENDINDICES: 12, 10, 0, 0
vb0[394]+072 COLOR: 0.015843136236071587, 0.0, 0.0, 0.0
vb0[394]+088 TEXCOORD1: 0.8206060528755188, -1.4901161193847656e-08

vb0[395]+000 POSITION: 0.053608186542987823, -0.01086192112416029, 1.4841444492340088
vb0[395]+012 NORMAL: -0.545963704586029, -0.1896408051252365, 0.816063642501831
vb0[395]+024 TANGENT: 1.0, 0.0, 0.0, -1.0
vb0[395]+040 BLENDWEIGHTS: 0.7238124012947083, 0.2412707507610321, 0.03491685539484024, 0.0
vb0[395]+056 BLENDINDICES: 10, 12, 9, 0
vb0[395]+072 COLOR: 0.013960784301161766, 0.0, 0.0, 0.0
vb0[395]+088 TEXCOORD1: -0.5459637641906738, 0.0

vb0[396]+000 POSITION: 0.04927491024136543, -0.012295536696910858, 1.4756748676300049
vb0[396]+012 NORMAL: 0.024617059156298637, 0.34842389822006226, -0.9370137453079224
vb0[396]+024 TANGENT: 1.0, 0.0, 0.0, -1.0
vb0[396]+040 BLENDWEIGHTS: 0.5, 0.5, 0.0, 0.0
vb0[396]+056 BLENDINDICES: 10, 12, 0, 0
vb0[396]+072 COLOR: 0.014588234946131706, 0.0, 0.0, 0.0
vb0[396]+088 TEXCOORD1: 0.024617061018943787, 0.0

vb0[397]+000 POSITION: 0.044978655874729156, -0.014368266798555851, 1.4689840078353882
vb0[397]+012 NORMAL: 0.15345649421215057, 0.20109912753105164, -0.9674761891365051
vb0[397]+024 TANGENT: 1.0, 0.0, 0.0, -1.0
vb0[397]+040 BLENDWEIGHTS: 0.6000000238418579, 0.3999999761581421, 0.0, 0.0
vb0[397]+056 BLENDINDICES: 12, 10, 0, 0
vb0[397]+072 COLOR: 0.015058823861181736, 0.0, 0.0, 0.0
vb0[397]+088 TEXCOORD1: 0.15345649421215057, 0.0

vb0[398]+000 POSITION: 0.044166889041662216, -0.01014768611639738, 1.4678478240966797
vb0[398]+012 NORMAL: 0.005321595352143049, 0.32459700107574463, 0.9458373785018921
vb0[398]+024 TANGENT: 1.0, 0.0, 0.0, -1.0
vb0[398]+040 BLENDWEIGHTS: 0.6000000238418579, 0.3999999761581421, 0.0, 0.0
vb0[398]+056 BLENDINDICES: 12, 10, 0, 0
vb0[398]+072 COLOR: 0.015058823861181736, 0.0, 0.0, 0.0
vb0[398]+088 TEXCOORD1: 0.005321595352143049, 2.9802322387695312e-08

vb0[399]+000 POSITION: 0.04094850271940231, -0.016358632594347, 1.4641371965408325
vb0[399]+012 NORMAL: 0.9680320024490356, -0.20610444247722626, 0.1429508477449417
vb0[399]+024 TANGENT: 1.0, 0.0, 0.0, -1.0
vb0[399]+040 BLENDWEIGHTS: 0.7000000476837158, 0.2999999523162842, 0.0, 0.0
vb0[399]+056 BLENDINDICES: 12, 10, 0, 0
vb0[399]+072 COLOR: 0.015372549183666706, 0.0, 0.0, 0.0
vb0[399]+088 TEXCOORD1: 0.9680320620536804, 0.0

vb0[400]+000 POSITION: 0.03989362716674805, -0.013684253208339214, 1.4636082649230957
vb0[400]+012 NORMAL: 0.13331027328968048, 0.21304097771644592, 0.9679059982299805
vb0[400]+024 TANGENT: 1.0, 0.0, 0.0, -1.0
vb0[400]+040 BLENDWEIGHTS: 0.7000000476837158, 0.2999999523162842, 0.0, 0.0
vb0[400]+056 BLENDINDICES: 12, 10, 0, 0
vb0[400]+072 COLOR: 0.015372549183666706, 0.0, 0.0, 0.0
vb0[400]+088 TEXCOORD1: 0.1333102583885193, 0.0

vb0[401]+000 POSITION: 0.037739962339401245, -0.017944984138011932, 1.4617594480514526
vb0[401]+012 NORMAL: 0.9964726567268372, -0.05071178823709488, 0.06686218827962875
vb0[401]+024 TANGENT: 1.0, 0.0, 0.0, -1.0
vb0[401]+040 BLENDWEIGHTS: 0.7950000166893005, 0.20499999821186066, 0.0, 0.0
vb0[401]+056 BLENDINDICES: 12, 10, 0, 0
vb0[401]+072 COLOR: 0.015529411844909191, 0.0, 0.0, 0.0
vb0[401]+088 TEXCOORD1: 0.9964726567268372, 0.0

vb0[402]+000 POSITION: 0.03674289584159851, -0.01615103706717491, 1.4615486860275269
vb0[402]+012 NORMAL: 0.13331027328968048, 0.21304097771644592, 0.9679059982299805
vb0[402]+024 TANGENT: 1.0, 0.0, 0.0, -1.0
vb0[402]+040 BLENDWEIGHTS: 0.7950000166893005, 0.20499999821186066, 0.0, 0.0
vb0[402]+056 BLENDINDICES: 12, 10, 0, 0
vb0[402]+072 COLOR: 0.015529411844909191, 0.0, 0.0, 0.0
vb0[402]+088 TEXCOORD1: 0.1333102583885193, 0.0

vb0[403]+000 POSITION: 0.033763911575078964, -0.018890848383307457, 1.4601202011108398
vb0[403]+012 NORMAL: 0.9335240721702576, 0.34628552198410034, -0.09283976256847382
vb0[403]+024 TANGENT: 1.0, 0.0, 0.0, -1.0
vb0[403]+040 BLENDWEIGHTS: 0.9102235436439514, 0.08977647870779037, 0.0, 0.0
vb0[403]+056 BLENDINDICES: 12, 10, 0, 0
vb0[403]+072 COLOR: 0.015529411844909191, 0.0, 0.0, 0.0
vb0[403]+088 TEXCOORD1: 0.9335240721702576, -7.450580596923828e-09

vb0[404]+000 POSITION: 0.03490440174937248, -0.017784738913178444, 1.4605741500854492
vb0[404]+012 NORMAL: 0.8048022389411926, -0.3824729025363922, 0.4538808763027191
vb0[404]+024 TANGENT: 1.0, 0.0, 0.0, -1.0
vb0[404]+040 BLENDWEIGHTS: 0.8600000143051147, 0.14000000059604645, 0.0, 0.0
vb0[404]+056 BLENDINDICES: 12, 10, 0, 0
vb0[404]+072 COLOR: 0.015529411844909191, 0.0, 0.0, 0.0
vb0[404]+088 TEXCOORD1: 0.8048022389411926, -2.9802322387695312e-08

vb0[405]+000 POSITION: 0.03566068410873413, -0.018983496353030205, 1.4606667757034302
vb0[405]+012 NORMAL: 0.7527559995651245, -0.5527087450027466, 0.35759133100509644
vb0[405]+024 TANGENT: 1.0, 0.0, 0.0, -1.0
vb0[405]+040 BLENDWEIGHTS: 0.8600000143051147, 0.14000000059604645, 0.0, 0.0
vb0[405]+056 BLENDINDICES: 12, 10, 0, 0
vb0[405]+072 COLOR: 0.015529411844909191, 0.0, 0.0, 0.0
vb0[405]+088 TEXCOORD1: 0.7527559995651245, 0.0

vb0[406]+000 POSITION: 0.03428608924150467, -0.01972329616546631, 1.4601560831069946
vb0[406]+012 NORMAL: 0.9897140264511108, -0.13728412985801697, 0.04024108871817589
vb0[406]+024 TANGENT: 1.0, 0.0, 0.0, -1.0
vb0[406]+040 BLENDWEIGHTS: 0.9102235436439514, 0.08977647870779037, 0.0, 0.0
vb0[406]+056 BLENDINDICES: 12, 10, 0, 0
vb0[406]+072 COLOR: 0.015529411844909191, 0.0, 0.0, 0.0
vb0[406]+088 TEXCOORD1: 0.9897139668464661, 0.0

vb0[407]+000 POSITION: 0.03312375769019127, -0.02041817083954811, 1.4599545001983643
vb0[407]+012 NORMAL: 0.9142298102378845, -0.3923886716365814, 0.10106953978538513
vb0[407]+024 TANGENT: 1.0, 0.0, 0.0, -1.0
vb0[407]+040 BLENDWEIGHTS: 0.9513797760009766, 0.04862024262547493, 0.0, 0.0
vb0[407]+056 BLENDINDICES: 12, 10, 0, 0
vb0[407]+072 COLOR: 0.0156862735748291, 0.0, 0.0, 0.0
vb0[407]+088 TEXCOORD1: 0.9142298102378845, 0.0

vb0[408]+000 POSITION: 0.03272216022014618, -0.02002776600420475, 1.4599239826202393
vb0[408]+012 NORMAL: 0.9335240721702576, 0.34628552198410034, -0.09283976256847382
vb0[408]+024 TANGENT: 1.0, 0.0, 0.0, -1.0
vb0[408]+040 BLENDWEIGHTS: 0.9513797760009766, 0.04862024262547493, 0.0, 0.0
vb0[408]+056 BLENDINDICES: 12, 10, 0, 0
vb0[408]+072 COLOR: 0.0156862735748291, 0.0, 0.0, 0.0
vb0[408]+088 TEXCOORD1: 0.9335240721702576, -7.450580596923828e-09

vb0[409]+000 POSITION: 0.03184998035430908, -0.02108730748295784, 1.4599682092666626
vb0[409]+012 NORMAL: 0.005321595352143049, 0.32459700107574463, 0.9458373785018921
vb0[409]+024 TANGENT: 1.0, 0.0, 0.0, -1.0
vb0[409]+040 BLENDWEIGHTS: 1.0, 0.0, 0.0, 0.0
vb0[409]+056 BLENDINDICES: 12, 0, 0, 0
vb0[409]+072 COLOR: 0.015529411844909191, 0.0, 0.0, 0.0
vb0[409]+088 TEXCOORD1: -0.8499210476875305, 0.44933009147644043

vb0[410]+000 POSITION: 0.06126866117119789, -0.01797858253121376, 1.526655673980713
vb0[410]+012 NORMAL: 0.4019790291786194, 0.5664917230606079, 0.7193747162818909
vb0[410]+024 TANGENT: 1.0, 0.0, 0.0, -1.0
vb0[410]+040 BLENDWEIGHTS: 0.594270646572113, 0.3199918866157532, 0.08573748916387558, 0.0
vb0[410]+056 BLENDINDICES: 9, 10, 1, 0
vb0[410]+072 COLOR: 0.010980392806231976, 0.0, 0.0, 0.0
vb0[410]+088 TEXCOORD1: 0.4019790589809418, 2.9802322387695312e-08

vb0[411]+000 POSITION: 0.05795977637171745, -0.0162064079195261, 1.5105472803115845
vb0[411]+012 NORMAL: 0.9965646862983704, 0.06910679489374161, -0.045640479773283005
vb0[411]+024 TANGENT: 1.0, 0.0, 0.0, -1.0
vb0[411]+040 BLENDWEIGHTS: 0.6370000243186951, 0.34299996495246887, 0.019999999552965164, 0.0
vb0[411]+056 BLENDINDICES: 10, 9, 12, 0
vb0[411]+072 COLOR: 0.012078431434929371, 0.0, 0.0, 0.0
vb0[411]+088 TEXCOORD1: 0.9965646862983704, 0.0

vb0[412]+000 POSITION: 0.06413278728723526, -0.018711650744080544, 1.5401901006698608
vb0[412]+012 NORMAL: -0.1006244570016861, -0.8510946035385132, -0.515279233455658
vb0[412]+024 TANGENT: 1.0, 0.0, 0.0, -1.0
vb0[412]+040 BLENDWEIGHTS: 0.5969544053077698, 0.2988429367542267, 0.10420266538858414, 0.0
vb0[412]+056 BLENDINDICES: 9, 1, 10, 0
vb0[412]+072 COLOR: 0.01003921590745449, 0.0, 0.0, 0.0
vb0[412]+088 TEXCOORD1: -0.1006244570016861, 0.0

vb0[413]+000 POSITION: 0.06121446564793587, -0.020003730431199074, 1.540303349494934
vb0[413]+012 NORMAL: -0.558693528175354, -0.8188427686691284, -0.13174960017204285
vb0[413]+024 TANGENT: 1.0, 0.0, 0.0, -1.0
vb0[413]+040 BLENDWEIGHTS: 0.5969544053077698, 0.2988429367542267, 0.10420266538858414, 0.0
vb0[413]+056 BLENDINDICES: 9, 1, 10, 0
vb0[413]+072 COLOR: 0.01003921590745449, 0.0, 0.0, 0.0
vb0[413]+088 TEXCOORD1: -0.5586935877799988, 0.0

vb0[414]+000 POSITION: 0.058712948113679886, -0.01911928690969944, 1.5267692804336548
vb0[414]+012 NORMAL: -0.3672555387020111, -0.9235674738883972, -0.11021138727664948
vb0[414]+024 TANGENT: 1.0, 0.0, 0.0, -1.0
vb0[414]+040 BLENDWEIGHTS: 0.594270646572113, 0.3199918866157532, 0.08573748916387558, 0.0
vb0[414]+056 BLENDINDICES: 9, 10, 1, 0
vb0[414]+072 COLOR: 0.010980392806231976, 0.0, 0.0, 0.0
vb0[414]+088 TEXCOORD1: -0.3672555387020111, 0.0

vb0[415]+000 POSITION: 0.05576740950345993, -0.01766323484480381, 1.510831594467163
vb0[415]+012 NORMAL: 0.5463840961456299, -0.620936930179596, -0.5620514750480652
vb0[415]+024 TANGENT: 1.0, 0.0, 0.0, -1.0
vb0[415]+040 BLENDWEIGHTS: 0.6370000243186951, 0.34299996495246887, 0.019999999552965164, 0.0
vb0[415]+056 BLENDINDICES: 10, 9, 12, 0
vb0[415]+072 COLOR: 0.012078431434929371, 0.0, 0.0, 0.0
vb0[415]+088 TEXCOORD1: 0.5463840961456299, -2.9802322387695312e-08

vb0[416]+000 POSITION: 0.05444973707199097, -0.014811677858233452, 1.4950896501541138
vb0[416]+012 NORMAL: 0.9897140264511108, -0.13728412985801697, 0.04024108871817589
vb0[416]+024 TANGENT: 1.0, 0.0, 0.0, -1.0
vb0[416]+040 BLENDWEIGHTS: 0.7711318135261536, 0.14403106272220612, 0.08483715355396271, 0.0
vb0[416]+056 BLENDINDICES: 10, 9, 12, 0
vb0[416]+072 COLOR: 0.01317647099494934, 0.0, 0.0, 0.0
vb0[416]+088 TEXCOORD1: 0.9897139668464661, 0.0

vb0[417]+000 POSITION: 0.05208740010857582, -0.016560062766075134, 1.4954155683517456
vb0[417]+012 NORMAL: 0.12945541739463806, -0.9005002379417419, -0.4151392877101898
vb0[417]+024 TANGENT: 1.0, 0.0, 0.0, -1.0
vb0[417]+040 BLENDWEIGHTS: 0.7711318135261536, 0.14403106272220612, 0.08483715355396271, 0.0
vb0[417]+056 BLENDINDICES: 10, 9, 12, 0
vb0[417]+072 COLOR: 0.01317647099494934, 0.0, 0.0, 0.0
vb0[417]+088 TEXCOORD1: 0.12945543229579926, 0.0

vb0[418]+000 POSITION: 0.04937744140625, -0.016413507983088493, 1.4861037731170654
vb0[418]+012 NORMAL: 0.06645772606134415, 0.2980095446109772, -0.9522466063499451
vb0[418]+024 TANGENT: 1.0, 0.0, 0.0, -1.0
vb0[418]+040 BLENDWEIGHTS: 0.7238124012947083, 0.2412707507610321, 0.03491685539484024, 0.0
vb0[418]+056 BLENDINDICES: 10, 12, 9, 0
vb0[418]+072 COLOR: 0.013803921639919281, 0.0, 0.0, 0.0
vb0[418]+088 TEXCOORD1: 0.06645774096250534, 0.0

vb0[419]+000 POSITION: 0.051492881029844284, -0.014598855748772621, 1.4853193759918213
vb0[419]+012 NORMAL: 0.9964726567268372, -0.05071178823709488, 0.06686218827962875
vb0[419]+024 TANGENT: 1.0, 0.0, 0.0, -1.0
vb0[419]+040 BLENDWEIGHTS: 0.7238124012947083, 0.2412707507610321, 0.03491685539484024, 0.0
vb0[419]+056 BLENDINDICES: 10, 12, 9, 0
vb0[419]+072 COLOR: 0.013803921639919281, 0.0, 0.0, 0.0
vb0[419]+088 TEXCOORD1: 0.9964726567268372, 0.0

vb0[420]+000 POSITION: 0.046547871083021164, -0.016682157292962074, 1.4780867099761963
vb0[420]+012 NORMAL: 0.024617059156298637, 0.3484238386154175, -0.9370137453079224
vb0[420]+024 TANGENT: 1.0, 0.0, 0.0, -1.0
vb0[420]+040 BLENDWEIGHTS: 0.5, 0.5, 0.0, 0.0
vb0[420]+056 BLENDINDICES: 10, 12, 0, 0
vb0[420]+072 COLOR: 0.014431372284889221, 0.0, 0.0, 0.0
vb0[420]+088 TEXCOORD1: 0.024617061018943787, -2.9802322387695312e-08

vb0[421]+000 POSITION: 0.04823404178023338, -0.01471600029617548, 1.476770281791687
vb0[421]+012 NORMAL: 0.9862620234489441, 0.16483192145824432, 0.010852809064090252
vb0[421]+024 TANGENT: 1.0, 0.0, 0.0, -1.0
vb0[421]+040 BLENDWEIGHTS: 0.5, 0.5, 0.0, 0.0
vb0[421]+056 BLENDINDICES: 10, 12, 0, 0
vb0[421]+072 COLOR: 0.014431372284889221, 0.0, 0.0, 0.0
vb0[421]+088 TEXCOORD1: 0.9862619638442993, 0.0

vb0[422]+000 POSITION: 0.04375610128045082, -0.017199736088514328, 1.4714956283569336
vb0[422]+012 NORMAL: 0.06415730714797974, 0.30082595348358154, -0.9515185952186584
vb0[422]+024 TANGENT: 1.0, 0.0, 0.0, -1.0
vb0[422]+040 BLENDWEIGHTS: 0.6000000238418579, 0.3999999761581421, 0.0, 0.0
vb0[422]+056 BLENDINDICES: 12, 10, 0, 0
vb0[422]+072 COLOR: 0.014745097607374191, 0.0, 0.0, 0.0
vb0[422]+088 TEXCOORD1: 0.06415731459856033, 2.9802322387695312e-08

vb0[423]+000 POSITION: 0.04060302674770355, -0.0181103702634573, 1.4660412073135376
vb0[423]+012 NORMAL: 0.06645772606134415, 0.2980095446109772, -0.9522466063499451
vb0[423]+024 TANGENT: 1.0, 0.0, 0.0, -1.0
vb0[423]+040 BLENDWEIGHTS: 0.7000000476837158, 0.2999999523162842, 0.0, 0.0
vb0[423]+056 BLENDINDICES: 12, 10, 0, 0
vb0[423]+072 COLOR: 0.015215686522424221, 0.0, 0.0, 0.0
vb0[423]+088 TEXCOORD1: 0.06645774096250534, 0.0

vb0[424]+000 POSITION: 0.03777148202061653, -0.019191069528460503, 1.4629669189453125
vb0[424]+012 NORMAL: 0.06415730714797974, 0.30082595348358154, -0.9515185952186584
vb0[424]+024 TANGENT: 1.0, 0.0, 0.0, -1.0
vb0[424]+040 BLENDWEIGHTS: 0.7950000166893005, 0.20499999821186066, 0.0, 0.0
vb0[424]+056 BLENDINDICES: 12, 10, 0, 0
vb0[424]+072 COLOR: 0.015372549183666706, 0.0, 0.0, 0.0
vb0[424]+088 TEXCOORD1: 0.06415731459856033, 2.9802322387695312e-08

vb0[425]+000 POSITION: 0.034572724252939224, -0.020387133583426476, 1.4608826637268066
vb0[425]+012 NORMAL: 0.15199322998523712, 0.20257678627967834, -0.9673988819122314
vb0[425]+024 TANGENT: 1.0, 0.0, 0.0, -1.0
vb0[425]+040 BLENDWEIGHTS: 0.9102235436439514, 0.08977647870779037, 0.0, 0.0
vb0[425]+056 BLENDINDICES: 12, 10, 0, 0
vb0[425]+072 COLOR: 0.015529411844909191, 0.0, 0.0, 0.0
vb0[425]+088 TEXCOORD1: 0.1519932597875595, 1.4901161193847656e-08

vb0[426]+000 POSITION: 0.03593261539936066, -0.019911035895347595, 1.4616326093673706
vb0[426]+012 NORMAL: 0.8098834753036499, -0.3981514871120453, 0.4307714104652405
vb0[426]+024 TANGENT: 1.0, 0.0, 0.0, -1.0
vb0[426]+040 BLENDWEIGHTS: 0.8600000143051147, 0.14000000059604645, 0.0, 0.0
vb0[426]+056 BLENDINDICES: 12, 10, 0, 0
vb0[426]+072 COLOR: 0.015529411844909191, 0.0, 0.0, 0.0
vb0[426]+088 TEXCOORD1: 0.8098835945129395, 0.0

vb0[427]+000 POSITION: 0.03338772803544998, -0.02074124850332737, 1.4604121446609497
vb0[427]+012 NORMAL: 0.22607268393039703, 0.11402438580989838, -0.9674138426780701
vb0[427]+024 TANGENT: 1.0, 0.0, 0.0, -1.0
vb0[427]+040 BLENDWEIGHTS: 0.9513797760009766, 0.04862024262547493, 0.0, 0.0
vb0[427]+056 BLENDINDICES: 12, 10, 0, 0
vb0[427]+072 COLOR: 0.015529411844909191, 0.0, 0.0, 0.0
vb0[427]+088 TEXCOORD1: 0.22607269883155823, 0.0

vb0[428]+000 POSITION: 0.054095324128866196, 0.014637383632361889, 1.4804823398590088
vb0[428]+012 NORMAL: 0.15345649421215057, 0.20109912753105164, -0.9674761891365051
vb0[428]+024 TANGENT: 1.0, 0.0, 0.0, -1.0
vb0[428]+040 BLENDWEIGHTS: 0.699802815914154, 0.23326756060123444, 0.03491685912013054, 0.032012782990932465
vb0[428]+056 BLENDINDICES: 10, 12, 9, 13
vb0[428]+072 COLOR: 0.014274509623646736, 0.0, 0.0, 0.0
vb0[428]+088 TEXCOORD1: 0.15345649421215057, 0.0

vb0[429]+000 POSITION: 0.057880084961652756, 0.018196815624833107, 1.4922950267791748
vb0[429]+012 NORMAL: 0.002891700016334653, -0.9907512068748474, -0.1356608271598816
vb0[429]+024 TANGENT: 1.0, 0.0, 0.0, -1.0
vb0[429]+040 BLENDWEIGHTS: 0.5603784322738647, 0.2957974374294281, 0.10441125184297562, 0.03941286727786064
vb0[429]+056 BLENDINDICES: 10, 13, 9, 12
vb0[429]+072 COLOR: 0.013490196317434311, 0.0, 0.0, 0.0
vb0[429]+088 TEXCOORD1: 0.0028916995506733656, -1.4901161193847656e-08

vb0[430]+000 POSITION: 0.06088626757264137, 0.020702451467514038, 1.50063157081604
vb0[430]+012 NORMAL: -0.15063634514808655, -0.9871553182601929, -0.05322790890932083
vb0[430]+024 TANGENT: 1.0, 0.0, 0.0, -1.0
vb0[430]+040 BLENDWEIGHTS: 0.5560096502304077, 0.2471153885126114, 0.1968749761581421, 0.0
vb0[430]+056 BLENDINDICES: 10, 13, 9, 0
vb0[430]+072 COLOR: 0.01286274567246437, 0.0, 0.0, 0.0
vb0[430]+088 TEXCOORD1: -0.15063634514808655, -3.725290298461914e-09

vb0[431]+000 POSITION: 0.04938606172800064, 0.009842106141149998, 1.4721004962921143
vb0[431]+012 NORMAL: 0.15199322998523712, 0.20257678627967834, -0.9673988819122314
vb0[431]+024 TANGENT: 1.0, 0.0, 0.0, -1.0
vb0[431]+040 BLENDWEIGHTS: 0.6141250133514404, 0.38587498664855957, 0.0, 0.0
vb0[431]+056 BLENDINDICES: 10, 12, 0, 0
vb0[431]+072 COLOR: 0.014901961199939251, 0.0, 0.0, 0.0
vb0[431]+088 TEXCOORD1: 0.1519932597875595, 1.4901161193847656e-08

vb0[432]+000 POSITION: 0.04589458182454109, 0.005880375392735004, 1.4670804738998413
vb0[432]+012 NORMAL: 0.22285470366477966, 0.11853942275047302, -0.9676177501678467
vb0[432]+024 TANGENT: 1.0, 0.0, 0.0, -1.0
vb0[432]+040 BLENDWEIGHTS: 0.5, 0.5, 0.0, 0.0
vb0[432]+056 BLENDINDICES: 10, 12, 0, 0
vb0[432]+072 COLOR: 0.015215686522424221, 0.0, 0.0, 0.0
vb0[432]+088 TEXCOORD1: 0.22285470366477966, 0.0

vb0[433]+000 POSITION: 0.04193372651934624, 0.0013664872385561466, 1.4625494480133057
vb0[433]+012 NORMAL: 0.22607268393039703, 0.11402438580989838, -0.9674138426780701
vb0[433]+024 TANGENT: 1.0, 0.0, 0.0, -1.0
vb0[433]+040 BLENDWEIGHTS: 0.6000000238418579, 0.3999999761581421, 0.0, 0.0
vb0[433]+056 BLENDINDICES: 12, 10, 0, 0
vb0[433]+072 COLOR: 0.015529411844909191, 0.0, 0.0, 0.0
vb0[433]+088 TEXCOORD1: 0.22607269883155823, 0.0

vb0[434]+000 POSITION: 0.03769414871931076, -0.0034193391911685467, 1.4589736461639404
vb0[434]+012 NORMAL: 0.22285470366477966, 0.11853942275047302, -0.9676177501678467
vb0[434]+024 TANGENT: 1.0, 0.0, 0.0, -1.0
vb0[434]+040 BLENDWEIGHTS: 0.7000000476837158, 0.2999999523162842, 0.0, 0.0
vb0[434]+056 BLENDINDICES: 12, 10, 0, 0
vb0[434]+072 COLOR: 0.0156862735748291, 0.0, 0.0, 0.0
vb0[434]+088 TEXCOORD1: 0.22285470366477966, 0.0

vb0[435]+000 POSITION: 0.034201133996248245, -0.0073026129975914955, 1.4565614461898804
vb0[435]+012 NORMAL: 0.2892291247844696, -0.004017099738121033, -0.9572514295578003
vb0[435]+024 TANGENT: 1.0, 0.0, 0.0, -1.0
vb0[435]+040 BLENDWEIGHTS: 0.7950000166893005, 0.20499999821186066, 0.0, 0.0
vb0[435]+056 BLENDINDICES: 12, 10, 0, 0
vb0[435]+072 COLOR: 0.015843136236071587, 0.0, 0.0, 0.0
vb0[435]+088 TEXCOORD1: 0.289229154586792, 0.0

vb0[436]+000 POSITION: 0.03177989274263382, -0.009821329265832901, 1.4554229974746704
vb0[436]+012 NORMAL: 0.29119426012039185, -0.008965143002569675, -0.9566218852996826
vb0[436]+024 TANGENT: 1.0, 0.0, 0.0, -1.0
vb0[436]+040 BLENDWEIGHTS: 0.864625096321106, 0.13537491858005524, 0.0, 0.0
vb0[436]+056 BLENDINDICES: 12, 10, 0, 0
vb0[436]+072 COLOR: 0.01600000075995922, 0.0, 0.0, 0.0
vb0[436]+088 TEXCOORD1: 0.29119428992271423, 9.313225746154785e-10

vb0[437]+000 POSITION: 0.029390858486294746, -0.012719964608550072, 1.4546055793762207
vb0[437]+012 NORMAL: 0.2892291247844696, -0.004017099738121033, -0.9572514295578003
vb0[437]+024 TANGENT: 1.0, 0.0, 0.0, -1.0
vb0[437]+040 BLENDWEIGHTS: 0.9536949992179871, 0.04630499333143234, 0.0, 0.0
vb0[437]+056 BLENDINDICES: 12, 10, 0, 0
vb0[437]+072 COLOR: 0.01600000075995922, 0.0, 0.0, 0.0
vb0[437]+088 TEXCOORD1: 0.289229154586792, 0.0

vb0[438]+000 POSITION: 0.03028135932981968, -0.011486168019473553, 1.4548603296279907
vb0[438]+012 NORMAL: 0.9680320024490356, -0.20610444247722626, 0.1429508477449417
vb0[438]+024 TANGENT: 1.0, 0.0, 0.0, -1.0
vb0[438]+040 BLENDWEIGHTS: 0.9144985675811768, 0.08550141006708145, 0.0, 0.0
vb0[438]+056 BLENDINDICES: 12, 10, 0, 0
vb0[438]+072 COLOR: 0.01600000075995922, 0.0, 0.0, 0.0
vb0[438]+088 TEXCOORD1: 0.9680320620536804, 0.0

vb0[439]+000 POSITION: 0.072233647108078, 0.021786846220493317, 1.507693886756897
vb0[439]+012 NORMAL: 0.3410433530807495, -0.11443901807069778, -0.9330557584762573
vb0[439]+024 TANGENT: 1.0, 0.0, 0.0, -1.0
vb0[439]+040 BLENDWEIGHTS: 0.597061038017273, 0.32149434089660645, 0.08144469559192657, 0.0
vb0[439]+056 BLENDINDICES: 10, 9, 13, 0
vb0[439]+072 COLOR: 0.012392156757414341, 0.0, 0.0, 0.0
vb0[439]+088 TEXCOORD1: 0.3410433828830719, 0.0

vb0[440]+000 POSITION: 0.06681548804044724, 0.022356776520609856, 1.492916226387024
vb0[440]+012 NORMAL: 0.3410433530807495, -0.11443901807069778, -0.9330557584762573
vb0[440]+024 TANGENT: 1.0, 0.0, 0.0, -1.0
vb0[440]+040 BLENDWEIGHTS: 0.5764565467834473, 0.2906503677368164, 0.13289310038089752, 0.0
vb0[440]+056 BLENDINDICES: 10, 13, 9, 0
vb0[440]+072 COLOR: 0.013490196317434311, 0.0, 0.0, 0.0
vb0[440]+088 TEXCOORD1: 0.3410433828830719, 0.0

vb0[441]+000 POSITION: 0.07570206373929977, 0.021317128092050552, 1.522898554801941
vb0[441]+012 NORMAL: 0.3427533209323883, -0.11724771559238434, -0.9320799708366394
vb0[441]+024 TANGENT: 1.0, 0.0, 0.0, -1.0
vb0[441]+040 BLENDWEIGHTS: 0.594270646572113, 0.3199918866157532, 0.08573748916387558, 0.0
vb0[441]+056 BLENDINDICES: 9, 10, 1, 0
vb0[441]+072 COLOR: 0.011294118128716946, 0.0, 0.0, 0.0
vb0[441]+088 TEXCOORD1: 0.3427533507347107, -7.450580596923828e-09

vb0[442]+000 POSITION: 0.07651543617248535, 0.028125176206231117, 1.522321343421936
vb0[442]+012 NORMAL: -0.04750677943229675, -0.7143388986587524, -0.6981855630874634
vb0[442]+024 TANGENT: 1.0, 0.0, 0.0, -1.0
vb0[442]+040 BLENDWEIGHTS: 0.5823851823806763, 0.3135920464992523, 0.08573748916387558, 0.018285248428583145
vb0[442]+056 BLENDINDICES: 9, 10, 1, 13
vb0[442]+072 COLOR: 0.01145098078995943, 0.0, 0.0, 0.0
vb0[442]+088 TEXCOORD1: -0.04750677943229675, -2.9802322387695312e-08

vb0[443]+000 POSITION: 0.07191678136587143, 0.0281352661550045, 1.5073094367980957
vb0[443]+012 NORMAL: -0.172178715467453, -0.8094803690910339, -0.5613340735435486
vb0[443]+024 TANGENT: 1.0, 0.0, 0.0, -1.0
vb0[443]+040 BLENDWEIGHTS: 0.597061038017273, 0.32149434089660645, 0.08144469559192657, 0.0
vb0[443]+056 BLENDINDICES: 10, 9, 13, 0
vb0[443]+072 COLOR: 0.012392156757414341, 0.0, 0.0, 0.0
vb0[443]+088 TEXCOORD1: -0.1721787303686142, 0.0

vb0[444]+000 POSITION: 0.067938432097435, 0.028175095096230507, 1.497028112411499
vb0[444]+012 NORMAL: 0.38180410861968994, -0.22333446145057678, -0.8968541622161865
vb0[444]+024 TANGENT: 1.0, 0.0, 0.0, -1.0
vb0[444]+040 BLENDWEIGHTS: 0.5560096502304077, 0.2471153885126114, 0.1968749761581421, 0.0
vb0[444]+056 BLENDINDICES: 10, 13, 9, 0
vb0[444]+072 COLOR: 0.01317647099494934, 0.0, 0.0, 0.0
vb0[444]+088 TEXCOORD1: 0.38180410861968994, 1.4901161193847656e-08

vb0[445]+000 POSITION: 0.06328640878200531, 0.02718261629343033, 1.486920714378357
vb0[445]+012 NORMAL: 0.3826543390750885, -0.22938059270381927, -0.8949637413024902
vb0[445]+024 TANGENT: 1.0, 0.0, 0.0, -1.0
vb0[445]+040 BLENDWEIGHTS: 0.5074779987335205, 0.39802202582359314, 0.09449997544288635, 0.0
vb0[445]+056 BLENDINDICES: 10, 13, 9, 0
vb0[445]+072 COLOR: 0.013960784301161766, 0.0, 0.0, 0.0
vb0[445]+088 TEXCOORD1: 0.3826543688774109, -1.4901161193847656e-08

vb0[446]+000 POSITION: 0.05832036957144737, 0.018299564719200134, 1.4838587045669556
vb0[446]+012 NORMAL: 0.3826543390750885, -0.22938059270381927, -0.8949637413024902
vb0[446]+024 TANGENT: 1.0, 0.0, 0.0, -1.0
vb0[446]+040 BLENDWEIGHTS: 0.47289079427719116, 0.472890704870224, 0.03491685912013054, 0.019301660358905792
vb0[446]+056 BLENDINDICES: 13, 10, 9, 12
vb0[446]+072 COLOR: 0.014117646962404251, 0.0, 0.0, 0.0
vb0[446]+088 TEXCOORD1: 0.3826543688774109, -1.4901161193847656e-08

vb0[447]+000 POSITION: 0.061148203909397125, 0.02138269878923893, 1.4818317890167236
vb0[447]+012 NORMAL: 0.38180410861968994, -0.22333446145057678, -0.8968541622161865
vb0[447]+024 TANGENT: 1.0, 0.0, 0.0, -1.0
vb0[447]+040 BLENDWEIGHTS: 0.48254162073135376, 0.4825415015220642, 0.03491685912013054, 0.0
vb0[447]+056 BLENDINDICES: 13, 10, 9, 0
vb0[447]+072 COLOR: 0.014274509623646736, 0.0, 0.0, 0.0
vb0[447]+088 TEXCOORD1: 0.38180410861968994, 1.4901161193847656e-08

vb0[448]+000 POSITION: 0.0555054172873497, 0.017773466184735298, 1.4789233207702637
vb0[448]+012 NORMAL: 0.34432142972946167, -0.34958818554878235, -0.8713385462760925
vb0[448]+024 TANGENT: 1.0, 0.0, 0.0, -1.0
vb0[448]+040 BLENDWEIGHTS: 0.5829348564147949, 0.4050903916358948, 0.011974736116826534, 0.0
vb0[448]+056 BLENDINDICES: 13, 10, 9, 0
vb0[448]+072 COLOR: 0.014431372284889221, 0.0, 0.0, 0.0
vb0[448]+088 TEXCOORD1: 0.34432142972946167, 0.0

vb0[449]+000 POSITION: 0.05790899321436882, 0.020446814596652985, 1.4763720035552979
vb0[449]+012 NORMAL: 0.34432142972946167, -0.34958818554878235, -0.8713385462760925
vb0[449]+024 TANGENT: 1.0, 0.0, 0.0, -1.0
vb0[449]+040 BLENDWEIGHTS: 0.5829348564147949, 0.4050903916358948, 0.011974736116826534, 0.0
vb0[449]+056 BLENDINDICES: 13, 10, 9, 0
vb0[449]+072 COLOR: 0.014588234946131706, 0.0, 0.0, 0.0
vb0[449]+088 TEXCOORD1: 0.34432142972946167, 0.0

vb0[450]+000 POSITION: 0.05626671761274338, 0.024487290531396866, 1.4767740964889526
vb0[450]+012 NORMAL: 0.3487466275691986, -0.34358707070350647, -0.8719654679298401
vb0[450]+024 TANGENT: 1.0, 0.0, 0.0, -1.0
vb0[450]+040 BLENDWEIGHTS: 0.5829348564147949, 0.4050903916358948, 0.011974736116826534, 0.0
vb0[450]+056 BLENDINDICES: 13, 10, 9, 0
vb0[450]+072 COLOR: 0.014588234946131706, 0.0, 0.0, 0.0
vb0[450]+088 TEXCOORD1: 0.348746657371521, 0.0

vb0[451]+000 POSITION: 0.05980810895562172, 0.025894150137901306, 1.4811183214187622
vb0[451]+012 NORMAL: 0.3487466275691986, -0.34358707070350647, -0.8719654679298401
vb0[451]+024 TANGENT: 1.0, 0.0, 0.0, -1.0
vb0[451]+040 BLENDWEIGHTS: 0.48254162073135376, 0.4825415015220642, 0.03491685912013054, 0.0
vb0[451]+056 BLENDINDICES: 13, 10, 9, 0
vb0[451]+072 COLOR: 0.014274509623646736, 0.0, 0.0, 0.0
vb0[451]+088 TEXCOORD1: 0.348746657371521, 0.0

vb0[452]+000 POSITION: 0.052941951900720596, 0.017285142093896866, 1.4755035638809204
vb0[452]+012 NORMAL: 0.22864721715450287, -0.4819549024105072, -0.8458368182182312
vb0[452]+024 TANGENT: 1.0, 0.0, 0.0, -1.0
vb0[452]+040 BLENDWEIGHTS: 0.6850001215934753, 0.31499987840652466, 0.0, 0.0
vb0[452]+056 BLENDINDICES: 13, 10, 0, 0
vb0[452]+072 COLOR: 0.014588234946131706, 0.0, 0.0, 0.0
vb0[452]+088 TEXCOORD1: 0.22864723205566406, 0.0

vb0[453]+000 POSITION: 0.0545276440680027, 0.019142478704452515, 1.473169207572937
vb0[453]+012 NORMAL: 0.22978760302066803, -0.48083123564720154, -0.8461672067642212
vb0[453]+024 TANGENT: 1.0, 0.0, 0.0, -1.0
vb0[453]+040 BLENDWEIGHTS: 0.6850001215934753, 0.31499987840652466, 0.0, 0.0
vb0[453]+056 BLENDINDICES: 13, 10, 0, 0
vb0[453]+072 COLOR: 0.014745097607374191, 0.0, 0.0, 0.0
vb0[453]+088 TEXCOORD1: 0.22978758811950684, 0.0

vb0[454]+000 POSITION: 0.05272924154996872, 0.022556133568286896, 1.4737365245819092
vb0[454]+012 NORMAL: -0.21704821288585663, -0.9157935976982117, -0.33795300126075745
vb0[454]+024 TANGENT: 1.0, 0.0, 0.0, -1.0
vb0[454]+040 BLENDWEIGHTS: 0.6850001215934753, 0.31499987840652466, 0.0, 0.0
vb0[454]+056 BLENDINDICES: 13, 10, 0, 0
vb0[454]+072 COLOR: 0.014745097607374191, 0.0, 0.0, 0.0
vb0[454]+088 TEXCOORD1: -0.21704822778701782, 0.0

vb0[455]+000 POSITION: 0.050363823771476746, 0.016721196472644806, 1.4733864068984985
vb0[455]+012 NORMAL: 0.22978760302066803, -0.48083123564720154, -0.8461672067642212
vb0[455]+024 TANGENT: 1.0, 0.0, 0.0, -1.0
vb0[455]+040 BLENDWEIGHTS: 0.7684751749038696, 0.23152482509613037, 0.0, 0.0
vb0[455]+056 BLENDINDICES: 13, 10, 0, 0
vb0[455]+072 COLOR: 0.014745097607374191, 0.0, 0.0, 0.0
vb0[455]+088 TEXCOORD1: 0.22978758811950684, 0.0

vb0[456]+000 POSITION: 0.05127996206283569, 0.018063081428408623, 1.4712109565734863
vb0[456]+012 NORMAL: 0.22864721715450287, -0.4819549024105072, -0.8458368182182312
vb0[456]+024 TANGENT: 1.0, 0.0, 0.0, -1.0
vb0[456]+040 BLENDWEIGHTS: 0.7684751749038696, 0.23152482509613037, 0.0, 0.0
vb0[456]+056 BLENDINDICES: 13, 10, 0, 0
vb0[456]+072 COLOR: 0.014901961199939251, 0.0, 0.0, 0.0
vb0[456]+088 TEXCOORD1: 0.22864723205566406, 0.0

vb0[457]+000 POSITION: 0.04974767565727234, 0.02052219770848751, 1.4720796346664429
vb0[457]+012 NORMAL: -0.20639929175376892, -0.8758997321128845, -0.43611815571784973
vb0[457]+024 TANGENT: 1.0, 0.0, 0.0, -1.0
vb0[457]+040 BLENDWEIGHTS: 0.7684751749038696, 0.23152482509613037, 0.0, 0.0
vb0[457]+056 BLENDINDICES: 13, 10, 0, 0
vb0[457]+072 COLOR: 0.014901961199939251, 0.0, 0.0, 0.0
vb0[457]+088 TEXCOORD1: -0.20639929175376892, 0.0

vb0[458]+000 POSITION: 0.04814732447266579, 0.016662906855344772, 1.470335602760315
vb0[458]+012 NORMAL: 0.11871442198753357, -0.5882670283317566, -0.7999054193496704
vb0[458]+024 TANGENT: 1.0, 0.0, 0.0, -1.0
vb0[458]+040 BLENDWEIGHTS: 0.847000002861023, 0.15299999713897705, 0.0, 0.0
vb0[458]+056 BLENDINDICES: 13, 10, 0, 0
vb0[458]+072 COLOR: 0.015058823861181736, 0.0, 0.0, 0.0
vb0[458]+088 TEXCOORD1: 0.11871442943811417, 0.0

vb0[459]+000 POSITION: 0.04694347456097603, 0.018539929762482643, 1.4711477756500244
vb0[459]+012 NORMAL: -0.21704821288585663, -0.9157935976982117, -0.33795300126075745
vb0[459]+024 TANGENT: 1.0, 0.0, 0.0, -1.0
vb0[459]+040 BLENDWEIGHTS: 0.847000002861023, 0.15299999713897705, 0.0, 0.0
vb0[459]+056 BLENDINDICES: 13, 10, 0, 0
vb0[459]+072 COLOR: 0.014901961199939251, 0.0, 0.0, 0.0
vb0[459]+088 TEXCOORD1: -0.21704822778701782, 0.0

vb0[460]+000 POSITION: 0.047965142875909805, 0.016153555363416672, 1.4718749523162842
vb0[460]+012 NORMAL: 0.11535149812698364, -0.5914716124534607, -0.798032283782959
vb0[460]+024 TANGENT: 1.0, 0.0, 0.0, -1.0
vb0[460]+040 BLENDWEIGHTS: 0.847000002861023, 0.15299999713897705, 0.0, 0.0
vb0[460]+056 BLENDINDICES: 13, 10, 0, 0
vb0[460]+072 COLOR: 0.014901961199939251, 0.0, 0.0, 0.0
vb0[460]+088 TEXCOORD1: 0.11535148322582245, 0.0

vb0[461]+000 POSITION: 0.04560965299606323, 0.01574380323290825, 1.470280408859253
vb0[461]+012 NORMAL: -0.045161355286836624, -0.7129120826721191, -0.6997977495193481
vb0[461]+024 TANGENT: 1.0, 0.0, 0.0, -1.0
vb0[461]+040 BLENDWEIGHTS: 0.9264909625053406, 0.07350905239582062, 0.0, 0.0
vb0[461]+056 BLENDINDICES: 13, 10, 0, 0
vb0[461]+072 COLOR: 0.015058823861181736, 0.0, 0.0, 0.0
vb0[461]+088 TEXCOORD1: -0.045161351561546326, -2.9802322387695312e-08

vb0[462]+000 POSITION: 0.04562303423881531, 0.015601043589413166, 1.4710922241210938
vb0[462]+012 NORMAL: 0.11871442198753357, -0.5882670283317566, -0.7999054193496704
vb0[462]+024 TANGENT: 1.0, 0.0, 0.0, -1.0
vb0[462]+040 BLENDWEIGHTS: 0.9264909625053406, 0.07350905239582062, 0.0, 0.0
vb0[462]+056 BLENDINDICES: 13, 10, 0, 0
vb0[462]+072 COLOR: 0.014901961199939251, 0.0, 0.0, 0.0
vb0[462]+088 TEXCOORD1: 0.11871442943811417, 0.0

vb0[463]+000 POSITION: 0.04333231970667839, 0.015107827261090279, 1.470501184463501
vb0[463]+012 NORMAL: 0.11535149812698364, -0.5914716124534607, -0.798032283782959
vb0[463]+024 TANGENT: 1.0, 0.0, 0.0, -1.0
vb0[463]+040 BLENDWEIGHTS: 1.0, 0.0, 0.0, 0.0
vb0[463]+056 BLENDINDICES: 13, 0, 0, 0
vb0[463]+072 COLOR: 0.014901961199939251, 0.0, 0.0, 0.0
vb0[463]+088 TEXCOORD1: -0.874499499797821, -0.22078725695610046

vb0[464]+000 POSITION: 0.04474954679608345, 0.016681017354130745, 1.470700979232788
vb0[464]+012 NORMAL: -0.04750677943229675, -0.7143388986587524, -0.6981855630874634
vb0[464]+024 TANGENT: 1.0, 0.0, 0.0, -1.0
vb0[464]+040 BLENDWEIGHTS: 0.9264909625053406, 0.07350905239582062, 0.0, 0.0
vb0[464]+056 BLENDINDICES: 13, 10, 0, 0
vb0[464]+072 COLOR: 0.014901961199939251, 0.0, 0.0, 0.0
vb0[464]+088 TEXCOORD1: -0.04750677943229675, -2.9802322387695312e-08

vb0[465]+000 POSITION: 0.06867679208517075, 0.030689120292663574, 1.5224378108978271
vb0[465]+012 NORMAL: -0.045161355286836624, -0.7129120826721191, -0.6997977495193481
vb0[465]+024 TANGENT: 1.0, 0.0, 0.0, -1.0
vb0[465]+040 BLENDWEIGHTS: 0.5823851823806763, 0.3135920464992523, 0.08573748916387558, 0.018285248428583145
vb0[465]+056 BLENDINDICES: 9, 10, 1, 13
vb0[465]+072 COLOR: 0.01145098078995943, 0.0, 0.0, 0.0
vb0[465]+088 TEXCOORD1: -0.045161351561546326, -2.9802322387695312e-08

vb0[466]+000 POSITION: 0.06541697680950165, 0.029725855216383934, 1.5085279941558838
vb0[466]+012 NORMAL: -0.16175371408462524, -0.7994773983955383, -0.5785080790519714
vb0[466]+024 TANGENT: 1.0, 0.0, 0.0, -1.0
vb0[466]+040 BLENDWEIGHTS: 0.597061038017273, 0.32149434089660645, 0.08144469559192657, 0.0
vb0[466]+056 BLENDINDICES: 10, 9, 13, 0
vb0[466]+072 COLOR: 0.012392156757414341, 0.0, 0.0, 0.0
vb0[466]+088 TEXCOORD1: -0.16175371408462524, 0.0

vb0[467]+000 POSITION: 0.0622168704867363, 0.02841174043715, 1.4982032775878906
vb0[467]+012 NORMAL: -0.20597797632217407, -0.8717539310455322, -0.4445427358150482
vb0[467]+024 TANGENT: 1.0, 0.0, 0.0, -1.0
vb0[467]+040 BLENDWEIGHTS: 0.5560096502304077, 0.2471153885126114, 0.1968749761581421, 0.0
vb0[467]+056 BLENDINDICES: 10, 13, 9, 0
vb0[467]+072 COLOR: 0.013019608333706856, 0.0, 0.0, 0.0
vb0[467]+088 TEXCOORD1: -0.20597794651985168, 2.9802322387695312e-08

vb0[468]+000 POSITION: 0.05900898948311806, 0.0267797838896513, 1.4884545803070068
vb0[468]+012 NORMAL: -0.16175371408462524, -0.7994773983955383, -0.5785080790519714
vb0[468]+024 TANGENT: 1.0, 0.0, 0.0, -1.0
vb0[468]+040 BLENDWEIGHTS: 0.5074779987335205, 0.39802202582359314, 0.09449997544288635, 0.0
vb0[468]+056 BLENDINDICES: 10, 13, 9, 0
vb0[468]+072 COLOR: 0.013803921639919281, 0.0, 0.0, 0.0
vb0[468]+088 TEXCOORD1: -0.16175371408462524, 0.0

vb0[469]+000 POSITION: 0.056615665555000305, 0.025187954306602478, 1.4834156036376953
vb0[469]+012 NORMAL: -0.172178715467453, -0.8094803690910339, -0.5613340735435486
vb0[469]+024 TANGENT: 1.0, 0.0, 0.0, -1.0
vb0[469]+040 BLENDWEIGHTS: 0.48254162073135376, 0.4825415015220642, 0.03491685912013054, 0.0
vb0[469]+056 BLENDINDICES: 13, 10, 9, 0
vb0[469]+072 COLOR: 0.014117646962404251, 0.0, 0.0, 0.0
vb0[469]+088 TEXCOORD1: -0.1721787303686142, 0.0

vb0[470]+000 POSITION: 0.054190728813409805, 0.023393578827381134, 1.4788237810134888
vb0[470]+012 NORMAL: -0.20639929175376892, -0.8758997321128845, -0.43611815571784973
vb0[470]+024 TANGENT: 1.0, 0.0, 0.0, -1.0
vb0[470]+040 BLENDWEIGHTS: 0.5829348564147949, 0.4050903916358948, 0.011974736116826534, 0.0
vb0[470]+056 BLENDINDICES: 13, 10, 9, 0
vb0[470]+072 COLOR: 0.014431372284889221, 0.0, 0.0, 0.0
vb0[470]+088 TEXCOORD1: -0.20639929175376892, 0.0

vb0[471]+000 POSITION: 0.05179738998413086, 0.02145003341138363, 1.4757992029190063
vb0[471]+012 NORMAL: -0.20597797632217407, -0.8717539310455322, -0.4445427358150482
vb0[471]+024 TANGENT: 1.0, 0.0, 0.0, -1.0
vb0[471]+040 BLENDWEIGHTS: 0.6850001215934753, 0.31499987840652466, 0.0, 0.0
vb0[471]+056 BLENDINDICES: 13, 10, 0, 0
vb0[471]+072 COLOR: 0.014588234946131706, 0.0, 0.0, 0.0
vb0[471]+088 TEXCOORD1: -0.20597794651985168, 2.9802322387695312e-08

vb0[472]+000 POSITION: 0.049294766038656235, 0.01957813650369644, 1.4738236665725708
vb0[472]+012 NORMAL: -0.18892721831798553, -0.931535542011261, -0.3107216954231262
vb0[472]+024 TANGENT: 1.0, 0.0, 0.0, -1.0
vb0[472]+040 BLENDWEIGHTS: 0.7684751749038696, 0.23152482509613037, 0.0, 0.0
vb0[472]+056 BLENDINDICES: 13, 10, 0, 0
vb0[472]+072 COLOR: 0.014745097607374191, 0.0, 0.0, 0.0
vb0[472]+088 TEXCOORD1: -0.18892721831798553, 0.0

vb0[473]+000 POSITION: 0.04713140428066254, 0.017951631918549538, 1.4723387956619263
vb0[473]+012 NORMAL: -0.21942852437496185, -0.9562488794326782, -0.19349262118339539
vb0[473]+024 TANGENT: 1.0, 0.0, 0.0, -1.0
vb0[473]+040 BLENDWEIGHTS: 0.847000002861023, 0.15299999713897705, 0.0, 0.0
vb0[473]+056 BLENDINDICES: 13, 10, 0, 0
vb0[473]+072 COLOR: 0.014901961199939251, 0.0, 0.0, 0.0
vb0[473]+088 TEXCOORD1: -0.21942852437496185, 1.4901161193847656e-08

vb0[474]+000 POSITION: 0.04489836469292641, 0.016380056738853455, 1.4711800813674927
vb0[474]+012 NORMAL: -0.3939637541770935, -0.8841434717178345, -0.25116297602653503
vb0[474]+024 TANGENT: 1.0, 0.0, 0.0, -1.0
vb0[474]+040 BLENDWEIGHTS: 0.9264909625053406, 0.07350905239582062, 0.0, 0.0
vb0[474]+056 BLENDINDICES: 13, 10, 0, 0
vb0[474]+072 COLOR: 0.014901961199939251, 0.0, 0.0, 0.0
vb0[474]+088 TEXCOORD1: -0.3939637541770935, 1.4901161193847656e-08

vb0[475]+000 POSITION: 0.062338266521692276, 0.022191332653164864, 1.5091310739517212
vb0[475]+012 NORMAL: -0.21942852437496185, -0.9562488794326782, -0.19349262118339539
vb0[475]+024 TANGENT: 1.0, 0.0, 0.0, -1.0
vb0[475]+040 BLENDWEIGHTS: 0.6198883652687073, 0.3337859511375427, 0.046325743198394775, 0.0
vb0[475]+056 BLENDINDICES: 10, 9, 13, 0
vb0[475]+072 COLOR: 0.012235294096171856, 0.0, 0.0, 0.0
vb0[475]+088 TEXCOORD1: -0.21942852437496185, 1.4901161193847656e-08

vb0[476]+000 POSITION: 0.0650477409362793, 0.023744020611047745, 1.5229063034057617
vb0[476]+012 NORMAL: -0.15063634514808655, -0.9871553182601929, -0.05322790890932083
vb0[476]+024 TANGENT: 1.0, 0.0, 0.0, -1.0
vb0[476]+040 BLENDWEIGHTS: 0.594270646572113, 0.3199918866157532, 0.08573748916387558, 0.0
vb0[476]+056 BLENDINDICES: 9, 10, 1, 0
vb0[476]+072 COLOR: 0.011294118128716946, 0.0, 0.0, 0.0
vb0[476]+088 TEXCOORD1: -0.15063634514808655, -3.725290298461914e-09

vb0[477]+000 POSITION: 0.06703465431928635, 0.024893125519156456, 1.5367405414581299
vb0[477]+012 NORMAL: -0.4663964509963989, -0.864782989025116, -0.18607692420482635
vb0[477]+024 TANGENT: 1.0, 0.0, 0.0, -1.0
vb0[477]+040 BLENDWEIGHTS: 0.5842328667640686, 0.3137850761413574, 0.10198202729225159, 0.0
vb0[477]+056 BLENDINDICES: 9, 1, 10, 0
vb0[477]+072 COLOR: 0.01035294122993946, 0.0, 0.0, 0.0
vb0[477]+088 TEXCOORD1: -0.4663964807987213, 0.0

vb0[478]+000 POSITION: 0.06818527728319168, 0.02518647164106369, 1.5528117418289185
vb0[478]+012 NORMAL: -0.21942852437496185, -0.9562488794326782, -0.19349262118339539
vb0[478]+024 TANGENT: 1.0, 0.0, 0.0, -1.0
vb0[478]+040 BLENDWEIGHTS: 0.75, 0.240196093916893, 0.009803921915590763, 0.0
vb0[478]+056 BLENDINDICES: 1, 9, 10, 0
vb0[478]+072 COLOR: 0.00925490166991949, 0.0, 0.0, 0.0
vb0[478]+088 TEXCOORD1: -0.21942852437496185, 1.4901161193847656e-08

vb0[479]+000 POSITION: 0.06952455639839172, 0.025148887187242508, 1.5694023370742798
vb0[479]+012 NORMAL: -0.3939637541770935, -0.8841434717178345, -0.25116297602653503
vb0[479]+024 TANGENT: 1.0, 0.0, 0.0, -1.0
vb0[479]+040 BLENDWEIGHTS: 1.0, 0.0, 0.0, 0.0
vb0[479]+056 BLENDINDICES: 1, 0, 0, 0
vb0[479]+072 COLOR: 0.00800000037997961, 0.0, 0.0, 0.0
vb0[479]+088 TEXCOORD1: -0.3939637541770935, 1.4901161193847656e-08

vb0[480]+000 POSITION: 0.07000868022441864, 0.0240425206720829, 1.5841790437698364
vb0[480]+012 NORMAL: -0.21942852437496185, -0.9562488794326782, -0.19349262118339539
vb0[480]+024 TANGENT: 1.0, 0.0, 0.0, -1.0
vb0[480]+040 BLENDWEIGHTS: 1.0, 0.0, 0.0, 0.0
vb0[480]+056 BLENDINDICES: 1, 0, 0, 0
vb0[480]+072 COLOR: 0.0070588234812021255, 0.0, 0.0, 0.0
vb0[480]+088 TEXCOORD1: -0.21942852437496185, 1.4901161193847656e-08

vb0[481]+000 POSITION: 0.056174859404563904, 0.00042980912257917225, 1.5104923248291016
vb0[481]+012 NORMAL: -0.4663964509963989, -0.864782989025116, -0.18607692420482635
vb0[481]+024 TANGENT: 1.0, 0.0, 0.0, -1.0
vb0[481]+040 BLENDWEIGHTS: 0.6370000243186951, 0.34299996495246887, 0.019999999552965164, 0.0
vb0[481]+056 BLENDINDICES: 10, 9, 12, 0
vb0[481]+072 COLOR: 0.012078431434929371, 0.0, 0.0, 0.0
vb0[481]+088 TEXCOORD1: -0.4663964807987213, 0.0

vb0[482]+000 POSITION: 0.05796027183532715, 0.0007332200184464455, 1.524933934211731
vb0[482]+012 NORMAL: 0.9589132070541382, 0.28309541940689087, -0.018506843596696854
vb0[482]+024 TANGENT: 1.0, 0.0, 0.0, -1.0
vb0[482]+040 BLENDWEIGHTS: 0.594270646572113, 0.3199918866157532, 0.08573748916387558, 0.0
vb0[482]+056 BLENDINDICES: 9, 10, 1, 0
vb0[482]+072 COLOR: 0.01113725546747446, 0.0, 0.0, 0.0
vb0[482]+088 TEXCOORD1: 0.9589132070541382, 0.0

vb0[483]+000 POSITION: 0.061302680522203445, -0.000910145347006619, 1.5529518127441406
vb0[483]+012 NORMAL: -0.18892721831798553, -0.931535542011261, -0.3107216954231262
vb0[483]+024 TANGENT: 1.0, 0.0, 0.0, -1.0
vb0[483]+040 BLENDWEIGHTS: 0.75, 0.240196093916893, 0.009803921915590763, 0.0
vb0[483]+056 BLENDINDICES: 1, 9, 10, 0
vb0[483]+072 COLOR: 0.009098039008677006, 0.0, 0.0, 0.0
vb0[483]+088 TEXCOORD1: -0.18892721831798553, 0.0

vb0[484]+000 POSITION: 0.05976952239871025, 0.0001910091523313895, 1.539044976234436
vb0[484]+012 NORMAL: -0.5086515545845032, -0.8323939442634583, -0.21998648345470428
vb0[484]+024 TANGENT: 1.0, 0.0, 0.0, -1.0
vb0[484]+040 BLENDWEIGHTS: 0.5969544053077698, 0.2988429367542267, 0.10420266538858414, 0.0
vb0[484]+056 BLENDINDICES: 9, 1, 10, 0
vb0[484]+072 COLOR: 0.01003921590745449, 0.0, 0.0, 0.0
vb0[484]+088 TEXCOORD1: -0.5086515545845032, 0.0

vb0[485]+000 POSITION: 0.06245697662234306, -0.0026664556935429573, 1.5694037675857544
vb0[485]+012 NORMAL: -0.21942852437496185, -0.9562488794326782, -0.19349262118339539
vb0[485]+024 TANGENT: 1.0, 0.0, 0.0, -1.0
vb0[485]+040 BLENDWEIGHTS: 0.949999988079071, 0.05000000074505806, 0.0, 0.0
vb0[485]+056 BLENDINDICES: 1, 9, 0, 0
vb0[485]+072 COLOR: 0.00800000037997961, 0.0, 0.0, 0.0
vb0[485]+088 TEXCOORD1: -0.21942852437496185, 1.4901161193847656e-08

vb0[486]+000 POSITION: 0.062059544026851654, -0.004529436118900776, 1.5842276811599731
vb0[486]+012 NORMAL: 0.002891700016334653, -0.9907512068748474, -0.1356608271598816
vb0[486]+024 TANGENT: 1.0, 0.0, 0.0, -1.0
vb0[486]+040 BLENDWEIGHTS: 1.0, 0.0, 0.0, 0.0
vb0[486]+056 BLENDINDICES: 1, 0, 0, 0
vb0[486]+072 COLOR: 0.0069019608199596405, 0.0, 0.0, 0.0
vb0[486]+088 TEXCOORD1: 0.0028916995506733656, -1.4901161193847656e-08

vb0[487]+000 POSITION: 0.053865697234869, -0.0014414978213608265, 1.495471477508545
vb0[487]+012 NORMAL: -0.21704821288585663, -0.9157935976982117, -0.33795300126075745
vb0[487]+024 TANGENT: 1.0, 0.0, 0.0, -1.0
vb0[487]+040 BLENDWEIGHTS: 0.7711318135261536, 0.14403106272220612, 0.08483715355396271, 0.0
vb0[487]+056 BLENDINDICES: 10, 9, 12, 0
vb0[487]+072 COLOR: 0.01317647099494934, 0.0, 0.0, 0.0
vb0[487]+088 TEXCOORD1: -0.21704822778701782, 0.0

vb0[488]+000 POSITION: 0.051311835646629333, -0.003396439366042614, 1.484724998474121
vb0[488]+012 NORMAL: 0.9964726567268372, -0.05071178823709488, 0.06686218827962875
vb0[488]+024 TANGENT: 1.0, 0.0, 0.0, -1.0
vb0[488]+040 BLENDWEIGHTS: 0.7238124012947083, 0.2412707507610321, 0.03491685539484024, 0.0
vb0[488]+056 BLENDINDICES: 10, 12, 9, 0
vb0[488]+072 COLOR: 0.013960784301161766, 0.0, 0.0, 0.0
vb0[488]+088 TEXCOORD1: 0.9964726567268372, 0.0

vb0[489]+000 POSITION: 0.048621442168951035, -0.005858941003680229, 1.4766329526901245
vb0[489]+012 NORMAL: 0.9696378111839294, 0.24296873807907104, -0.027728475630283356
vb0[489]+024 TANGENT: 1.0, 0.0, 0.0, -1.0
vb0[489]+040 BLENDWEIGHTS: 0.5, 0.5, 0.0, 0.0
vb0[489]+056 BLENDINDICES: 10, 12, 0, 0
vb0[489]+072 COLOR: 0.014431372284889221, 0.0, 0.0, 0.0
vb0[489]+088 TEXCOORD1: 0.9696377515792847, 0.0

vb0[490]+000 POSITION: 0.05208241194486618, -0.0032836103346198797, 1.496360182762146
vb0[490]+012 NORMAL: -0.21942852437496185, -0.9562488794326782, -0.19349262118339539
vb0[490]+024 TANGENT: 1.0, 0.0, 0.0, -1.0
vb0[490]+040 BLENDWEIGHTS: 0.7711318135261536, 0.14403106272220612, 0.08483715355396271, 0.0
vb0[490]+056 BLENDINDICES: 10, 9, 12, 0
vb0[490]+072 COLOR: 0.01317647099494934, 0.0, 0.0, 0.0
vb0[490]+088 TEXCOORD1: -0.21942852437496185, 1.4901161193847656e-08

vb0[491]+000 POSITION: 0.05488380417227745, -0.0012245558900758624, 1.5108028650283813
vb0[491]+012 NORMAL: 0.9862620234489441, 0.16483192145824432, 0.010852809064090252
vb0[491]+024 TANGENT: 1.0, 0.0, 0.0, -1.0
vb0[491]+040 BLENDWEIGHTS: 0.6370000243186951, 0.34299996495246887, 0.019999999552965164, 0.0
vb0[491]+056 BLENDINDICES: 10, 9, 12, 0
vb0[491]+072 COLOR: 0.012078431434929371, 0.0, 0.0, 0.0
vb0[491]+088 TEXCOORD1: 0.9862619638442993, 0.0

vb0[492]+000 POSITION: 0.049746569246053696, -0.005518421996384859, 1.4855865240097046
vb0[492]+012 NORMAL: 0.8129104375839233, 0.523075520992279, 0.25606369972229004
vb0[492]+024 TANGENT: 1.0, 0.0, 0.0, -1.0
vb0[492]+040 BLENDWEIGHTS: 0.7238124012947083, 0.2412707507610321, 0.03491685539484024, 0.0
vb0[492]+056 BLENDINDICES: 10, 12, 9, 0
vb0[492]+072 COLOR: 0.013803921639919281, 0.0, 0.0, 0.0
vb0[492]+088 TEXCOORD1: 0.8129104375839233, 0.0

vb0[493]+000 POSITION: 0.04705919325351715, -0.007669720333069563, 1.477838158607483
vb0[493]+012 NORMAL: 0.9589132070541382, 0.28309541940689087, -0.018506843596696854
vb0[493]+024 TANGENT: 1.0, 0.0, 0.0, -1.0
vb0[493]+040 BLENDWEIGHTS: 0.5, 0.5, 0.0, 0.0
vb0[493]+056 BLENDINDICES: 10, 12, 0, 0
vb0[493]+072 COLOR: 0.014431372284889221, 0.0, 0.0, 0.0
vb0[493]+088 TEXCOORD1: 0.9589132070541382, 0.0

vb0[494]+000 POSITION: 0.04293470457196236, -0.010990376584231853, 1.4702845811843872
vb0[494]+012 NORMAL: 0.9862620234489441, 0.16483192145824432, 0.010852809064090252
vb0[494]+024 TANGENT: 1.0, 0.0, 0.0, -1.0
vb0[494]+040 BLENDWEIGHTS: 0.6000000238418579, 0.3999999761581421, 0.0, 0.0
vb0[494]+056 BLENDINDICES: 12, 10, 0, 0
vb0[494]+072 COLOR: 0.014901961199939251, 0.0, 0.0, 0.0
vb0[494]+088 TEXCOORD1: 0.9862619638442993, 0.0

vb0[495]+000 POSITION: 0.03882933780550957, -0.01427959930151701, 1.4649327993392944
vb0[495]+012 NORMAL: 0.6366767287254333, 0.6610029339790344, 0.39713695645332336
vb0[495]+024 TANGENT: 1.0, 0.0, 0.0, -1.0
vb0[495]+040 BLENDWEIGHTS: 0.7000000476837158, 0.2999999523162842, 0.0, 0.0
vb0[495]+056 BLENDINDICES: 12, 10, 0, 0
vb0[495]+072 COLOR: 0.015215686522424221, 0.0, 0.0, 0.0
vb0[495]+088 TEXCOORD1: 0.6366767883300781, -2.9802322387695312e-08

vb0[496]+000 POSITION: 0.036236029118299484, -0.01652626506984234, 1.4623745679855347
vb0[496]+012 NORMAL: 0.8885723352432251, 0.3648471534252167, -0.27807506918907166
vb0[496]+024 TANGENT: 1.0, 0.0, 0.0, -1.0
vb0[496]+040 BLENDWEIGHTS: 0.7950000166893005, 0.20499999821186066, 0.0, 0.0
vb0[496]+056 BLENDINDICES: 12, 10, 0, 0
vb0[496]+072 COLOR: 0.015529411844909191, 0.0, 0.0, 0.0
vb0[496]+088 TEXCOORD1: 0.8885723352432251, 0.0

vb0[497]+000 POSITION: 0.033570706844329834, -0.019081048667430878, 1.46055006980896
vb0[497]+012 NORMAL: 0.7295207977294922, 0.6049657464027405, 0.3190859258174896
vb0[497]+024 TANGENT: 1.0, 0.0, 0.0, -1.0
vb0[497]+040 BLENDWEIGHTS: 0.9102235436439514, 0.08977647870779037, 0.0, 0.0
vb0[497]+056 BLENDINDICES: 12, 10, 0, 0
vb0[497]+072 COLOR: 0.015529411844909191, 0.0, 0.0, 0.0
vb0[497]+088 TEXCOORD1: 0.729520857334137, 2.9802322387695312e-08

vb0[498]+000 POSITION: 0.03461552783846855, -0.01803968846797943, 1.461161494255066
vb0[498]+012 NORMAL: 0.8648494482040405, -0.37752169370651245, 0.330927312374115
vb0[498]+024 TANGENT: 1.0, 0.0, 0.0, -1.0
vb0[498]+040 BLENDWEIGHTS: 0.8600000143051147, 0.14000000059604645, 0.0, 0.0
vb0[498]+056 BLENDINDICES: 12, 10, 0, 0
vb0[498]+072 COLOR: 0.015529411844909191, 0.0, 0.0, 0.0
vb0[498]+088 TEXCOORD1: 0.8648494482040405, 0.0

vb0[499]+000 POSITION: 0.05067691579461098, -0.018727654591202736, 1.4892464876174927
vb0[499]+012 NORMAL: -0.2901917099952698, -0.2894347310066223, -0.9121492505073547
vb0[499]+024 TANGENT: 1.0, 0.0, 0.0, -1.0
vb0[499]+040 BLENDWEIGHTS: 0.530795693397522, 0.4342874586582184, 0.03491685912013054, 0.0
vb0[499]+056 BLENDINDICES: 10, 11, 9, 0
vb0[499]+072 COLOR: 0.013647058978676796, 0.0, 0.0, 0.0
vb0[499]+088 TEXCOORD1: -0.2901917099952698, 0.0

vb0[500]+000 POSITION: 0.03262729570269585, -0.02011408843100071, 1.4601964950561523
vb0[500]+012 NORMAL: 0.8130166530609131, 0.2997763156890869, -0.49913740158081055
vb0[500]+024 TANGENT: 1.0, 0.0, 0.0, -1.0
vb0[500]+040 BLENDWEIGHTS: 0.9513797760009766, 0.04862024262547493, 0.0, 0.0
vb0[500]+056 BLENDINDICES: 12, 10, 0, 0
vb0[500]+072 COLOR: 0.015529411844909191, 0.0, 0.0, 0.0
vb0[500]+088 TEXCOORD1: 0.8130166530609131, 2.9802322387695312e-08

vb0[501]+000 POSITION: 0.04594118148088455, -0.023866333067417145, 1.484181523323059
vb0[501]+012 NORMAL: 0.8098834753036499, -0.3981514871120453, 0.4307714104652405
vb0[501]+024 TANGENT: 1.0, 0.0, 0.0, -1.0
vb0[501]+040 BLENDWEIGHTS: 0.5500000715255737, 0.44999992847442627, 0.0, 0.0
vb0[501]+056 BLENDINDICES: 11, 10, 0, 0
vb0[501]+072 COLOR: 0.013960784301161766, 0.0, 0.0, 0.0
vb0[501]+088 TEXCOORD1: 0.8098835945129395, 0.0

vb0[502]+000 POSITION: 0.05874301865696907, 0.020628461614251137, 1.4918335676193237
vb0[502]+012 NORMAL: 0.6027801632881165, 0.22181184589862823, -0.7664565443992615
vb0[502]+024 TANGENT: 1.0, 0.0, 0.0, -1.0
vb0[502]+040 BLENDWEIGHTS: 0.5074779987335205, 0.39802202582359314, 0.09449997544288635, 0.0
vb0[502]+056 BLENDINDICES: 10, 13, 9, 0
vb0[502]+072 COLOR: 0.013490196317434311, 0.0, 0.0, 0.0
vb0[502]+088 TEXCOORD1: 0.6027801036834717, 0.0

vb0[503]+000 POSITION: 0.0452602282166481, 0.015943707898259163, 1.471329927444458
vb0[503]+012 NORMAL: 0.9589132070541382, 0.28309541940689087, -0.018506843596696854
vb0[503]+024 TANGENT: 1.0, 0.0, 0.0, -1.0
vb0[503]+040 BLENDWEIGHTS: 0.9264909625053406, 0.07350905239582062, 0.0, 0.0
vb0[503]+056 BLENDINDICES: 13, 10, 0, 0
vb0[503]+072 COLOR: 0.014901961199939251, 0.0, 0.0, 0.0
vb0[503]+088 TEXCOORD1: 0.9589132070541382, 0.0

vb0[504]+000 POSITION: 0.04733159765601158, 0.016865262761712074, 1.4723341464996338
vb0[504]+012 NORMAL: 0.9862620234489441, 0.16483192145824432, 0.010852809064090252
vb0[504]+024 TANGENT: 1.0, 0.0, 0.0, -1.0
vb0[504]+040 BLENDWEIGHTS: 0.847000002861023, 0.15299999713897705, 0.0, 0.0
vb0[504]+056 BLENDINDICES: 13, 10, 0, 0
vb0[504]+072 COLOR: 0.014901961199939251, 0.0, 0.0, 0.0
vb0[504]+088 TEXCOORD1: 0.9862619638442993, 0.0

vb0[505]+000 POSITION: 0.04972172528505325, 0.017862539738416672, 1.4739720821380615
vb0[505]+012 NORMAL: 0.9965646862983704, 0.06910679489374161, -0.045640479773283005
vb0[505]+024 TANGENT: 1.0, 0.0, 0.0, -1.0
vb0[505]+040 BLENDWEIGHTS: 0.7684751749038696, 0.23152482509613037, 0.0, 0.0
vb0[505]+056 BLENDINDICES: 13, 10, 0, 0
vb0[505]+072 COLOR: 0.014745097607374191, 0.0, 0.0, 0.0
vb0[505]+088 TEXCOORD1: 0.9965646862983704, 0.0

vb0[506]+000 POSITION: 0.052116069942712784, 0.018823843449354172, 1.4762831926345825
vb0[506]+012 NORMAL: 0.9696378111839294, 0.24296873807907104, -0.027728475630283356
vb0[506]+024 TANGENT: 1.0, 0.0, 0.0, -1.0
vb0[506]+040 BLENDWEIGHTS: 0.6850001215934753, 0.31499987840652466, 0.0, 0.0
vb0[506]+056 BLENDINDICES: 13, 10, 0, 0
vb0[506]+072 COLOR: 0.014588234946131706, 0.0, 0.0, 0.0
vb0[506]+088 TEXCOORD1: 0.9696377515792847, 0.0

vb0[507]+000 POSITION: 0.05431946739554405, 0.01958896592259407, 1.479520559310913
vb0[507]+012 NORMAL: 0.9335240721702576, 0.34628552198410034, -0.09283976256847382
vb0[507]+024 TANGENT: 1.0, 0.0, 0.0, -1.0
vb0[507]+040 BLENDWEIGHTS: 0.5829348564147949, 0.4050903916358948, 0.011974736116826534, 0.0
vb0[507]+056 BLENDINDICES: 13, 10, 9, 0
vb0[507]+072 COLOR: 0.014431372284889221, 0.0, 0.0, 0.0
vb0[507]+088 TEXCOORD1: 0.9335240721702576, -7.450580596923828e-09

vb0[508]+000 POSITION: 0.05660802870988846, 0.020174412056803703, 1.4846742153167725
vb0[508]+012 NORMAL: 0.8130166530609131, 0.2997763156890869, -0.49913740158081055
vb0[508]+024 TANGENT: 1.0, 0.0, 0.0, -1.0
vb0[508]+040 BLENDWEIGHTS: 0.48254162073135376, 0.4825415015220642, 0.03491685912013054, 0.0
vb0[508]+056 BLENDINDICES: 13, 10, 9, 0
vb0[508]+072 COLOR: 0.013960784301161766, 0.0, 0.0, 0.0
vb0[508]+088 TEXCOORD1: 0.8130166530609131, 2.9802322387695312e-08

vb0[509]+000 POSITION: 0.03995101898908615, -0.03738933056592941, 1.6098017692565918
vb0[509]+012 NORMAL: -0.023945976048707962, 0.17586533725261688, 0.9841229319572449
vb0[509]+024 TANGENT: 1.0, 0.0, 0.0, -1.0
vb0[509]+040 BLENDWEIGHTS: 1.0, 0.0, 0.0, 0.0
vb0[509]+056 BLENDINDICES: 1, 0, 0, 0
vb0[509]+072 COLOR: 0.004862744826823473, 0.0, 0.0, 0.0
vb0[509]+088 TEXCOORD1: -0.02394597791135311, 1.4901161193847656e-08

vb0[510]+000 POSITION: 0.0720873773097992, -0.03797609359025955, 1.6157128810882568
vb0[510]+012 NORMAL: 0.5955459475517273, -0.7659582495689392, 0.2421424388885498
vb0[510]+024 TANGENT: 1.0, 0.0, 0.0, -1.0
vb0[510]+040 BLENDWEIGHTS: 0.7087105512619019, 0.15480946004390717, 0.13647998869419098, 0.0
vb0[510]+056 BLENDINDICES: 4, 1, 14, 0
vb0[510]+072 COLOR: 0.004549019504338503, 0.0, 0.0, 0.0
vb0[510]+088 TEXCOORD1: 0.5955459475517273, 0.0

vb0[511]+000 POSITION: 0.0784643366932869, -0.025617703795433044, 1.6176105737686157
vb0[511]+012 NORMAL: 0.8206061124801636, -0.548973798751831, 0.15885058045387268
vb0[511]+024 TANGENT: 1.0, 0.0, 0.0, -1.0
vb0[511]+040 BLENDWEIGHTS: 0.7087105512619019, 0.15480946004390717, 0.13647998869419098, 0.0
vb0[511]+056 BLENDINDICES: 4, 1, 14, 0
vb0[511]+072 COLOR: 0.004549019504338503, 0.0, 0.0, 0.0
vb0[511]+088 TEXCOORD1: 0.8206060528755188, -1.4901161193847656e-08

vb0[512]+000 POSITION: 0.07419916242361069, -0.025593586266040802, 1.630327820777893
vb0[512]+012 NORMAL: 0.8648494482040405, -0.37752169370651245, 0.330927312374115
vb0[512]+024 TANGENT: 1.0, 0.0, 0.0, -1.0
vb0[512]+040 BLENDWEIGHTS: 0.6199376583099365, 0.33250001072883606, 0.04756235331296921, 0.0
vb0[512]+056 BLENDINDICES: 4, 1, 14, 0
vb0[512]+072 COLOR: 0.0036078430712223053, 0.0, 0.0, 0.0
vb0[512]+088 TEXCOORD1: 0.8648494482040405, 0.0

vb0[513]+000 POSITION: 0.06215819716453552, -0.03557133674621582, 1.641124963760376
vb0[513]+012 NORMAL: 0.7717692255973816, -0.5708061456680298, 0.28027260303497314
vb0[513]+024 TANGENT: 1.0, 0.0, 0.0, -1.0
vb0[513]+040 BLENDWEIGHTS: 0.6499999761581421, 0.3500000238418579, 0.0, 0.0
vb0[513]+056 BLENDINDICES: 1, 4, 0, 0
vb0[513]+072 COLOR: 0.0028235295321792364, 0.0, 0.0, 0.0
vb0[513]+088 TEXCOORD1: 0.7717691659927368, 0.0

vb0[514]+000 POSITION: 0.06829650700092316, -0.03689820319414139, 1.6280397176742554
vb0[514]+012 NORMAL: 0.9696378111839294, 0.24296873807907104, -0.027728475630283356
vb0[514]+024 TANGENT: 1.0, 0.0, 0.0, -1.0
vb0[514]+040 BLENDWEIGHTS: 0.6199376583099365, 0.33250001072883606, 0.04756235331296921, 0.0
vb0[514]+056 BLENDINDICES: 4, 1, 14, 0
vb0[514]+072 COLOR: 0.003764705965295434, 0.0, 0.0, 0.0
vb0[514]+088 TEXCOORD1: 0.9696377515792847, 0.0

vb0[515]+000 POSITION: 0.06820517778396606, -0.02555067092180252, 1.6428955793380737
vb0[515]+012 NORMAL: 0.7052463293075562, -0.7047960162162781, 0.07674869149923325
vb0[515]+024 TANGENT: 1.0, 0.0, 0.0, -1.0
vb0[515]+040 BLENDWEIGHTS: 0.6499999761581421, 0.3500000238418579, 0.0, 0.0
vb0[515]+056 BLENDINDICES: 1, 4, 0, 0
vb0[515]+072 COLOR: 0.0026666666381061077, 0.0, 0.0, 0.0
vb0[515]+088 TEXCOORD1: 0.7052462697029114, 0.0

vb0[516]+000 POSITION: 0.0553659051656723, -0.033557672053575516, 1.6530735492706299
vb0[516]+012 NORMAL: 0.6564853191375732, -0.7380225658416748, 0.15604397654533386
vb0[516]+024 TANGENT: 1.0, 0.0, 0.0, -1.0
vb0[516]+040 BLENDWEIGHTS: 0.9097499847412109, 0.09025000035762787, 0.0, 0.0
vb0[516]+056 BLENDINDICES: 1, 4, 0, 0
vb0[516]+072 COLOR: 0.001882352982647717, 0.0, 0.0, 0.0
vb0[516]+088 TEXCOORD1: 0.6564853191375732, 1.4901161193847656e-08

vb0[517]+000 POSITION: 0.06097583472728729, -0.024645576253533363, 1.6548911333084106
vb0[517]+012 NORMAL: 0.7717692255973816, -0.5708061456680298, 0.28027260303497314
vb0[517]+024 TANGENT: 1.0, 0.0, 0.0, -1.0
vb0[517]+040 BLENDWEIGHTS: 0.9097499847412109, 0.09025000035762787, 0.0, 0.0
vb0[517]+056 BLENDINDICES: 1, 4, 0, 0
vb0[517]+072 COLOR: 0.001882352982647717, 0.0, 0.0, 0.0
vb0[517]+088 TEXCOORD1: 0.7717691659927368, 0.0

vb0[518]+000 POSITION: 0.05403808131814003, -0.02395387552678585, 1.6638058423995972
vb0[518]+012 NORMAL: 0.7532344460487366, -0.6576641798019409, -0.010759512893855572
vb0[518]+024 TANGENT: 1.0, 0.0, 0.0, -1.0
vb0[518]+040 BLENDWEIGHTS: 0.9800000190734863, 0.019999999552965164, 0.0, 0.0
vb0[518]+056 BLENDINDICES: 1, 4, 0, 0
vb0[518]+072 COLOR: 0.0010980392107740045, 0.0, 0.0, 0.0
vb0[518]+088 TEXCOORD1: 0.7532344460487366, 0.0

vb0[519]+000 POSITION: 0.08119138330221176, -0.02569580078125, 1.6034739017486572
vb0[519]+012 NORMAL: 0.7052463293075562, -0.7047960162162781, 0.07674869149923325
vb0[519]+024 TANGENT: 1.0, 0.0, 0.0, -1.0
vb0[519]+040 BLENDWEIGHTS: 0.6206687092781067, 0.3342062830924988, 0.04512500390410423, 0.0
vb0[519]+056 BLENDINDICES: 4, 14, 1, 0
vb0[519]+072 COLOR: 0.005490196403115988, 0.0, 0.0, 0.0
vb0[519]+088 TEXCOORD1: 0.7052462697029114, 0.0

vb0[520]+000 POSITION: 0.07494810223579407, -0.038752440363168716, 1.6027477979660034
vb0[520]+012 NORMAL: 0.8206061124801636, -0.548973798751831, 0.15885058045387268
vb0[520]+024 TANGENT: 1.0, 0.0, 0.0, -1.0
vb0[520]+040 BLENDWEIGHTS: 0.6206687092781067, 0.3342062830924988, 0.04512500390410423, 0.0
vb0[520]+056 BLENDINDICES: 4, 14, 1, 0
vb0[520]+072 COLOR: 0.005490196403115988, 0.0, 0.0, 0.0
vb0[520]+088 TEXCOORD1: 0.8206060528755188, -1.4901161193847656e-08

vb0[521]+000 POSITION: 0.08241086453199387, -0.02533108741044998, 1.5895158052444458
vb0[521]+012 NORMAL: 0.9142298102378845, -0.3923886716365814, 0.10106953978538513
vb0[521]+024 TANGENT: 1.0, 0.0, 0.0, -1.0
vb0[521]+040 BLENDWEIGHTS: 0.6135537624359131, 0.330375075340271, 0.028439994901418686, 0.027631163597106934
vb0[521]+056 BLENDINDICES: 14, 4, 15, 16
vb0[521]+072 COLOR: 0.006431372836232185, 0.0, 0.0, 0.0
vb0[521]+088 TEXCOORD1: 0.9142298102378845, 0.0

vb0[522]+000 POSITION: 0.07683225721120834, -0.038947753608226776, 1.5887393951416016
vb0[522]+012 NORMAL: 0.9123554825782776, -0.40728840231895447, -0.04151659086346626
vb0[522]+024 TANGENT: 1.0, 0.0, 0.0, -1.0
vb0[522]+040 BLENDWEIGHTS: 0.6191250085830688, 0.333374947309494, 0.04750000685453415, 0.0
vb0[522]+056 BLENDINDICES: 14, 4, 15, 0
vb0[522]+072 COLOR: 0.00658823549747467, 0.0, 0.0, 0.0
vb0[522]+088 TEXCOORD1: 0.9123554825782776, -3.725290298461914e-09

vb0[523]+000 POSITION: 0.08208616077899933, -0.025092773139476776, 1.576842188835144
vb0[523]+012 NORMAL: -0.3777446150779724, -0.6806115508079529, 0.6277554631233215
vb0[523]+024 TANGENT: 1.0, 0.0, 0.0, -1.0
vb0[523]+040 BLENDWEIGHTS: 0.6837360858917236, 0.1574999988079071, 0.07987496256828308, 0.0788889229297638
vb0[523]+056 BLENDINDICES: 14, 4, 16, 15
vb0[523]+072 COLOR: 0.007372548803687096, 0.0, 0.0, 0.0
vb0[523]+088 TEXCOORD1: -0.3777446448802948, 0.0

vb0[524]+000 POSITION: 0.07717405259609222, -0.039030771702528, 1.5774832963943481
vb0[524]+012 NORMAL: 0.9142298102378845, -0.3923886716365814, 0.10106953978538513
vb0[524]+024 TANGENT: 1.0, 0.0, 0.0, -1.0
vb0[524]+040 BLENDWEIGHTS: 0.7114502191543579, 0.1574999988079071, 0.13104978203773499, 0.0
vb0[524]+056 BLENDINDICES: 14, 4, 15, 0
vb0[524]+072 COLOR: 0.007372548803687096, 0.0, 0.0, 0.0
vb0[524]+088 TEXCOORD1: 0.9142298102378845, 0.0

vb0[525]+000 POSITION: 0.08052366226911545, -0.025156859308481216, 1.5641342401504517
vb0[525]+012 NORMAL: -0.23997631669044495, -0.7901337742805481, 0.5640034675598145
vb0[525]+024 TANGENT: 1.0, 0.0, 0.0, -1.0
vb0[525]+040 BLENDWEIGHTS: 0.5790498852729797, 0.1930166333913803, 0.1930166333913803, 0.03491685912013054
vb0[525]+056 BLENDINDICES: 14, 15, 16, 4
vb0[525]+072 COLOR: 0.00831372570246458, 0.0, 0.0, 0.0
vb0[525]+088 TEXCOORD1: -0.23997633159160614, -2.9802322387695312e-08

vb0[526]+000 POSITION: 0.07629148662090302, -0.03885253891348839, 1.564257264137268
vb0[526]+012 NORMAL: 0.9897140264511108, -0.13728412985801697, 0.04024108871817589
vb0[526]+024 TANGENT: 1.0, 0.0, 0.0, -1.0
vb0[526]+040 BLENDWEIGHTS: 0.7238124012947083, 0.2412707507610321, 0.03491685539484024, 0.0
vb0[526]+056 BLENDINDICES: 14, 15, 4, 0
vb0[526]+072 COLOR: 0.00831372570246458, 0.0, 0.0, 0.0
vb0[526]+088 TEXCOORD1: 0.9897139668464661, 0.0

vb0[527]+000 POSITION: 0.07762450724840164, -0.026693133637309074, 1.551639199256897
vb0[527]+012 NORMAL: 0.9816365838050842, -0.17734555900096893, -0.07027173042297363
vb0[527]+024 TANGENT: 1.0, 0.0, 0.0, -1.0
vb0[527]+040 BLENDWEIGHTS: 0.6175000071525574, 0.33250004053115845, 0.050000011920928955, 0.0
vb0[527]+056 BLENDINDICES: 14, 15, 16, 0
vb0[527]+072 COLOR: 0.00925490166991949, 0.0, 0.0, 0.0
vb0[527]+088 TEXCOORD1: 0.981636643409729, -7.450580596923828e-09

vb0[528]+000 POSITION: 0.07435302436351776, -0.0383862666785717, 1.5530964136123657
vb0[528]+012 NORMAL: 0.9123554825782776, -0.40728840231895447, -0.04151659086346626
vb0[528]+024 TANGENT: 1.0, 0.0, 0.0, -1.0
vb0[528]+040 BLENDWEIGHTS: 0.6499999761581421, 0.3500000238418579, 0.0, 0.0
vb0[528]+056 BLENDINDICES: 14, 15, 0, 0
vb0[528]+072 COLOR: 0.009098039008677006, 0.0, 0.0, 0.0
vb0[528]+088 TEXCOORD1: 0.9123554825782776, -3.725290298461914e-09

vb0[529]+000 POSITION: 0.07205565273761749, -0.03776611387729645, 1.544818639755249
vb0[529]+012 NORMAL: 0.9936406016349792, 0.002133970381692052, -0.1125783696770668
vb0[529]+024 TANGENT: 1.0, 0.0, 0.0, -1.0
vb0[529]+040 BLENDWEIGHTS: 0.5, 0.5, 0.0, 0.0
vb0[529]+056 BLENDINDICES: 14, 15, 0, 0
vb0[529]+072 COLOR: 0.009568626992404461, 0.0, 0.0, 0.0
vb0[529]+088 TEXCOORD1: 0.9936405420303345, 0.0

vb0[530]+000 POSITION: 0.07454101741313934, -0.028226327151060104, 1.5425268411636353
vb0[530]+012 NORMAL: 0.9897140264511108, -0.13728412985801697, 0.04024108871817589
vb0[530]+024 TANGENT: 1.0, 0.0, 0.0, -1.0
vb0[530]+040 BLENDWEIGHTS: 0.49226218461990356, 0.49226218461990356, 0.015475617721676826, 0.0
vb0[530]+056 BLENDINDICES: 14, 15, 16, 0
vb0[530]+072 COLOR: 0.009882352314889431, 0.0, 0.0, 0.0
vb0[530]+088 TEXCOORD1: 0.9897139668464661, 0.0

vb0[531]+000 POSITION: 0.06930661201477051, -0.037158191204071045, 1.53756582736969
vb0[531]+012 NORMAL: 0.9965646862983704, 0.06910679489374161, -0.045640479773283005
vb0[531]+024 TANGENT: 1.0, 0.0, 0.0, -1.0
vb0[531]+040 BLENDWEIGHTS: 0.6325000524520874, 0.3674999475479126, 0.0, 0.0
vb0[531]+056 BLENDINDICES: 15, 14, 0, 0
vb0[531]+072 COLOR: 0.010196078568696976, 0.0, 0.0, 0.0
vb0[531]+088 TEXCOORD1: 0.9965646862983704, 0.0

vb0[532]+000 POSITION: 0.07112792134284973, -0.0296472255140543, 1.535616397857666
vb0[532]+012 NORMAL: 0.9816365838050842, -0.17734555900096893, -0.07027173042297363
vb0[532]+024 TANGENT: 1.0, 0.0, 0.0, -1.0
vb0[532]+040 BLENDWEIGHTS: 0.6325000524520874, 0.3674999475479126, 0.0, 0.0
vb0[532]+056 BLENDINDICES: 15, 14, 0, 0
vb0[532]+072 COLOR: 0.01035294122993946, 0.0, 0.0, 0.0
vb0[532]+088 TEXCOORD1: 0.981636643409729, -7.450580596923828e-09

vb0[533]+000 POSITION: 0.06621336936950684, -0.03671629726886749, 1.5317429304122925
vb0[533]+012 NORMAL: 0.9612477421760559, -0.2589534521102905, -0.09458233416080475
vb0[533]+024 TANGENT: 1.0, 0.0, 0.0, -1.0
vb0[533]+040 BLENDWEIGHTS: 0.737500011920929, 0.26249998807907104, 0.0, 0.0
vb0[533]+056 BLENDINDICES: 15, 14, 0, 0
vb0[533]+072 COLOR: 0.010509803891181946, 0.0, 0.0, 0.0
vb0[533]+088 TEXCOORD1: 0.9612478017807007, 7.450580596923828e-09

vb0[534]+000 POSITION: 0.06746338307857513, -0.031058358028531075, 1.530328392982483
vb0[534]+012 NORMAL: 0.8559333086013794, -0.5124871134757996, -0.06881184875965118
vb0[534]+024 TANGENT: 1.0, 0.0, 0.0, -1.0
vb0[534]+040 BLENDWEIGHTS: 0.737500011920929, 0.26249998807907104, 0.0, 0.0
vb0[534]+056 BLENDINDICES: 15, 14, 0, 0
vb0[534]+072 COLOR: 0.01066666655242443, 0.0, 0.0, 0.0
vb0[534]+088 TEXCOORD1: 0.8559333682060242, 0.0

vb0[535]+000 POSITION: 0.05682465061545372, -0.035161152482032776, 1.5226941108703613
vb0[535]+012 NORMAL: 0.9965646862983704, 0.06910679489374161, -0.045640479773283005
vb0[535]+024 TANGENT: 1.0, 0.0, 0.0, -1.0
vb0[535]+040 BLENDWEIGHTS: 1.0, 0.0, 0.0, 0.0
vb0[535]+056 BLENDINDICES: 15, 0, 0, 0
vb0[535]+072 COLOR: 0.01113725546747446, 0.0, 0.0, 0.0
vb0[535]+088 TEXCOORD1: -0.8371269702911377, -0.5115348100662231

vb0[536]+000 POSITION: 0.06032207980751991, -0.033826351165771484, 1.5239521265029907
vb0[536]+012 NORMAL: 0.9816365838050842, -0.17734555900096893, -0.07027173042297363
vb0[536]+024 TANGENT: 1.0, 0.0, 0.0, -1.0
vb0[536]+040 BLENDWEIGHTS: 0.9142625331878662, 0.08573745936155319, 0.0, 0.0
vb0[536]+056 BLENDINDICES: 15, 14, 0, 0
vb0[536]+072 COLOR: 0.01113725546747446, 0.0, 0.0, 0.0
vb0[536]+088 TEXCOORD1: 0.981636643409729, -7.450580596923828e-09

vb0[537]+000 POSITION: 0.06006348133087158, -0.03576294705271721, 1.524387001991272
vb0[537]+012 NORMAL: 0.9123554825782776, -0.40728840231895447, -0.04151659086346626
vb0[537]+024 TANGENT: 1.0, 0.0, 0.0, -1.0
vb0[537]+040 BLENDWEIGHTS: 0.9142625331878662, 0.08573745936155319, 0.0, 0.0
vb0[537]+056 BLENDINDICES: 15, 14, 0, 0
vb0[537]+072 COLOR: 0.010980392806231976, 0.0, 0.0, 0.0
vb0[537]+088 TEXCOORD1: 0.9123554825782776, -3.725290298461914e-09

vb0[538]+000 POSITION: 0.04785643890500069, -0.023692626506090164, 1.6695213317871094
vb0[538]+012 NORMAL: 0.9142298102378845, -0.3923886716365814, 0.10106953978538513
vb0[538]+024 TANGENT: 1.0, 0.0, 0.0, -1.0
vb0[538]+040 BLENDWEIGHTS: 1.0, 0.0, 0.0, 0.0
vb0[538]+056 BLENDINDICES: 1, 0, 0, 0
vb0[538]+072 COLOR: 0.0007843137136660516, 0.0, 0.0, 0.0
vb0[538]+088 TEXCOORD1: 0.9142298102378845, 0.0

vb0[539]+000 POSITION: 0.04745719954371452, -0.031193871051073074, 1.6634831428527832
vb0[539]+012 NORMAL: 0.8206061124801636, -0.548973798751831, 0.15885058045387268
vb0[539]+024 TANGENT: 1.0, 0.0, 0.0, -1.0
vb0[539]+040 BLENDWEIGHTS: 1.0, 0.0, 0.0, 0.0
vb0[539]+056 BLENDINDICES: 1, 0, 0, 0
vb0[539]+072 COLOR: 0.0010980392107740045, 0.0, 0.0, 0.0
vb0[539]+088 TEXCOORD1: 0.8206060528755188, -1.4901161193847656e-08

vb0[540]+000 POSITION: 0.040270909667015076, -0.029065269976854324, 1.670301914215088
vb0[540]+012 NORMAL: 0.9123554825782776, -0.40728840231895447, -0.04151659086346626
vb0[540]+024 TANGENT: 1.0, 0.0, 0.0, -1.0
vb0[540]+040 BLENDWEIGHTS: 1.0, 0.0, 0.0, 0.0
vb0[540]+056 BLENDINDICES: 1, 0, 0, 0
vb0[540]+072 COLOR: 0.0006274509942159057, 0.0, 0.0, 0.0
vb0[540]+088 TEXCOORD1: 0.9123554825782776, -3.725290298461914e-09

vb0[541]+000 POSITION: 0.06291625648736954, -0.03622743487358093, 1.5270823240280151
vb0[541]+012 NORMAL: 0.9897140264511108, -0.13728412985801697, 0.04024108871817589
vb0[541]+024 TANGENT: 1.0, 0.0, 0.0, -1.0
vb0[541]+040 BLENDWEIGHTS: 0.8346250057220459, 0.1653749644756317, 0.0, 0.0
vb0[541]+056 BLENDINDICES: 15, 14, 0, 0
vb0[541]+072 COLOR: 0.01082353014498949, 0.0, 0.0, 0.0
vb0[541]+088 TEXCOORD1: 0.9897139668464661, 0.0

vb0[542]+000 POSITION: 0.06351317465305328, -0.032541513442993164, 1.5262621641159058
vb0[542]+012 NORMAL: 0.9816365838050842, -0.17734555900096893, -0.07027173042297363
vb0[542]+024 TANGENT: 1.0, 0.0, 0.0, -1.0
vb0[542]+040 BLENDWEIGHTS: 0.8346250057220459, 0.1653749644756317, 0.0, 0.0
vb0[542]+056 BLENDINDICES: 15, 14, 0, 0
vb0[542]+072 COLOR: 0.010980392806231976, 0.0, 0.0, 0.0
vb0[542]+088 TEXCOORD1: 0.981636643409729, -7.450580596923828e-09

vb0[543]+000 POSITION: 0.03661021590232849, -0.022187914699316025, 1.677103877067566
vb0[543]+012 NORMAL: 0.9756053686141968, -0.0523521862924099, -0.2131980061531067
vb0[543]+024 TANGENT: 1.0, 0.0, 0.0, -1.0
vb0[543]+040 BLENDWEIGHTS: 1.0, 0.0, 0.0, 0.0
vb0[543]+056 BLENDINDICES: 1, 0, 0, 0
vb0[543]+072 COLOR: 0.00015686274855397642, 0.0, 0.0, 0.0
vb0[543]+088 TEXCOORD1: 0.9756054282188416, 0.0

vb0[544]+000 POSITION: 0.03438857942819595, -0.026707231998443604, 1.6747069358825684
vb0[544]+012 NORMAL: -0.8713740110397339, 0.06126256287097931, -0.48677951097488403
vb0[544]+024 TANGENT: 1.0, 0.0, 0.0, -1.0
vb0[544]+040 BLENDWEIGHTS: 1.0, 0.0, 0.0, 0.0
vb0[544]+056 BLENDINDICES: 1, 0, 0, 0
vb0[544]+072 COLOR: 0.00031372549710795283, 0.0, 0.0, 0.0
vb0[544]+088 TEXCOORD1: -0.8713740110397339, 0.0

vb0[545]+000 POSITION: 0.043154001235961914, -0.023189639672636986, 1.6731072664260864
vb0[545]+012 NORMAL: 0.7532344460487366, -0.6576641798019409, -0.010759512893855572
vb0[545]+024 TANGENT: 1.0, 0.0, 0.0, -1.0
vb0[545]+040 BLENDWEIGHTS: 1.0, 0.0, 0.0, 0.0
vb0[545]+056 BLENDINDICES: 1, 0, 0, 0
vb0[545]+072 COLOR: 0.00047058824566192925, 0.0, 0.0, 0.0
vb0[545]+088 TEXCOORD1: 0.7532344460487366, 0.0

vb0[546]+000 POSITION: 0.029650921002030373, -0.020681368187069893, 1.6799297332763672
vb0[546]+012 NORMAL: 0.9816365838050842, -0.17734555900096893, -0.07027173042297363
vb0[546]+024 TANGENT: 1.0, 0.0, 0.0, -1.0
vb0[546]+040 BLENDWEIGHTS: 1.0, 0.0, 0.0, 0.0
vb0[546]+056 BLENDINDICES: 1, 0, 0, 0
vb0[546]+072 COLOR: 0.0, 0.0, 0.0, 0.0
vb0[546]+088 TEXCOORD1: 0.981636643409729, -7.450580596923828e-09

vb0[547]+000 POSITION: 0.027960048988461494, -0.023437408730387688, 1.6784484386444092
vb0[547]+012 NORMAL: 0.9612477421760559, -0.2589534521102905, -0.09458233416080475
vb0[547]+024 TANGENT: 1.0, 0.0, 0.0, -1.0
vb0[547]+040 BLENDWEIGHTS: 1.0, 0.0, 0.0, 0.0
vb0[547]+056 BLENDINDICES: 1, 0, 0, 0
vb0[547]+072 COLOR: 0.0, 0.0, 0.0, 0.0
vb0[547]+088 TEXCOORD1: 0.9612478017807007, 7.450580596923828e-09

vb0[548]+000 POSITION: 0.031202241778373718, -0.025296108797192574, 1.6767408847808838
vb0[548]+012 NORMAL: 0.6366767287254333, 0.6610029339790344, 0.39713695645332336
vb0[548]+024 TANGENT: 1.0, 0.0, 0.0, -1.0
vb0[548]+040 BLENDWEIGHTS: 1.0, 0.0, 0.0, 0.0
vb0[548]+056 BLENDINDICES: 1, 0, 0, 0
vb0[548]+072 COLOR: 0.00015686274855397642, 0.0, 0.0, 0.0
vb0[548]+088 TEXCOORD1: 0.6366767883300781, -2.9802322387695312e-08

vb0[549]+000 POSITION: 0.0332573726773262, -0.021730050444602966, 1.6786201000213623
vb0[549]+012 NORMAL: 0.6366767287254333, 0.6610029339790344, 0.39713695645332336
vb0[549]+024 TANGENT: 1.0, 0.0, 0.0, -1.0
vb0[549]+040 BLENDWEIGHTS: 1.0, 0.0, 0.0, 0.0
vb0[549]+056 BLENDINDICES: 1, 0, 0, 0
vb0[549]+072 COLOR: 0.0, 0.0, 0.0, 0.0
vb0[549]+088 TEXCOORD1: 0.6366767883300781, -2.9802322387695312e-08

vb0[550]+000 POSITION: 0.026518216356635094, -0.019496768712997437, 1.680436611175537
vb0[550]+012 NORMAL: 0.9936406016349792, 0.002133970381692052, -0.1125783696770668
vb0[550]+024 TANGENT: 1.0, 0.0, 0.0, -1.0
vb0[550]+040 BLENDWEIGHTS: 1.0, 0.0, 0.0, 0.0
vb0[550]+056 BLENDINDICES: 1, 0, 0, 0
vb0[550]+072 COLOR: 0.0, 0.0, 0.0, 0.0
vb0[550]+088 TEXCOORD1: 0.9936405420303345, 0.0

vb0[551]+000 POSITION: 0.02526753395795822, -0.02156372182071209, 1.6793675422668457
vb0[551]+012 NORMAL: 0.9936406016349792, 0.002133970381692052, -0.1125783696770668
vb0[551]+024 TANGENT: 1.0, 0.0, 0.0, -1.0
vb0[551]+040 BLENDWEIGHTS: 1.0, 0.0, 0.0, 0.0
vb0[551]+056 BLENDINDICES: 1, 0, 0, 0
vb0[551]+072 COLOR: 0.0, 0.0, 0.0, 0.0
vb0[551]+088 TEXCOORD1: 0.9936405420303345, 0.0

vb0[552]+000 POSITION: 0.023345524445176125, -0.02044038660824299, 1.6795694828033447
vb0[552]+012 NORMAL: 0.9965646862983704, 0.06910679489374161, -0.045640479773283005
vb0[552]+024 TANGENT: 1.0, 0.0, 0.0, -1.0
vb0[552]+040 BLENDWEIGHTS: 1.0, 0.0, 0.0, 0.0
vb0[552]+056 BLENDINDICES: 1, 0, 0, 0
vb0[552]+072 COLOR: 0.0, 0.0, 0.0, 0.0
vb0[552]+088 TEXCOORD1: 0.9965646862983704, 0.0

vb0[553]+000 POSITION: 0.024338964372873306, -0.01858634501695633, 1.68034827709198
vb0[553]+012 NORMAL: 0.9696378111839294, 0.24296873807907104, -0.027728475630283356
vb0[553]+024 TANGENT: 1.0, 0.0, 0.0, -1.0
vb0[553]+040 BLENDWEIGHTS: 1.0, 0.0, 0.0, 0.0
vb0[553]+056 BLENDINDICES: 1, 0, 0, 0
vb0[553]+072 COLOR: 0.0, 0.0, 0.0, 0.0
vb0[553]+088 TEXCOORD1: 0.9696377515792847, 0.0

vb0[554]+000 POSITION: 0.02242199517786503, -0.019062649458646774, 1.6795849800109863
vb0[554]+012 NORMAL: 0.41646426916122437, -0.7266338467597961, -0.5464070439338684
vb0[554]+024 TANGENT: 1.0, 0.0, 0.0, -1.0
vb0[554]+040 BLENDWEIGHTS: 1.0, 0.0, 0.0, 0.0
vb0[554]+056 BLENDINDICES: 1, 0, 0, 0
vb0[554]+072 COLOR: 0.0, 0.0, 0.0, 0.0
vb0[554]+088 TEXCOORD1: 0.41646432876586914, 2.9802322387695312e-08

vb0[555]+000 POSITION: 0.04641972482204437, -0.037247732281684875, 1.6505001783370972
vb0[555]+012 NORMAL: -0.8863281011581421, 0.09411755204200745, -0.453391969203949
vb0[555]+024 TANGENT: 1.0, 0.0, 0.0, -1.0
vb0[555]+040 BLENDWEIGHTS: 0.9097499847412109, 0.09025000035762787, 0.0, 0.0
vb0[555]+056 BLENDINDICES: 1, 4, 0, 0
vb0[555]+072 COLOR: 0.002039215760305524, 0.0, 0.0, 0.0
vb0[555]+088 TEXCOORD1: -0.8863282203674316, 0.0

vb0[556]+000 POSITION: 0.05186401307582855, -0.03919679671525955, 1.637458324432373
vb0[556]+012 NORMAL: 0.9936406016349792, 0.002133970381692052, -0.1125783696770668
vb0[556]+024 TANGENT: 1.0, 0.0, 0.0, -1.0
vb0[556]+040 BLENDWEIGHTS: 0.6499999761581421, 0.3500000238418579, 0.0, 0.0
vb0[556]+056 BLENDINDICES: 1, 4, 0, 0
vb0[556]+072 COLOR: 0.0029803921934217215, 0.0, 0.0, 0.0
vb0[556]+088 TEXCOORD1: 0.9936405420303345, 0.0

vb0[557]+000 POSITION: 0.056159671396017075, -0.040029287338256836, 1.624298334121704
vb0[557]+012 NORMAL: 0.9908860921859741, 0.07553911209106445, -0.11152821034193039
vb0[557]+024 TANGENT: 1.0, 0.0, 0.0, -1.0
vb0[557]+040 BLENDWEIGHTS: 0.6199376583099365, 0.33250001072883606, 0.04756235331296921, 0.0
vb0[557]+056 BLENDINDICES: 4, 1, 14, 0
vb0[557]+072 COLOR: 0.003921568393707275, 0.0, 0.0, 0.0
vb0[557]+088 TEXCOORD1: 0.9908861517906189, 0.0

vb0[558]+000 POSITION: 0.05859619379043579, -0.04010007902979851, 1.613160490989685
vb0[558]+012 NORMAL: 0.9089417457580566, 0.2610015571117401, -0.32512009143829346
vb0[558]+024 TANGENT: 1.0, 0.0, 0.0, -1.0
vb0[558]+040 BLENDWEIGHTS: 0.7087105512619019, 0.15480946004390717, 0.13647998869419098, 0.0
vb0[558]+056 BLENDINDICES: 4, 1, 14, 0
vb0[558]+072 COLOR: 0.004705882165580988, 0.0, 0.0, 0.0
vb0[558]+088 TEXCOORD1: 0.9089418053627014, 1.4901161193847656e-08

vb0[559]+000 POSITION: 0.07124190032482147, -0.03749912232160568, 1.615104079246521
vb0[559]+012 NORMAL: 0.44443199038505554, 0.12404844909906387, -0.8871821761131287
vb0[559]+024 TANGENT: 1.0, 0.0, 0.0, -1.0
vb0[559]+040 BLENDWEIGHTS: 0.7087105512619019, 0.15480946004390717, 0.13647998869419098, 0.0
vb0[559]+056 BLENDINDICES: 4, 1, 14, 0
vb0[559]+072 COLOR: 0.004705882165580988, 0.0, 0.0, 0.0
vb0[559]+088 TEXCOORD1: 0.44443199038505554, -7.450580596923828e-09

vb0[560]+000 POSITION: 0.07340282201766968, -0.0370541475713253, 1.6014703512191772
vb0[560]+012 NORMAL: 0.8559333086013794, -0.5124871134757996, -0.06881184875965118
vb0[560]+024 TANGENT: 1.0, 0.0, 0.0, -1.0
vb0[560]+040 BLENDWEIGHTS: 0.6206687092781067, 0.3342062830924988, 0.04512500390410423, 0.0
vb0[560]+056 BLENDINDICES: 4, 14, 1, 0
vb0[560]+072 COLOR: 0.005647059064358473, 0.0, 0.0, 0.0
vb0[560]+088 TEXCOORD1: 0.8559333682060242, 0.0

vb0[561]+000 POSITION: 0.060826562345027924, -0.03974121809005737, 1.6010923385620117
vb0[561]+012 NORMAL: 0.8130166530609131, 0.2997763156890869, -0.49913740158081055
vb0[561]+024 TANGENT: 1.0, 0.0, 0.0, -1.0
vb0[561]+040 BLENDWEIGHTS: 0.6206687092781067, 0.3342062830924988, 0.04512500390410423, 0.0
vb0[561]+056 BLENDINDICES: 4, 14, 1, 0
vb0[561]+072 COLOR: 0.005647059064358473, 0.0, 0.0, 0.0
vb0[561]+088 TEXCOORD1: 0.8130166530609131, 2.9802322387695312e-08

vb0[562]+000 POSITION: 0.06186522915959358, -0.03879638761281967, 1.5878721475601196
vb0[562]+012 NORMAL: 0.9089417457580566, 0.2610015571117401, -0.32512009143829346
vb0[562]+024 TANGENT: 1.0, 0.0, 0.0, -1.0
vb0[562]+040 BLENDWEIGHTS: 0.6191250085830688, 0.333374947309494, 0.04750000685453415, 0.0
vb0[562]+056 BLENDINDICES: 14, 4, 15, 0
vb0[562]+072 COLOR: 0.00658823549747467, 0.0, 0.0, 0.0
vb0[562]+088 TEXCOORD1: 0.9089418053627014, 1.4901161193847656e-08

vb0[563]+000 POSITION: 0.07488027215003967, -0.03555024042725563, 1.588351845741272
vb0[563]+012 NORMAL: 0.8949819803237915, 0.21907679736614227, -0.3886033594608307
vb0[563]+024 TANGENT: 1.0, 0.0, 0.0, -1.0
vb0[563]+040 BLENDWEIGHTS: 0.6191250085830688, 0.333374947309494, 0.04750000685453415, 0.0
vb0[563]+056 BLENDINDICES: 14, 4, 15, 0
vb0[563]+072 COLOR: 0.00658823549747467, 0.0, 0.0, 0.0
vb0[563]+088 TEXCOORD1: 0.8949820399284363, 0.0

vb0[564]+000 POSITION: 0.07464423775672913, -0.03386080637574196, 1.5767523050308228
vb0[564]+012 NORMAL: 0.8678029775619507, 0.48918113112449646, -0.08729184418916702
vb0[564]+024 TANGENT: 1.0, 0.0, 0.0, -1.0
vb0[564]+040 BLENDWEIGHTS: 0.7114502191543579, 0.1574999988079071, 0.13104978203773499, 0.0
vb0[564]+056 BLENDINDICES: 14, 4, 15, 0
vb0[564]+072 COLOR: 0.007372548803687096, 0.0, 0.0, 0.0
vb0[564]+088 TEXCOORD1: 0.8678029775619507, 0.0

vb0[565]+000 POSITION: 0.06218693032860756, -0.03776613250374794, 1.57625412940979
vb0[565]+012 NORMAL: 0.9672355055809021, 0.05482944846153259, -0.24788954854011536
vb0[565]+024 TANGENT: 1.0, 0.0, 0.0, -1.0
vb0[565]+040 BLENDWEIGHTS: 0.7114502191543579, 0.1574999988079071, 0.13104978203773499, 0.0
vb0[565]+056 BLENDINDICES: 14, 4, 15, 0
vb0[565]+072 COLOR: 0.007372548803687096, 0.0, 0.0, 0.0
vb0[565]+088 TEXCOORD1: 0.9672355055809021, 0.0

vb0[566]+000 POSITION: 0.06142616271972656, -0.036633290350437164, 1.5648062229156494
vb0[566]+012 NORMAL: 0.9936406016349792, 0.002133970381692052, -0.1125783696770668
vb0[566]+024 TANGENT: 1.0, 0.0, 0.0, -1.0
vb0[566]+040 BLENDWEIGHTS: 0.7238124012947083, 0.2412707507610321, 0.03491685539484024, 0.0
vb0[566]+056 BLENDINDICES: 14, 15, 4, 0
vb0[566]+072 COLOR: 0.008156863041222095, 0.0, 0.0, 0.0
vb0[566]+088 TEXCOORD1: 0.9936405420303345, 0.0

vb0[567]+000 POSITION: 0.07320702075958252, -0.03221968561410904, 1.5638810396194458
vb0[567]+012 NORMAL: 0.9756053686141968, -0.0523521862924099, -0.2131980061531067
vb0[567]+024 TANGENT: 1.0, 0.0, 0.0, -1.0
vb0[567]+040 BLENDWEIGHTS: 0.7238124012947083, 0.2412707507610321, 0.03491685539484024, 0.0
vb0[567]+056 BLENDINDICES: 14, 15, 4, 0
vb0[567]+072 COLOR: 0.00831372570246458, 0.0, 0.0, 0.0
vb0[567]+088 TEXCOORD1: 0.9756054282188416, 0.0

vb0[568]+000 POSITION: 0.05939880758523941, -0.035830046981573105, 1.554404377937317
vb0[568]+012 NORMAL: 0.9672355055809021, 0.05482944846153259, -0.24788954854011536
vb0[568]+024 TANGENT: 1.0, 0.0, 0.0, -1.0
vb0[568]+040 BLENDWEIGHTS: 0.6000000238418579, 0.3999999761581421, 0.0, 0.0
vb0[568]+056 BLENDINDICES: 14, 15, 0, 0
vb0[568]+072 COLOR: 0.00894117634743452, 0.0, 0.0, 0.0
vb0[568]+088 TEXCOORD1: 0.9672355055809021, 0.0

vb0[569]+000 POSITION: 0.07145283371210098, -0.03191100060939789, 1.5570064783096313
vb0[569]+012 NORMAL: 0.9908860921859741, 0.07553911209106445, -0.11152821034193039
vb0[569]+024 TANGENT: 1.0, 0.0, 0.0, -1.0
vb0[569]+040 BLENDWEIGHTS: 0.699999988079071, 0.30000001192092896, 0.0, 0.0
vb0[569]+056 BLENDINDICES: 14, 15, 0, 0
vb0[569]+072 COLOR: 0.008784313686192036, 0.0, 0.0, 0.0
vb0[569]+088 TEXCOORD1: 0.9908861517906189, 0.0

vb0[570]+000 POSITION: 0.06773070991039276, -0.03181406110525131, 1.5490529537200928
vb0[570]+012 NORMAL: 0.9908860921859741, 0.07553911209106445, -0.11152821034193039
vb0[570]+024 TANGENT: 1.0, 0.0, 0.0, -1.0
vb0[570]+040 BLENDWEIGHTS: 0.5, 0.5, 0.0, 0.0
vb0[570]+056 BLENDINDICES: 14, 15, 0, 0
vb0[570]+072 COLOR: 0.00925490166991949, 0.0, 0.0, 0.0
vb0[570]+088 TEXCOORD1: 0.9908861517906189, 0.0

vb0[571]+000 POSITION: 0.06228884682059288, -0.032528188079595566, 1.5412684679031372
vb0[571]+012 NORMAL: 0.9089417457580566, 0.2610015571117401, -0.32512009143829346
vb0[571]+024 TANGENT: 1.0, 0.0, 0.0, -1.0
vb0[571]+040 BLENDWEIGHTS: 0.6325000524520874, 0.3674999475479126, 0.0, 0.0
vb0[571]+056 BLENDINDICES: 15, 14, 0, 0
vb0[571]+072 COLOR: 0.009882352314889431, 0.0, 0.0, 0.0
vb0[571]+088 TEXCOORD1: 0.9089418053627014, 1.4901161193847656e-08

vb0[572]+000 POSITION: 0.055665288120508194, -0.03537353500723839, 1.5449481010437012
vb0[572]+012 NORMAL: 0.9908860921859741, 0.07553911209106445, -0.11152821034193039
vb0[572]+024 TANGENT: 1.0, 0.0, 0.0, -1.0
vb0[572]+040 BLENDWEIGHTS: 0.6325000524520874, 0.3674999475479126, 0.0, 0.0
vb0[572]+056 BLENDINDICES: 15, 14, 0, 0
vb0[572]+072 COLOR: 0.009568626992404461, 0.0, 0.0, 0.0
vb0[572]+088 TEXCOORD1: 0.9908861517906189, 0.0

vb0[573]+000 POSITION: 0.052126459777355194, -0.035429697483778, 1.5390275716781616
vb0[573]+012 NORMAL: 0.9089417457580566, 0.2610015571117401, -0.32512009143829346
vb0[573]+024 TANGENT: 1.0, 0.0, 0.0, -1.0
vb0[573]+040 BLENDWEIGHTS: 0.737500011920929, 0.26249998807907104, 0.0, 0.0
vb0[573]+056 BLENDINDICES: 15, 14, 0, 0
vb0[573]+072 COLOR: 0.01003921590745449, 0.0, 0.0, 0.0
vb0[573]+088 TEXCOORD1: 0.9089418053627014, 1.4901161193847656e-08

vb0[574]+000 POSITION: 0.056810565292835236, -0.03351142629981041, 1.5357003211975098
vb0[574]+012 NORMAL: 0.9696378111839294, 0.24296873807907104, -0.027728475630283356
vb0[574]+024 TANGENT: 1.0, 0.0, 0.0, -1.0
vb0[574]+040 BLENDWEIGHTS: 0.737500011920929, 0.26249998807907104, 0.0, 0.0
vb0[574]+056 BLENDINDICES: 15, 14, 0, 0
vb0[574]+072 COLOR: 0.010196078568696976, 0.0, 0.0, 0.0
vb0[574]+088 TEXCOORD1: 0.9696377515792847, 0.0

vb0[575]+000 POSITION: 0.04868895933032036, -0.03573241084814072, 1.5347578525543213
vb0[575]+012 NORMAL: 0.9672355055809021, 0.05482944846153259, -0.24788954854011536
vb0[575]+024 TANGENT: 1.0, 0.0, 0.0, -1.0
vb0[575]+040 BLENDWEIGHTS: 0.8263562917709351, 0.17364370822906494, 0.0, 0.0
vb0[575]+056 BLENDINDICES: 15, 14, 0, 0
vb0[575]+072 COLOR: 0.01035294122993946, 0.0, 0.0, 0.0
vb0[575]+088 TEXCOORD1: 0.9672355055809021, 0.0

vb0[576]+000 POSITION: 0.05112025514245033, -0.03444555029273033, 1.5314157009124756
vb0[576]+012 NORMAL: 0.7553236484527588, -0.05308542773127556, -0.6531983017921448
vb0[576]+024 TANGENT: 1.0, 0.0, 0.0, -1.0
vb0[576]+040 BLENDWEIGHTS: 0.8263562917709351, 0.17364370822906494, 0.0, 0.0
vb0[576]+056 BLENDINDICES: 15, 14, 0, 0
vb0[576]+072 COLOR: 0.010509803891181946, 0.0, 0.0, 0.0
vb0[576]+088 TEXCOORD1: 0.7553237080574036, -3.725290298461914e-09

vb0[577]+000 POSITION: 0.04480241239070892, -0.03606973588466644, 1.5310595035552979
vb0[577]+012 NORMAL: 0.7553236484527588, -0.05308542773127556, -0.6531983017921448
vb0[577]+024 TANGENT: 1.0, 0.0, 0.0, -1.0
vb0[577]+040 BLENDWEIGHTS: 0.889750063419342, 0.11024993658065796, 0.0, 0.0
vb0[577]+056 BLENDINDICES: 15, 14, 0, 0
vb0[577]+072 COLOR: 0.010509803891181946, 0.0, 0.0, 0.0
vb0[577]+088 TEXCOORD1: 0.7553237080574036, -3.725290298461914e-09

vb0[578]+000 POSITION: 0.04646972939372063, -0.0352490209043026, 1.5289756059646606
vb0[578]+012 NORMAL: 0.8949819803237915, 0.21907679736614227, -0.3886033594608307
vb0[578]+024 TANGENT: 1.0, 0.0, 0.0, -1.0
vb0[578]+040 BLENDWEIGHTS: 0.889750063419342, 0.11024993658065796, 0.0, 0.0
vb0[578]+056 BLENDINDICES: 15, 14, 0, 0
vb0[578]+072 COLOR: 0.01066666655242443, 0.0, 0.0, 0.0
vb0[578]+088 TEXCOORD1: 0.8949820399284363, 0.0

vb0[579]+000 POSITION: 0.042191457003355026, -0.036496199667453766, 1.529347538948059
vb0[579]+012 NORMAL: 0.9756053686141968, -0.0523521862924099, -0.2131980061531067
vb0[579]+024 TANGENT: 1.0, 0.0, 0.0, -1.0
vb0[579]+040 BLENDWEIGHTS: 0.9448750019073486, 0.05512499436736107, 0.0, 0.0
vb0[579]+056 BLENDINDICES: 15, 14, 0, 0
vb0[579]+072 COLOR: 0.01066666655242443, 0.0, 0.0, 0.0
vb0[579]+088 TEXCOORD1: 0.9756054282188416, 0.0

vb0[580]+000 POSITION: 0.04348510131239891, -0.03583620861172676, 1.527804970741272
vb0[580]+012 NORMAL: 0.6182712316513062, -0.18947677314281464, -0.7627838850021362
vb0[580]+024 TANGENT: 1.0, 0.0, 0.0, -1.0
vb0[580]+040 BLENDWEIGHTS: 0.9296450018882751, 0.07035499066114426, 0.0, 0.0
vb0[580]+056 BLENDINDICES: 15, 14, 0, 0
vb0[580]+072 COLOR: 0.01082353014498949, 0.0, 0.0, 0.0
vb0[580]+088 TEXCOORD1: 0.6182712316513062, 0.0

vb0[581]+000 POSITION: 0.03947535902261734, -0.036918170750141144, 1.5272550582885742
vb0[581]+012 NORMAL: 0.9672355055809021, 0.05482944846153259, -0.24788954854011536
vb0[581]+024 TANGENT: 1.0, 0.0, 0.0, -1.0
vb0[581]+040 BLENDWEIGHTS: 0.9800000190734863, 0.019999999552965164, 0.0, 0.0
vb0[581]+056 BLENDINDICES: 15, 14, 0, 0
vb0[581]+072 COLOR: 0.01082353014498949, 0.0, 0.0, 0.0
vb0[581]+088 TEXCOORD1: 0.9672355055809021, 0.0

vb0[582]+000 POSITION: 0.04140254110097885, -0.03636014088988304, 1.5273758172988892
vb0[582]+012 NORMAL: -0.834348738193512, 0.0936078205704689, -0.5432308316230774
vb0[582]+024 TANGENT: 1.0, 0.0, 0.0, -1.0
vb0[582]+040 BLENDWEIGHTS: 0.9571312665939331, 0.04286874830722809, 0.0, 0.0
vb0[582]+056 BLENDINDICES: 15, 14, 0, 0
vb0[582]+072 COLOR: 0.01082353014498949, 0.0, 0.0, 0.0
vb0[582]+088 TEXCOORD1: -0.834348738193512, 0.0

vb0[583]+000 POSITION: 0.039816830307245255, -0.03700847551226616, 1.5282118320465088
vb0[583]+012 NORMAL: -0.6778862476348877, 0.029672417789697647, -0.7345677018165588
vb0[583]+024 TANGENT: 1.0, 0.0, 0.0, -1.0
vb0[583]+040 BLENDWEIGHTS: 0.9789999723434448, 0.020999997854232788, 0.0, 0.0
vb0[583]+056 BLENDINDICES: 15, 14, 0, 0
vb0[583]+072 COLOR: 0.01066666655242443, 0.0, 0.0, 0.0
vb0[583]+088 TEXCOORD1: -0.6778863072395325, -1.862645149230957e-09

vb0[584]+000 POSITION: 0.08721574395895004, -0.008429544046521187, 1.6185429096221924
vb0[584]+012 NORMAL: 0.803173840045929, -0.37817487120628357, -0.4603210687637329
vb0[584]+024 TANGENT: 1.0, 0.0, 0.0, -1.0
vb0[584]+040 BLENDWEIGHTS: 0.7087105512619019, 0.15480946004390717, 0.13647998869419098, 0.0
vb0[584]+056 BLENDINDICES: 4, 1, 14, 0
vb0[584]+072 COLOR: 0.004549019504338503, 0.0, 0.0, 0.0
vb0[584]+088 TEXCOORD1: 0.8031738996505737, -2.9802322387695312e-08

vb0[585]+000 POSITION: 0.08674851804971695, -0.01673198491334915, 1.6043920516967773
vb0[585]+012 NORMAL: 0.7532344460487366, -0.6576641798019409, -0.010759512893855572
vb0[585]+024 TANGENT: 1.0, 0.0, 0.0, -1.0
vb0[585]+040 BLENDWEIGHTS: 0.6206687092781067, 0.3342062830924988, 0.04512500390410423, 0.0
vb0[585]+056 BLENDINDICES: 4, 14, 1, 0
vb0[585]+072 COLOR: 0.005490196403115988, 0.0, 0.0, 0.0
vb0[585]+088 TEXCOORD1: 0.7532344460487366, 0.0

vb0[586]+000 POSITION: 0.08086805045604706, -0.010459001176059246, 1.6326756477355957
vb0[586]+012 NORMAL: 0.22615748643875122, -0.8995835185050964, 0.3736339509487152
vb0[586]+024 TANGENT: 1.0, 0.0, 0.0, -1.0
vb0[586]+040 BLENDWEIGHTS: 0.6199376583099365, 0.33250001072883606, 0.04756235331296921, 0.0
vb0[586]+056 BLENDINDICES: 4, 1, 14, 0
vb0[586]+072 COLOR: 0.0034509804099798203, 0.0, 0.0, 0.0
vb0[586]+088 TEXCOORD1: 0.22615750133991241, 0.0

vb0[587]+000 POSITION: 0.07340448349714279, -0.012859201058745384, 1.645885705947876
vb0[587]+012 NORMAL: 0.00510454922914505, -0.9288607239723206, 0.3703940808773041
vb0[587]+024 TANGENT: 1.0, 0.0, 0.0, -1.0
vb0[587]+040 BLENDWEIGHTS: 0.6499999761581421, 0.3500000238418579, 0.0, 0.0
vb0[587]+056 BLENDINDICES: 1, 4, 0, 0
vb0[587]+072 COLOR: 0.0025098039768636227, 0.0, 0.0, 0.0
vb0[587]+088 TEXCOORD1: 0.00510454922914505, 0.0

vb0[588]+000 POSITION: 0.06480467319488525, -0.014309129677712917, 1.6566941738128662
vb0[588]+012 NORMAL: 0.6182712316513062, -0.18947677314281464, -0.7627838850021362
vb0[588]+024 TANGENT: 1.0, 0.0, 0.0, -1.0
vb0[588]+040 BLENDWEIGHTS: 0.9097499847412109, 0.09025000035762787, 0.0, 0.0
vb0[588]+056 BLENDINDICES: 1, 4, 0, 0
vb0[588]+072 COLOR: 0.0017254902049899101, 0.0, 0.0, 0.0
vb0[588]+088 TEXCOORD1: 0.6182712316513062, 0.0

vb0[589]+000 POSITION: 0.05678711459040642, -0.015607942827045918, 1.6654082536697388
vb0[589]+012 NORMAL: 0.5129252076148987, -0.39258772134780884, -0.7634019255638123
vb0[589]+024 TANGENT: 1.0, 0.0, 0.0, -1.0
vb0[589]+040 BLENDWEIGHTS: 0.9800000190734863, 0.019999999552965164, 0.0, 0.0
vb0[589]+056 BLENDINDICES: 1, 4, 0, 0
vb0[589]+072 COLOR: 0.0010980392107740045, 0.0, 0.0, 0.0
vb0[589]+088 TEXCOORD1: 0.5129252672195435, 0.0

vb0[590]+000 POSITION: 0.05024169385433197, -0.01633545383810997, 1.670952558517456
vb0[590]+012 NORMAL: 0.5133100152015686, -0.5310385823249817, -0.6741741895675659
vb0[590]+024 TANGENT: 1.0, 0.0, 0.0, -1.0
vb0[590]+040 BLENDWEIGHTS: 1.0, 0.0, 0.0, 0.0
vb0[590]+056 BLENDINDICES: 1, 0, 0, 0
vb0[590]+072 COLOR: 0.0006274509942159057, 0.0, 0.0, 0.0
vb0[590]+088 TEXCOORD1: 0.5133100152015686, 0.0

vb0[591]+000 POSITION: 0.04464111849665642, -0.01686527207493782, 1.6747654676437378
vb0[591]+012 NORMAL: 0.786094605922699, -0.5066659450531006, -0.3540407121181488
vb0[591]+024 TANGENT: 1.0, 0.0, 0.0, -1.0
vb0[591]+040 BLENDWEIGHTS: 1.0, 0.0, 0.0, 0.0
vb0[591]+056 BLENDINDICES: 1, 0, 0, 0
vb0[591]+072 COLOR: 0.00031372549710795283, 0.0, 0.0, 0.0
vb0[591]+088 TEXCOORD1: 0.7860946655273438, -2.9802322387695312e-08

vb0[592]+000 POSITION: 0.03798242658376694, -0.017281847074627876, 1.6782526969909668
vb0[592]+012 NORMAL: 0.803173840045929, -0.37817487120628357, -0.4603210687637329
vb0[592]+024 TANGENT: 1.0, 0.0, 0.0, -1.0
vb0[592]+040 BLENDWEIGHTS: 1.0, 0.0, 0.0, 0.0
vb0[592]+056 BLENDINDICES: 1, 0, 0, 0
vb0[592]+072 COLOR: 0.00015686274855397642, 0.0, 0.0, 0.0
vb0[592]+088 TEXCOORD1: 0.8031738996505737, -2.9802322387695312e-08

vb0[593]+000 POSITION: 0.03466647490859032, -0.01727544702589512, 1.679668664932251
vb0[593]+012 NORMAL: 0.9862620234489441, 0.16483192145824432, 0.010852809064090252
vb0[593]+024 TANGENT: 1.0, 0.0, 0.0, -1.0
vb0[593]+040 BLENDWEIGHTS: 1.0, 0.0, 0.0, 0.0
vb0[593]+056 BLENDINDICES: 1, 0, 0, 0
vb0[593]+072 COLOR: 0.0, 0.0, 0.0, 0.0
vb0[593]+088 TEXCOORD1: 0.9862619638442993, 0.0

vb0[594]+000 POSITION: 0.02763671800494194, -0.016843246296048164, 1.6811327934265137
vb0[594]+012 NORMAL: 0.4031895101070404, -0.7331971526145935, -0.5475949645042419
vb0[594]+024 TANGENT: 1.0, 0.0, 0.0, -1.0
vb0[594]+040 BLENDWEIGHTS: 1.0, 0.0, 0.0, 0.0
vb0[594]+056 BLENDINDICES: 1, 0, 0, 0
vb0[594]+072 COLOR: 0.0, 0.0, 0.0, 0.0
vb0[594]+088 TEXCOORD1: 0.4031895399093628, 0.0

vb0[595]+000 POSITION: 0.03094969131052494, -0.017188910394906998, 1.6807615756988525
vb0[595]+012 NORMAL: 0.5133100152015686, -0.5310385823249817, -0.6741741895675659
vb0[595]+024 TANGENT: 1.0, 0.0, 0.0, -1.0
vb0[595]+040 BLENDWEIGHTS: 1.0, 0.0, 0.0, 0.0
vb0[595]+056 BLENDINDICES: 1, 0, 0, 0
vb0[595]+072 COLOR: 0.0, 0.0, 0.0, 0.0
vb0[595]+088 TEXCOORD1: 0.5133100152015686, 0.0

vb0[596]+000 POSITION: 0.025416553020477295, -0.016438497230410576, 1.6808725595474243
vb0[596]+012 NORMAL: 0.6984847784042358, -0.6761342287063599, -0.2344387322664261
vb0[596]+024 TANGENT: 1.0, 0.0, 0.0, -1.0
vb0[596]+040 BLENDWEIGHTS: 1.0, 0.0, 0.0, 0.0
vb0[596]+056 BLENDINDICES: 1, 0, 0, 0
vb0[596]+072 COLOR: 0.0, 0.0, 0.0, 0.0
vb0[596]+088 TEXCOORD1: 0.6984847784042358, -1.4901161193847656e-08

vb0[597]+000 POSITION: 0.02301683835685253, -0.015741005539894104, 1.6799036264419556
vb0[597]+012 NORMAL: 0.7527559995651245, -0.5527087450027466, 0.35759133100509644
vb0[597]+024 TANGENT: 1.0, 0.0, 0.0, -1.0
vb0[597]+040 BLENDWEIGHTS: 1.0, 0.0, 0.0, 0.0
vb0[597]+056 BLENDINDICES: 1, 0, 0, 0
vb0[597]+072 COLOR: 0.0, 0.0, 0.0, 0.0
vb0[597]+088 TEXCOORD1: 0.7527559995651245, 0.0

vb0[598]+000 POSITION: 0.06568079441785812, -0.013976450078189373, 1.6575793027877808
vb0[598]+012 NORMAL: 0.22615748643875122, -0.8995835185050964, 0.3736339509487152
vb0[598]+024 TANGENT: 1.0, 0.0, 0.0, -1.0
vb0[598]+040 BLENDWEIGHTS: 0.9097499847412109, 0.09025000035762787, 0.0, 0.0
vb0[598]+056 BLENDINDICES: 1, 4, 0, 0
vb0[598]+072 COLOR: 0.0017254902049899101, 0.0, 0.0, 0.0
vb0[598]+088 TEXCOORD1: 0.22615750133991241, 0.0

vb0[599]+000 POSITION: 0.058219876140356064, -0.015378894284367561, 1.666825771331787
vb0[599]+012 NORMAL: 0.5955459475517273, -0.7659582495689392, 0.2421424388885498
vb0[599]+024 TANGENT: 1.0, 0.0, 0.0, -1.0
vb0[599]+040 BLENDWEIGHTS: 0.9800000190734863, 0.019999999552965164, 0.0, 0.0
vb0[599]+056 BLENDINDICES: 1, 4, 0, 0
vb0[599]+072 COLOR: 0.0009411764913238585, 0.0, 0.0, 0.0
vb0[599]+088 TEXCOORD1: 0.5955459475517273, 0.0

vb0[600]+000 POSITION: 0.051946479827165604, -0.016448993235826492, 1.6727491617202759
vb0[600]+012 NORMAL: 0.2747160494327545, -0.9558477997779846, 0.10433625429868698
vb0[600]+024 TANGENT: 1.0, 0.0, 0.0, -1.0
vb0[600]+040 BLENDWEIGHTS: 1.0, 0.0, 0.0, 0.0
vb0[600]+056 BLENDINDICES: 1, 0, 0, 0
vb0[600]+072 COLOR: 0.00047058824566192925, 0.0, 0.0, 0.0
vb0[600]+088 TEXCOORD1: 0.2747160494327545, 0.0

vb0[601]+000 POSITION: 0.04644416645169258, -0.01718534342944622, 1.6770833730697632
vb0[601]+012 NORMAL: 0.2747160494327545, -0.9558477997779846, 0.10433625429868698
vb0[601]+024 TANGENT: 1.0, 0.0, 0.0, -1.0
vb0[601]+040 BLENDWEIGHTS: 1.0, 0.0, 0.0, 0.0
vb0[601]+056 BLENDINDICES: 1, 0, 0, 0
vb0[601]+072 COLOR: 0.00015686274855397642, 0.0, 0.0, 0.0
vb0[601]+088 TEXCOORD1: 0.2747160494327545, 0.0

vb0[602]+000 POSITION: 0.04031384736299515, -0.017757320776581764, 1.6806920766830444
vb0[602]+012 NORMAL: 0.6564853191375732, -0.7380225658416748, 0.15604397654533386
vb0[602]+024 TANGENT: 1.0, 0.0, 0.0, -1.0
vb0[602]+040 BLENDWEIGHTS: 1.0, 0.0, 0.0, 0.0
vb0[602]+056 BLENDINDICES: 1, 0, 0, 0
vb0[602]+072 COLOR: 0.0, 0.0, 0.0, 0.0
vb0[602]+088 TEXCOORD1: 0.6564853191375732, 1.4901161193847656e-08

vb0[603]+000 POSITION: 0.03553588688373566, -0.017875980585813522, 1.682586431503296
vb0[603]+012 NORMAL: 0.786094605922699, -0.5066659450531006, -0.3540407121181488
vb0[603]+024 TANGENT: 1.0, 0.0, 0.0, -1.0
vb0[603]+040 BLENDWEIGHTS: 1.0, 0.0, 0.0, 0.0
vb0[603]+056 BLENDINDICES: 1, 0, 0, 0
vb0[603]+072 COLOR: 0.0, 0.0, 0.0, 0.0
vb0[603]+088 TEXCOORD1: 0.7860946655273438, -2.9802322387695312e-08

vb0[604]+000 POSITION: 0.030991820618510246, -0.017453603446483612, 1.6832468509674072
vb0[604]+012 NORMAL: 0.6080804467201233, -0.7753956913948059, -0.1702934056520462
vb0[604]+024 TANGENT: 1.0, 0.0, 0.0, -1.0
vb0[604]+040 BLENDWEIGHTS: 1.0, 0.0, 0.0, 0.0
vb0[604]+056 BLENDINDICES: 1, 0, 0, 0
vb0[604]+072 COLOR: 0.0, 0.0, 0.0, 0.0
vb0[604]+088 TEXCOORD1: 0.6080804467201233, 0.0

vb0[605]+000 POSITION: 0.024895628914237022, -0.016396507620811462, 1.681861400604248
vb0[605]+012 NORMAL: 0.26001647114753723, -0.8393657803535461, -0.4773433208465576
vb0[605]+024 TANGENT: 1.0, 0.0, 0.0, -1.0
vb0[605]+040 BLENDWEIGHTS: 1.0, 0.0, 0.0, 0.0
vb0[605]+056 BLENDINDICES: 1, 0, 0, 0
vb0[605]+072 COLOR: 0.0, 0.0, 0.0, 0.0
vb0[605]+088 TEXCOORD1: 0.26001644134521484, 0.0

vb0[606]+000 POSITION: 0.02784423716366291, -0.01700441725552082, 1.6828255653381348
vb0[606]+012 NORMAL: 0.4031895101070404, -0.7331971526145935, -0.5475949645042419
vb0[606]+024 TANGENT: 1.0, 0.0, 0.0, -1.0
vb0[606]+040 BLENDWEIGHTS: 1.0, 0.0, 0.0, 0.0
vb0[606]+056 BLENDINDICES: 1, 0, 0, 0
vb0[606]+072 COLOR: 0.0, 0.0, 0.0, 0.0
vb0[606]+088 TEXCOORD1: 0.4031895399093628, 0.0

vb0[607]+000 POSITION: 0.021980471909046173, -0.012097383849322796, 1.6828765869140625
vb0[607]+012 NORMAL: 0.7717692255973816, -0.5708061456680298, 0.28027260303497314
vb0[607]+024 TANGENT: 1.0, 0.0, 0.0, -1.0
vb0[607]+040 BLENDWEIGHTS: 1.0, 0.0, 0.0, 0.0
vb0[607]+056 BLENDINDICES: 1, 0, 0, 0
vb0[607]+072 COLOR: 0.0, 0.0, 0.0, 0.0
vb0[607]+088 TEXCOORD1: 0.7717691659927368, 0.0

vb0[608]+000 POSITION: 0.02299470454454422, -0.01565827988088131, 1.6804757118225098
vb0[608]+012 NORMAL: 0.4797023832798004, -0.6850262880325317, -0.548292338848114
vb0[608]+024 TANGENT: 1.0, 0.0, 0.0, -1.0
vb0[608]+040 BLENDWEIGHTS: 1.0, 0.0, 0.0, 0.0
vb0[608]+056 BLENDINDICES: 1, 0, 0, 0
vb0[608]+072 COLOR: 0.0, 0.0, 0.0, 0.0
vb0[608]+088 TEXCOORD1: 0.4797024428844452, 2.9802322387695312e-08

vb0[609]+000 POSITION: 0.023626403883099556, -0.012009906582534313, 1.6846799850463867
vb0[609]+012 NORMAL: 0.49773192405700684, -0.8605925440788269, -0.10790438205003738
vb0[609]+024 TANGENT: 1.0, 0.0, 0.0, -1.0
vb0[609]+040 BLENDWEIGHTS: 1.0, 0.0, 0.0, 0.0
vb0[609]+056 BLENDINDICES: 1, 0, 0, 0
vb0[609]+072 COLOR: 0.0, 0.0, 0.0, 0.0
vb0[609]+088 TEXCOORD1: 0.49773192405700684, 0.0

vb0[610]+000 POSITION: 0.03474843502044678, -0.012298593297600746, 1.6849944591522217
vb0[610]+012 NORMAL: 0.49773192405700684, -0.8605925440788269, -0.10790438205003738
vb0[610]+024 TANGENT: 1.0, 0.0, 0.0, -1.0
vb0[610]+040 BLENDWEIGHTS: 1.0, 0.0, 0.0, 0.0
vb0[610]+056 BLENDINDICES: 1, 0, 0, 0
vb0[610]+072 COLOR: 0.0, 0.0, 0.0, 0.0
vb0[610]+088 TEXCOORD1: 0.49773192405700684, 0.0

vb0[611]+000 POSITION: 0.03026856854557991, -0.013396501541137695, 1.6853426694869995
vb0[611]+012 NORMAL: 0.6080804467201233, -0.7753956913948059, -0.1702934056520462
vb0[611]+024 TANGENT: 1.0, 0.0, 0.0, -1.0
vb0[611]+040 BLENDWEIGHTS: 1.0, 0.0, 0.0, 0.0
vb0[611]+056 BLENDINDICES: 1, 0, 0, 0
vb0[611]+072 COLOR: 0.0, 0.0, 0.0, 0.0
vb0[611]+088 TEXCOORD1: 0.6080804467201233, 0.0

vb0[612]+000 POSITION: 0.02701946720480919, -0.014112815260887146, 1.6846613883972168
vb0[612]+012 NORMAL: 0.3849180340766907, -0.9228079915046692, -0.01623542234301567
vb0[612]+024 TANGENT: 1.0, 0.0, 0.0, -1.0
vb0[612]+040 BLENDWEIGHTS: 1.0, 0.0, 0.0, 0.0
vb0[612]+056 BLENDINDICES: 1, 0, 0, 0
vb0[612]+072 COLOR: 0.0, 0.0, 0.0, 0.0
vb0[612]+088 TEXCOORD1: 0.38491806387901306, 0.0

vb0[613]+000 POSITION: 0.029503781348466873, -0.00905639585107565, 1.6867430210113525
vb0[613]+012 NORMAL: 0.26001647114753723, -0.8393657803535461, -0.4773433208465576
vb0[613]+024 TANGENT: 1.0, 0.0, 0.0, -1.0
vb0[613]+040 BLENDWEIGHTS: 1.0, 0.0, 0.0, 0.0
vb0[613]+056 BLENDINDICES: 1, 0, 0, 0
vb0[613]+072 COLOR: 0.0, 0.0, 0.0, 0.0
vb0[613]+088 TEXCOORD1: 0.26001644134521484, 0.0

vb0[614]+000 POSITION: 0.033775631338357925, -0.006397719029337168, 1.6864452362060547
vb0[614]+012 NORMAL: 0.6984847784042358, -0.6761342287063599, -0.2344387322664261
vb0[614]+024 TANGENT: 1.0, 0.0, 0.0, -1.0
vb0[614]+040 BLENDWEIGHTS: 1.0, 0.0, 0.0, 0.0
vb0[614]+056 BLENDINDICES: 1, 0, 0, 0
vb0[614]+072 COLOR: 0.0, 0.0, 0.0, 0.0
vb0[614]+088 TEXCOORD1: 0.6984847784042358, -1.4901161193847656e-08

vb0[615]+000 POSITION: 0.02627258002758026, -0.010944828391075134, 1.6859861612319946
vb0[615]+012 NORMAL: 0.17432820796966553, -0.9195387363433838, -0.3522188663482666
vb0[615]+024 TANGENT: 1.0, 0.0, 0.0, -1.0
vb0[615]+040 BLENDWEIGHTS: 1.0, 0.0, 0.0, 0.0
vb0[615]+056 BLENDINDICES: 1, 0, 0, 0
vb0[615]+072 COLOR: 0.0, 0.0, 0.0, 0.0
vb0[615]+088 TEXCOORD1: 0.17432820796966553, 0.0

vb0[616]+000 POSITION: 0.040551748126745224, -0.010487093590199947, 1.6831247806549072
vb0[616]+012 NORMAL: 0.7052463293075562, -0.7047960162162781, 0.07674869149923325
vb0[616]+024 TANGENT: 1.0, 0.0, 0.0, -1.0
vb0[616]+040 BLENDWEIGHTS: 1.0, 0.0, 0.0, 0.0
vb0[616]+056 BLENDINDICES: 1, 0, 0, 0
vb0[616]+072 COLOR: 0.0, 0.0, 0.0, 0.0
vb0[616]+088 TEXCOORD1: 0.7052462697029114, 0.0

vb0[617]+000 POSITION: 0.039858389645814896, -0.0029162883292883635, 1.6844382286071777
vb0[617]+012 NORMAL: 0.3849180340766907, -0.9228079915046692, -0.01623542234301567
vb0[617]+024 TANGENT: 1.0, 0.0, 0.0, -1.0
vb0[617]+040 BLENDWEIGHTS: 1.0, 0.0, 0.0, 0.0
vb0[617]+056 BLENDINDICES: 1, 0, 0, 0
vb0[617]+072 COLOR: 0.0, 0.0, 0.0, 0.0
vb0[617]+088 TEXCOORD1: 0.38491806387901306, 0.0

vb0[618]+000 POSITION: 0.046984851360321045, -0.008165955543518066, 1.6798313856124878
vb0[618]+012 NORMAL: 0.5955459475517273, -0.7659582495689392, 0.2421424388885498
vb0[618]+024 TANGENT: 1.0, 0.0, 0.0, -1.0
vb0[618]+040 BLENDWEIGHTS: 1.0, 0.0, 0.0, 0.0
vb0[618]+056 BLENDINDICES: 1, 0, 0, 0
vb0[618]+072 COLOR: 0.0, 0.0, 0.0, 0.0
vb0[618]+088 TEXCOORD1: 0.5955459475517273, 0.0

vb0[619]+000 POSITION: 0.04606566205620766, 0.0005895471549592912, 1.6814180612564087
vb0[619]+012 NORMAL: 0.6564853191375732, -0.7380225658416748, 0.15604397654533386
vb0[619]+024 TANGENT: 1.0, 0.0, 0.0, -1.0
vb0[619]+040 BLENDWEIGHTS: 1.0, 0.0, 0.0, 0.0
vb0[619]+056 BLENDINDICES: 1, 0, 0, 0
vb0[619]+072 COLOR: 0.0, 0.0, 0.0, 0.0
vb0[619]+088 TEXCOORD1: 0.6564853191375732, 1.4901161193847656e-08

vb0[620]+000 POSITION: 0.053210437297821045, -0.006007699761539698, 1.675666332244873
vb0[620]+012 NORMAL: 0.15884190797805786, -0.9630082845687866, 0.21767939627170563
vb0[620]+024 TANGENT: 1.0, 0.0, 0.0, -1.0
vb0[620]+040 BLENDWEIGHTS: 1.0, 0.0, 0.0, 0.0
vb0[620]+056 BLENDINDICES: 1, 0, 0, 0
vb0[620]+072 COLOR: 0.00031372549710795283, 0.0, 0.0, 0.0
vb0[620]+088 TEXCOORD1: 0.15884189307689667, 0.0

vb0[621]+000 POSITION: 0.053472694009542465, 0.004867768380790949, 1.6768990755081177
vb0[621]+012 NORMAL: 0.47902584075927734, -0.8188446164131165, 0.31627166271209717
vb0[621]+024 TANGENT: 1.0, 0.0, 0.0, -1.0
vb0[621]+040 BLENDWEIGHTS: 1.0, 0.0, 0.0, 0.0
vb0[621]+056 BLENDINDICES: 1, 0, 0, 0
vb0[621]+072 COLOR: 0.0, 0.0, 0.0, 0.0
vb0[621]+088 TEXCOORD1: 0.47902587056159973, 0.0

vb0[622]+000 POSITION: 0.060729969292879105, -0.0032881307415664196, 1.669402837753296
vb0[622]+012 NORMAL: 0.15884190797805786, -0.9630082845687866, 0.21767939627170563
vb0[622]+024 TANGENT: 1.0, 0.0, 0.0, -1.0
vb0[622]+040 BLENDWEIGHTS: 0.9800000190734863, 0.019999999552965164, 0.0, 0.0
vb0[622]+056 BLENDINDICES: 1, 4, 0, 0
vb0[622]+072 COLOR: 0.0007843137136660516, 0.0, 0.0, 0.0
vb0[622]+088 TEXCOORD1: 0.15884189307689667, 0.0

vb0[623]+000 POSITION: 0.059905245900154114, 0.008878092281520367, 1.6717673540115356
vb0[623]+012 NORMAL: 0.08032795786857605, -0.9525985717773438, 0.2934337258338928
vb0[623]+024 TANGENT: 1.0, 0.0, 0.0, -1.0
vb0[623]+040 BLENDWEIGHTS: 0.9800000190734863, 0.019999999552965164, 0.0, 0.0
vb0[623]+056 BLENDINDICES: 1, 4, 0, 0
vb0[623]+072 COLOR: 0.0, 0.0, 0.0, 0.0
vb0[623]+088 TEXCOORD1: 0.08032796531915665, 0.0

vb0[624]+000 POSITION: 0.06871824711561203, -0.0005166720948182046, 1.6609861850738525
vb0[624]+012 NORMAL: 0.47902584075927734, -0.8188446164131165, 0.31627166271209717
vb0[624]+024 TANGENT: 1.0, 0.0, 0.0, -1.0
vb0[624]+040 BLENDWEIGHTS: 0.9097499847412109, 0.09025000035762787, 0.0, 0.0
vb0[624]+056 BLENDINDICES: 1, 4, 0, 0
vb0[624]+072 COLOR: 0.0014117647660896182, 0.0, 0.0, 0.0
vb0[624]+088 TEXCOORD1: 0.47902587056159973, 0.0

vb0[625]+000 POSITION: 0.06889881938695908, 0.007034802343696356, 1.6624480485916138
vb0[625]+012 NORMAL: 0.6366767287254333, 0.6610029339790344, 0.39713695645332336
vb0[625]+024 TANGENT: 1.0, 0.0, 0.0, -1.0
vb0[625]+040 BLENDWEIGHTS: 0.9097499847412109, 0.09025000035762787, 0.0, 0.0
vb0[625]+056 BLENDINDICES: 1, 4, 0, 0
vb0[625]+072 COLOR: 0.0014117647660896182, 0.0, 0.0, 0.0
vb0[625]+088 TEXCOORD1: 0.6366767883300781, -2.9802322387695312e-08

vb0[626]+000 POSITION: 0.07770215719938278, 0.0025721825659275055, 1.648988962173462
vb0[626]+012 NORMAL: 0.16707667708396912, -0.8762075901031494, 0.45204615592956543
vb0[626]+024 TANGENT: 1.0, 0.0, 0.0, -1.0
vb0[626]+040 BLENDWEIGHTS: 0.6499999761581421, 0.3500000238418579, 0.0, 0.0
vb0[626]+056 BLENDINDICES: 1, 4, 0, 0
vb0[626]+072 COLOR: 0.002352941082790494, 0.0, 0.0, 0.0
vb0[626]+088 TEXCOORD1: 0.1670766919851303, 0.0

vb0[627]+000 POSITION: 0.07883520424365997, 0.01205796841531992, 1.6502513885498047
vb0[627]+012 NORMAL: -0.059524066746234894, 0.7305744886398315, 0.6802337169647217
vb0[627]+024 TANGENT: 1.0, 0.0, 0.0, -1.0
vb0[627]+040 BLENDWEIGHTS: 0.6235285401344299, 0.335746169090271, 0.04072531312704086, 0.0
vb0[627]+056 BLENDINDICES: 1, 4, 17, 0
vb0[627]+072 COLOR: 0.002352941082790494, 0.0, 0.0, 0.0
vb0[627]+088 TEXCOORD1: -0.059524063020944595, 0.0

vb0[628]+000 POSITION: 0.08703736960887909, 0.006771767977625132, 1.6338577270507812
vb0[628]+012 NORMAL: 0.00510454922914505, -0.9288607239723206, 0.3703940808773041
vb0[628]+024 TANGENT: 1.0, 0.0, 0.0, -1.0
vb0[628]+040 BLENDWEIGHTS: 0.6199376583099365, 0.33250001072883606, 0.04756235331296921, 0.0
vb0[628]+056 BLENDINDICES: 4, 1, 14, 0
vb0[628]+072 COLOR: 0.0034509804099798203, 0.0, 0.0, 0.0
vb0[628]+088 TEXCOORD1: 0.00510454922914505, 0.0

vb0[629]+000 POSITION: 0.07825543731451035, 0.021234555169939995, 1.6508556604385376
vb0[629]+012 NORMAL: -0.7608219981193542, -0.2894713878631592, -0.5808237791061401
vb0[629]+024 TANGENT: 1.0, 0.0, 0.0, -1.0
vb0[629]+040 BLENDWEIGHTS: 0.6066098213195801, 0.19454927742481232, 0.16361646354198456, 0.035224419087171555
vb0[629]+056 BLENDINDICES: 1, 18, 4, 17
vb0[629]+072 COLOR: 0.0, 0.0, 0.0, 0.0
vb0[629]+088 TEXCOORD1: -0.7608219981193542, 0.0

vb0[630]+000 POSITION: 0.08860761672258377, 0.017253773286938667, 1.6344996690750122
vb0[630]+012 NORMAL: 0.10489107668399811, -0.8461119532585144, 0.5225823521614075
vb0[630]+024 TANGENT: 1.0, 0.0, 0.0, -1.0
vb0[630]+040 BLENDWEIGHTS: 0.41328316926956177, 0.33250001072883606, 0.21194007992744446, 0.042276762425899506
vb0[630]+056 BLENDINDICES: 4, 1, 17, 14
vb0[630]+072 COLOR: 0.0034509804099798203, 0.0, 0.0, 0.0
vb0[630]+088 TEXCOORD1: 0.1048910915851593, 2.9802322387695312e-08

vb0[631]+000 POSITION: 0.08813419193029404, 0.027774600312113762, 1.6352883577346802
vb0[631]+012 NORMAL: -0.09045454114675522, -0.8842418789863586, 0.45818597078323364
vb0[631]+024 TANGENT: 1.0, 0.0, 0.0, -1.0
vb0[631]+040 BLENDWEIGHTS: 0.4087827801704407, 0.24435150623321533, 0.23496785759925842, 0.11189790815114975
vb0[631]+056 BLENDINDICES: 1, 18, 4, 17
vb0[631]+072 COLOR: 0.0034509804099798203, 0.0, 0.0, 0.0
vb0[631]+088 TEXCOORD1: -0.09045453369617462, 0.0

vb0[632]+000 POSITION: 0.09348926693201065, 0.008893581107258797, 1.6193480491638184
vb0[632]+012 NORMAL: 0.16707667708396912, -0.8762075901031494, 0.45204615592956543
vb0[632]+024 TANGENT: 1.0, 0.0, 0.0, -1.0
vb0[632]+040 BLENDWEIGHTS: 0.7087105512619019, 0.15480946004390717, 0.13647998869419098, 0.0
vb0[632]+056 BLENDINDICES: 4, 1, 14, 0
vb0[632]+072 COLOR: 0.004549019504338503, 0.0, 0.0, 0.0
vb0[632]+088 TEXCOORD1: 0.1670766919851303, 0.0

vb0[633]+000 POSITION: 0.09444551169872284, 0.020760254934430122, 1.6200443506240845
vb0[633]+012 NORMAL: -0.09045454114675522, -0.8842418789863586, 0.45818597078323364
vb0[633]+024 TANGENT: 1.0, 0.0, 0.0, -1.0
vb0[633]+040 BLENDWEIGHTS: 0.4841221570968628, 0.2951640486717224, 0.14249999821186066, 0.07821380347013474
vb0[633]+056 BLENDINDICES: 4, 17, 1, 14
vb0[633]+072 COLOR: 0.004549019504338503, 0.0, 0.0, 0.0
vb0[633]+088 TEXCOORD1: -0.09045453369617462, 0.0

vb0[634]+000 POSITION: 0.08992646634578705, -0.014354976825416088, 1.5765827894210815
vb0[634]+012 NORMAL: 0.6984847784042358, -0.6761342287063599, -0.2344387322664261
vb0[634]+024 TANGENT: 1.0, 0.0, 0.0, -1.0
vb0[634]+040 BLENDWEIGHTS: 0.7451011538505554, 0.1575000286102295, 0.09739885479211807, 0.0
vb0[634]+056 BLENDINDICES: 14, 4, 16, 0
vb0[634]+072 COLOR: 0.007529411930590868, 0.0, 0.0, 0.0
vb0[634]+088 TEXCOORD1: 0.6984847784042358, -1.4901161193847656e-08

vb0[635]+000 POSITION: 0.08936429768800735, -0.015117140486836433, 1.590038776397705
vb0[635]+012 NORMAL: 0.8559333086013794, -0.5124871134757996, -0.06881184875965118
vb0[635]+024 TANGENT: 1.0, 0.0, 0.0, -1.0
vb0[635]+040 BLENDWEIGHTS: 0.6315140128135681, 0.3400459587574005, 0.028440002351999283, 0.0
vb0[635]+056 BLENDINDICES: 14, 4, 16, 0
vb0[635]+072 COLOR: 0.00658823549747467, 0.0, 0.0, 0.0
vb0[635]+088 TEXCOORD1: 0.8559333682060242, 0.0

vb0[636]+000 POSITION: 0.0834832563996315, -0.02470306307077408, 1.589642882347107
vb0[636]+012 NORMAL: -0.23997631669044495, -0.7901337742805481, 0.5640034675598145
vb0[636]+024 TANGENT: 1.0, 0.0, 0.0, -1.0
vb0[636]+040 BLENDWEIGHTS: 0.6315140128135681, 0.3400459587574005, 0.028440002351999283, 0.0
vb0[636]+056 BLENDINDICES: 14, 4, 16, 0
vb0[636]+072 COLOR: 0.006431372836232185, 0.0, 0.0, 0.0
vb0[636]+088 TEXCOORD1: -0.23997633159160614, -2.9802322387695312e-08

vb0[637]+000 POSITION: 0.0838799849152565, -0.02445071190595627, 1.5766102075576782
vb0[637]+012 NORMAL: 0.05835550278425217, -0.8114982843399048, 0.5814337730407715
vb0[637]+024 TANGENT: 1.0, 0.0, 0.0, -1.0
vb0[637]+040 BLENDWEIGHTS: 0.727927029132843, 0.1575000137090683, 0.0951538234949112, 0.019419154152274132
vb0[637]+056 BLENDINDICES: 14, 4, 16, 15
vb0[637]+072 COLOR: 0.007372548803687096, 0.0, 0.0, 0.0
vb0[637]+088 TEXCOORD1: 0.05835550278425217, -2.9802322387695312e-08

vb0[638]+000 POSITION: 0.08315427601337433, -0.024312734603881836, 1.5629279613494873
vb0[638]+012 NORMAL: 0.10489107668399811, -0.8461119532585144, 0.5225823521614075
vb0[638]+024 TANGENT: 1.0, 0.0, 0.0, -1.0
vb0[638]+040 BLENDWEIGHTS: 0.6876217126846313, 0.22920724749565125, 0.04825415834784508, 0.03491685912013054
vb0[638]+056 BLENDINDICES: 14, 16, 15, 4
vb0[638]+072 COLOR: 0.008470588363707066, 0.0, 0.0, 0.0
vb0[638]+088 TEXCOORD1: 0.1048910915851593, 2.9802322387695312e-08

vb0[639]+000 POSITION: 0.08939336240291595, -0.013691524043679237, 1.5627681016921997
vb0[639]+012 NORMAL: 0.6080804467201233, -0.7753956913948059, -0.1702934056520462
vb0[639]+024 TANGENT: 1.0, 0.0, 0.0, -1.0
vb0[639]+040 BLENDWEIGHTS: 0.7238124012947083, 0.2412707507610321, 0.03491685539484024, 0.0
vb0[639]+056 BLENDINDICES: 14, 16, 4, 0
vb0[639]+072 COLOR: 0.008470588363707066, 0.0, 0.0, 0.0
vb0[639]+088 TEXCOORD1: 0.6080804467201233, 0.0

vb0[640]+000 POSITION: 0.08056150376796722, -0.024738788604736328, 1.5504326820373535
vb0[640]+012 NORMAL: 0.8130166530609131, 0.2997763156890869, -0.49913740158081055
vb0[640]+024 TANGENT: 1.0, 0.0, 0.0, -1.0
vb0[640]+040 BLENDWEIGHTS: 0.4850315749645233, 0.4850315749645233, 0.029936840757727623, 0.0
vb0[640]+056 BLENDINDICES: 14, 16, 15, 0
vb0[640]+072 COLOR: 0.00925490166991949, 0.0, 0.0, 0.0
vb0[640]+088 TEXCOORD1: 0.8130166530609131, 2.9802322387695312e-08

vb0[641]+000 POSITION: 0.0875248908996582, -0.014071966521441936, 1.550544261932373
vb0[641]+012 NORMAL: 0.7052463293075562, -0.7047960162162781, 0.07674869149923325
vb0[641]+024 TANGENT: 1.0, 0.0, 0.0, -1.0
vb0[641]+040 BLENDWEIGHTS: 0.5, 0.5, 0.0, 0.0
vb0[641]+056 BLENDINDICES: 14, 16, 0, 0
vb0[641]+072 COLOR: 0.00925490166991949, 0.0, 0.0, 0.0
vb0[641]+088 TEXCOORD1: 0.7052462697029114, 0.0

vb0[642]+000 POSITION: 0.09414220601320267, -0.004530045203864574, 1.5903457403182983
vb0[642]+012 NORMAL: 0.8559333086013794, -0.5124871134757996, -0.06881184875965118
vb0[642]+024 TANGENT: 1.0, 0.0, 0.0, -1.0
vb0[642]+040 BLENDWEIGHTS: 0.6237331628799438, 0.33585628867149353, 0.02097516879439354, 0.019435379654169083
vb0[642]+056 BLENDINDICES: 14, 4, 16, 19
vb0[642]+072 COLOR: 0.00658823549747467, 0.0, 0.0, 0.0
vb0[642]+088 TEXCOORD1: 0.8559333682060242, 0.0

vb0[643]+000 POSITION: 0.09151174128055573, -0.0066005634143948555, 1.6050336360931396
vb0[643]+012 NORMAL: 0.9696378111839294, 0.24296873807907104, -0.027728475630283356
vb0[643]+024 TANGENT: 1.0, 0.0, 0.0, -1.0
vb0[643]+040 BLENDWEIGHTS: 0.6206687092781067, 0.3342062830924988, 0.04512500390410423, 0.0
vb0[643]+056 BLENDINDICES: 4, 14, 1, 0
vb0[643]+072 COLOR: 0.005490196403115988, 0.0, 0.0, 0.0
vb0[643]+088 TEXCOORD1: 0.9696377515792847, 0.0

vb0[644]+000 POSITION: 0.09758960455656052, 0.010577772743999958, 1.6058357954025269
vb0[644]+012 NORMAL: 0.7532344460487366, -0.6576641798019409, -0.010759512893855572
vb0[644]+024 TANGENT: 1.0, 0.0, 0.0, -1.0
vb0[644]+040 BLENDWEIGHTS: 0.6373790502548218, 0.3174959719181061, 0.045125000178813934, 0.0
vb0[644]+056 BLENDINDICES: 4, 14, 1, 0
vb0[644]+072 COLOR: 0.005490196403115988, 0.0, 0.0, 0.0
vb0[644]+088 TEXCOORD1: 0.7532344460487366, 0.0

vb0[645]+000 POSITION: 0.09861957281827927, 0.02311124838888645, 1.6065278053283691
vb0[645]+012 NORMAL: 0.9123554825782776, -0.40728840231895447, -0.04151659086346626
vb0[645]+024 TANGENT: 1.0, 0.0, 0.0, -1.0
vb0[645]+040 BLENDWEIGHTS: 0.6426990628242493, 0.21423302590847015, 0.09715783596038818, 0.0459100641310215
vb0[645]+056 BLENDINDICES: 4, 14, 17, 1
vb0[645]+072 COLOR: 0.005490196403115988, 0.0, 0.0, 0.0
vb0[645]+088 TEXCOORD1: 0.9123554825782776, -3.725290298461914e-09

vb0[646]+000 POSITION: 0.1000322476029396, 0.011694868095219135, 1.5908970832824707
vb0[646]+012 NORMAL: 0.803173840045929, -0.37817487120628357, -0.4603210687637329
vb0[646]+024 TANGENT: 1.0, 0.0, 0.0, -1.0
vb0[646]+040 BLENDWEIGHTS: 0.6349509358406067, 0.34189659357070923, 0.02315249666571617, 0.0
vb0[646]+056 BLENDINDICES: 14, 4, 19, 0
vb0[646]+072 COLOR: 0.00658823549747467, 0.0, 0.0, 0.0
vb0[646]+088 TEXCOORD1: 0.8031738996505737, -2.9802322387695312e-08

vb0[647]+000 POSITION: 0.10187312960624695, 0.02432567998766899, 1.5905632972717285
vb0[647]+012 NORMAL: 0.8949819803237915, 0.21907679736614227, -0.3886033594608307
vb0[647]+024 TANGENT: 1.0, 0.0, 0.0, -1.0
vb0[647]+040 BLENDWEIGHTS: 0.6032033562660217, 0.3248017728328705, 0.05000000074505806, 0.021994872018694878
vb0[647]+056 BLENDINDICES: 14, 4, 17, 19
vb0[647]+072 COLOR: 0.00658823549747467, 0.0, 0.0, 0.0
vb0[647]+088 TEXCOORD1: 0.8949820399284363, 0.0

vb0[648]+000 POSITION: 0.10055676847696304, 0.012134585529565811, 1.57675039768219
vb0[648]+012 NORMAL: 0.9612477421760559, -0.2589534521102905, -0.09458233416080475
vb0[648]+024 TANGENT: 1.0, 0.0, 0.0, -1.0
vb0[648]+040 BLENDWEIGHTS: 0.7451011538505554, 0.1575000286102295, 0.09739885479211807, 0.0
vb0[648]+056 BLENDINDICES: 14, 4, 19, 0
vb0[648]+072 COLOR: 0.007529411930590868, 0.0, 0.0, 0.0
vb0[648]+088 TEXCOORD1: 0.9612478017807007, 7.450580596923828e-09

vb0[649]+000 POSITION: 0.09473393857479095, -0.003202917752787471, 1.57663893699646
vb0[649]+012 NORMAL: 0.786094605922699, -0.5066659450531006, -0.3540407121181488
vb0[649]+024 TANGENT: 1.0, 0.0, 0.0, -1.0
vb0[649]+040 BLENDWEIGHTS: 0.7161362767219543, 0.1574999988079071, 0.06339599937200546, 0.06296779960393906
vb0[649]+056 BLENDINDICES: 14, 4, 19, 16
vb0[649]+072 COLOR: 0.007529411930590868, 0.0, 0.0, 0.0
vb0[649]+088 TEXCOORD1: 0.7860946655273438, -2.9802322387695312e-08

vb0[650]+000 POSITION: 0.10271291434764862, 0.02386324852705002, 1.5767992734909058
vb0[650]+012 NORMAL: 0.786094605922699, -0.5066659450531006, -0.3540407121181488
vb0[650]+024 TANGENT: 1.0, 0.0, 0.0, -1.0
vb0[650]+040 BLENDWEIGHTS: 0.7451011538505554, 0.1575000286102295, 0.09739885479211807, 0.0
vb0[650]+056 BLENDINDICES: 14, 4, 19, 0
vb0[650]+072 COLOR: 0.007529411930590868, 0.0, 0.0, 0.0
vb0[650]+088 TEXCOORD1: 0.7860946655273438, -2.9802322387695312e-08

vb0[651]+000 POSITION: 0.10002531111240387, 0.011630701832473278, 1.56315016746521
vb0[651]+012 NORMAL: 0.6984847784042358, -0.6761342287063599, -0.2344387322664261
vb0[651]+024 TANGENT: 1.0, 0.0, 0.0, -1.0
vb0[651]+040 BLENDWEIGHTS: 0.7238124012947083, 0.2412707507610321, 0.03491685539484024, 0.0
vb0[651]+056 BLENDINDICES: 14, 19, 4, 0
vb0[651]+072 COLOR: 0.008470588363707066, 0.0, 0.0, 0.0
vb0[651]+088 TEXCOORD1: 0.6984847784042358, -1.4901161193847656e-08

vb0[652]+000 POSITION: 0.09420842677354813, -0.0019451313419267535, 1.5627648830413818
vb0[652]+012 NORMAL: 0.7553236484527588, -0.05308542773127556, -0.6531983017921448
vb0[652]+024 TANGENT: 1.0, 0.0, 0.0, -1.0
vb0[652]+040 BLENDWEIGHTS: 0.5790498852729797, 0.1930166333913803, 0.1930166333913803, 0.03491685912013054
vb0[652]+056 BLENDINDICES: 14, 16, 19, 4
vb0[652]+072 COLOR: 0.008470588363707066, 0.0, 0.0, 0.0
vb0[652]+088 TEXCOORD1: 0.7553237080574036, -3.725290298461914e-09

vb0[653]+000 POSITION: 0.10226934403181076, 0.02296118251979351, 1.5632249116897583
vb0[653]+012 NORMAL: 0.8559333086013794, -0.5124871134757996, -0.06881184875965118
vb0[653]+024 TANGENT: 1.0, 0.0, 0.0, -1.0
vb0[653]+040 BLENDWEIGHTS: 0.7238124012947083, 0.2412707507610321, 0.03491685539484024, 0.0
vb0[653]+056 BLENDINDICES: 14, 19, 4, 0
vb0[653]+072 COLOR: 0.008470588363707066, 0.0, 0.0, 0.0
vb0[653]+088 TEXCOORD1: 0.8559333682060242, 0.0

vb0[654]+000 POSITION: 0.09214021265506744, -0.0024348662700504065, 1.550988793373108
vb0[654]+012 NORMAL: 0.9089417457580566, 0.2610015571117401, -0.32512009143829346
vb0[654]+024 TANGENT: 1.0, 0.0, 0.0, -1.0
vb0[654]+040 BLENDWEIGHTS: 0.4749999940395355, 0.4749999940395355, 0.05000000074505806, 0.0
vb0[654]+056 BLENDINDICES: 14, 16, 19, 0
vb0[654]+072 COLOR: 0.00925490166991949, 0.0, 0.0, 0.0
vb0[654]+088 TEXCOORD1: 0.9089418053627014, 1.4901161193847656e-08

vb0[655]+000 POSITION: 0.08500348776578903, -0.014536852948367596, 1.5410957336425781
vb0[655]+012 NORMAL: 0.6080804467201233, -0.7753956913948059, -0.1702934056520462
vb0[655]+024 TANGENT: 1.0, 0.0, 0.0, -1.0
vb0[655]+040 BLENDWEIGHTS: 0.7105938196182251, 0.2894062101840973, 0.0, 0.0
vb0[655]+056 BLENDINDICES: 16, 14, 0, 0
vb0[655]+072 COLOR: 0.01003921590745449, 0.0, 0.0, 0.0
vb0[655]+088 TEXCOORD1: 0.6080804467201233, 0.0

vb0[656]+000 POSITION: 0.07749755680561066, -0.025036629289388657, 1.5398499965667725
vb0[656]+012 NORMAL: 0.7532344460487366, -0.6576641798019409, -0.010759512893855572
vb0[656]+024 TANGENT: 1.0, 0.0, 0.0, -1.0
vb0[656]+040 BLENDWEIGHTS: 0.7034878730773926, 0.2865121364593506, 0.009999999776482582, 0.0
vb0[656]+056 BLENDINDICES: 16, 14, 15, 0
vb0[656]+072 COLOR: 0.01003921590745449, 0.0, 0.0, 0.0
vb0[656]+088 TEXCOORD1: 0.7532344460487366, 0.0

vb0[657]+000 POSITION: 0.08948102593421936, -0.003223402425646782, 1.5427221059799194
vb0[657]+012 NORMAL: 0.49773192405700684, -0.8605925440788269, -0.10790438205003738
vb0[657]+024 TANGENT: 1.0, 0.0, 0.0, -1.0
vb0[657]+040 BLENDWEIGHTS: 0.6963819265365601, 0.2836180627346039, 0.019999997690320015, 0.0
vb0[657]+056 BLENDINDICES: 16, 14, 19, 0
vb0[657]+072 COLOR: 0.009882352314889431, 0.0, 0.0, 0.0
vb0[657]+088 TEXCOORD1: 0.49773192405700684, 0.0

vb0[658]+000 POSITION: 0.07446703314781189, -0.02555491402745247, 1.5341943502426147
vb0[658]+012 NORMAL: -0.6372365355491638, -0.13324454426765442, -0.7590623497962952
vb0[658]+024 TANGENT: 1.0, 0.0, 0.0, -1.0
vb0[658]+040 BLENDWEIGHTS: 0.8346250057220459, 0.1653750091791153, 0.0, 0.0
vb0[658]+056 BLENDINDICES: 16, 14, 0, 0
vb0[658]+072 COLOR: 0.01035294122993946, 0.0, 0.0, 0.0
vb0[658]+088 TEXCOORD1: -0.637236475944519, 0.0

vb0[659]+000 POSITION: 0.07993844896554947, -0.018872924149036407, 1.5350914001464844
vb0[659]+012 NORMAL: -0.41284695267677307, -0.3859865069389343, -0.8249678611755371
vb0[659]+024 TANGENT: 1.0, 0.0, 0.0, -1.0
vb0[659]+040 BLENDWEIGHTS: 0.8346250057220459, 0.1653750091791153, 0.0, 0.0
vb0[659]+056 BLENDINDICES: 16, 14, 0, 0
vb0[659]+072 COLOR: 0.01035294122993946, 0.0, 0.0, 0.0
vb0[659]+088 TEXCOORD1: -0.4128469228744507, 0.0

vb0[660]+000 POSITION: 0.08433479070663452, -0.011809882707893848, 1.5362921953201294
vb0[660]+012 NORMAL: -0.6668937802314758, -0.31511059403419495, -0.67524653673172
vb0[660]+024 TANGENT: 1.0, 0.0, 0.0, -1.0
vb0[660]+040 BLENDWEIGHTS: 0.8346250057220459, 0.1653750091791153, 0.0, 0.0
vb0[660]+056 BLENDINDICES: 16, 14, 0, 0
vb0[660]+072 COLOR: 0.01035294122993946, 0.0, 0.0, 0.0
vb0[660]+088 TEXCOORD1: -0.6668938398361206, 0.0

vb0[661]+000 POSITION: 0.07901214063167572, -0.01202843151986599, 1.5290883779525757
vb0[661]+012 NORMAL: 0.16296857595443726, -0.9737293124198914, -0.15903569757938385
vb0[661]+024 TANGENT: 1.0, 0.0, 0.0, -1.0
vb0[661]+040 BLENDWEIGHTS: 0.9800000190734863, 0.019999999552965164, 0.0, 0.0
vb0[661]+056 BLENDINDICES: 16, 14, 0, 0
vb0[661]+072 COLOR: 0.01082353014498949, 0.0, 0.0, 0.0
vb0[661]+088 TEXCOORD1: 0.16296859085559845, 0.0

vb0[662]+000 POSITION: 0.08173350989818573, -0.011802253313362598, 1.531976580619812
vb0[662]+012 NORMAL: 0.3849180340766907, -0.9228079915046692, -0.01623542234301567
vb0[662]+024 TANGENT: 1.0, 0.0, 0.0, -1.0
vb0[662]+040 BLENDWEIGHTS: 0.9392247200012207, 0.06077529862523079, 0.0, 0.0
vb0[662]+056 BLENDINDICES: 16, 14, 0, 0
vb0[662]+072 COLOR: 0.01066666655242443, 0.0, 0.0, 0.0
vb0[662]+088 TEXCOORD1: 0.38491806387901306, 0.0

vb0[663]+000 POSITION: 0.0772002786397934, -0.018892239779233932, 1.5305671691894531
vb0[663]+012 NORMAL: -0.5660189986228943, -0.19619661569595337, -0.8007054924964905
vb0[663]+024 TANGENT: 1.0, 0.0, 0.0, -1.0
vb0[663]+040 BLENDWEIGHTS: 0.9392247200012207, 0.06077529862523079, 0.0, 0.0
vb0[663]+056 BLENDINDICES: 16, 14, 0, 0
vb0[663]+072 COLOR: 0.01066666655242443, 0.0, 0.0, 0.0
vb0[663]+088 TEXCOORD1: -0.5660190582275391, 0.0

vb0[664]+000 POSITION: 0.07311825454235077, -0.019229983910918236, 1.5264931917190552
vb0[664]+012 NORMAL: -0.5931903123855591, -0.355241596698761, -0.7224463820457458
vb0[664]+024 TANGENT: 1.0, 0.0, 0.0, -1.0
vb0[664]+040 BLENDWEIGHTS: 1.0, 0.0, 0.0, 0.0
vb0[664]+056 BLENDINDICES: 16, 0, 0, 0
vb0[664]+072 COLOR: 0.010980392806231976, 0.0, 0.0, 0.0
vb0[664]+088 TEXCOORD1: -0.5931902527809143, 0.0

vb0[665]+000 POSITION: 0.08535555005073547, -0.0043735504150390625, 1.533926010131836
vb0[665]+012 NORMAL: -0.36712875962257385, -0.6995440125465393, -0.6130698323249817
vb0[665]+024 TANGENT: 1.0, 0.0, 0.0, -1.0
vb0[665]+040 BLENDWEIGHTS: 0.9392247200012207, 0.06077529862523079, 0.0, 0.0
vb0[665]+056 BLENDINDICES: 16, 14, 0, 0
vb0[665]+072 COLOR: 0.010509803891181946, 0.0, 0.0, 0.0
vb0[665]+088 TEXCOORD1: -0.36712872982025146, 0.0

vb0[666]+000 POSITION: 0.08275739848613739, -0.007372965570539236, 1.531476616859436
vb0[666]+012 NORMAL: 0.0303302351385355, -0.1654590517282486, -0.9857500791549683
vb0[666]+024 TANGENT: 1.0, 0.0, 0.0, -1.0
vb0[666]+040 BLENDWEIGHTS: 0.9599999785423279, 0.03999999910593033, 0.0, 0.0
vb0[666]+056 BLENDINDICES: 16, 14, 0, 0
vb0[666]+072 COLOR: 0.01066666655242443, 0.0, 0.0, 0.0
vb0[666]+088 TEXCOORD1: 0.0303302351385355, 0.0

vb0[667]+000 POSITION: 0.09867814928293228, 0.011237782426178455, 1.5503596067428589
vb0[667]+012 NORMAL: 0.11145780235528946, -0.9937543272972107, 0.005434492137283087
vb0[667]+024 TANGENT: 1.0, 0.0, 0.0, -1.0
vb0[667]+040 BLENDWEIGHTS: 0.5, 0.5, 0.0, 0.0
vb0[667]+056 BLENDINDICES: 14, 19, 0, 0
vb0[667]+072 COLOR: 0.009411764331161976, 0.0, 0.0, 0.0
vb0[667]+088 TEXCOORD1: 0.11145780980587006, 4.656612873077393e-10

vb0[668]+000 POSITION: 0.09297164529561996, -0.0008933123899623752, 1.5496166944503784
vb0[668]+012 NORMAL: 0.16296857595443726, -0.9737293124198914, -0.15903569757938385
vb0[668]+024 TANGENT: 1.0, 0.0, 0.0, -1.0
vb0[668]+040 BLENDWEIGHTS: 0.4749999940395355, 0.4749999940395355, 0.05000000074505806, 0.0
vb0[668]+056 BLENDINDICES: 14, 19, 16, 0
vb0[668]+072 COLOR: 0.009411764331161976, 0.0, 0.0, 0.0
vb0[668]+088 TEXCOORD1: 0.16296859085559845, 0.0

vb0[669]+000 POSITION: 0.10086793452501297, 0.021632518619298935, 1.5511924028396606
vb0[669]+012 NORMAL: 0.2747160494327545, -0.9558477997779846, 0.10433625429868698
vb0[669]+024 TANGENT: 1.0, 0.0, 0.0, -1.0
vb0[669]+040 BLENDWEIGHTS: 0.5, 0.5, 0.0, 0.0
vb0[669]+056 BLENDINDICES: 14, 19, 0, 0
vb0[669]+072 COLOR: 0.009411764331161976, 0.0, 0.0, 0.0
vb0[669]+088 TEXCOORD1: 0.2747160494327545, 0.0

vb0[670]+000 POSITION: 0.09696519374847412, 0.010474034585058689, 1.5424987077713013
vb0[670]+012 NORMAL: 0.11145780235528946, -0.9937543272972107, 0.005434492137283087
vb0[670]+024 TANGENT: 1.0, 0.0, 0.0, -1.0
vb0[670]+040 BLENDWEIGHTS: 0.696123480796814, 0.30387651920318604, 0.0, 0.0
vb0[670]+056 BLENDINDICES: 19, 14, 0, 0
vb0[670]+072 COLOR: 0.01003921590745449, 0.0, 0.0, 0.0
vb0[670]+088 TEXCOORD1: 0.11145780980587006, 4.656612873077393e-10

vb0[671]+000 POSITION: 0.09094873070716858, -0.0008023286354728043, 1.5416473150253296
vb0[671]+012 NORMAL: 0.3849180340766907, -0.9228079915046692, -0.01623542234301567
vb0[671]+024 TANGENT: 1.0, 0.0, 0.0, -1.0
vb0[671]+040 BLENDWEIGHTS: 0.683558464050293, 0.29839155077934265, 0.018050000071525574, 0.0
vb0[671]+056 BLENDINDICES: 19, 14, 16, 0
vb0[671]+072 COLOR: 0.01003921590745449, 0.0, 0.0, 0.0
vb0[671]+088 TEXCOORD1: 0.38491806387901306, 0.0

vb0[672]+000 POSITION: 0.09943234920501709, 0.02056911401450634, 1.543690800666809
vb0[672]+012 NORMAL: -0.6372365355491638, -0.13324454426765442, -0.7590623497962952
vb0[672]+024 TANGENT: 1.0, 0.0, 0.0, -1.0
vb0[672]+040 BLENDWEIGHTS: 0.696123480796814, 0.30387651920318604, 0.0, 0.0
vb0[672]+056 BLENDINDICES: 19, 14, 0, 0
vb0[672]+072 COLOR: 0.009882352314889431, 0.0, 0.0, 0.0
vb0[672]+088 TEXCOORD1: -0.637236475944519, 0.0

vb0[673]+000 POSITION: 0.09237390011548996, 0.010865944437682629, 1.530928611755371
vb0[673]+012 NORMAL: 0.9089417457580566, 0.2610015571117401, -0.32512009143829346
vb0[673]+024 TANGENT: 1.0, 0.0, 0.0, -1.0
vb0[673]+040 BLENDWEIGHTS: 0.9599999785423279, 0.03999999910593033, 0.0, 0.0
vb0[673]+056 BLENDINDICES: 19, 14, 0, 0
vb0[673]+072 COLOR: 0.01082353014498949, 0.0, 0.0, 0.0
vb0[673]+088 TEXCOORD1: 0.9089418053627014, 1.4901161193847656e-08

vb0[674]+000 POSITION: 0.09430566430091858, 0.011367750354111195, 1.5333983898162842
vb0[674]+012 NORMAL: -0.05232369154691696, -0.9762740135192871, 0.21012187004089355
vb0[674]+024 TANGENT: 1.0, 0.0, 0.0, -1.0
vb0[674]+040 BLENDWEIGHTS: 0.9392247200012207, 0.06077529862523079, 0.0, 0.0
vb0[674]+056 BLENDINDICES: 19, 14, 0, 0
vb0[674]+072 COLOR: 0.01066666655242443, 0.0, 0.0, 0.0
vb0[674]+088 TEXCOORD1: -0.05232369899749756, 0.0

vb0[675]+000 POSITION: 0.09127107262611389, 0.005629006307572126, 1.5328150987625122
vb0[675]+012 NORMAL: -0.3567643463611603, -0.4396713078022003, -0.824262261390686
vb0[675]+024 TANGENT: 1.0, 0.0, 0.0, -1.0
vb0[675]+040 BLENDWEIGHTS: 0.9392247200012207, 0.06077529862523079, 0.0, 0.0
vb0[675]+056 BLENDINDICES: 19, 14, 0, 0
vb0[675]+072 COLOR: 0.01066666655242443, 0.0, 0.0, 0.0
vb0[675]+088 TEXCOORD1: -0.35676437616348267, 0.0

vb0[676]+000 POSITION: 0.08886579424142838, 0.005421685986220837, 1.5295156240463257
vb0[676]+012 NORMAL: -0.5531128644943237, -0.4156947731971741, -0.7219861745834351
vb0[676]+024 TANGENT: 1.0, 0.0, 0.0, -1.0
vb0[676]+040 BLENDWEIGHTS: 0.9800000190734863, 0.019999999552965164, 0.0, 0.0
vb0[676]+056 BLENDINDICES: 19, 14, 0, 0
vb0[676]+072 COLOR: 0.01082353014498949, 0.0, 0.0, 0.0
vb0[676]+088 TEXCOORD1: -0.5531128644943237, 0.0

vb0[677]+000 POSITION: 0.08874467760324478, -0.0013416523579508066, 1.5367406606674194
vb0[677]+012 NORMAL: -0.5931903123855591, -0.355241596698761, -0.7224463820457458
vb0[677]+024 TANGENT: 1.0, 0.0, 0.0, -1.0
vb0[677]+040 BLENDWEIGHTS: 0.8263562321662903, 0.17364375293254852, 0.0, 0.0
vb0[677]+056 BLENDINDICES: 19, 14, 0, 0
vb0[677]+072 COLOR: 0.01035294122993946, 0.0, 0.0, 0.0
vb0[677]+088 TEXCOORD1: -0.5931902527809143, 0.0

vb0[678]+000 POSITION: 0.08550705015659332, -0.002411270048469305, 1.5318622589111328
vb0[678]+012 NORMAL: 0.2747160494327545, -0.9558477997779846, 0.10433625429868698
vb0[678]+024 TANGENT: 1.0, 0.0, 0.0, -1.0
vb0[678]+040 BLENDWEIGHTS: 0.9392247200012207, 0.06077529862523079, 0.0, 0.0
vb0[678]+056 BLENDINDICES: 19, 14, 0, 0
vb0[678]+072 COLOR: 0.01066666655242443, 0.0, 0.0, 0.0
vb0[678]+088 TEXCOORD1: 0.2747160494327545, 0.0

vb0[679]+000 POSITION: 0.09351781755685806, 0.00647159107029438, 1.5372575521469116
vb0[679]+012 NORMAL: -0.4762268364429474, -0.5746815800666809, -0.6655442118644714
vb0[679]+024 TANGENT: 1.0, 0.0, 0.0, -1.0
vb0[679]+040 BLENDWEIGHTS: 0.8263562321662903, 0.17364375293254852, 0.0, 0.0
vb0[679]+056 BLENDINDICES: 19, 14, 0, 0
vb0[679]+072 COLOR: 0.01035294122993946, 0.0, 0.0, 0.0
vb0[679]+088 TEXCOORD1: -0.4762268364429474, 0.0

vb0[680]+000 POSITION: 0.09670908004045486, 0.01901508867740631, 1.5340207815170288
vb0[680]+012 NORMAL: -0.36712875962257385, -0.6995440125465393, -0.6130698323249817
vb0[680]+024 TANGENT: 1.0, 0.0, 0.0, -1.0
vb0[680]+040 BLENDWEIGHTS: 0.9392247200012207, 0.06077529862523079, 0.0, 0.0
vb0[680]+056 BLENDINDICES: 19, 14, 0, 0
vb0[680]+072 COLOR: 0.01066666655242443, 0.0, 0.0, 0.0
vb0[680]+088 TEXCOORD1: -0.36712872982025146, 0.0

vb0[681]+000 POSITION: 0.09628786146640778, 0.023272976279258728, 1.6200329065322876
vb0[681]+012 NORMAL: 0.08032795786857605, -0.9525985717773438, 0.2934337258338928
vb0[681]+024 TANGENT: 1.0, 0.0, 0.0, -1.0
vb0[681]+040 BLENDWEIGHTS: 0.45813673734664917, 0.38941627740859985, 0.15244697034358978, 0.0
vb0[681]+056 BLENDINDICES: 17, 4, 1, 0
vb0[681]+072 COLOR: 0.004549019504338503, 0.0, 0.0, 0.0
vb0[681]+088 TEXCOORD1: 0.08032796531915665, 0.0

vb0[682]+000 POSITION: 0.09442395716905594, 0.032363343983888626, 1.620934009552002
vb0[682]+012 NORMAL: 0.9335240721702576, 0.34628552198410034, -0.09283976256847382
vb0[682]+024 TANGENT: 1.0, 0.0, 0.0, -1.0
vb0[682]+040 BLENDWEIGHTS: 0.40086257457733154, 0.340733140707016, 0.21938002109527588, 0.039024244993925095
vb0[682]+056 BLENDINDICES: 17, 4, 1, 18
vb0[682]+072 COLOR: 0.004392156843096018, 0.0, 0.0, 0.0
vb0[682]+088 TEXCOORD1: 0.9335240721702576, -7.450580596923828e-09

vb0[683]+000 POSITION: 0.10065621882677078, 0.027152055874466896, 1.6070446968078613
vb0[683]+012 NORMAL: 0.013531683012843132, -0.9910876154899597, 0.13252316415309906
vb0[683]+024 TANGENT: 1.0, 0.0, 0.0, -1.0
vb0[683]+040 BLENDWEIGHTS: 0.625522255897522, 0.2529488801956177, 0.07410983741283417, 0.04741905629634857
vb0[683]+056 BLENDINDICES: 17, 4, 20, 1
vb0[683]+072 COLOR: 0.005490196403115988, 0.0, 0.0, 0.0
vb0[683]+088 TEXCOORD1: 0.013531682081520557, 0.0

vb0[684]+000 POSITION: 0.09841390699148178, 0.03542613610625267, 1.6078020334243774
vb0[684]+012 NORMAL: 0.15884190797805786, -0.9630082845687866, 0.21767939627170563
vb0[684]+024 TANGENT: 1.0, 0.0, 0.0, -1.0
vb0[684]+040 BLENDWEIGHTS: 0.6150451302528381, 0.24871207773685455, 0.09111781418323517, 0.04512500390410423
vb0[684]+056 BLENDINDICES: 17, 4, 20, 1
vb0[684]+072 COLOR: 0.005333333276212215, 0.0, 0.0, 0.0
vb0[684]+088 TEXCOORD1: 0.15884189307689667, 0.0

vb0[685]+000 POSITION: 0.10392936319112778, 0.030988186597824097, 1.5936845541000366
vb0[685]+012 NORMAL: 0.00510454922914505, -0.9288607239723206, 0.3703940808773041
vb0[685]+024 TANGENT: 1.0, 0.0, 0.0, -1.0
vb0[685]+040 BLENDWEIGHTS: 0.6300451159477234, 0.23335005342960358, 0.08660482615232468, 0.05000000074505806
vb0[685]+056 BLENDINDICES: 17, 20, 4, 14
vb0[685]+072 COLOR: 0.006431372836232185, 0.0, 0.0, 0.0
vb0[685]+088 TEXCOORD1: 0.00510454922914505, 0.0

vb0[686]+000 POSITION: 0.10176004469394684, 0.03815324604511261, 1.5940033197402954
vb0[686]+012 NORMAL: -0.136700838804245, -0.945314347743988, 0.29613107442855835
vb0[686]+024 TANGENT: 1.0, 0.0, 0.0, -1.0
vb0[686]+040 BLENDWEIGHTS: 0.6632053852081299, 0.2456316351890564, 0.09116297215223312, 0.0
vb0[686]+056 BLENDINDICES: 17, 20, 4, 0
vb0[686]+072 COLOR: 0.006431372836232185, 0.0, 0.0, 0.0
vb0[686]+088 TEXCOORD1: -0.1367008537054062, 0.0

vb0[687]+000 POSITION: 0.1061984971165657, 0.03508517146110535, 1.5688804388046265
vb0[687]+012 NORMAL: -0.97708660364151, -0.18729153275489807, -0.10111196339130402
vb0[687]+024 TANGENT: 1.0, 0.0, 0.0, -1.0
vb0[687]+040 BLENDWEIGHTS: 0.5224999189376831, 0.4775000810623169, 0.0, 0.0
vb0[687]+056 BLENDINDICES: 17, 20, 0, 0
vb0[687]+072 COLOR: 0.008156863041222095, 0.0, 0.0, 0.0
vb0[687]+088 TEXCOORD1: -0.9770866632461548, 7.450580596923828e-09

vb0[688]+000 POSITION: 0.10515209287405014, 0.04064032435417175, 1.5693527460098267
vb0[688]+012 NORMAL: -0.9748178720474243, -0.1984950602054596, -0.10163531452417374
vb0[688]+024 TANGENT: 1.0, 0.0, 0.0, -1.0
vb0[688]+040 BLENDWEIGHTS: 0.5224999189376831, 0.4775000810623169, 0.0, 0.0
vb0[688]+056 BLENDINDICES: 17, 20, 0, 0
vb0[688]+072 COLOR: 0.008156863041222095, 0.0, 0.0, 0.0
vb0[688]+088 TEXCOORD1: -0.9748179316520691, 0.0

vb0[689]+000 POSITION: 0.10404309630393982, 0.03998066484928131, 1.5810760259628296
vb0[689]+012 NORMAL: -0.9748178720474243, -0.1984950602054596, -0.10163531452417374
vb0[689]+024 TANGENT: 1.0, 0.0, 0.0, -1.0
vb0[689]+040 BLENDWEIGHTS: 0.6369999647140503, 0.34300002455711365, 0.019999999552965164, 0.0
vb0[689]+056 BLENDINDICES: 17, 20, 4, 0
vb0[689]+072 COLOR: 0.007372548803687096, 0.0, 0.0, 0.0
vb0[689]+088 TEXCOORD1: -0.9748179316520691, 0.0

vb0[690]+000 POSITION: 0.10586297512054443, 0.033887848258018494, 1.5799145698547363
vb0[690]+012 NORMAL: -0.97708660364151, -0.18729153275489807, -0.10111196339130402
vb0[690]+024 TANGENT: 1.0, 0.0, 0.0, -1.0
vb0[690]+040 BLENDWEIGHTS: 0.6242600083351135, 0.33614006638526917, 0.020000001415610313, 0.019600002095103264
vb0[690]+056 BLENDINDICES: 17, 20, 14, 4
vb0[690]+072 COLOR: 0.007372548803687096, 0.0, 0.0, 0.0
vb0[690]+088 TEXCOORD1: -0.9770866632461548, 7.450580596923828e-09

vb0[691]+000 POSITION: 0.1054619774222374, 0.03523389250040054, 1.5595699548721313
vb0[691]+012 NORMAL: -0.05232369154691696, -0.9762740135192871, 0.21012187004089355
vb0[691]+024 TANGENT: 1.0, 0.0, 0.0, -1.0
vb0[691]+040 BLENDWEIGHTS: 0.5938750505447388, 0.40612491965293884, 0.0, 0.0
vb0[691]+056 BLENDINDICES: 20, 17, 0, 0
vb0[691]+072 COLOR: 0.008784313686192036, 0.0, 0.0, 0.0
vb0[691]+088 TEXCOORD1: -0.05232369899749756, 0.0

vb0[692]+000 POSITION: 0.10403436422348022, 0.03457320109009743, 1.5524531602859497
vb0[692]+012 NORMAL: -0.09045454114675522, -0.8842418789863586, 0.45818597078323364
vb0[692]+024 TANGENT: 1.0, 0.0, 0.0, -1.0
vb0[692]+040 BLENDWEIGHTS: 0.6999188661575317, 0.30008116364479065, 0.0, 0.0
vb0[692]+056 BLENDINDICES: 20, 17, 0, 0
vb0[692]+072 COLOR: 0.009411764331161976, 0.0, 0.0, 0.0
vb0[692]+088 TEXCOORD1: -0.09045453369617462, 0.0

vb0[693]+000 POSITION: 0.10348645597696304, 0.03854265436530113, 1.5524202585220337
vb0[693]+012 NORMAL: -0.23958177864551544, -0.8862183690071106, 0.3965066075325012
vb0[693]+024 TANGENT: 1.0, 0.0, 0.0, -1.0
vb0[693]+040 BLENDWEIGHTS: 0.6999188661575317, 0.30008116364479065, 0.0, 0.0
vb0[693]+056 BLENDINDICES: 20, 17, 0, 0
vb0[693]+072 COLOR: 0.009411764331161976, 0.0, 0.0, 0.0
vb0[693]+088 TEXCOORD1: -0.23958177864551544, -2.9802322387695312e-08

vb0[694]+000 POSITION: 0.1047905907034874, 0.03992491960525513, 1.5594040155410767
vb0[694]+012 NORMAL: 0.08032795786857605, -0.9525985717773438, 0.2934337258338928
vb0[694]+024 TANGENT: 1.0, 0.0, 0.0, -1.0
vb0[694]+040 BLENDWEIGHTS: 0.5938750505447388, 0.40612491965293884, 0.0, 0.0
vb0[694]+056 BLENDINDICES: 20, 17, 0, 0
vb0[694]+072 COLOR: 0.00894117634743452, 0.0, 0.0, 0.0
vb0[694]+088 TEXCOORD1: 0.08032796531915665, 0.0

vb0[695]+000 POSITION: 0.10257323831319809, 0.03390979766845703, 1.5479248762130737
vb0[695]+012 NORMAL: -0.136700838804245, -0.945314347743988, 0.29613107442855835
vb0[695]+024 TANGENT: 1.0, 0.0, 0.0, -1.0
vb0[695]+040 BLENDWEIGHTS: 0.7900001406669617, 0.20999987423419952, 0.0, 0.0
vb0[695]+056 BLENDINDICES: 20, 17, 0, 0
vb0[695]+072 COLOR: 0.009725489653646946, 0.0, 0.0, 0.0
vb0[695]+088 TEXCOORD1: -0.1367008537054062, 0.0

vb0[696]+000 POSITION: 0.10189279168844223, 0.036742474883794785, 1.5475726127624512
vb0[696]+012 NORMAL: 0.00510454922914505, -0.9288607239723206, 0.3703940808773041
vb0[696]+024 TANGENT: 1.0, 0.0, 0.0, -1.0
vb0[696]+040 BLENDWEIGHTS: 0.7900001406669617, 0.20999987423419952, 0.0, 0.0
vb0[696]+056 BLENDINDICES: 20, 17, 0, 0
vb0[696]+072 COLOR: 0.009725489653646946, 0.0, 0.0, 0.0
vb0[696]+088 TEXCOORD1: 0.00510454922914505, 0.0

vb0[697]+000 POSITION: 0.10061124712228775, 0.03308422118425369, 1.544344186782837
vb0[697]+012 NORMAL: -0.09045454114675522, -0.8842418789863586, 0.45818597078323364
vb0[697]+024 TANGENT: 1.0, 0.0, 0.0, -1.0
vb0[697]+040 BLENDWEIGHTS: 0.8842374682426453, 0.11576251685619354, 0.0, 0.0
vb0[697]+056 BLENDINDICES: 20, 17, 0, 0
vb0[697]+072 COLOR: 0.009882352314889431, 0.0, 0.0, 0.0
vb0[697]+088 TEXCOORD1: -0.09045453369617462, 0.0

vb0[698]+000 POSITION: 0.10005120933055878, 0.03474372252821922, 1.5441572666168213
vb0[698]+012 NORMAL: -0.23997631669044495, -0.7901337742805481, 0.5640034675598145
vb0[698]+024 TANGENT: 1.0, 0.0, 0.0, -1.0
vb0[698]+040 BLENDWEIGHTS: 0.8842374682426453, 0.11576251685619354, 0.0, 0.0
vb0[698]+056 BLENDINDICES: 20, 17, 0, 0
vb0[698]+072 COLOR: 0.009882352314889431, 0.0, 0.0, 0.0
vb0[698]+088 TEXCOORD1: -0.23997633159160614, -2.9802322387695312e-08

vb0[699]+000 POSITION: 0.09788884967565536, 0.032085441052913666, 1.5412005186080933
vb0[699]+012 NORMAL: -0.23958177864551544, -0.8862183690071106, 0.3965066075325012
vb0[699]+024 TANGENT: 1.0, 0.0, 0.0, -1.0
vb0[699]+040 BLENDWEIGHTS: 1.0, 0.0, 0.0, 0.0
vb0[699]+056 BLENDINDICES: 20, 0, 0, 0
vb0[699]+072 COLOR: 0.010196078568696976, 0.0, 0.0, 0.0
vb0[699]+088 TEXCOORD1: -0.5174927711486816, 0.8556294441223145

vb0[700]+000 POSITION: 0.07056955993175507, -0.03139503300189972, 1.5873889923095703
vb0[700]+012 NORMAL: 0.786094605922699, -0.5066659450531006, -0.3540407121181488
vb0[700]+024 TANGENT: 1.0, 0.0, 0.0, -1.0
vb0[700]+040 BLENDWEIGHTS: 0.6191250085830688, 0.333374947309494, 0.04750000685453415, 0.0
vb0[700]+056 BLENDINDICES: 14, 4, 15, 0
vb0[700]+072 COLOR: 0.00658823549747467, 0.0, 0.0, 0.0
vb0[700]+088 TEXCOORD1: 0.7860946655273438, -2.9802322387695312e-08

vb0[701]+000 POSITION: 0.06725586205720901, -0.028376493602991104, 1.5997315645217896
vb0[701]+012 NORMAL: -0.3963932991027832, -0.07185958325862885, -0.9152642488479614
vb0[701]+024 TANGENT: 1.0, 0.0, 0.0, -1.0
vb0[701]+040 BLENDWEIGHTS: 0.6206687092781067, 0.3342062830924988, 0.04512500390410423, 0.0
vb0[701]+056 BLENDINDICES: 4, 14, 1, 0
vb0[701]+072 COLOR: 0.005803921725600958, 0.0, 0.0, 0.0
vb0[701]+088 TEXCOORD1: -0.3963932991027832, 0.0

vb0[702]+000 POSITION: 0.07165192067623138, -0.032338131219148636, 1.5760465860366821
vb0[702]+012 NORMAL: -0.3816620409488678, -0.7587480545043945, 0.5278592705726624
vb0[702]+024 TANGENT: 1.0, 0.0, 0.0, -1.0
vb0[702]+040 BLENDWEIGHTS: 0.7114502191543579, 0.1574999988079071, 0.13104978203773499, 0.0
vb0[702]+056 BLENDINDICES: 14, 4, 15, 0
vb0[702]+072 COLOR: 0.007372548803687096, 0.0, 0.0, 0.0
vb0[702]+088 TEXCOORD1: -0.3816620707511902, 0.0

vb0[703]+000 POSITION: 0.07166590541601181, -0.03296766057610512, 1.5647448301315308
vb0[703]+012 NORMAL: 0.9756053686141968, -0.0523521862924099, -0.2131980061531067
vb0[703]+024 TANGENT: 1.0, 0.0, 0.0, -1.0
vb0[703]+040 BLENDWEIGHTS: 0.7238124012947083, 0.2412707507610321, 0.03491685539484024, 0.0
vb0[703]+056 BLENDINDICES: 14, 15, 4, 0
vb0[703]+072 COLOR: 0.008156863041222095, 0.0, 0.0, 0.0
vb0[703]+088 TEXCOORD1: 0.9756054282188416, 0.0

vb0[704]+000 POSITION: 0.07039059698581696, -0.03352786973118782, 1.5531986951828003
vb0[704]+012 NORMAL: 0.9612477421760559, -0.2589534521102905, -0.09458233416080475
vb0[704]+024 TANGENT: 1.0, 0.0, 0.0, -1.0
vb0[704]+040 BLENDWEIGHTS: 0.6499999761581421, 0.3500000238418579, 0.0, 0.0
vb0[704]+056 BLENDINDICES: 14, 15, 0, 0
vb0[704]+072 COLOR: 0.009098039008677006, 0.0, 0.0, 0.0
vb0[704]+088 TEXCOORD1: 0.9612478017807007, 7.450580596923828e-09

vb0[705]+000 POSITION: 0.06880827993154526, -0.03373903036117554, 1.545149803161621
vb0[705]+012 NORMAL: 0.803173840045929, -0.37817487120628357, -0.4603210687637329
vb0[705]+024 TANGENT: 1.0, 0.0, 0.0, -1.0
vb0[705]+040 BLENDWEIGHTS: 0.5, 0.5, 0.0, 0.0
vb0[705]+056 BLENDINDICES: 14, 15, 0, 0
vb0[705]+072 COLOR: 0.009568626992404461, 0.0, 0.0, 0.0
vb0[705]+088 TEXCOORD1: 0.8031738996505737, -2.9802322387695312e-08

vb0[706]+000 POSITION: 0.06684326380491257, -0.03378541022539139, 1.5384337902069092
vb0[706]+012 NORMAL: 0.9612477421760559, -0.2589534521102905, -0.09458233416080475
vb0[706]+024 TANGENT: 1.0, 0.0, 0.0, -1.0
vb0[706]+040 BLENDWEIGHTS: 0.6325000524520874, 0.3674999475479126, 0.0, 0.0
vb0[706]+056 BLENDINDICES: 15, 14, 0, 0
vb0[706]+072 COLOR: 0.01003921590745449, 0.0, 0.0, 0.0
vb0[706]+088 TEXCOORD1: 0.9612478017807007, 7.450580596923828e-09

vb0[707]+000 POSITION: 0.06424316018819809, -0.034171171486377716, 1.5324305295944214
vb0[707]+012 NORMAL: 0.6182712316513062, -0.18947677314281464, -0.7627838850021362
vb0[707]+024 TANGENT: 1.0, 0.0, 0.0, -1.0
vb0[707]+040 BLENDWEIGHTS: 0.737500011920929, 0.26249998807907104, 0.0, 0.0
vb0[707]+056 BLENDINDICES: 15, 14, 0, 0
vb0[707]+072 COLOR: 0.010509803891181946, 0.0, 0.0, 0.0
vb0[707]+088 TEXCOORD1: 0.6182712316513062, 0.0

vb0[708]+000 POSITION: 0.0614483579993248, -0.03456543758511543, 1.527864694595337
vb0[708]+012 NORMAL: 0.9756053686141968, -0.0523521862924099, -0.2131980061531067
vb0[708]+024 TANGENT: 1.0, 0.0, 0.0, -1.0
vb0[708]+040 BLENDWEIGHTS: 0.8346250057220459, 0.1653749644756317, 0.0, 0.0
vb0[708]+056 BLENDINDICES: 15, 14, 0, 0
vb0[708]+072 COLOR: 0.01082353014498949, 0.0, 0.0, 0.0
vb0[708]+088 TEXCOORD1: 0.9756054282188416, 0.0

vb0[709]+000 POSITION: 0.05919433757662773, -0.034819383174180984, 1.525028944015503
vb0[709]+012 NORMAL: 0.803173840045929, -0.37817487120628357, -0.4603210687637329
vb0[709]+024 TANGENT: 1.0, 0.0, 0.0, -1.0
vb0[709]+040 BLENDWEIGHTS: 0.9142625331878662, 0.08573745936155319, 0.0, 0.0
vb0[709]+056 BLENDINDICES: 15, 14, 0, 0
vb0[709]+072 COLOR: 0.010980392806231976, 0.0, 0.0, 0.0
vb0[709]+088 TEXCOORD1: 0.8031738996505737, -2.9802322387695312e-08

vb0[710]+000 POSITION: 0.07314206659793854, -0.026268919929862022, 1.5528690814971924
vb0[710]+012 NORMAL: -0.4475589990615845, -0.6711663603782654, 0.5909540057182312
vb0[710]+024 TANGENT: 1.0, 0.0, 0.0, -1.0
vb0[710]+040 BLENDWEIGHTS: 0.6499999761581421, 0.3500000238418579, 0.0, 0.0
vb0[710]+056 BLENDINDICES: 14, 15, 0, 0
vb0[710]+072 COLOR: 0.009098039008677006, 0.0, 0.0, 0.0
vb0[710]+088 TEXCOORD1: -0.4475589990615845, 0.0

vb0[711]+000 POSITION: 0.07091307640075684, -0.02770143374800682, 1.543738842010498
vb0[711]+012 NORMAL: -0.3816620409488678, -0.7587480545043945, 0.5278592705726624
vb0[711]+024 TANGENT: 1.0, 0.0, 0.0, -1.0
vb0[711]+040 BLENDWEIGHTS: 0.47743749618530273, 0.47743749618530273, 0.045125000178813934, 0.0
vb0[711]+056 BLENDINDICES: 14, 15, 16, 0
vb0[711]+072 COLOR: 0.009725489653646946, 0.0, 0.0, 0.0
vb0[711]+088 TEXCOORD1: -0.3816620707511902, 0.0

vb0[712]+000 POSITION: 0.07264036685228348, -0.02480255998671055, 1.5405590534210205
vb0[712]+012 NORMAL: 0.05835550278425217, -0.8114982843399048, 0.5814337730407715
vb0[712]+024 TANGENT: 1.0, 0.0, 0.0, -1.0
vb0[712]+040 BLENDWEIGHTS: 0.6893208622932434, 0.2807422876358032, 0.029936840757727623, 0.0
vb0[712]+056 BLENDINDICES: 16, 14, 15, 0
vb0[712]+072 COLOR: 0.01003921590745449, 0.0, 0.0, 0.0
vb0[712]+088 TEXCOORD1: 0.05835550278425217, -2.9802322387695312e-08

vb0[713]+000 POSITION: 0.07808591425418854, -0.02517577074468136, 1.5505858659744263
vb0[713]+012 NORMAL: 0.4031895101070404, -0.7331971526145935, -0.5475949645042419
vb0[713]+024 TANGENT: 1.0, 0.0, 0.0, -1.0
vb0[713]+040 BLENDWEIGHTS: 0.46499818563461304, 0.46499818563461304, 0.07000365108251572, 0.0
vb0[713]+056 BLENDINDICES: 14, 16, 15, 0
vb0[713]+072 COLOR: 0.00925490166991949, 0.0, 0.0, 0.0
vb0[713]+088 TEXCOORD1: 0.4031895399093628, 0.0

vb0[714]+000 POSITION: 0.07472899556159973, -0.024472054094076157, 1.5510026216506958
vb0[714]+012 NORMAL: -0.3777446150779724, -0.6806115508079529, 0.6277554631233215
vb0[714]+024 TANGENT: 1.0, 0.0, 0.0, -1.0
vb0[714]+040 BLENDWEIGHTS: 0.42500001192092896, 0.42500001192092896, 0.15000000596046448, 0.0
vb0[714]+056 BLENDINDICES: 14, 16, 15, 0
vb0[714]+072 COLOR: 0.00925490166991949, 0.0, 0.0, 0.0
vb0[714]+088 TEXCOORD1: -0.3777446448802948, 0.0

vb0[715]+000 POSITION: 0.0753970816731453, -0.024542855098843575, 1.5570694208145142
vb0[715]+012 NORMAL: 0.6182712316513062, -0.18947677314281464, -0.7627838850021362
vb0[715]+024 TANGENT: 1.0, 0.0, 0.0, -1.0
vb0[715]+040 BLENDWEIGHTS: 0.42899999022483826, 0.2860000431537628, 0.2849999666213989, 0.0
vb0[715]+056 BLENDINDICES: 14, 16, 15, 0
vb0[715]+072 COLOR: 0.008784313686192036, 0.0, 0.0, 0.0
vb0[715]+088 TEXCOORD1: 0.6182712316513062, 0.0

vb0[716]+000 POSITION: 0.07092142105102539, -0.0252725500613451, 1.5349088907241821
vb0[716]+012 NORMAL: -0.5660189986228943, -0.19619661569595337, -0.8007054924964905
vb0[716]+024 TANGENT: 1.0, 0.0, 0.0, -1.0
vb0[716]+040 BLENDWEIGHTS: 0.8346250057220459, 0.1653750091791153, 0.0, 0.0
vb0[716]+056 BLENDINDICES: 16, 14, 0, 0
vb0[716]+072 COLOR: 0.01035294122993946, 0.0, 0.0, 0.0
vb0[716]+088 TEXCOORD1: -0.5660190582275391, 0.0

vb0[717]+000 POSITION: 0.07116767019033432, -0.026102399453520775, 1.5292519330978394
vb0[717]+012 NORMAL: 0.49773192405700684, -0.8605925440788269, -0.10790438205003738
vb0[717]+024 TANGENT: 1.0, 0.0, 0.0, -1.0
vb0[717]+040 BLENDWEIGHTS: 0.9392247200012207, 0.06077529862523079, 0.0, 0.0
vb0[717]+056 BLENDINDICES: 16, 14, 0, 0
vb0[717]+072 COLOR: 0.01082353014498949, 0.0, 0.0, 0.0
vb0[717]+088 TEXCOORD1: 0.49773192405700684, 0.0

vb0[718]+000 POSITION: 0.06914930790662766, -0.02585960365831852, 1.5298388004302979
vb0[718]+012 NORMAL: 0.5129252076148987, -0.39258772134780884, -0.7634019255638123
vb0[718]+024 TANGENT: 1.0, 0.0, 0.0, -1.0
vb0[718]+040 BLENDWEIGHTS: 0.9392247200012207, 0.06077529862523079, 0.0, 0.0
vb0[718]+056 BLENDINDICES: 16, 14, 0, 0
vb0[718]+072 COLOR: 0.01066666655242443, 0.0, 0.0, 0.0
vb0[718]+088 TEXCOORD1: 0.5129252672195435, 0.0

vb0[719]+000 POSITION: 0.06685585528612137, -0.026793498545885086, 1.524559497833252
vb0[719]+012 NORMAL: 0.17432820796966553, -0.9195387363433838, -0.3522188663482666
vb0[719]+024 TANGENT: 1.0, 0.0, 0.0, -1.0
vb0[719]+040 BLENDWEIGHTS: 1.0, 0.0, 0.0, 0.0
vb0[719]+056 BLENDINDICES: 16, 0, 0, 0
vb0[719]+072 COLOR: 0.01113725546747446, 0.0, 0.0, 0.0
vb0[719]+088 TEXCOORD1: -0.5951812863349915, 0.6196470260620117

vb0[720]+000 POSITION: 0.07442870736122131, -0.026002807542681694, 1.551355004310608
vb0[720]+012 NORMAL: 0.4031895101070404, -0.7331971526145935, -0.5475949645042419
vb0[720]+024 TANGENT: 1.0, 0.0, 0.0, -1.0
vb0[720]+040 BLENDWEIGHTS: 0.5525000095367432, 0.29750004410743713, 0.15000000596046448, 0.0
vb0[720]+056 BLENDINDICES: 14, 15, 16, 0
vb0[720]+072 COLOR: 0.00925490166991949, 0.0, 0.0, 0.0
vb0[720]+088 TEXCOORD1: 0.4031895399093628, 0.0

vb0[721]+000 POSITION: 0.06867553293704987, -0.02906312793493271, 1.5370564460754395
vb0[721]+012 NORMAL: -0.1293579339981079, -0.572858989238739, -0.809381902217865
vb0[721]+024 TANGENT: 1.0, 0.0, 0.0, -1.0
vb0[721]+040 BLENDWEIGHTS: 0.6325000524520874, 0.3674999475479126, 0.0, 0.0
vb0[721]+056 BLENDINDICES: 15, 14, 0, 0
vb0[721]+072 COLOR: 0.010196078568696976, 0.0, 0.0, 0.0
vb0[721]+088 TEXCOORD1: -0.1293579488992691, 0.0

vb0[722]+000 POSITION: 0.06554809957742691, -0.030754422768950462, 1.531435489654541
vb0[722]+012 NORMAL: -0.23997631669044495, -0.7901337742805481, 0.5640034675598145
vb0[722]+024 TANGENT: 1.0, 0.0, 0.0, -1.0
vb0[722]+040 BLENDWEIGHTS: 0.737500011920929, 0.26249998807907104, 0.0, 0.0
vb0[722]+056 BLENDINDICES: 15, 14, 0, 0
vb0[722]+072 COLOR: 0.010509803891181946, 0.0, 0.0, 0.0
vb0[722]+088 TEXCOORD1: -0.23997633159160614, -2.9802322387695312e-08

vb0[723]+000 POSITION: 0.062275420874357224, -0.03237568959593773, 1.526990532875061
vb0[723]+012 NORMAL: -0.2500903606414795, -0.6704222559928894, -0.6985619068145752
vb0[723]+024 TANGENT: 1.0, 0.0, 0.0, -1.0
vb0[723]+040 BLENDWEIGHTS: 0.8346250057220459, 0.1653749644756317, 0.0, 0.0
vb0[723]+056 BLENDINDICES: 15, 14, 0, 0
vb0[723]+072 COLOR: 0.01082353014498949, 0.0, 0.0, 0.0
vb0[723]+088 TEXCOORD1: -0.25009042024612427, 0.0

vb0[724]+000 POSITION: 0.05971718579530716, -0.03372830152511597, 1.5243902206420898
vb0[724]+012 NORMAL: 0.26001647114753723, -0.8393657803535461, -0.4773433208465576
vb0[724]+024 TANGENT: 1.0, 0.0, 0.0, -1.0
vb0[724]+040 BLENDWEIGHTS: 0.9142625331878662, 0.08573745936155319, 0.0, 0.0
vb0[724]+056 BLENDINDICES: 15, 14, 0, 0
vb0[724]+072 COLOR: 0.01113725546747446, 0.0, 0.0, 0.0
vb0[724]+088 TEXCOORD1: 0.26001644134521484, 0.0

vb0[725]+000 POSITION: 0.07519488781690598, -0.024552730843424797, 1.5645393133163452
vb0[725]+012 NORMAL: 0.5129252076148987, -0.39258772134780884, -0.7634019255638123
vb0[725]+024 TANGENT: 1.0, 0.0, 0.0, -1.0
vb0[725]+040 BLENDWEIGHTS: 0.5790498852729797, 0.1930166333913803, 0.1930166333913803, 0.03491685912013054
vb0[725]+056 BLENDINDICES: 14, 15, 16, 4
vb0[725]+072 COLOR: 0.00831372570246458, 0.0, 0.0, 0.0
vb0[725]+088 TEXCOORD1: 0.5129252672195435, 0.0

vb0[726]+000 POSITION: 0.07506833970546722, -0.023370614275336266, 1.5764350891113281
vb0[726]+012 NORMAL: -0.0014770777197554708, -0.3943515419960022, -0.9189584255218506
vb0[726]+024 TANGENT: 1.0, 0.0, 0.0, -1.0
vb0[726]+040 BLENDWEIGHTS: 0.6837360858917236, 0.1574999988079071, 0.07987496256828308, 0.0788889229297638
vb0[726]+056 BLENDINDICES: 14, 4, 16, 15
vb0[726]+072 COLOR: 0.007372548803687096, 0.0, 0.0, 0.0
vb0[726]+088 TEXCOORD1: -0.0014770778361707926, 0.0

vb0[727]+000 POSITION: 0.07366453111171722, -0.02246689237654209, 1.5873680114746094
vb0[727]+012 NORMAL: 0.5133100152015686, -0.5310385823249817, -0.6741741895675659
vb0[727]+024 TANGENT: 1.0, 0.0, 0.0, -1.0
vb0[727]+040 BLENDWEIGHTS: 0.6135537624359131, 0.330375075340271, 0.028439994901418686, 0.027631163597106934
vb0[727]+056 BLENDINDICES: 14, 4, 15, 16
vb0[727]+072 COLOR: 0.00658823549747467, 0.0, 0.0, 0.0
vb0[727]+088 TEXCOORD1: 0.5133100152015686, 0.0

vb0[728]+000 POSITION: 0.07115964591503143, -0.02234071120619774, 1.5995969772338867
vb0[728]+012 NORMAL: -0.0014770777197554708, -0.3943515419960022, -0.9189584255218506
vb0[728]+024 TANGENT: 1.0, 0.0, 0.0, -1.0
vb0[728]+040 BLENDWEIGHTS: 0.6206687092781067, 0.3342062830924988, 0.04512500390410423, 0.0
vb0[728]+056 BLENDINDICES: 4, 14, 1, 0
vb0[728]+072 COLOR: 0.005803921725600958, 0.0, 0.0, 0.0
vb0[728]+088 TEXCOORD1: -0.0014770778361707926, 0.0

vb0[729]+000 POSITION: 0.08259374648332596, -0.0002274971193401143, 1.5882282257080078
vb0[729]+012 NORMAL: -0.1293579339981079, -0.572858989238739, -0.809381902217865
vb0[729]+024 TANGENT: 1.0, 0.0, 0.0, -1.0
vb0[729]+040 BLENDWEIGHTS: 0.6237331628799438, 0.33585628867149353, 0.02097516879439354, 0.019435379654169083
vb0[729]+056 BLENDINDICES: 14, 4, 16, 19
vb0[729]+072 COLOR: 0.00658823549747467, 0.0, 0.0, 0.0
vb0[729]+088 TEXCOORD1: -0.1293579488992691, 0.0

vb0[730]+000 POSITION: 0.07920911908149719, -0.0009715990745462477, 1.6002388000488281
vb0[730]+012 NORMAL: 0.04361557215452194, -0.27772313356399536, -0.9596705436706543
vb0[730]+024 TANGENT: 1.0, 0.0, 0.0, -1.0
vb0[730]+040 BLENDWEIGHTS: 0.6206687092781067, 0.3342062830924988, 0.04512500390410423, 0.0
vb0[730]+056 BLENDINDICES: 4, 14, 1, 0
vb0[730]+072 COLOR: 0.005803921725600958, 0.0, 0.0, 0.0
vb0[730]+088 TEXCOORD1: 0.04361557587981224, 0.0

vb0[731]+000 POSITION: 0.08400727808475494, 0.0003584603837225586, 1.5768879652023315
vb0[731]+012 NORMAL: 0.5133100152015686, -0.5310385823249817, -0.6741741895675659
vb0[731]+024 TANGENT: 1.0, 0.0, 0.0, -1.0
vb0[731]+040 BLENDWEIGHTS: 0.7161362767219543, 0.1574999988079071, 0.06339599937200546, 0.06296779960393906
vb0[731]+056 BLENDINDICES: 14, 4, 19, 16
vb0[731]+072 COLOR: 0.007529411930590868, 0.0, 0.0, 0.0
vb0[731]+088 TEXCOORD1: 0.5133100152015686, 0.0

vb0[732]+000 POSITION: 0.08507964760065079, 8.026324394450057e-06, 1.563681960105896
vb0[732]+012 NORMAL: 0.26001647114753723, -0.8393657803535461, -0.4773433208465576
vb0[732]+024 TANGENT: 1.0, 0.0, 0.0, -1.0
vb0[732]+040 BLENDWEIGHTS: 0.5790498852729797, 0.1930166333913803, 0.1930166333913803, 0.03491685912013054
vb0[732]+056 BLENDINDICES: 14, 16, 19, 4
vb0[732]+072 COLOR: 0.008470588363707066, 0.0, 0.0, 0.0
vb0[732]+088 TEXCOORD1: 0.26001644134521484, 0.0

vb0[733]+000 POSITION: 0.08502532541751862, -0.0017778320470824838, 1.5509345531463623
vb0[733]+012 NORMAL: 0.0303302351385355, -0.1654590517282486, -0.9857500791549683
vb0[733]+024 TANGENT: 1.0, 0.0, 0.0, -1.0
vb0[733]+040 BLENDWEIGHTS: 0.5, 0.5, 0.0, 0.0
vb0[733]+056 BLENDINDICES: 14, 16, 0, 0
vb0[733]+072 COLOR: 0.00925490166991949, 0.0, 0.0, 0.0
vb0[733]+088 TEXCOORD1: 0.0303302351385355, 0.0

vb0[734]+000 POSITION: 0.08440487086772919, -0.003310461062937975, 1.5428860187530518
vb0[734]+012 NORMAL: 0.04361557215452194, -0.27772313356399536, -0.9596705436706543
vb0[734]+024 TANGENT: 1.0, 0.0, 0.0, -1.0
vb0[734]+040 BLENDWEIGHTS: 0.7105938196182251, 0.2894062101840973, 0.0, 0.0
vb0[734]+056 BLENDINDICES: 16, 14, 0, 0
vb0[734]+072 COLOR: 0.009882352314889431, 0.0, 0.0, 0.0
vb0[734]+088 TEXCOORD1: 0.04361557587981224, 0.0

vb0[735]+000 POSITION: 0.08327390253543854, -0.005468759220093489, 1.5340434312820435
vb0[735]+012 NORMAL: 0.6182712316513062, -0.18947677314281464, -0.7627838850021362
vb0[735]+024 TANGENT: 1.0, 0.0, 0.0, -1.0
vb0[735]+040 BLENDWEIGHTS: 0.9392247200012207, 0.06077529862523079, 0.0, 0.0
vb0[735]+056 BLENDINDICES: 16, 14, 0, 0
vb0[735]+072 COLOR: 0.010509803891181946, 0.0, 0.0, 0.0
vb0[735]+088 TEXCOORD1: 0.6182712316513062, 0.0

vb0[736]+000 POSITION: 0.08385095745325089, -0.004450540523976088, 1.5377907752990723
vb0[736]+012 NORMAL: -0.9838385581970215, -0.17112469673156738, -0.0527074970304966
vb0[736]+024 TANGENT: 1.0, 0.0, 0.0, -1.0
vb0[736]+040 BLENDWEIGHTS: 0.8346250057220459, 0.1653750091791153, 0.0, 0.0
vb0[736]+056 BLENDINDICES: 16, 14, 0, 0
vb0[736]+072 COLOR: 0.010196078568696976, 0.0, 0.0, 0.0
vb0[736]+088 TEXCOORD1: -0.9838385581970215, 0.0

vb0[737]+000 POSITION: 0.08680292218923569, -0.0031463431660085917, 1.5382452011108398
vb0[737]+012 NORMAL: -0.7608219981193542, -0.2894713878631592, -0.5808237791061401
vb0[737]+024 TANGENT: 1.0, 0.0, 0.0, -1.0
vb0[737]+040 BLENDWEIGHTS: 0.8083239197731018, 0.16016362607479095, 0.031512465327978134, 0.0
vb0[737]+056 BLENDINDICES: 16, 14, 19, 0
vb0[737]+072 COLOR: 0.010196078568696976, 0.0, 0.0, 0.0
vb0[737]+088 TEXCOORD1: -0.7608219981193542, 0.0

vb0[738]+000 POSITION: 0.09345029294490814, 0.02866329997777939, 1.5891648530960083
vb0[738]+012 NORMAL: 0.019274355843663216, -0.022623706609010696, -0.9995582699775696
vb0[738]+024 TANGENT: 1.0, 0.0, 0.0, -1.0
vb0[738]+040 BLENDWEIGHTS: 0.5389336943626404, 0.2901949882507324, 0.1708712875843048, 0.0
vb0[738]+056 BLENDINDICES: 14, 4, 17, 0
vb0[738]+072 COLOR: 0.0067450981587171555, 0.0, 0.0, 0.0
vb0[738]+088 TEXCOORD1: 0.019274355843663216, 0.0

vb0[739]+000 POSITION: 0.09219442307949066, 0.028618888929486275, 1.5952117443084717
vb0[739]+012 NORMAL: 0.11145780235528946, -0.9937543272972107, 0.005434492137283087
vb0[739]+024 TANGENT: 1.0, 0.0, 0.0, -1.0
vb0[739]+040 BLENDWEIGHTS: 0.33387821912765503, 0.29639381170272827, 0.27947798371315, 0.09024999290704727
vb0[739]+056 BLENDINDICES: 4, 14, 17, 20
vb0[739]+072 COLOR: 0.006274509709328413, 0.0, 0.0, 0.0
vb0[739]+088 TEXCOORD1: 0.11145780980587006, 4.656612873077393e-10

vb0[740]+000 POSITION: 0.09571393579244614, 0.028196848928928375, 1.575330138206482
vb0[740]+012 NORMAL: 0.7553236484527588, -0.05308542773127556, -0.6531983017921448
vb0[740]+024 TANGENT: 1.0, 0.0, 0.0, -1.0
vb0[740]+040 BLENDWEIGHTS: 0.7263075113296509, 0.1542404592037201, 0.09473669528961182, 0.02471533976495266
vb0[740]+056 BLENDINDICES: 14, 4, 19, 17
vb0[740]+072 COLOR: 0.007686274591833353, 0.0, 0.0, 0.0
vb0[740]+088 TEXCOORD1: 0.7553237080574036, -3.725290298461914e-09

vb0[741]+000 POSITION: 0.09692029654979706, 0.026793736964464188, 1.5622414350509644
vb0[741]+012 NORMAL: -0.5171240568161011, -0.6901034712791443, -0.5063002109527588
vb0[741]+024 TANGENT: 1.0, 0.0, 0.0, -1.0
vb0[741]+040 BLENDWEIGHTS: 0.7238124012947083, 0.2412707507610321, 0.03491685539484024, 0.0
vb0[741]+056 BLENDINDICES: 14, 19, 4, 0
vb0[741]+072 COLOR: 0.00862745102494955, 0.0, 0.0, 0.0
vb0[741]+088 TEXCOORD1: -0.5171240568161011, 0.0

vb0[742]+000 POSITION: 0.09036927670240402, -0.0011114062508568168, 1.5504158735275269
vb0[742]+012 NORMAL: -0.7383016347885132, -0.08020028471946716, -0.6696855425834656
vb0[742]+024 TANGENT: 1.0, 0.0, 0.0, -1.0
vb0[742]+040 BLENDWEIGHTS: 0.5, 0.2529832720756531, 0.24701672792434692, 0.0
vb0[742]+056 BLENDINDICES: 14, 19, 16, 0
vb0[742]+072 COLOR: 0.009411764331161976, 0.0, 0.0, 0.0
vb0[742]+088 TEXCOORD1: -0.7383016347885132, 7.450580596923828e-09

vb0[743]+000 POSITION: 0.08419303596019745, -0.0012352942721918225, 1.5368731021881104
vb0[743]+012 NORMAL: -0.9840211272239685, -0.16650515794754028, -0.0630740225315094
vb0[743]+024 TANGENT: 1.0, 0.0, 0.0, -1.0
vb0[743]+040 BLENDWEIGHTS: 0.7975025177001953, 0.16758064925670624, 0.03491685912013054, 0.0
vb0[743]+056 BLENDINDICES: 19, 14, 16, 0
vb0[743]+072 COLOR: 0.01035294122993946, 0.0, 0.0, 0.0
vb0[743]+088 TEXCOORD1: -0.9840211868286133, 3.725290298461914e-09

vb0[744]+000 POSITION: 0.08276046812534332, -0.002490096027031541, 1.5318608283996582
vb0[744]+012 NORMAL: -0.2500903606414795, -0.6704222559928894, -0.6985619068145752
vb0[744]+024 TANGENT: 1.0, 0.0, 0.0, -1.0
vb0[744]+040 BLENDWEIGHTS: 0.9392247200012207, 0.06077529862523079, 0.0, 0.0
vb0[744]+056 BLENDINDICES: 19, 14, 0, 0
vb0[744]+072 COLOR: 0.01066666655242443, 0.0, 0.0, 0.0
vb0[744]+088 TEXCOORD1: -0.25009042024612427, 0.0

vb0[745]+000 POSITION: 0.08133462816476822, -0.003942417912185192, 1.5275907516479492
vb0[745]+012 NORMAL: 0.15884190797805786, -0.9630082845687866, 0.21767939627170563
vb0[745]+024 TANGENT: 1.0, 0.0, 0.0, -1.0
vb0[745]+040 BLENDWEIGHTS: 1.0, 0.0, 0.0, 0.0
vb0[745]+056 BLENDINDICES: 19, 0, 0, 0
vb0[745]+072 COLOR: 0.010980392806231976, 0.0, 0.0, 0.0
vb0[745]+088 TEXCOORD1: -0.5742856860160828, 0.779815673828125

vb0[746]+000 POSITION: 0.08746465295553207, -0.0037930726539343596, 1.5379563570022583
vb0[746]+012 NORMAL: -0.7383016347885132, -0.08020028471946716, -0.6696855425834656
vb0[746]+024 TANGENT: 1.0, 0.0, 0.0, -1.0
vb0[746]+040 BLENDWEIGHTS: 0.8346250057220459, 0.1653750091791153, 0.0, 0.0
vb0[746]+056 BLENDINDICES: 16, 14, 0, 0
vb0[746]+072 COLOR: 0.010196078568696976, 0.0, 0.0, 0.0
vb0[746]+088 TEXCOORD1: -0.7383016347885132, 7.450580596923828e-09

vb0[747]+000 POSITION: 0.08832757920026779, -0.002089219633489847, 1.543047547340393
vb0[747]+012 NORMAL: 0.17432820796966553, -0.9195387363433838, -0.3522188663482666
vb0[747]+024 TANGENT: 1.0, 0.0, 0.0, -1.0
vb0[747]+040 BLENDWEIGHTS: 0.6496692895889282, 0.264593243598938, 0.08573749661445618, 0.0
vb0[747]+056 BLENDINDICES: 16, 14, 19, 0
vb0[747]+072 COLOR: 0.009882352314889431, 0.0, 0.0, 0.0
vb0[747]+088 TEXCOORD1: 0.17432820796966553, 0.0

vb0[748]+000 POSITION: 0.0853460505604744, -0.00042971514631062746, 1.541627049446106
vb0[748]+012 NORMAL: 0.019274355843663216, -0.022623706609010696, -0.9995582699775696
vb0[748]+024 TANGENT: 1.0, 0.0, 0.0, -1.0
vb0[748]+040 BLENDWEIGHTS: 0.6193758845329285, 0.2703741192817688, 0.11024998873472214, 0.0
vb0[748]+056 BLENDINDICES: 19, 14, 16, 0
vb0[748]+072 COLOR: 0.01003921590745449, 0.0, 0.0, 0.0
vb0[748]+088 TEXCOORD1: 0.019274355843663216, 0.0

vb0[749]+000 POSITION: 0.08645708113908768, -0.0002593152457848191, 1.5509185791015625
vb0[749]+012 NORMAL: 0.8949819803237915, 0.21907679736614227, -0.3886033594608307
vb0[749]+024 TANGENT: 1.0, 0.0, 0.0, -1.0
vb0[749]+040 BLENDWEIGHTS: 0.4749999940395355, 0.4749999940395355, 0.05000000074505806, 0.0
vb0[749]+056 BLENDINDICES: 14, 19, 16, 0
vb0[749]+072 COLOR: 0.00925490166991949, 0.0, 0.0, 0.0
vb0[749]+088 TEXCOORD1: 0.8949820399284363, 0.0

vb0[750]+000 POSITION: 0.09734565764665604, 0.024821605533361435, 1.550465703010559
vb0[750]+012 NORMAL: 0.16296857595443726, -0.9737293124198914, -0.15903569757938385
vb0[750]+024 TANGENT: 1.0, 0.0, 0.0, -1.0
vb0[750]+040 BLENDWEIGHTS: 0.5, 0.5, 0.0, 0.0
vb0[750]+056 BLENDINDICES: 14, 19, 0, 0
vb0[750]+072 COLOR: 0.009411764331161976, 0.0, 0.0, 0.0
vb0[750]+088 TEXCOORD1: 0.16296859085559845, 0.0

vb0[751]+000 POSITION: 0.09706384688615799, 0.022769970819354057, 1.5433034896850586
vb0[751]+012 NORMAL: -0.5235854387283325, -0.255976140499115, -0.8126096725463867
vb0[751]+024 TANGENT: 1.0, 0.0, 0.0, -1.0
vb0[751]+040 BLENDWEIGHTS: 0.695378839969635, 0.304621160030365, 0.0, 0.0
vb0[751]+056 BLENDINDICES: 19, 14, 0, 0
vb0[751]+072 COLOR: 0.009882352314889431, 0.0, 0.0, 0.0
vb0[751]+088 TEXCOORD1: -0.5235854983329773, 1.4901161193847656e-08

vb0[752]+000 POSITION: 0.09689722210168839, 0.02113501913845539, 1.5385472774505615
vb0[752]+012 NORMAL: 0.9672355055809021, 0.05482944846153259, -0.24788954854011536
vb0[752]+024 TANGENT: 1.0, 0.0, 0.0, -1.0
vb0[752]+040 BLENDWEIGHTS: 0.8263562321662903, 0.17364375293254852, 0.0, 0.0
vb0[752]+056 BLENDINDICES: 19, 14, 0, 0
vb0[752]+072 COLOR: 0.01035294122993946, 0.0, 0.0, 0.0
vb0[752]+088 TEXCOORD1: 0.9672355055809021, 0.0

vb0[753]+000 POSITION: 0.09254419058561325, 0.011625699698925018, 1.5333867073059082
vb0[753]+012 NORMAL: -0.9838385581970215, -0.17112469673156738, -0.0527074970304966
vb0[753]+024 TANGENT: 1.0, 0.0, 0.0, -1.0
vb0[753]+040 BLENDWEIGHTS: 0.9392247200012207, 0.06077529862523079, 0.0, 0.0
vb0[753]+056 BLENDINDICES: 19, 14, 0, 0
vb0[753]+072 COLOR: 0.01066666655242443, 0.0, 0.0, 0.0
vb0[753]+088 TEXCOORD1: -0.9838385581970215, 0.0

vb0[754]+000 POSITION: 0.0885959044098854, 0.0057967910543084145, 1.5327836275100708
vb0[754]+012 NORMAL: -0.9840211272239685, -0.16650515794754028, -0.0630740225315094
vb0[754]+024 TANGENT: 1.0, 0.0, 0.0, -1.0
vb0[754]+040 BLENDWEIGHTS: 0.9392247200012207, 0.06077529862523079, 0.0, 0.0
vb0[754]+056 BLENDINDICES: 19, 14, 0, 0
vb0[754]+072 COLOR: 0.01066666655242443, 0.0, 0.0, 0.0
vb0[754]+088 TEXCOORD1: -0.9840211868286133, 3.725290298461914e-09

vb0[755]+000 POSITION: 0.09701398760080338, 0.026891201734542847, 1.594970703125
vb0[755]+012 NORMAL: -0.2474101036787033, -0.04902718961238861, -0.9676696062088013
vb0[755]+024 TANGENT: 1.0, 0.0, 0.0, -1.0
vb0[755]+040 BLENDWEIGHTS: 0.33387821912765503, 0.29639381170272827, 0.27947798371315, 0.09024999290704727
vb0[755]+056 BLENDINDICES: 4, 14, 17, 20
vb0[755]+072 COLOR: 0.006274509709328413, 0.0, 0.0, 0.0
vb0[755]+088 TEXCOORD1: -0.2474101036787033, 0.0

vb0[756]+000 POSITION: 0.0975835993885994, 0.027215518057346344, 1.589706540107727
vb0[756]+012 NORMAL: 0.16296857595443726, -0.9737293124198914, -0.15903569757938385
vb0[756]+024 TANGENT: 1.0, 0.0, 0.0, -1.0
vb0[756]+040 BLENDWEIGHTS: 0.5714558362960815, 0.30770692229270935, 0.10000000149011612, 0.020837247371673584
vb0[756]+056 BLENDINDICES: 14, 4, 17, 19
vb0[756]+072 COLOR: 0.00658823549747467, 0.0, 0.0, 0.0
vb0[756]+088 TEXCOORD1: 0.16296859085559845, 0.0

vb0[757]+000 POSITION: 0.0908130407333374, 0.028298458084464073, 1.6011995077133179
vb0[757]+012 NORMAL: -0.4843352437019348, -0.11798378825187683, -0.8668904900550842
vb0[757]+024 TANGENT: 1.0, 0.0, 0.0, -1.0
vb0[757]+040 BLENDWEIGHTS: 0.4427005350589752, 0.3604964315891266, 0.14982923865318298, 0.046973809599876404
vb0[757]+056 BLENDINDICES: 4, 17, 14, 1
vb0[757]+072 COLOR: 0.005803921725600958, 0.0, 0.0, 0.0
vb0[757]+088 TEXCOORD1: -0.4843352735042572, 7.450580596923828e-09

vb0[758]+000 POSITION: 0.09952233731746674, 0.02664669044315815, 1.5757688283920288
vb0[758]+012 NORMAL: -0.5171240568161011, -0.6901034712791443, -0.5063002109527588
vb0[758]+024 TANGENT: 1.0, 0.0, 0.0, -1.0
vb0[758]+040 BLENDWEIGHTS: 0.7376500964164734, 0.15592502057552338, 0.09642485529184341, 0.009999998845160007
vb0[758]+056 BLENDINDICES: 14, 4, 19, 17
vb0[758]+072 COLOR: 0.007686274591833353, 0.0, 0.0, 0.0
vb0[758]+088 TEXCOORD1: -0.5171240568161011, 0.0

vb0[759]+000 POSITION: 0.09817171096801758, 0.019790316000580788, 1.5386286973953247
vb0[759]+012 NORMAL: 0.013531683012843132, -0.9910876154899597, 0.13252316415309906
vb0[759]+024 TANGENT: 1.0, 0.0, 0.0, -1.0
vb0[759]+040 BLENDWEIGHTS: 0.8263562321662903, 0.17364375293254852, 0.0, 0.0
vb0[759]+056 BLENDINDICES: 19, 14, 0, 0
vb0[759]+072 COLOR: 0.01035294122993946, 0.0, 0.0, 0.0
vb0[759]+088 TEXCOORD1: 0.013531682081520557, 0.0

vb0[760]+000 POSITION: 0.09972665458917618, 0.025367049500346184, 1.562502145767212
vb0[760]+012 NORMAL: -0.26859354972839355, 0.006957486737519503, -0.9632285237312317
vb0[760]+024 TANGENT: 1.0, 0.0, 0.0, -1.0
vb0[760]+040 BLENDWEIGHTS: 0.7238124012947083, 0.2412707507610321, 0.03491685539484024, 0.0
vb0[760]+056 BLENDINDICES: 14, 19, 4, 0
vb0[760]+072 COLOR: 0.00862745102494955, 0.0, 0.0, 0.0
vb0[760]+088 TEXCOORD1: -0.26859354972839355, 0.0

vb0[761]+000 POSITION: 0.0975906178355217, 0.024185379967093468, 1.6063647270202637
vb0[761]+012 NORMAL: -0.2071305364370346, -0.06935426592826843, -0.975851833820343
vb0[761]+024 TANGENT: 1.0, 0.0, 0.0, -1.0
vb0[761]+040 BLENDWEIGHTS: 0.4427005350589752, 0.3604964315891266, 0.14982923865318298, 0.046973809599876404
vb0[761]+056 BLENDINDICES: 4, 17, 14, 1
vb0[761]+072 COLOR: 0.005490196403115988, 0.0, 0.0, 0.0
vb0[761]+088 TEXCOORD1: -0.207130566239357, -7.450580596923828e-09

vb0[762]+000 POSITION: 0.09427278488874435, 0.027897248044610023, 1.596535325050354
vb0[762]+012 NORMAL: -0.31112855672836304, -0.002222948707640171, -0.9503652453422546
vb0[762]+024 TANGENT: 1.0, 0.0, 0.0, -1.0
vb0[762]+040 BLENDWEIGHTS: 0.33387821912765503, 0.29639381170272827, 0.27947798371315, 0.09024999290704727
vb0[762]+056 BLENDINDICES: 4, 14, 17, 20
vb0[762]+072 COLOR: 0.006117647048085928, 0.0, 0.0, 0.0
vb0[762]+088 TEXCOORD1: -0.3111285865306854, 0.0

vb0[763]+000 POSITION: 0.10126397758722305, 0.03233175352215767, 1.5787750482559204
vb0[763]+012 NORMAL: -0.2474101036787033, -0.04902718961238861, -0.9676696062088013
vb0[763]+024 TANGENT: 1.0, 0.0, 0.0, -1.0
vb0[763]+040 BLENDWEIGHTS: 0.5877101421356201, 0.3164592981338501, 0.07737807929515839, 0.018452435731887817
vb0[763]+056 BLENDINDICES: 17, 20, 14, 4
vb0[763]+072 COLOR: 0.007529411930590868, 0.0, 0.0, 0.0
vb0[763]+088 TEXCOORD1: -0.2474101036787033, 0.0

vb0[764]+000 POSITION: 0.10150014609098434, 0.03404141217470169, 1.568669080734253
vb0[764]+012 NORMAL: -0.3114751875400543, -0.0023597634863108397, -0.9502513408660889
vb0[764]+024 TANGENT: 1.0, 0.0, 0.0, -1.0
vb0[764]+040 BLENDWEIGHTS: 0.5125724673271179, 0.46842753887176514, 0.01900000125169754, 0.0
vb0[764]+056 BLENDINDICES: 17, 20, 14, 0
vb0[764]+072 COLOR: 0.008156863041222095, 0.0, 0.0, 0.0
vb0[764]+088 TEXCOORD1: -0.3114751875400543, -2.3283064365386963e-10

vb0[765]+000 POSITION: 0.1018018126487732, 0.034341808408498764, 1.5599480867385864
vb0[765]+012 NORMAL: -0.31112855672836304, -0.002222948707640171, -0.9503652453422546
vb0[765]+024 TANGENT: 1.0, 0.0, 0.0, -1.0
vb0[765]+040 BLENDWEIGHTS: 0.5938750505447388, 0.40612491965293884, 0.0, 0.0
vb0[765]+056 BLENDINDICES: 20, 17, 0, 0
vb0[765]+072 COLOR: 0.008784313686192036, 0.0, 0.0, 0.0
vb0[765]+088 TEXCOORD1: -0.3111285865306854, 0.0

vb0[766]+000 POSITION: 0.10133382678031921, 0.03420458734035492, 1.553289771080017
vb0[766]+012 NORMAL: -0.26859354972839355, 0.006957486737519503, -0.9632285237312317
vb0[766]+024 TANGENT: 1.0, 0.0, 0.0, -1.0
vb0[766]+040 BLENDWEIGHTS: 0.6999188661575317, 0.30008116364479065, 0.0, 0.0
vb0[766]+056 BLENDINDICES: 20, 17, 0, 0
vb0[766]+072 COLOR: 0.00925490166991949, 0.0, 0.0, 0.0
vb0[766]+088 TEXCOORD1: -0.26859354972839355, 0.0

vb0[767]+000 POSITION: 0.1005568653345108, 0.03377385437488556, 1.5485223531723022
vb0[767]+012 NORMAL: -0.3114751875400543, -0.0023597634863108397, -0.9502513408660889
vb0[767]+024 TANGENT: 1.0, 0.0, 0.0, -1.0
vb0[767]+040 BLENDWEIGHTS: 0.7900001406669617, 0.20999987423419952, 0.0, 0.0
vb0[767]+056 BLENDINDICES: 20, 17, 0, 0
vb0[767]+072 COLOR: 0.009568626992404461, 0.0, 0.0, 0.0
vb0[767]+088 TEXCOORD1: -0.3114751875400543, -2.3283064365386963e-10

vb0[768]+000 POSITION: 0.0994989201426506, 0.0331171490252018, 1.5448745489120483
vb0[768]+012 NORMAL: -0.39677610993385315, -0.07228228449821472, -0.9150650501251221
vb0[768]+024 TANGENT: 1.0, 0.0, 0.0, -1.0
vb0[768]+040 BLENDWEIGHTS: 0.8842374682426453, 0.11576251685619354, 0.0, 0.0
vb0[768]+056 BLENDINDICES: 20, 17, 0, 0
vb0[768]+072 COLOR: 0.009882352314889431, 0.0, 0.0, 0.0
vb0[768]+088 TEXCOORD1: -0.39677613973617554, 0.0

vb0[769]+000 POSITION: 0.09890134632587433, 0.02930719219148159, 1.5887432098388672
vb0[769]+012 NORMAL: -0.39677610993385315, -0.07228228449821472, -0.9150650501251221
vb0[769]+024 TANGENT: 1.0, 0.0, 0.0, -1.0
vb0[769]+040 BLENDWEIGHTS: 0.5305643081665039, 0.20000000298023224, 0.19650530815124512, 0.07293038070201874
vb0[769]+056 BLENDINDICES: 17, 14, 20, 4
vb0[769]+072 COLOR: 0.0067450981587171555, 0.0, 0.0, 0.0
vb0[769]+088 TEXCOORD1: -0.39677613973617554, 0.0

vb0[770]+000 POSITION: 0.09948918968439102, 0.03271123394370079, 1.5782755613327026
vb0[770]+012 NORMAL: -0.3963932991027832, -0.07185958325862885, -0.9152642488479614
vb0[770]+024 TANGENT: 1.0, 0.0, 0.0, -1.0
vb0[770]+040 BLENDWEIGHTS: 0.5877101421356201, 0.3164592981338501, 0.07737807929515839, 0.018452435731887817
vb0[770]+056 BLENDINDICES: 17, 20, 14, 4
vb0[770]+072 COLOR: 0.007529411930590868, 0.0, 0.0, 0.0
vb0[770]+088 TEXCOORD1: -0.3963932991027832, 0.0

vb0[771]+000 POSITION: 0.0962546169757843, 0.030611423775553703, 1.5881415605545044
vb0[771]+012 NORMAL: -0.4814828336238861, -0.11856511980295181, -0.8683988451957703
vb0[771]+024 TANGENT: 1.0, 0.0, 0.0, -1.0
vb0[771]+040 BLENDWEIGHTS: 0.5305643081665039, 0.20000000298023224, 0.19650530815124512, 0.07293038070201874
vb0[771]+056 BLENDINDICES: 17, 14, 20, 4
vb0[771]+072 COLOR: 0.0067450981587171555, 0.0, 0.0, 0.0
vb0[771]+088 TEXCOORD1: -0.4814828336238861, -7.450580596923828e-09

vb0[772]+000 POSITION: 0.070003442466259, -0.026957102119922638, 1.5873517990112305
vb0[772]+012 NORMAL: -0.4814828336238861, -0.11856511980295181, -0.8683988451957703
vb0[772]+024 TANGENT: 1.0, 0.0, 0.0, -1.0
vb0[772]+040 BLENDWEIGHTS: 0.6191250085830688, 0.333374947309494, 0.04750000685453415, 0.0
vb0[772]+056 BLENDINDICES: 14, 4, 15, 0
vb0[772]+072 COLOR: 0.00658823549747467, 0.0, 0.0, 0.0
vb0[772]+088 TEXCOORD1: -0.4814828336238861, -7.450580596923828e-09

vb0[773]+000 POSITION: 0.07156902551651001, -0.026465682312846184, 1.5761268138885498
vb0[773]+012 NORMAL: -0.5590904355049133, -0.06668775528669357, -0.8264204263687134
vb0[773]+024 TANGENT: 1.0, 0.0, 0.0, -1.0
vb0[773]+040 BLENDWEIGHTS: 0.7114502191543579, 0.1574999988079071, 0.13104978203773499, 0.0
vb0[773]+056 BLENDINDICES: 14, 4, 15, 0
vb0[773]+072 COLOR: 0.007372548803687096, 0.0, 0.0, 0.0
vb0[773]+088 TEXCOORD1: -0.5590904355049133, 7.450580596923828e-09

vb0[774]+000 POSITION: 0.07087727636098862, -0.02648991532623768, 1.5637620687484741
vb0[774]+012 NORMAL: -0.5571726560592651, -0.06942032277584076, -0.8274898529052734
vb0[774]+024 TANGENT: 1.0, 0.0, 0.0, -1.0
vb0[774]+040 BLENDWEIGHTS: 0.7238124012947083, 0.2412707507610321, 0.03491685539484024, 0.0
vb0[774]+056 BLENDINDICES: 14, 15, 4, 0
vb0[774]+072 COLOR: 0.00831372570246458, 0.0, 0.0, 0.0
vb0[774]+088 TEXCOORD1: -0.5571726560592651, 7.450580596923828e-09

vb0[775]+000 POSITION: 0.06921208649873734, -0.02715422585606575, 1.5566645860671997
vb0[775]+012 NORMAL: -0.4843352437019348, -0.11798378825187683, -0.8668904900550842
vb0[775]+024 TANGENT: 1.0, 0.0, 0.0, -1.0
vb0[775]+040 BLENDWEIGHTS: 0.699999988079071, 0.30000001192092896, 0.0, 0.0
vb0[775]+056 BLENDINDICES: 14, 15, 0, 0
vb0[775]+072 COLOR: 0.008784313686192036, 0.0, 0.0, 0.0
vb0[775]+088 TEXCOORD1: -0.4843352735042572, 7.450580596923828e-09

vb0[776]+000 POSITION: 0.06657004356384277, -0.027975482866168022, 1.5490580797195435
vb0[776]+012 NORMAL: -0.6778862476348877, 0.029672417789697647, -0.7345677018165588
vb0[776]+024 TANGENT: 1.0, 0.0, 0.0, -1.0
vb0[776]+040 BLENDWEIGHTS: 0.5, 0.5, 0.0, 0.0
vb0[776]+056 BLENDINDICES: 14, 15, 0, 0
vb0[776]+072 COLOR: 0.009411764331161976, 0.0, 0.0, 0.0
vb0[776]+088 TEXCOORD1: -0.6778863072395325, -1.862645149230957e-09

vb0[777]+000 POSITION: 0.062197498977184296, -0.02959432452917099, 1.5410025119781494
vb0[777]+012 NORMAL: -0.5571726560592651, -0.06942032277584076, -0.8274898529052734
vb0[777]+024 TANGENT: 1.0, 0.0, 0.0, -1.0
vb0[777]+040 BLENDWEIGHTS: 0.6325000524520874, 0.3674999475479126, 0.0, 0.0
vb0[777]+056 BLENDINDICES: 15, 14, 0, 0
vb0[777]+072 COLOR: 0.009882352314889431, 0.0, 0.0, 0.0
vb0[777]+088 TEXCOORD1: -0.5571726560592651, 7.450580596923828e-09

vb0[778]+000 POSITION: 0.05709949880838394, -0.030968016013503075, 1.5350682735443115
vb0[778]+012 NORMAL: -0.5590904355049133, -0.06668775528669357, -0.8264204263687134
vb0[778]+024 TANGENT: 1.0, 0.0, 0.0, -1.0
vb0[778]+040 BLENDWEIGHTS: 0.737500011920929, 0.26249998807907104, 0.0, 0.0
vb0[778]+056 BLENDINDICES: 15, 14, 0, 0
vb0[778]+072 COLOR: 0.01035294122993946, 0.0, 0.0, 0.0
vb0[778]+088 TEXCOORD1: -0.5590904355049133, 7.450580596923828e-09

vb0[779]+000 POSITION: 0.05142763629555702, -0.03216021507978439, 1.5306862592697144
vb0[779]+012 NORMAL: -0.6912134289741516, 0.035288356244564056, -0.7217885851860046
vb0[779]+024 TANGENT: 1.0, 0.0, 0.0, -1.0
vb0[779]+040 BLENDWEIGHTS: 0.8263562917709351, 0.17364370822906494, 0.0, 0.0
vb0[779]+056 BLENDINDICES: 15, 14, 0, 0
vb0[779]+072 COLOR: 0.01066666655242443, 0.0, 0.0, 0.0
vb0[779]+088 TEXCOORD1: -0.6912134289741516, 0.0

vb0[780]+000 POSITION: 0.04654896259307861, -0.033670663833618164, 1.528408169746399
vb0[780]+012 NORMAL: -0.6912134289741516, 0.035288356244564056, -0.7217885851860046
vb0[780]+024 TANGENT: 1.0, 0.0, 0.0, -1.0
vb0[780]+040 BLENDWEIGHTS: 0.889750063419342, 0.11024993658065796, 0.0, 0.0
vb0[780]+056 BLENDINDICES: 15, 14, 0, 0
vb0[780]+072 COLOR: 0.01066666655242443, 0.0, 0.0, 0.0
vb0[780]+088 TEXCOORD1: -0.6912134289741516, 0.0

vb0[781]+000 POSITION: 0.043377723544836044, -0.03479043021798134, 1.5273308753967285
vb0[781]+012 NORMAL: -0.834348738193512, 0.0936078205704689, -0.5432308316230774
vb0[781]+024 TANGENT: 1.0, 0.0, 0.0, -1.0
vb0[781]+040 BLENDWEIGHTS: 0.9296450018882751, 0.07035499066114426, 0.0, 0.0
vb0[781]+056 BLENDINDICES: 15, 14, 0, 0
vb0[781]+072 COLOR: 0.01082353014498949, 0.0, 0.0, 0.0
vb0[781]+088 TEXCOORD1: -0.834348738193512, 0.0

vb0[782]+000 POSITION: 0.03927426412701607, -0.03663364425301552, 1.5269956588745117
vb0[782]+012 NORMAL: -0.8306068778038025, 0.09227994084358215, -0.5491599440574646
vb0[782]+024 TANGENT: 1.0, 0.0, 0.0, -1.0
vb0[782]+040 BLENDWEIGHTS: 0.9800000190734863, 0.019999999552965164, 0.0, 0.0
vb0[782]+056 BLENDINDICES: 15, 14, 0, 0
vb0[782]+072 COLOR: 0.01082353014498949, 0.0, 0.0, 0.0
vb0[782]+088 TEXCOORD1: -0.8306068778038025, 7.450580596923828e-09

vb0[783]+000 POSITION: 0.04115285724401474, -0.03578612208366394, 1.5269542932510376
vb0[783]+012 NORMAL: -0.8862847685813904, 0.09520041942596436, -0.4532507658004761
vb0[783]+024 TANGENT: 1.0, 0.0, 0.0, -1.0
vb0[783]+040 BLENDWEIGHTS: 0.9571312665939331, 0.04286874830722809, 0.0, 0.0
vb0[783]+056 BLENDINDICES: 15, 14, 0, 0
vb0[783]+072 COLOR: 0.01082353014498949, 0.0, 0.0, 0.0
vb0[783]+088 TEXCOORD1: -0.8862847685813904, 0.0

vb0[784]+000 POSITION: 0.03783202916383743, -0.03739989176392555, 1.5273715257644653
vb0[784]+012 NORMAL: 0.5129252076148987, -0.39258772134780884, -0.7634019255638123
vb0[784]+024 TANGENT: 1.0, 0.0, 0.0, -1.0
vb0[784]+040 BLENDWEIGHTS: 1.0, 0.0, 0.0, 0.0
vb0[784]+056 BLENDINDICES: 15, 0, 0, 0
vb0[784]+072 COLOR: 0.01082353014498949, 0.0, 0.0, 0.0
vb0[784]+088 TEXCOORD1: -0.9190892577171326, -0.3485617935657501

vb0[785]+000 POSITION: 0.058057863265275955, -0.03538576140999794, 1.6000264883041382
vb0[785]+012 NORMAL: -0.8863281011581421, 0.09411755204200745, -0.453391969203949
vb0[785]+024 TANGENT: 1.0, 0.0, 0.0, -1.0
vb0[785]+040 BLENDWEIGHTS: 0.6206687092781067, 0.3342062830924988, 0.04512500390410423, 0.0
vb0[785]+056 BLENDINDICES: 4, 14, 1, 0
vb0[785]+072 COLOR: 0.005647059064358473, 0.0, 0.0, 0.0
vb0[785]+088 TEXCOORD1: -0.8863282203674316, 0.0

vb0[786]+000 POSITION: 0.05953003093600273, -0.034412842243909836, 1.5875767469406128
vb0[786]+012 NORMAL: -0.8399254679679871, -0.23709996044635773, -0.4881688952445984
vb0[786]+024 TANGENT: 1.0, 0.0, 0.0, -1.0
vb0[786]+040 BLENDWEIGHTS: 0.6191250085830688, 0.333374947309494, 0.04750000685453415, 0.0
vb0[786]+056 BLENDINDICES: 14, 4, 15, 0
vb0[786]+072 COLOR: 0.00658823549747467, 0.0, 0.0, 0.0
vb0[786]+088 TEXCOORD1: -0.8399254679679871, 0.0

vb0[787]+000 POSITION: 0.05586913600564003, -0.03583984449505806, 1.612174153327942
vb0[787]+012 NORMAL: -0.8306068778038025, 0.09227994084358215, -0.5491599440574646
vb0[787]+024 TANGENT: 1.0, 0.0, 0.0, -1.0
vb0[787]+040 BLENDWEIGHTS: 0.7087105512619019, 0.15480946004390717, 0.13647998869419098, 0.0
vb0[787]+056 BLENDINDICES: 4, 1, 14, 0
vb0[787]+072 COLOR: 0.004862744826823473, 0.0, 0.0, 0.0
vb0[787]+088 TEXCOORD1: -0.8306068778038025, 7.450580596923828e-09

vb0[788]+000 POSITION: 0.05222833901643753, -0.03482756391167641, 1.6237449645996094
vb0[788]+012 NORMAL: -0.8862847685813904, 0.09520041942596436, -0.4532507658004761
vb0[788]+024 TANGENT: 1.0, 0.0, 0.0, -1.0
vb0[788]+040 BLENDWEIGHTS: 0.6199376583099365, 0.33250001072883606, 0.04756235331296921, 0.0
vb0[788]+056 BLENDINDICES: 4, 1, 14, 0
vb0[788]+072 COLOR: 0.003921568393707275, 0.0, 0.0, 0.0
vb0[788]+088 TEXCOORD1: -0.8862847685813904, 0.0

vb0[789]+000 POSITION: 0.048024892807006836, -0.03328981250524521, 1.635841965675354
vb0[789]+012 NORMAL: -0.8733882904052734, 0.076150082051754, -0.48103442788124084
vb0[789]+024 TANGENT: 1.0, 0.0, 0.0, -1.0
vb0[789]+040 BLENDWEIGHTS: 0.800000011920929, 0.20000000298023224, 0.0, 0.0
vb0[789]+056 BLENDINDICES: 1, 4, 0, 0
vb0[789]+072 COLOR: 0.0031372548546642065, 0.0, 0.0, 0.0
vb0[789]+088 TEXCOORD1: -0.8733882904052734, 0.0

vb0[790]+000 POSITION: 0.0416131429374218, -0.03459300845861435, 1.660219669342041
vb0[790]+012 NORMAL: -0.8713740110397339, 0.06126256287097931, -0.48677951097488403
vb0[790]+024 TANGENT: 1.0, 0.0, 0.0, -1.0
vb0[790]+040 BLENDWEIGHTS: 1.0, 0.0, 0.0, 0.0
vb0[790]+056 BLENDINDICES: 1, 0, 0, 0
vb0[790]+072 COLOR: 0.0014117647660896182, 0.0, 0.0, 0.0
vb0[790]+088 TEXCOORD1: -0.8713740110397339, 0.0

vb0[791]+000 POSITION: 0.03619375079870224, -0.031587522476911545, 1.6673505306243896
vb0[791]+012 NORMAL: -0.7469241619110107, -0.4170711636543274, -0.5178378820419312
vb0[791]+024 TANGENT: 1.0, 0.0, 0.0, -1.0
vb0[791]+040 BLENDWEIGHTS: 1.0, 0.0, 0.0, 0.0
vb0[791]+056 BLENDINDICES: 1, 0, 0, 0
vb0[791]+072 COLOR: 0.0007843137136660516, 0.0, 0.0, 0.0
vb0[791]+088 TEXCOORD1: -0.7469241619110107, 0.0

vb0[792]+000 POSITION: 0.0317704863846302, -0.02888084575533867, 1.6716804504394531
vb0[792]+012 NORMAL: -0.8006995916366577, -0.23007161915302277, -0.5531247854232788
vb0[792]+024 TANGENT: 1.0, 0.0, 0.0, -1.0
vb0[792]+040 BLENDWEIGHTS: 1.0, 0.0, 0.0, 0.0
vb0[792]+056 BLENDINDICES: 1, 0, 0, 0
vb0[792]+072 COLOR: 0.00047058824566192925, 0.0, 0.0, 0.0
vb0[792]+088 TEXCOORD1: -0.8006996512413025, 0.0

vb0[793]+000 POSITION: 0.031037110835313797, -0.028047027066349983, 1.6703145503997803
vb0[793]+012 NORMAL: -0.9583340287208557, 0.05023637041449547, -0.28119781613349915
vb0[793]+024 TANGENT: 1.0, 0.0, 0.0, -1.0
vb0[793]+040 BLENDWEIGHTS: 1.0, 0.0, 0.0, 0.0
vb0[793]+056 BLENDINDICES: 1, 0, 0, 0
vb0[793]+072 COLOR: 0.0006274509942159057, 0.0, 0.0, 0.0
vb0[793]+088 TEXCOORD1: -0.9583340287208557, 0.0

vb0[794]+000 POSITION: 0.06694091856479645, -0.021709002554416656, 1.6145896911621094
vb0[794]+012 NORMAL: -0.7708397507667542, -0.32223641872406006, -0.5495178699493408
vb0[794]+024 TANGENT: 1.0, 0.0, 0.0, -1.0
vb0[794]+040 BLENDWEIGHTS: 0.7087105512619019, 0.15480946004390717, 0.13647998869419098, 0.0
vb0[794]+056 BLENDINDICES: 4, 1, 14, 0
vb0[794]+072 COLOR: 0.004705882165580988, 0.0, 0.0, 0.0
vb0[794]+088 TEXCOORD1: -0.7708397507667542, 2.9802322387695312e-08

vb0[795]+000 POSITION: 0.07350163906812668, -0.002896547317504883, 1.6155962944030762
vb0[795]+012 NORMAL: -0.7981633543968201, -0.3174215853214264, -0.5120341181755066
vb0[795]+024 TANGENT: 1.0, 0.0, 0.0, -1.0
vb0[795]+040 BLENDWEIGHTS: 0.7087105512619019, 0.15480946004390717, 0.13647998869419098, 0.0
vb0[795]+056 BLENDINDICES: 4, 1, 14, 0
vb0[795]+072 COLOR: 0.004705882165580988, 0.0, 0.0, 0.0
vb0[795]+088 TEXCOORD1: -0.7981632947921753, 0.0

vb0[796]+000 POSITION: 0.06707073748111725, -0.00490818964317441, 1.6291886568069458
vb0[796]+012 NORMAL: -0.7469241619110107, -0.4170711636543274, -0.5178378820419312
vb0[796]+024 TANGENT: 1.0, 0.0, 0.0, -1.0
vb0[796]+040 BLENDWEIGHTS: 0.6199376583099365, 0.33250001072883606, 0.04756235331296921, 0.0
vb0[796]+056 BLENDINDICES: 4, 1, 14, 0
vb0[796]+072 COLOR: 0.003764705965295434, 0.0, 0.0, 0.0
vb0[796]+088 TEXCOORD1: -0.7469241619110107, 0.0

vb0[797]+000 POSITION: 0.062219005078077316, -0.02124718576669693, 1.6274067163467407
vb0[797]+012 NORMAL: -0.8006995916366577, -0.23007161915302277, -0.5531247854232788
vb0[797]+024 TANGENT: 1.0, 0.0, 0.0, -1.0
vb0[797]+040 BLENDWEIGHTS: 0.6199376583099365, 0.33250001072883606, 0.04756235331296921, 0.0
vb0[797]+056 BLENDINDICES: 4, 1, 14, 0
vb0[797]+072 COLOR: 0.003764705965295434, 0.0, 0.0, 0.0
vb0[797]+088 TEXCOORD1: -0.8006996512413025, 0.0

vb0[798]+000 POSITION: 0.0854799821972847, 0.026163361966609955, 1.6168971061706543
vb0[798]+012 NORMAL: -0.7930649518966675, -0.32060128450393677, -0.517940878868103
vb0[798]+024 TANGENT: 1.0, 0.0, 0.0, -1.0
vb0[798]+040 BLENDWEIGHTS: 0.480099618434906, 0.292711466550827, 0.1496249884366989, 0.07756391912698746
vb0[798]+056 BLENDINDICES: 4, 17, 1, 14
vb0[798]+072 COLOR: 0.004705882165580988, 0.0, 0.0, 0.0
vb0[798]+088 TEXCOORD1: -0.7930650115013123, 0.0

vb0[799]+000 POSITION: 0.05965343490242958, -0.006723208352923393, 1.6428589820861816
vb0[799]+012 NORMAL: -0.7708397507667542, -0.32223641872406006, -0.5495178699493408
vb0[799]+024 TANGENT: 1.0, 0.0, 0.0, -1.0
vb0[799]+040 BLENDWEIGHTS: 0.6499999761581421, 0.3500000238418579, 0.0, 0.0
vb0[799]+056 BLENDINDICES: 1, 4, 0, 0
vb0[799]+072 COLOR: 0.0026666666381061077, 0.0, 0.0, 0.0
vb0[799]+088 TEXCOORD1: -0.7708397507667542, 2.9802322387695312e-08

vb0[800]+000 POSITION: 0.05592578276991844, -0.020564088597893715, 1.6404730081558228
vb0[800]+012 NORMAL: -0.7730891704559326, -0.3101383149623871, -0.5533059239387512
vb0[800]+024 TANGENT: 1.0, 0.0, 0.0, -1.0
vb0[800]+040 BLENDWEIGHTS: 0.6499999761581421, 0.3500000238418579, 0.0, 0.0
vb0[800]+056 BLENDINDICES: 1, 4, 0, 0
vb0[800]+072 COLOR: 0.0028235295321792364, 0.0, 0.0, 0.0
vb0[800]+088 TEXCOORD1: -0.7730891108512878, 0.0

vb0[801]+000 POSITION: 0.06015501916408539, -0.03348875790834427, 1.5764588117599487
vb0[801]+012 NORMAL: -0.7930649518966675, -0.32060128450393677, -0.517940878868103
vb0[801]+024 TANGENT: 1.0, 0.0, 0.0, -1.0
vb0[801]+040 BLENDWEIGHTS: 0.7114502191543579, 0.1574999988079071, 0.13104978203773499, 0.0
vb0[801]+056 BLENDINDICES: 14, 4, 15, 0
vb0[801]+072 COLOR: 0.007372548803687096, 0.0, 0.0, 0.0
vb0[801]+088 TEXCOORD1: -0.7930650115013123, 0.0

vb0[802]+000 POSITION: 0.059738773852586746, -0.03301331400871277, 1.5652427673339844
vb0[802]+012 NORMAL: -0.8434340953826904, -0.22042985260486603, -0.4899282157421112
vb0[802]+024 TANGENT: 1.0, 0.0, 0.0, -1.0
vb0[802]+040 BLENDWEIGHTS: 0.7238124012947083, 0.2412707507610321, 0.03491685539484024, 0.0
vb0[802]+056 BLENDINDICES: 14, 15, 4, 0
vb0[802]+072 COLOR: 0.008156863041222095, 0.0, 0.0, 0.0
vb0[802]+088 TEXCOORD1: -0.8434340953826904, 1.4901161193847656e-08

vb0[803]+000 POSITION: 0.058255620300769806, -0.03303344547748566, 1.5550073385238647
vb0[803]+012 NORMAL: -0.8399254679679871, -0.23709996044635773, -0.4881688952445984
vb0[803]+024 TANGENT: 1.0, 0.0, 0.0, -1.0
vb0[803]+040 BLENDWEIGHTS: 0.6000000238418579, 0.3999999761581421, 0.0, 0.0
vb0[803]+056 BLENDINDICES: 14, 15, 0, 0
vb0[803]+072 COLOR: 0.00894117634743452, 0.0, 0.0, 0.0
vb0[803]+088 TEXCOORD1: -0.8399254679679871, 0.0

vb0[804]+000 POSITION: 0.05504150688648224, -0.03339478373527527, 1.5450689792633057
vb0[804]+012 NORMAL: -0.7981633543968201, -0.3174215853214264, -0.5120341181755066
vb0[804]+024 TANGENT: 1.0, 0.0, 0.0, -1.0
vb0[804]+040 BLENDWEIGHTS: 0.6325000524520874, 0.3674999475479126, 0.0, 0.0
vb0[804]+056 BLENDINDICES: 15, 14, 0, 0
vb0[804]+072 COLOR: 0.009568626992404461, 0.0, 0.0, 0.0
vb0[804]+088 TEXCOORD1: -0.7981632947921753, 0.0

vb0[805]+000 POSITION: 0.0517272874712944, -0.034041766077280045, 1.5390785932540894
vb0[805]+012 NORMAL: -0.8460840582847595, -0.10672910511493683, -0.5222552418708801
vb0[805]+024 TANGENT: 1.0, 0.0, 0.0, -1.0
vb0[805]+040 BLENDWEIGHTS: 0.737500011920929, 0.26249998807907104, 0.0, 0.0
vb0[805]+056 BLENDINDICES: 15, 14, 0, 0
vb0[805]+072 COLOR: 0.01003921590745449, 0.0, 0.0, 0.0
vb0[805]+088 TEXCOORD1: -0.8460841178894043, 0.0

vb0[806]+000 POSITION: 0.04862060025334358, -0.034564219415187836, 1.534789800643921
vb0[806]+012 NORMAL: -0.8434340953826904, -0.22042985260486603, -0.4899282157421112
vb0[806]+024 TANGENT: 1.0, 0.0, 0.0, -1.0
vb0[806]+040 BLENDWEIGHTS: 0.8263562917709351, 0.17364370822906494, 0.0, 0.0
vb0[806]+056 BLENDINDICES: 15, 14, 0, 0
vb0[806]+072 COLOR: 0.01035294122993946, 0.0, 0.0, 0.0
vb0[806]+088 TEXCOORD1: -0.8434340953826904, 1.4901161193847656e-08

vb0[807]+000 POSITION: 0.0447404570877552, -0.03555681183934212, 1.5310484170913696
vb0[807]+012 NORMAL: -0.8442874550819397, -0.09964063763618469, -0.5265457034111023
vb0[807]+024 TANGENT: 1.0, 0.0, 0.0, -1.0
vb0[807]+040 BLENDWEIGHTS: 0.889750063419342, 0.11024993658065796, 0.0, 0.0
vb0[807]+056 BLENDINDICES: 15, 14, 0, 0
vb0[807]+072 COLOR: 0.010509803891181946, 0.0, 0.0, 0.0
vb0[807]+088 TEXCOORD1: -0.8442874550819397, 0.0

vb0[808]+000 POSITION: 0.045390620827674866, -0.03369995951652527, 1.5299748182296753
vb0[808]+012 NORMAL: -0.8442874550819397, -0.09964063763618469, -0.5265457034111023
vb0[808]+024 TANGENT: 1.0, 0.0, 0.0, -1.0
vb0[808]+040 BLENDWEIGHTS: 0.889750063419342, 0.11024993658065796, 0.0, 0.0
vb0[808]+056 BLENDINDICES: 15, 14, 0, 0
vb0[808]+072 COLOR: 0.01066666655242443, 0.0, 0.0, 0.0
vb0[808]+088 TEXCOORD1: -0.8442874550819397, 0.0

vb0[809]+000 POSITION: 0.040943607687950134, -0.03552614152431488, 1.5277658700942993
vb0[809]+012 NORMAL: -0.8144422769546509, -0.02674694173038006, -0.5796276926994324
vb0[809]+024 TANGENT: 1.0, 0.0, 0.0, -1.0
vb0[809]+040 BLENDWEIGHTS: 0.9571312665939331, 0.04286874830722809, 0.0, 0.0
vb0[809]+056 BLENDINDICES: 15, 14, 0, 0
vb0[809]+072 COLOR: 0.01082353014498949, 0.0, 0.0, 0.0
vb0[809]+088 TEXCOORD1: -0.8144423365592957, 0.0

vb0[810]+000 POSITION: 0.04289734363555908, -0.03469850495457649, 1.5286997556686401
vb0[810]+012 NORMAL: -0.8460840582847595, -0.10672910511493683, -0.5222552418708801
vb0[810]+024 TANGENT: 1.0, 0.0, 0.0, -1.0
vb0[810]+040 BLENDWEIGHTS: 0.9296450018882751, 0.07035499066114426, 0.0, 0.0
vb0[810]+056 BLENDINDICES: 15, 14, 0, 0
vb0[810]+072 COLOR: 0.01066666655242443, 0.0, 0.0, 0.0
vb0[810]+088 TEXCOORD1: -0.8460841178894043, 0.0

vb0[811]+000 POSITION: 0.03925986960530281, -0.036451540887355804, 1.5273736715316772
vb0[811]+012 NORMAL: -0.8108556866645813, -0.024152401834726334, -0.5847474932670593
vb0[811]+024 TANGENT: 1.0, 0.0, 0.0, -1.0
vb0[811]+040 BLENDWEIGHTS: 0.9800000190734863, 0.019999999552965164, 0.0, 0.0
vb0[811]+056 BLENDINDICES: 15, 14, 0, 0
vb0[811]+072 COLOR: 0.01082353014498949, 0.0, 0.0, 0.0
vb0[811]+088 TEXCOORD1: -0.8108557462692261, 0.0

vb0[812]+000 POSITION: 0.06547851115465164, -0.029612397775053978, 1.5874890089035034
vb0[812]+012 NORMAL: 0.8648494482040405, -0.37752169370651245, 0.330927312374115
vb0[812]+024 TANGENT: 1.0, 0.0, 0.0, -1.0
vb0[812]+040 BLENDWEIGHTS: 0.6191250085830688, 0.333374947309494, 0.04750000685453415, 0.0
vb0[812]+056 BLENDINDICES: 14, 4, 15, 0
vb0[812]+072 COLOR: 0.00658823549747467, 0.0, 0.0, 0.0
vb0[812]+088 TEXCOORD1: 0.8648494482040405, 0.0

vb0[813]+000 POSITION: 0.06620848178863525, -0.028618182986974716, 1.576630711555481
vb0[813]+012 NORMAL: 0.7295207977294922, 0.6049657464027405, 0.3190859258174896
vb0[813]+024 TANGENT: 1.0, 0.0, 0.0, -1.0
vb0[813]+040 BLENDWEIGHTS: 0.7114502191543579, 0.1574999988079071, 0.13104978203773499, 0.0
vb0[813]+056 BLENDINDICES: 14, 4, 15, 0
vb0[813]+072 COLOR: 0.007372548803687096, 0.0, 0.0, 0.0
vb0[813]+088 TEXCOORD1: 0.729520857334137, 2.9802322387695312e-08

vb0[814]+000 POSITION: 0.06581053882837296, -0.028076171875, 1.5644067525863647
vb0[814]+012 NORMAL: -0.8144422769546509, -0.02674694173038006, -0.5796276926994324
vb0[814]+024 TANGENT: 1.0, 0.0, 0.0, -1.0
vb0[814]+040 BLENDWEIGHTS: 0.7238124012947083, 0.2412707507610321, 0.03491685539484024, 0.0
vb0[814]+056 BLENDINDICES: 14, 15, 4, 0
vb0[814]+072 COLOR: 0.00831372570246458, 0.0, 0.0, 0.0
vb0[814]+088 TEXCOORD1: -0.8144423365592957, 0.0

vb0[815]+000 POSITION: 0.06319335103034973, -0.028486356139183044, 1.5535752773284912
vb0[815]+012 NORMAL: -0.7624185085296631, 0.008671298623085022, -0.6470261216163635
vb0[815]+024 TANGENT: 1.0, 0.0, 0.0, -1.0
vb0[815]+040 BLENDWEIGHTS: 0.6000000238418579, 0.3999999761581421, 0.0, 0.0
vb0[815]+056 BLENDINDICES: 14, 15, 0, 0
vb0[815]+072 COLOR: 0.00894117634743452, 0.0, 0.0, 0.0
vb0[815]+088 TEXCOORD1: -0.7624185085296631, 0.0

vb0[816]+000 POSITION: 0.05854980647563934, -0.02965334802865982, 1.5433884859085083
vb0[816]+012 NORMAL: -0.8108556866645813, -0.024152401834726334, -0.5847474932670593
vb0[816]+024 TANGENT: 1.0, 0.0, 0.0, -1.0
vb0[816]+040 BLENDWEIGHTS: 0.6325000524520874, 0.3674999475479126, 0.0, 0.0
vb0[816]+056 BLENDINDICES: 15, 14, 0, 0
vb0[816]+072 COLOR: 0.009725489653646946, 0.0, 0.0, 0.0
vb0[816]+088 TEXCOORD1: -0.8108557462692261, 0.0

vb0[817]+000 POSITION: 0.054660648107528687, -0.030673818662762642, 1.5375717878341675
vb0[817]+012 NORMAL: 0.9680320024490356, -0.20610444247722626, 0.1429508477449417
vb0[817]+024 TANGENT: 1.0, 0.0, 0.0, -1.0
vb0[817]+040 BLENDWEIGHTS: 0.737500011920929, 0.26249998807907104, 0.0, 0.0
vb0[817]+056 BLENDINDICES: 15, 14, 0, 0
vb0[817]+072 COLOR: 0.010196078568696976, 0.0, 0.0, 0.0
vb0[817]+088 TEXCOORD1: 0.9680320620536804, 0.0

vb0[818]+000 POSITION: 0.04978173226118088, -0.03220045939087868, 1.532997965812683
vb0[818]+012 NORMAL: 0.8206061124801636, -0.548973798751831, 0.15885058045387268
vb0[818]+024 TANGENT: 1.0, 0.0, 0.0, -1.0
vb0[818]+040 BLENDWEIGHTS: 0.8263562917709351, 0.17364370822906494, 0.0, 0.0
vb0[818]+056 BLENDINDICES: 15, 14, 0, 0
vb0[818]+072 COLOR: 0.01035294122993946, 0.0, 0.0, 0.0
vb0[818]+088 TEXCOORD1: 0.8206060528755188, -1.4901161193847656e-08

vb0[819]+000 POSITION: 0.07849187403917313, 0.022601360455155373, 1.6326730251312256
vb0[819]+012 NORMAL: 0.9589132070541382, 0.28309541940689087, -0.018506843596696854
vb0[819]+024 TANGENT: 1.0, 0.0, 0.0, -1.0
vb0[819]+040 BLENDWEIGHTS: 0.41328316926956177, 0.33250001072883606, 0.21194007992744446, 0.042276762425899506
vb0[819]+056 BLENDINDICES: 4, 1, 17, 14
vb0[819]+072 COLOR: 0.0036078430712223053, 0.0, 0.0, 0.0
vb0[819]+088 TEXCOORD1: 0.9589132070541382, 0.0

vb0[820]+000 POSITION: 0.06932717561721802, 0.017593974247574806, 1.6471363306045532
vb0[820]+012 NORMAL: -0.8342674970626831, -0.05315983295440674, -0.548791229724884
vb0[820]+024 TANGENT: 1.0, 0.0, 0.0, -1.0
vb0[820]+040 BLENDWEIGHTS: 0.6288619637489319, 0.2007073163986206, 0.1704307347536087, 0.0
vb0[820]+056 BLENDINDICES: 1, 18, 4, 0
vb0[820]+072 COLOR: 0.0025098039768636227, 0.0, 0.0, 0.0
vb0[820]+088 TEXCOORD1: -0.8342674970626831, 0.0

vb0[821]+000 POSITION: 0.029140491038560867, -0.027228273451328278, 1.6740522384643555
vb0[821]+012 NORMAL: 0.8129104375839233, 0.523075520992279, 0.25606369972229004
vb0[821]+024 TANGENT: 1.0, 0.0, 0.0, -1.0
vb0[821]+040 BLENDWEIGHTS: 1.0, 0.0, 0.0, 0.0
vb0[821]+056 BLENDINDICES: 1, 0, 0, 0
vb0[821]+072 COLOR: 0.00031372549710795283, 0.0, 0.0, 0.0
vb0[821]+088 TEXCOORD1: 0.8129104375839233, 0.0

vb0[822]+000 POSITION: 0.021052956581115723, -0.020739257335662842, 1.6790831089019775
vb0[822]+012 NORMAL: 0.6564853191375732, -0.7380225658416748, 0.15604397654533386
vb0[822]+024 TANGENT: 1.0, 0.0, 0.0, -1.0
vb0[822]+040 BLENDWEIGHTS: 1.0, 0.0, 0.0, 0.0
vb0[822]+056 BLENDINDICES: 1, 0, 0, 0
vb0[822]+072 COLOR: 0.0, 0.0, 0.0, 0.0
vb0[822]+088 TEXCOORD1: 0.6564853191375732, 1.4901161193847656e-08

vb0[823]+000 POSITION: 0.023766687139868736, -0.02304524928331375, 1.6779526472091675
vb0[823]+012 NORMAL: -0.9062991738319397, -0.4118961989879608, -0.09467533975839615
vb0[823]+024 TANGENT: 1.0, 0.0, 0.0, -1.0
vb0[823]+040 BLENDWEIGHTS: 1.0, 0.0, 0.0, 0.0
vb0[823]+056 BLENDINDICES: 1, 0, 0, 0
vb0[823]+072 COLOR: 0.00015686274855397642, 0.0, 0.0, 0.0
vb0[823]+088 TEXCOORD1: -0.9062991738319397, 0.0

vb0[824]+000 POSITION: 0.026792699471116066, -0.025597242638468742, 1.6759672164916992
vb0[824]+012 NORMAL: -0.798637330532074, -0.5995078086853027, -0.05261874943971634
vb0[824]+024 TANGENT: 1.0, 0.0, 0.0, -1.0
vb0[824]+040 BLENDWEIGHTS: 1.0, 0.0, 0.0, 0.0
vb0[824]+056 BLENDINDICES: 1, 0, 0, 0
vb0[824]+072 COLOR: 0.00015686274855397642, 0.0, 0.0, 0.0
vb0[824]+088 TEXCOORD1: -0.7986373901367188, -3.725290298461914e-09

vb0[825]+000 POSITION: 0.06860799342393875, 0.014632582664489746, 1.6631759405136108
vb0[825]+012 NORMAL: 0.08032795786857605, -0.9525985717773438, 0.2934337258338928
vb0[825]+024 TANGENT: 1.0, 0.0, 0.0, -1.0
vb0[825]+040 BLENDWEIGHTS: 0.9597499966621399, 0.04024999961256981, 0.0, 0.0
vb0[825]+056 BLENDINDICES: 1, 4, 0, 0
vb0[825]+072 COLOR: 0.0, 0.0, 0.0, 0.0
vb0[825]+088 TEXCOORD1: 0.08032796531915665, 0.0

vb0[826]+000 POSITION: 0.021009448915719986, -0.021711649373173714, 1.6791188716888428
vb0[826]+012 NORMAL: 0.42627373337745667, -0.43763643503189087, -0.7916849255561829
vb0[826]+024 TANGENT: 1.0, 0.0, 0.0, -1.0
vb0[826]+040 BLENDWEIGHTS: 1.0, 0.0, 0.0, 0.0
vb0[826]+056 BLENDINDICES: 1, 0, 0, 0
vb0[826]+072 COLOR: 0.0, 0.0, 0.0, 0.0
vb0[826]+088 TEXCOORD1: 0.42627376317977905, 0.0

vb0[827]+000 POSITION: 0.07979564368724823, -0.011274333111941814, 1.5328632593154907
vb0[827]+012 NORMAL: -0.9858483076095581, -0.1620844304561615, -0.0427994541823864
vb0[827]+024 TANGENT: 1.0, 0.0, 0.0, -1.0
vb0[827]+040 BLENDWEIGHTS: 0.9392247200012207, 0.06077529862523079, 0.0, 0.0
vb0[827]+056 BLENDINDICES: 16, 14, 0, 0
vb0[827]+072 COLOR: 0.010509803891181946, 0.0, 0.0, 0.0
vb0[827]+088 TEXCOORD1: -0.9858483076095581, -3.725290298461914e-09

vb0[828]+000 POSITION: 0.07513797283172607, -0.0182847548276186, 1.5314092636108398
vb0[828]+012 NORMAL: -0.9855587482452393, -0.1633407473564148, -0.04465099051594734
vb0[828]+024 TANGENT: 1.0, 0.0, 0.0, -1.0
vb0[828]+040 BLENDWEIGHTS: 0.9392247200012207, 0.06077529862523079, 0.0, 0.0
vb0[828]+056 BLENDINDICES: 16, 14, 0, 0
vb0[828]+072 COLOR: 0.01066666655242443, 0.0, 0.0, 0.0
vb0[828]+088 TEXCOORD1: -0.9855587482452393, 3.725290298461914e-09

vb0[829]+000 POSITION: 0.09605687856674194, 0.011755046434700489, 1.5377027988433838
vb0[829]+012 NORMAL: -0.6668937802314758, -0.31511059403419495, -0.67524653673172
vb0[829]+024 TANGENT: 1.0, 0.0, 0.0, -1.0
vb0[829]+040 BLENDWEIGHTS: 0.8263562321662903, 0.17364375293254852, 0.0, 0.0
vb0[829]+056 BLENDINDICES: 19, 14, 0, 0
vb0[829]+072 COLOR: 0.01035294122993946, 0.0, 0.0, 0.0
vb0[829]+088 TEXCOORD1: -0.6668938398361206, 0.0

vb0[830]+000 POSITION: 0.0051755220629274845, -0.07144903391599655, 1.615442156791687
vb0[830]+012 NORMAL: -0.4553470313549042, -0.0038878994528204203, -0.8903055191040039
vb0[830]+024 TANGENT: 1.0, 0.0, 0.0, -1.0
vb0[830]+040 BLENDWEIGHTS: 0.9152918457984924, 0.036836955696344376, 0.02787119895219803, 0.019999999552965164
vb0[830]+056 BLENDINDICES: 0, 23, 1, 24
vb0[830]+072 COLOR: 0.004392156843096018, 0.0, 0.0, 0.0
vb0[830]+088 TEXCOORD1: -0.45534706115722656, 0.0

vb0[831]+000 POSITION: 0.008107983507215977, -0.06763141602277756, 1.6304357051849365
vb0[831]+012 NORMAL: -0.8649255633354187, 0.1398506909608841, -0.48202231526374817
vb0[831]+024 TANGENT: 1.0, 0.0, 0.0, -1.0
vb0[831]+040 BLENDWEIGHTS: 0.8425000309944153, 0.15749996900558472, 0.0, 0.0
vb0[831]+056 BLENDINDICES: 0, 1, 0, 0
vb0[831]+072 COLOR: 0.003294117748737335, 0.0, 0.0, 0.0
vb0[831]+088 TEXCOORD1: -0.8649256229400635, -1.4901161193847656e-08

vb0[832]+000 POSITION: 0.0037177137564867735, -0.07074911147356033, 1.6155285835266113
vb0[832]+012 NORMAL: -0.9279261231422424, 0.10287507623434067, -0.35828733444213867
vb0[832]+024 TANGENT: 1.0, 0.0, 0.0, -1.0
vb0[832]+040 BLENDWEIGHTS: 0.8872727155685425, 0.05000000074505806, 0.03570929169654846, 0.027017999440431595
vb0[832]+056 BLENDINDICES: 0, 24, 23, 1
vb0[832]+072 COLOR: 0.004392156843096018, 0.0, 0.0, 0.0
vb0[832]+088 TEXCOORD1: -0.9279261231422424, 7.450580596923828e-09

vb0[833]+000 POSITION: -0.004794647451490164, -0.06787662208080292, 1.631805181503296
vb0[833]+012 NORMAL: -0.8649255633354187, 0.1398506909608841, -0.48202231526374817
vb0[833]+024 TANGENT: 1.0, 0.0, 0.0, -1.0
vb0[833]+040 BLENDWEIGHTS: 0.8425000309944153, 0.15749996900558472, 0.0, 0.0
vb0[833]+056 BLENDINDICES: 0, 1, 0, 0
vb0[833]+072 COLOR: 0.0031372548546642065, 0.0, 0.0, 0.0
vb0[833]+088 TEXCOORD1: -0.8649256229400635, -1.4901161193847656e-08

vb0[834]+000 POSITION: -0.009109373204410076, -0.07135673612356186, 1.6165872812271118
vb0[834]+012 NORMAL: -0.9279261231422424, 0.10287507623434067, -0.35828733444213867
vb0[834]+024 TANGENT: 1.0, 0.0, 0.0, -1.0
vb0[834]+040 BLENDWEIGHTS: 0.9229819774627686, 0.05000000074505806, 0.027017997577786446, 0.0
vb0[834]+056 BLENDINDICES: 0, 24, 1, 0
vb0[834]+072 COLOR: 0.004235294181853533, 0.0, 0.0, 0.0
vb0[834]+088 TEXCOORD1: -0.9279261231422424, 7.450580596923828e-09

vb0[835]+000 POSITION: -0.020792342722415924, -0.06470223516225815, 1.6328498125076294
vb0[835]+012 NORMAL: -0.9094663262367249, -0.04471752792596817, -0.41336578130722046
vb0[835]+024 TANGENT: 1.0, 0.0, 0.0, -1.0
vb0[835]+040 BLENDWEIGHTS: 0.7424203753471375, 0.1650768369436264, 0.09250282496213913, 0.0
vb0[835]+056 BLENDINDICES: 0, 1, 25, 0
vb0[835]+072 COLOR: 0.0031372548546642065, 0.0, 0.0, 0.0
vb0[835]+088 TEXCOORD1: -0.9094663858413696, 0.0

vb0[836]+000 POSITION: -0.025216052308678627, -0.0675659254193306, 1.617573618888855
vb0[836]+012 NORMAL: -0.9197249412536621, -0.37991273403167725, -0.09885535389184952
vb0[836]+024 TANGENT: 1.0, 0.0, 0.0, -1.0
vb0[836]+040 BLENDWEIGHTS: 0.9229819774627686, 0.05000000074505806, 0.027017997577786446, 0.0
vb0[836]+056 BLENDINDICES: 0, 24, 1, 0
vb0[836]+072 COLOR: 0.004078431520611048, 0.0, 0.0, 0.0
vb0[836]+088 TEXCOORD1: -0.9197249412536621, 7.450580596923828e-09

vb0[837]+000 POSITION: -0.03391777351498604, -0.058124370872974396, 1.6332457065582275
vb0[837]+012 NORMAL: -0.8342674970626831, -0.05315983295440674, -0.548791229724884
vb0[837]+024 TANGENT: 1.0, 0.0, 0.0, -1.0
vb0[837]+040 BLENDWEIGHTS: 0.3858867287635803, 0.37071672081947327, 0.2433965802192688, 0.0
vb0[837]+056 BLENDINDICES: 0, 25, 1, 0
vb0[837]+072 COLOR: 0.0029803921934217215, 0.0, 0.0, 0.0
vb0[837]+088 TEXCOORD1: -0.8342674970626831, 0.0

vb0[838]+000 POSITION: -0.03594943508505821, -0.05994270369410515, 1.6264307498931885
vb0[838]+012 NORMAL: -0.9477726817131042, -0.03216029331088066, -0.31732091307640076
vb0[838]+024 TANGENT: 1.0, 0.0, 0.0, -1.0
vb0[838]+040 BLENDWEIGHTS: 0.424946665763855, 0.4121915102005005, 0.16286179423332214, 0.0
vb0[838]+056 BLENDINDICES: 25, 0, 1, 0
vb0[838]+072 COLOR: 0.0034509804099798203, 0.0, 0.0, 0.0
vb0[838]+088 TEXCOORD1: -0.947772741317749, 3.725290298461914e-09

vb0[839]+000 POSITION: 0.02762194350361824, -0.06226592883467674, 1.6283594369888306
vb0[839]+012 NORMAL: -0.9094663262367249, -0.04471752792596817, -0.41336578130722046
vb0[839]+024 TANGENT: 1.0, 0.0, 0.0, -1.0
vb0[839]+040 BLENDWEIGHTS: 0.8425000309944153, 0.15749996900558472, 0.0, 0.0
vb0[839]+056 BLENDINDICES: 0, 1, 0, 0
vb0[839]+072 COLOR: 0.0034509804099798203, 0.0, 0.0, 0.0
vb0[839]+088 TEXCOORD1: -0.9094663858413696, 0.0

vb0[840]+000 POSITION: 0.027882056310772896, -0.057396695017814636, 1.6419399976730347
vb0[840]+012 NORMAL: -0.6852497458457947, -0.7266866564750671, -0.04857291281223297
vb0[840]+024 TANGENT: 1.0, 0.0, 0.0, -1.0
vb0[840]+040 BLENDWEIGHTS: 0.6500000357627869, 0.34999996423721313, 0.0, 0.0
vb0[840]+056 BLENDINDICES: 0, 1, 0, 0
vb0[840]+072 COLOR: 0.0025098039768636227, 0.0, 0.0, 0.0
vb0[840]+088 TEXCOORD1: -0.6852498054504395, 0.0

vb0[841]+000 POSITION: 0.017833514139056206, -0.0654483363032341, 1.629361629486084
vb0[841]+012 NORMAL: -0.983630359172821, 0.17167717218399048, -0.05475803464651108
vb0[841]+024 TANGENT: 1.0, 0.0, 0.0, -1.0
vb0[841]+040 BLENDWEIGHTS: 0.8425000309944153, 0.15749996900558472, 0.0, 0.0
vb0[841]+056 BLENDINDICES: 0, 1, 0, 0
vb0[841]+072 COLOR: 0.0034509804099798203, 0.0, 0.0, 0.0
vb0[841]+088 TEXCOORD1: -0.9836302399635315, -3.725290298461914e-09

vb0[842]+000 POSITION: 0.010824094526469707, -0.061773430556058884, 1.6444817781448364
vb0[842]+012 NORMAL: -0.7857733964920044, 0.14368905127048492, -0.6015926003456116
vb0[842]+024 TANGENT: 1.0, 0.0, 0.0, -1.0
vb0[842]+040 BLENDWEIGHTS: 0.6500000357627869, 0.34999996423721313, 0.0, 0.0
vb0[842]+056 BLENDINDICES: 0, 1, 0, 0
vb0[842]+072 COLOR: 0.002352941082790494, 0.0, 0.0, 0.0
vb0[842]+088 TEXCOORD1: -0.7857733964920044, 0.0

vb0[843]+000 POSITION: -0.0003774214128497988, -0.06230281665921211, 1.645782470703125
vb0[843]+012 NORMAL: -0.7857733964920044, 0.14368905127048492, -0.6015926003456116
vb0[843]+024 TANGENT: 1.0, 0.0, 0.0, -1.0
vb0[843]+040 BLENDWEIGHTS: 0.6500000357627869, 0.34999996423721313, 0.0, 0.0
vb0[843]+056 BLENDINDICES: 0, 1, 0, 0
vb0[843]+072 COLOR: 0.002196078421548009, 0.0, 0.0, 0.0
vb0[843]+088 TEXCOORD1: -0.7857733964920044, 0.0

vb0[844]+000 POSITION: -0.015734003856778145, -0.05972743779420853, 1.6471978425979614
vb0[844]+012 NORMAL: -0.8342674970626831, -0.05315983295440674, -0.548791229724884
vb0[844]+024 TANGENT: 1.0, 0.0, 0.0, -1.0
vb0[844]+040 BLENDWEIGHTS: 0.5574260354042053, 0.34728747606277466, 0.09528649598360062, 0.0
vb0[844]+056 BLENDINDICES: 0, 1, 25, 0
vb0[844]+072 COLOR: 0.002039215760305524, 0.0, 0.0, 0.0
vb0[844]+088 TEXCOORD1: -0.8342674970626831, 0.0

vb0[845]+000 POSITION: -0.02839614823460579, -0.053885698318481445, 1.6472411155700684
vb0[845]+012 NORMAL: -0.7383016347885132, -0.08020028471946716, -0.6696855425834656
vb0[845]+024 TANGENT: 1.0, 0.0, 0.0, -1.0
vb0[845]+040 BLENDWEIGHTS: 0.3928413689136505, 0.32627052068710327, 0.28088808059692383, 0.0
vb0[845]+056 BLENDINDICES: 1, 0, 25, 0
vb0[845]+072 COLOR: 0.002039215760305524, 0.0, 0.0, 0.0
vb0[845]+088 TEXCOORD1: -0.7383016347885132, 7.450580596923828e-09

vb0[846]+000 POSITION: 0.02718525379896164, -0.05070376396179199, 1.6549619436264038
vb0[846]+012 NORMAL: -0.8720340132713318, -0.48207834362983704, -0.08459976315498352
vb0[846]+024 TANGENT: 1.0, 0.0, 0.0, -1.0
vb0[846]+040 BLENDWEIGHTS: 0.6499999761581421, 0.3500000238418579, 0.0, 0.0
vb0[846]+056 BLENDINDICES: 1, 0, 0, 0
vb0[846]+072 COLOR: 0.0017254902049899101, 0.0, 0.0, 0.0
vb0[846]+088 TEXCOORD1: -0.8720340728759766, 0.0

vb0[847]+000 POSITION: 0.013186766766011715, -0.05420166999101639, 1.6569523811340332
vb0[847]+012 NORMAL: -0.6935059428215027, 0.10505270957946777, -0.7127506136894226
vb0[847]+024 TANGENT: 1.0, 0.0, 0.0, -1.0
vb0[847]+040 BLENDWEIGHTS: 0.6499999761581421, 0.3500000238418579, 0.0, 0.0
vb0[847]+056 BLENDINDICES: 1, 0, 0, 0
vb0[847]+072 COLOR: 0.0014117647660896182, 0.0, 0.0, 0.0
vb0[847]+088 TEXCOORD1: -0.6935059428215027, -7.450580596923828e-09

vb0[848]+000 POSITION: 0.0035304336342960596, -0.054870642721652985, 1.658478856086731
vb0[848]+012 NORMAL: -0.6935059428215027, 0.10505270957946777, -0.7127506136894226
vb0[848]+024 TANGENT: 1.0, 0.0, 0.0, -1.0
vb0[848]+040 BLENDWEIGHTS: 0.6499999761581421, 0.3500000238418579, 0.0, 0.0
vb0[848]+056 BLENDINDICES: 1, 0, 0, 0
vb0[848]+072 COLOR: 0.0014117647660896182, 0.0, 0.0, 0.0
vb0[848]+088 TEXCOORD1: -0.6935059428215027, -7.450580596923828e-09

vb0[849]+000 POSITION: -0.009238729253411293, -0.053085241466760635, 1.6595404148101807
vb0[849]+012 NORMAL: -0.7383016347885132, -0.08020028471946716, -0.6696855425834656
vb0[849]+024 TANGENT: 1.0, 0.0, 0.0, -1.0
vb0[849]+040 BLENDWEIGHTS: 0.6369999647140503, 0.34300002455711365, 0.019999999552965164, 0.0
vb0[849]+056 BLENDINDICES: 1, 0, 25, 0
vb0[849]+072 COLOR: 0.0012549019884318113, 0.0, 0.0, 0.0
vb0[849]+088 TEXCOORD1: -0.7383016347885132, 7.450580596923828e-09

vb0[850]+000 POSITION: -0.020012227818369865, -0.048291776329278946, 1.6593437194824219
vb0[850]+012 NORMAL: -0.6372365355491638, -0.13324454426765442, -0.7590623497962952
vb0[850]+024 TANGENT: 1.0, 0.0, 0.0, -1.0
vb0[850]+040 BLENDWEIGHTS: 0.6166327595710754, 0.33203303813934326, 0.0513341911137104, 0.0
vb0[850]+056 BLENDINDICES: 1, 0, 25, 0
vb0[850]+072 COLOR: 0.0012549019884318113, 0.0, 0.0, 0.0
vb0[850]+088 TEXCOORD1: -0.637236475944519, 0.0

vb0[851]+000 POSITION: 0.026431504637002945, -0.044853150844573975, 1.6625949144363403
vb0[851]+012 NORMAL: -0.5907198786735535, 0.04557587951421738, -0.8055885434150696
vb0[851]+024 TANGENT: 1.0, 0.0, 0.0, -1.0
vb0[851]+040 BLENDWEIGHTS: 0.9226219058036804, 0.07737808674573898, 0.0, 0.0
vb0[851]+056 BLENDINDICES: 1, 0, 0, 0
vb0[851]+072 COLOR: 0.0010980392107740045, 0.0, 0.0, 0.0
vb0[851]+088 TEXCOORD1: -0.5907198190689087, 0.0

vb0[852]+000 POSITION: 0.01490845251828432, -0.04561767354607582, 1.6672825813293457
vb0[852]+012 NORMAL: -0.513824999332428, 0.013334832154214382, -0.8577914237976074
vb0[852]+024 TANGENT: 1.0, 0.0, 0.0, -1.0
vb0[852]+040 BLENDWEIGHTS: 0.9226219058036804, 0.07737808674573898, 0.0, 0.0
vb0[852]+056 BLENDINDICES: 1, 0, 0, 0
vb0[852]+072 COLOR: 0.0007843137136660516, 0.0, 0.0, 0.0
vb0[852]+088 TEXCOORD1: -0.513824999332428, 0.0

vb0[853]+000 POSITION: 0.006807511206716299, -0.04591156914830208, 1.6686660051345825
vb0[853]+012 NORMAL: -0.5907198786735535, 0.04557587951421738, -0.8055885434150696
vb0[853]+024 TANGENT: 1.0, 0.0, 0.0, -1.0
vb0[853]+040 BLENDWEIGHTS: 0.9226219058036804, 0.07737808674573898, 0.0, 0.0
vb0[853]+056 BLENDINDICES: 1, 0, 0, 0
vb0[853]+072 COLOR: 0.0006274509942159057, 0.0, 0.0, 0.0
vb0[853]+088 TEXCOORD1: -0.5907198190689087, 0.0

vb0[854]+000 POSITION: -0.002235099906101823, -0.04513918608427048, 1.6693089008331299
vb0[854]+012 NORMAL: -0.6372365355491638, -0.13324454426765442, -0.7590623497962952
vb0[854]+024 TANGENT: 1.0, 0.0, 0.0, -1.0
vb0[854]+040 BLENDWEIGHTS: 0.9226219058036804, 0.07737808674573898, 0.0, 0.0
vb0[854]+056 BLENDINDICES: 1, 0, 0, 0
vb0[854]+072 COLOR: 0.0006274509942159057, 0.0, 0.0, 0.0
vb0[854]+088 TEXCOORD1: -0.637236475944519, 0.0

vb0[855]+000 POSITION: -0.00935485027730465, -0.04178711771965027, 1.6693040132522583
vb0[855]+012 NORMAL: -0.5660189986228943, -0.19619661569595337, -0.8007054924964905
vb0[855]+024 TANGENT: 1.0, 0.0, 0.0, -1.0
vb0[855]+040 BLENDWEIGHTS: 0.9726219177246094, 0.027378086000680923, 0.0, 0.0
vb0[855]+056 BLENDINDICES: 1, 0, 0, 0
vb0[855]+072 COLOR: 0.0006274509942159057, 0.0, 0.0, 0.0
vb0[855]+088 TEXCOORD1: -0.5660190582275391, 0.0

vb0[856]+000 POSITION: 0.013295125216245651, -0.06972671300172806, 1.6146924495697021
vb0[856]+012 NORMAL: -0.055816423147916794, 0.9933544397354126, -0.10065536201000214
vb0[856]+024 TANGENT: 1.0, 0.0, 0.0, -1.0
vb0[856]+040 BLENDWEIGHTS: 0.9339712858200073, 0.037588730454444885, 0.028440000489354134, 0.0
vb0[856]+056 BLENDINDICES: 0, 23, 1, 0
vb0[856]+072 COLOR: 0.004392156843096018, 0.0, 0.0, 0.0
vb0[856]+088 TEXCOORD1: -0.05581642687320709, 0.0

vb0[857]+000 POSITION: 0.025380630046129227, -0.06607908755540848, 1.613616943359375
vb0[857]+012 NORMAL: -0.8784552216529846, -0.473969042301178, -0.06057746335864067
vb0[857]+024 TANGENT: 1.0, 0.0, 0.0, -1.0
vb0[857]+040 BLENDWEIGHTS: 0.9142651557922363, 0.029305195435881615, 0.02825535647571087, 0.02817429043352604
vb0[857]+056 BLENDINDICES: 0, 1, 26, 23
vb0[857]+072 COLOR: 0.004549019504338503, 0.0, 0.0, 0.0
vb0[857]+088 TEXCOORD1: -0.8784552812576294, -3.725290298461914e-09

vb0[858]+000 POSITION: 0.03352329507470131, -0.06162062659859657, 1.6125975847244263
vb0[858]+012 NORMAL: -0.9197249412536621, -0.37991273403167725, -0.09885535389184952
vb0[858]+024 TANGENT: 1.0, 0.0, 0.0, -1.0
vb0[858]+040 BLENDWEIGHTS: 0.9229819774627686, 0.04857800155878067, 0.028439998626708984, 0.0
vb0[858]+056 BLENDINDICES: 0, 26, 1, 0
vb0[858]+072 COLOR: 0.004705882165580988, 0.0, 0.0, 0.0
vb0[858]+088 TEXCOORD1: -0.9197249412536621, 7.450580596923828e-09

vb0[859]+000 POSITION: 0.035190872848033905, -0.05787112936377525, 1.6269570589065552
vb0[859]+012 NORMAL: -0.9056503176689148, -0.4094011187553406, -0.1104002445936203
vb0[859]+024 TANGENT: 1.0, 0.0, 0.0, -1.0
vb0[859]+040 BLENDWEIGHTS: 0.8425000309944153, 0.15749996900558472, 0.0, 0.0
vb0[859]+056 BLENDINDICES: 0, 1, 0, 0
vb0[859]+072 COLOR: 0.0036078430712223053, 0.0, 0.0, 0.0
vb0[859]+088 TEXCOORD1: -0.9056503772735596, 0.0

vb0[860]+000 POSITION: 0.035910334438085556, -0.052908990532159805, 1.6399141550064087
vb0[860]+012 NORMAL: -0.966865599155426, -0.18009395897388458, -0.18093375861644745
vb0[860]+024 TANGENT: 1.0, 0.0, 0.0, -1.0
vb0[860]+040 BLENDWEIGHTS: 0.6500000357627869, 0.34999996423721313, 0.0, 0.0
vb0[860]+056 BLENDINDICES: 0, 1, 0, 0
vb0[860]+072 COLOR: 0.0028235295321792364, 0.0, 0.0, 0.0
vb0[860]+088 TEXCOORD1: -0.9668656587600708, 0.0

vb0[861]+000 POSITION: 0.03888769447803497, -0.05544688180088997, 1.6119036674499512
vb0[861]+012 NORMAL: -0.513824999332428, 0.013334832154214382, -0.8577914237976074
vb0[861]+024 TANGENT: 1.0, 0.0, 0.0, -1.0
vb0[861]+040 BLENDWEIGHTS: 0.9229819774627686, 0.04857800155878067, 0.028439998626708984, 0.0
vb0[861]+056 BLENDINDICES: 0, 26, 1, 0
vb0[861]+072 COLOR: 0.004705882165580988, 0.0, 0.0, 0.0
vb0[861]+088 TEXCOORD1: -0.513824999332428, 0.0

vb0[862]+000 POSITION: 0.0402936115860939, -0.051883868873119354, 1.6256523132324219
vb0[862]+012 NORMAL: -0.5660189986228943, -0.19619661569595337, -0.8007054924964905
vb0[862]+024 TANGENT: 1.0, 0.0, 0.0, -1.0
vb0[862]+040 BLENDWEIGHTS: 0.8425000309944153, 0.15749996900558472, 0.0, 0.0
vb0[862]+056 BLENDINDICES: 0, 1, 0, 0
vb0[862]+072 COLOR: 0.003764705965295434, 0.0, 0.0, 0.0
vb0[862]+088 TEXCOORD1: -0.5660190582275391, 0.0

vb0[863]+000 POSITION: 0.040296152234077454, -0.04747014865279198, 1.6383272409439087
vb0[863]+012 NORMAL: -0.5235854387283325, -0.255976140499115, -0.8126096725463867
vb0[863]+024 TANGENT: 1.0, 0.0, 0.0, -1.0
vb0[863]+040 BLENDWEIGHTS: 0.6500000357627869, 0.34999996423721313, 0.0, 0.0
vb0[863]+056 BLENDINDICES: 0, 1, 0, 0
vb0[863]+072 COLOR: 0.0028235295321792364, 0.0, 0.0, 0.0
vb0[863]+088 TEXCOORD1: -0.5235854983329773, 1.4901161193847656e-08

vb0[864]+000 POSITION: 0.03574836254119873, -0.04622848331928253, 1.6526559591293335
vb0[864]+012 NORMAL: -0.41284695267677307, -0.3859865069389343, -0.8249678611755371
vb0[864]+024 TANGENT: 1.0, 0.0, 0.0, -1.0
vb0[864]+040 BLENDWEIGHTS: 0.6499999761581421, 0.3500000238418579, 0.0, 0.0
vb0[864]+056 BLENDINDICES: 1, 0, 0, 0
vb0[864]+072 COLOR: 0.001882352982647717, 0.0, 0.0, 0.0
vb0[864]+088 TEXCOORD1: -0.4128469228744507, 0.0

vb0[865]+000 POSITION: 0.038923971354961395, -0.04205675050616264, 1.6505099534988403
vb0[865]+012 NORMAL: -0.23004961013793945, 0.043957702815532684, -0.9721856713294983
vb0[865]+024 TANGENT: 1.0, 0.0, 0.0, -1.0
vb0[865]+040 BLENDWEIGHTS: 0.6499999761581421, 0.3500000238418579, 0.0, 0.0
vb0[865]+056 BLENDINDICES: 1, 0, 0, 0
vb0[865]+072 COLOR: 0.002039215760305524, 0.0, 0.0, 0.0
vb0[865]+088 TEXCOORD1: -0.23004958033561707, 0.0

vb0[866]+000 POSITION: 0.034660644829273224, -0.040910691022872925, 1.660356044769287
vb0[866]+012 NORMAL: -0.37665030360221863, 0.0072675240226089954, -0.9263269901275635
vb0[866]+024 TANGENT: 1.0, 0.0, 0.0, -1.0
vb0[866]+040 BLENDWEIGHTS: 0.9226219058036804, 0.07737808674573898, 0.0, 0.0
vb0[866]+056 BLENDINDICES: 1, 0, 0, 0
vb0[866]+072 COLOR: 0.0012549019884318113, 0.0, 0.0, 0.0
vb0[866]+088 TEXCOORD1: -0.376650333404541, -4.656612873077393e-10

vb0[867]+000 POSITION: 0.037170618772506714, -0.03769296407699585, 1.6583619117736816
vb0[867]+012 NORMAL: -0.4796029329299927, -0.3145032227039337, -0.8191878199577332
vb0[867]+024 TANGENT: 1.0, 0.0, 0.0, -1.0
vb0[867]+040 BLENDWEIGHTS: 0.9226219058036804, 0.07737808674573898, 0.0, 0.0
vb0[867]+056 BLENDINDICES: 1, 0, 0, 0
vb0[867]+072 COLOR: 0.0014117647660896182, 0.0, 0.0, 0.0
vb0[867]+088 TEXCOORD1: -0.47960296273231506, 0.0

vb0[868]+000 POSITION: 0.0014210131485015154, -0.07287205010652542, 1.6013551950454712
vb0[868]+012 NORMAL: -0.983630359172821, 0.17167717218399048, -0.05475803464651108
vb0[868]+024 TANGENT: 1.0, 0.0, 0.0, -1.0
vb0[868]+040 BLENDWEIGHTS: 0.6567628979682922, 0.21892091631889343, 0.09999999403953552, 0.024316195398569107
vb0[868]+056 BLENDINDICES: 0, 23, 24, 28
vb0[868]+072 COLOR: 0.005333333276212215, 0.0, 0.0, 0.0
vb0[868]+088 TEXCOORD1: -0.9836302399635315, -3.725290298461914e-09

vb0[869]+000 POSITION: -0.0017825862159952521, -0.07230456918478012, 1.6015794277191162
vb0[869]+012 NORMAL: -0.9416455626487732, -0.33060362935066223, -0.06328435987234116
vb0[869]+024 TANGENT: 1.0, 0.0, 0.0, -1.0
vb0[869]+040 BLENDWEIGHTS: 0.6504151821136475, 0.26096081733703613, 0.05045598745346069, 0.0381680428981781
vb0[869]+056 BLENDINDICES: 0, 24, 23, 27
vb0[869]+072 COLOR: 0.005333333276212215, 0.0, 0.0, 0.0
vb0[869]+088 TEXCOORD1: -0.9416455626487732, 0.0

vb0[870]+000 POSITION: -0.0007816615398041904, -0.06996076554059982, 1.6013622283935547
vb0[870]+012 NORMAL: -0.9632608294487, -0.23213694989681244, -0.13505934178829193
vb0[870]+024 TANGENT: 1.0, 0.0, 0.0, -1.0
vb0[870]+040 BLENDWEIGHTS: 0.5551297664642334, 0.21205435693264008, 0.20869989693164825, 0.024115988984704018
vb0[870]+056 BLENDINDICES: 0, 24, 23, 27
vb0[870]+072 COLOR: 0.005333333276212215, 0.0, 0.0, 0.0
vb0[870]+088 TEXCOORD1: -0.9632608294487, 0.0

vb0[871]+000 POSITION: -0.012919201515614986, -0.07273387163877487, 1.6026034355163574
vb0[871]+012 NORMAL: -0.9748178720474243, -0.1984950602054596, -0.10163531452417374
vb0[871]+024 TANGENT: 1.0, 0.0, 0.0, -1.0
vb0[871]+040 BLENDWEIGHTS: 0.6784602403640747, 0.2722131013870239, 0.04932667315006256, 0.0
vb0[871]+056 BLENDINDICES: 0, 24, 27, 0
vb0[871]+072 COLOR: 0.00517647061496973, 0.0, 0.0, 0.0
vb0[871]+088 TEXCOORD1: -0.9748179316520691, 0.0

vb0[872]+000 POSITION: -0.027610868215560913, -0.068857342004776, 1.603914737701416
vb0[872]+012 NORMAL: -0.9632608294487, -0.23213694989681244, -0.13505934178829193
vb0[872]+024 TANGENT: 1.0, 0.0, 0.0, -1.0
vb0[872]+040 BLENDWEIGHTS: 0.6784602403640747, 0.2722131013870239, 0.04932667315006256, 0.0
vb0[872]+056 BLENDINDICES: 0, 24, 27, 0
vb0[872]+072 COLOR: 0.00517647061496973, 0.0, 0.0, 0.0
vb0[872]+088 TEXCOORD1: -0.9632608294487, 0.0

vb0[873]+000 POSITION: -0.03789866715669632, -0.06162920966744423, 1.6177805662155151
vb0[873]+012 NORMAL: -0.9866514205932617, -0.14735884964466095, -0.06931324303150177
vb0[873]+024 TANGENT: 1.0, 0.0, 0.0, -1.0
vb0[873]+040 BLENDWEIGHTS: 0.7023268342018127, 0.19455033540725708, 0.06615827232599258, 0.03696456551551819
vb0[873]+056 BLENDINDICES: 0, 25, 1, 24
vb0[873]+072 COLOR: 0.004078431520611048, 0.0, 0.0, 0.0
vb0[873]+088 TEXCOORD1: -0.9866514801979065, 0.0

vb0[874]+000 POSITION: -0.03928261250257492, -0.06300737708806992, 1.6039456129074097
vb0[874]+012 NORMAL: -0.9564923048019409, -0.28837642073631287, -0.044287554919719696
vb0[874]+024 TANGENT: 1.0, 0.0, 0.0, -1.0
vb0[874]+040 BLENDWEIGHTS: 0.6146600246429443, 0.24661508202552795, 0.10066258907318115, 0.03806231543421745
vb0[874]+056 BLENDINDICES: 0, 24, 25, 27
vb0[874]+072 COLOR: 0.005019607953727245, 0.0, 0.0, 0.0
vb0[874]+088 TEXCOORD1: -0.9564923644065857, 0.0

vb0[875]+000 POSITION: -0.029097596183419228, -0.06879829615354538, 1.5898946523666382
vb0[875]+012 NORMAL: -0.9416455626487732, -0.33060362935066223, -0.06328435987234116
vb0[875]+024 TANGENT: 1.0, 0.0, 0.0, -1.0
vb0[875]+040 BLENDWEIGHTS: 0.5425062775611877, 0.29211872816085815, 0.1653749942779541, 0.0
vb0[875]+056 BLENDINDICES: 24, 0, 27, 0
vb0[875]+072 COLOR: 0.006117647048085928, 0.0, 0.0, 0.0
vb0[875]+088 TEXCOORD1: -0.9416455626487732, 0.0

vb0[876]+000 POSITION: -0.039385657757520676, -0.06355050951242447, 1.5898782014846802
vb0[876]+012 NORMAL: -0.9748178720474243, -0.1984950602054596, -0.10163531452417374
vb0[876]+024 TANGENT: 1.0, 0.0, 0.0, -1.0
vb0[876]+040 BLENDWEIGHTS: 0.5247470140457153, 0.28255602717399597, 0.14178839325904846, 0.05090862512588501
vb0[876]+056 BLENDINDICES: 24, 0, 27, 25
vb0[876]+072 COLOR: 0.006117647048085928, 0.0, 0.0, 0.0
vb0[876]+088 TEXCOORD1: -0.9748179316520691, 0.0

vb0[877]+000 POSITION: -0.01677226833999157, -0.07218173146247864, 1.5892902612686157
vb0[877]+012 NORMAL: -0.9564923048019409, -0.28837642073631287, -0.044287554919719696
vb0[877]+024 TANGENT: 1.0, 0.0, 0.0, -1.0
vb0[877]+040 BLENDWEIGHTS: 0.5425062775611877, 0.29211872816085815, 0.1653749942779541, 0.0
vb0[877]+056 BLENDINDICES: 24, 0, 27, 0
vb0[877]+072 COLOR: 0.006117647048085928, 0.0, 0.0, 0.0
vb0[877]+088 TEXCOORD1: -0.9564923644065857, 0.0

vb0[878]+000 POSITION: -0.007636061869561672, -0.0723462775349617, 1.5886914730072021
vb0[878]+012 NORMAL: -0.9838385581970215, -0.17112469673156738, -0.0527074970304966
vb0[878]+024 TANGENT: 1.0, 0.0, 0.0, -1.0
vb0[878]+040 BLENDWEIGHTS: 0.5148751735687256, 0.27724045515060425, 0.12372764945030212, 0.08415675163269043
vb0[878]+056 BLENDINDICES: 24, 0, 27, 23
vb0[878]+072 COLOR: 0.006274509709328413, 0.0, 0.0, 0.0
vb0[878]+088 TEXCOORD1: -0.9838385581970215, 0.0

vb0[879]+000 POSITION: -0.005886953789740801, -0.06541168689727783, 1.5889192819595337
vb0[879]+012 NORMAL: -0.9866514205932617, -0.14735884964466095, -0.06931324303150177
vb0[879]+024 TANGENT: 1.0, 0.0, 0.0, -1.0
vb0[879]+040 BLENDWEIGHTS: 0.4341820180416107, 0.42176827788352966, 0.07378637045621872, 0.0702633410692215
vb0[879]+056 BLENDINDICES: 24, 23, 28, 27
vb0[879]+072 COLOR: 0.006274509709328413, 0.0, 0.0, 0.0
vb0[879]+088 TEXCOORD1: -0.9866514801979065, 0.0

vb0[880]+000 POSITION: -0.003851803485304117, -0.07238474488258362, 1.5882328748703003
vb0[880]+012 NORMAL: -0.9416455626487732, -0.33060362935066223, -0.06328435987234116
vb0[880]+024 TANGENT: 1.0, 0.0, 0.0, -1.0
vb0[880]+040 BLENDWEIGHTS: 0.4935450851917267, 0.2657549977302551, 0.15044991672039032, 0.09025000035762787
vb0[880]+056 BLENDINDICES: 23, 0, 28, 24
vb0[880]+072 COLOR: 0.006274509709328413, 0.0, 0.0, 0.0
vb0[880]+088 TEXCOORD1: -0.9416455626487732, 0.0

vb0[881]+000 POSITION: -0.012342666275799274, -0.07061167806386948, 1.5789352655410767
vb0[881]+012 NORMAL: -0.9838385581970215, -0.17112469673156738, -0.0527074970304966
vb0[881]+024 TANGENT: 1.0, 0.0, 0.0, -1.0
vb0[881]+040 BLENDWEIGHTS: 0.5252633094787598, 0.3501756191253662, 0.09139005094766617, 0.03317101672291756
vb0[881]+056 BLENDINDICES: 24, 27, 0, 23
vb0[881]+072 COLOR: 0.0069019608199596405, 0.0, 0.0, 0.0
vb0[881]+088 TEXCOORD1: -0.9838385581970215, 0.0

vb0[882]+000 POSITION: -0.019578680396080017, -0.07040392607450485, 1.5794672966003418
vb0[882]+012 NORMAL: -0.9965503215789795, -0.07443606853485107, -0.03669806197285652
vb0[882]+024 TANGENT: 1.0, 0.0, 0.0, -1.0
vb0[882]+040 BLENDWEIGHTS: 0.5432845950126648, 0.3621898293495178, 0.09452556818723679, 0.0
vb0[882]+056 BLENDINDICES: 24, 27, 0, 0
vb0[882]+072 COLOR: 0.0069019608199596405, 0.0, 0.0, 0.0
vb0[882]+088 TEXCOORD1: -0.9965503215789795, 0.0

vb0[883]+000 POSITION: -0.01574624888598919, -0.06835224479436874, 1.572623372077942
vb0[883]+012 NORMAL: -0.9564923048019409, -0.28837642073631287, -0.044287554919719696
vb0[883]+024 TANGENT: 1.0, 0.0, 0.0, -1.0
vb0[883]+040 BLENDWEIGHTS: 0.6128637194633484, 0.35609060525894165, 0.01604577526450157, 0.014999985694885254
vb0[883]+056 BLENDINDICES: 27, 24, 0, 23
vb0[883]+072 COLOR: 0.007372548803687096, 0.0, 0.0, 0.0
vb0[883]+088 TEXCOORD1: -0.9564923644065857, 0.0

vb0[884]+000 POSITION: -0.021400148048996925, -0.06810636073350906, 1.5726773738861084
vb0[884]+012 NORMAL: -0.9965555667877197, 0.08250798285007477, 0.008331662975251675
vb0[884]+024 TANGENT: 1.0, 0.0, 0.0, -1.0
vb0[884]+040 BLENDWEIGHTS: 0.622196614742279, 0.36151325702667236, 0.016290124505758286, 0.0
vb0[884]+056 BLENDINDICES: 27, 24, 0, 0
vb0[884]+072 COLOR: 0.007372548803687096, 0.0, 0.0, 0.0
vb0[884]+088 TEXCOORD1: -0.9965556263923645, 0.0

vb0[885]+000 POSITION: -0.029833316802978516, -0.06743105500936508, 1.5799615383148193
vb0[885]+012 NORMAL: -0.9952078461647034, -0.09531343728303909, -0.02183024398982525
vb0[885]+024 TANGENT: 1.0, 0.0, 0.0, -1.0
vb0[885]+040 BLENDWEIGHTS: 0.5432845950126648, 0.3621898293495178, 0.09452556818723679, 0.0
vb0[885]+056 BLENDINDICES: 24, 27, 0, 0
vb0[885]+072 COLOR: 0.0067450981587171555, 0.0, 0.0, 0.0
vb0[885]+088 TEXCOORD1: -0.9952079653739929, 0.0

vb0[886]+000 POSITION: -0.03883735463023186, -0.06287697702646255, 1.5797899961471558
vb0[886]+012 NORMAL: -0.9855587482452393, -0.1633407473564148, -0.04465099051594734
vb0[886]+024 TANGENT: 1.0, 0.0, 0.0, -1.0
vb0[886]+040 BLENDWEIGHTS: 0.5378518104553223, 0.3585679531097412, 0.09358032047748566, 0.010000000707805157
vb0[886]+056 BLENDINDICES: 24, 27, 0, 25
vb0[886]+072 COLOR: 0.0067450981587171555, 0.0, 0.0, 0.0
vb0[886]+088 TEXCOORD1: -0.9855587482452393, 3.725290298461914e-09

vb0[887]+000 POSITION: -0.03018730878829956, -0.06562238186597824, 1.5726724863052368
vb0[887]+012 NORMAL: -0.9952078461647034, -0.09531343728303909, -0.02183024398982525
vb0[887]+024 TANGENT: 1.0, 0.0, 0.0, -1.0
vb0[887]+040 BLENDWEIGHTS: 0.622196614742279, 0.36151325702667236, 0.016290124505758286, 0.0
vb0[887]+056 BLENDINDICES: 27, 24, 0, 0
vb0[887]+072 COLOR: 0.007372548803687096, 0.0, 0.0, 0.0
vb0[887]+088 TEXCOORD1: -0.9952079653739929, 0.0

vb0[888]+000 POSITION: -0.03051173873245716, -0.06147809326648712, 1.564351201057434
vb0[888]+012 NORMAL: -0.9965503215789795, -0.07443606853485107, -0.03669806197285652
vb0[888]+024 TANGENT: 1.0, 0.0, 0.0, -1.0
vb0[888]+040 BLENDWEIGHTS: 1.0, 0.0, 0.0, 0.0
vb0[888]+056 BLENDINDICES: 27, 0, 0, 0
vb0[888]+072 COLOR: 0.00800000037997961, 0.0, 0.0, 0.0
vb0[888]+088 TEXCOORD1: -0.9965503215789795, 0.0

vb0[889]+000 POSITION: -0.030434375628829002, -0.06341768801212311, 1.5677037239074707
vb0[889]+012 NORMAL: 0.9453952312469482, 0.32524949312210083, 0.020991917699575424
vb0[889]+024 TANGENT: 1.0, 0.0, 0.0, -1.0
vb0[889]+040 BLENDWEIGHTS: 0.800000011920929, 0.19999998807907104, 0.0, 0.0
vb0[889]+056 BLENDINDICES: 27, 24, 0, 0
vb0[889]+072 COLOR: 0.007686274591833353, 0.0, 0.0, 0.0
vb0[889]+088 TEXCOORD1: 0.9453952312469482, -1.862645149230957e-09

vb0[890]+000 POSITION: -0.03729001060128212, -0.05993969365954399, 1.5673561096191406
vb0[890]+012 NORMAL: 0.9295718669891357, 0.3428190350532532, 0.13554099202156067
vb0[890]+024 TANGENT: 1.0, 0.0, 0.0, -1.0
vb0[890]+040 BLENDWEIGHTS: 0.800000011920929, 0.19999998807907104, 0.0, 0.0
vb0[890]+056 BLENDINDICES: 27, 24, 0, 0
vb0[890]+072 COLOR: 0.007686274591833353, 0.0, 0.0, 0.0
vb0[890]+088 TEXCOORD1: 0.9295718669891357, 0.0

vb0[891]+000 POSITION: -0.036581821739673615, -0.058398544788360596, 1.5641082525253296
vb0[891]+012 NORMAL: -0.9927130341529846, 0.11842253059148788, -0.02229428105056286
vb0[891]+024 TANGENT: 1.0, 0.0, 0.0, -1.0
vb0[891]+040 BLENDWEIGHTS: 1.0, 0.0, 0.0, 0.0
vb0[891]+056 BLENDINDICES: 27, 0, 0, 0
vb0[891]+072 COLOR: 0.00800000037997961, 0.0, 0.0, 0.0
vb0[891]+088 TEXCOORD1: -0.9927129745483398, 0.0

vb0[892]+000 POSITION: -0.023392250761389732, -0.06410390138626099, 1.5653926134109497
vb0[892]+012 NORMAL: -0.9965503215789795, -0.07443606853485107, -0.03669806197285652
vb0[892]+024 TANGENT: 1.0, 0.0, 0.0, -1.0
vb0[892]+040 BLENDWEIGHTS: 0.9800000190734863, 0.019999999552965164, 0.0, 0.0
vb0[892]+056 BLENDINDICES: 27, 24, 0, 0
vb0[892]+072 COLOR: 0.00784313678741455, 0.0, 0.0, 0.0
vb0[892]+088 TEXCOORD1: -0.9965503215789795, 0.0

vb0[893]+000 POSITION: -0.022601556032896042, -0.06579679250717163, 1.5681229829788208
vb0[893]+012 NORMAL: 0.9217545390129089, 0.34196901321411133, 0.1828269511461258
vb0[893]+024 TANGENT: 1.0, 0.0, 0.0, -1.0
vb0[893]+040 BLENDWEIGHTS: 0.800000011920929, 0.19999998807907104, 0.0, 0.0
vb0[893]+056 BLENDINDICES: 27, 24, 0, 0
vb0[893]+072 COLOR: 0.007686274591833353, 0.0, 0.0, 0.0
vb0[893]+088 TEXCOORD1: 0.9217545986175537, 0.0

vb0[894]+000 POSITION: -0.019914787262678146, -0.06467799842357635, 1.5662308931350708
vb0[894]+012 NORMAL: -0.9878122210502625, -0.014183135703206062, -0.15500304102897644
vb0[894]+024 TANGENT: 1.0, 0.0, 0.0, -1.0
vb0[894]+040 BLENDWEIGHTS: 0.949999988079071, 0.05000000074505806, 0.0, 0.0
vb0[894]+056 BLENDINDICES: 27, 24, 0, 0
vb0[894]+072 COLOR: 0.00784313678741455, 0.0, 0.0, 0.0
vb0[894]+088 TEXCOORD1: -0.9878122210502625, 0.0

vb0[895]+000 POSITION: -0.018335551023483276, -0.06606108695268631, 1.5683695077896118
vb0[895]+012 NORMAL: 0.9453952312469482, 0.32524949312210083, 0.020991917699575424
vb0[895]+024 TANGENT: 1.0, 0.0, 0.0, -1.0
vb0[895]+040 BLENDWEIGHTS: 0.800000011920929, 0.19999998807907104, 0.0, 0.0
vb0[895]+056 BLENDINDICES: 27, 24, 0, 0
vb0[895]+072 COLOR: 0.007686274591833353, 0.0, 0.0, 0.0
vb0[895]+088 TEXCOORD1: 0.9453952312469482, -1.862645149230957e-09

vb0[896]+000 POSITION: -0.01103013101965189, -0.06579865515232086, 1.5786590576171875
vb0[896]+012 NORMAL: 0.525118350982666, 0.7204728722572327, -0.45295649766921997
vb0[896]+024 TANGENT: 1.0, 0.0, 0.0, -1.0
vb0[896]+040 BLENDWEIGHTS: 0.4658665060997009, 0.3105778098106384, 0.14250001311302185, 0.08105567842721939
vb0[896]+056 BLENDINDICES: 24, 27, 23, 0
vb0[896]+072 COLOR: 0.0069019608199596405, 0.0, 0.0, 0.0
vb0[896]+088 TEXCOORD1: 0.5251184105873108, 2.9802322387695312e-08

vb0[897]+000 POSITION: -0.014804431237280369, -0.06568162143230438, 1.572637915611267
vb0[897]+012 NORMAL: 0.4595939815044403, 0.7985106110572815, -0.38878554105758667
vb0[897]+024 TANGENT: 1.0, 0.0, 0.0, -1.0
vb0[897]+040 BLENDWEIGHTS: 0.5910868048667908, 0.3434375822544098, 0.05000000074505806, 0.015475617721676826
vb0[897]+056 BLENDINDICES: 27, 24, 23, 0
vb0[897]+072 COLOR: 0.007372548803687096, 0.0, 0.0, 0.0
vb0[897]+088 TEXCOORD1: 0.4595940113067627, 0.0

vb0[898]+000 POSITION: -0.017887752503156662, -0.06512193381786346, 1.568438172340393
vb0[898]+012 NORMAL: 0.9465231895446777, 0.32262668013572693, 0.0024059826973825693
vb0[898]+024 TANGENT: 1.0, 0.0, 0.0, -1.0
vb0[898]+040 BLENDWEIGHTS: 0.800000011920929, 0.19999998807907104, 0.0, 0.0
vb0[898]+056 BLENDINDICES: 27, 24, 0, 0
vb0[898]+072 COLOR: 0.007686274591833353, 0.0, 0.0, 0.0
vb0[898]+088 TEXCOORD1: 0.9465232491493225, 0.0

vb0[899]+000 POSITION: -0.010311026126146317, -0.06455862522125244, 1.5804903507232666
vb0[899]+012 NORMAL: -0.9927130341529846, 0.11842253059148788, -0.02229428105056286
vb0[899]+024 TANGENT: 1.0, 0.0, 0.0, -1.0
vb0[899]+040 BLENDWEIGHTS: 0.47123149037361145, 0.31356072425842285, 0.14174480736255646, 0.07346300780773163
vb0[899]+056 BLENDINDICES: 23, 28, 24, 0
vb0[899]+072 COLOR: 0.0069019608199596405, 0.0, 0.0, 0.0
vb0[899]+088 TEXCOORD1: -0.9927129745483398, 0.0

vb0[900]+000 POSITION: -0.008382132276892662, -0.07048577815294266, 1.5789953470230103
vb0[900]+012 NORMAL: -0.9977095127105713, -0.04688849300146103, -0.04875659570097923
vb0[900]+024 TANGENT: 1.0, 0.0, 0.0, -1.0
vb0[900]+040 BLENDWEIGHTS: 0.537691056728363, 0.3584607243537903, 0.07946451753377914, 0.02438373863697052
vb0[900]+056 BLENDINDICES: 23, 28, 0, 24
vb0[900]+072 COLOR: 0.0069019608199596405, 0.0, 0.0, 0.0
vb0[900]+088 TEXCOORD1: -0.9977095127105713, 3.725290298461914e-09

vb0[901]+000 POSITION: -0.013803001493215561, -0.06376194953918457, 1.5735539197921753
vb0[901]+012 NORMAL: -0.9965503215789795, -0.07443606853485107, -0.03669806197285652
vb0[901]+024 TANGENT: 1.0, 0.0, 0.0, -1.0
vb0[901]+040 BLENDWEIGHTS: 0.5779472589492798, 0.38529813289642334, 0.03675458952784538, 0.0
vb0[901]+056 BLENDINDICES: 28, 23, 24, 0
vb0[901]+072 COLOR: 0.007372548803687096, 0.0, 0.0, 0.0
vb0[901]+088 TEXCOORD1: -0.9965503215789795, 0.0

vb0[902]+000 POSITION: -0.012140756472945213, -0.06802143901586533, 1.5729495286941528
vb0[902]+012 NORMAL: -0.9756057858467102, 0.20183566212654114, -0.08634671568870544
vb0[902]+024 TANGENT: 1.0, 0.0, 0.0, -1.0
vb0[902]+040 BLENDWEIGHTS: 0.5940000414848328, 0.3959999680519104, 0.009999999776482582, 0.0
vb0[902]+056 BLENDINDICES: 28, 23, 24, 0
vb0[902]+072 COLOR: 0.007372548803687096, 0.0, 0.0, 0.0
vb0[902]+088 TEXCOORD1: -0.9756057858467102, -7.450580596923828e-09

vb0[903]+000 POSITION: -0.017883824184536934, -0.06316589564085007, 1.5656461715698242
vb0[903]+012 NORMAL: -0.9977095127105713, -0.04688849300146103, -0.04875659570097923
vb0[903]+024 TANGENT: 1.0, 0.0, 0.0, -1.0
vb0[903]+040 BLENDWEIGHTS: 1.0, 0.0, 0.0, 0.0
vb0[903]+056 BLENDINDICES: 28, 0, 0, 0
vb0[903]+072 COLOR: 0.00784313678741455, 0.0, 0.0, 0.0
vb0[903]+088 TEXCOORD1: -0.6917445659637451, 0.6686886548995972

vb0[904]+000 POSITION: -0.015636352822184563, -0.06544281542301178, 1.5683923959732056
vb0[904]+012 NORMAL: -0.07240033149719238, 0.9965999722480774, -0.0393294095993042
vb0[904]+024 TANGENT: 1.0, 0.0, 0.0, -1.0
vb0[904]+040 BLENDWEIGHTS: 0.7900000214576721, 0.20999997854232788, 0.0, 0.0
vb0[904]+056 BLENDINDICES: 28, 23, 0, 0
vb0[904]+072 COLOR: 0.007686274591833353, 0.0, 0.0, 0.0
vb0[904]+088 TEXCOORD1: -0.07240033149719238, -3.725290298461914e-09

vb0[905]+000 POSITION: -0.016240376979112625, -0.0634690448641777, 1.5687105655670166
vb0[905]+012 NORMAL: -0.05797332897782326, 0.9894808530807495, 0.13253936171531677
vb0[905]+024 TANGENT: 1.0, 0.0, 0.0, -1.0
vb0[905]+040 BLENDWEIGHTS: 0.7900000214576721, 0.20999997854232788, 0.0, 0.0
vb0[905]+056 BLENDINDICES: 28, 23, 0, 0
vb0[905]+072 COLOR: 0.007686274591833353, 0.0, 0.0, 0.0
vb0[905]+088 TEXCOORD1: -0.05797332897782326, -1.4901161193847656e-08

vb0[906]+000 POSITION: 0.016788864508271217, -0.06898562610149384, 1.6143698692321777
vb0[906]+012 NORMAL: -0.9756057858467102, 0.20183566212654114, -0.08634671568870544
vb0[906]+024 TANGENT: 1.0, 0.0, 0.0, -1.0
vb0[906]+040 BLENDWEIGHTS: 0.9339712858200073, 0.037588730454444885, 0.028440000489354134, 0.0
vb0[906]+056 BLENDINDICES: 0, 23, 1, 0
vb0[906]+072 COLOR: 0.004549019504338503, 0.0, 0.0, 0.0
vb0[906]+088 TEXCOORD1: -0.9756057858467102, -7.450580596923828e-09

vb0[907]+000 POSITION: 0.008237302303314209, -0.07210446894168854, 1.600424885749817
vb0[907]+012 NORMAL: -0.006762597244232893, 0.9820621609687805, -0.18843601644039154
vb0[907]+024 TANGENT: 1.0, 0.0, 0.0, -1.0
vb0[907]+040 BLENDWEIGHTS: 0.7143750190734863, 0.2381249964237213, 0.04749999940395355, 0.0
vb0[907]+056 BLENDINDICES: 0, 23, 28, 0
vb0[907]+072 COLOR: 0.005490196403115988, 0.0, 0.0, 0.0
vb0[907]+088 TEXCOORD1: -0.00676259770989418, 1.4901161193847656e-08

vb0[908]+000 POSITION: 0.0021471052896231413, -0.07146453857421875, 1.586928367614746
vb0[908]+012 NORMAL: -0.054342664778232574, 0.9931787252426147, -0.10316445678472519
vb0[908]+024 TANGENT: 1.0, 0.0, 0.0, -1.0
vb0[908]+040 BLENDWEIGHTS: 0.5425062775611877, 0.29211872816085815, 0.1653749942779541, 0.0
vb0[908]+056 BLENDINDICES: 23, 0, 28, 0
vb0[908]+072 COLOR: 0.006431372836232185, 0.0, 0.0, 0.0
vb0[908]+088 TEXCOORD1: -0.054342664778232574, 0.0

vb0[909]+000 POSITION: 0.008451982401311398, -0.06250128895044327, 1.5734740495681763
vb0[909]+012 NORMAL: -0.9970034956932068, -0.02092280052602291, -0.07447288930416107
vb0[909]+024 TANGENT: 1.0, 0.0, 0.0, -1.0
vb0[909]+040 BLENDWEIGHTS: 0.5478200912475586, 0.43217992782592773, 0.019999999552965164, 0.0
vb0[909]+056 BLENDINDICES: 28, 23, 0, 0
vb0[909]+072 COLOR: 0.007372548803687096, 0.0, 0.0, 0.0
vb0[909]+088 TEXCOORD1: -0.9970035552978516, -1.862645149230957e-09

vb0[910]+000 POSITION: 0.011950124986469746, -0.06403735280036926, 1.5777201652526855
vb0[910]+012 NORMAL: -0.9056503176689148, -0.4094011187553406, -0.1104002445936203
vb0[910]+024 TANGENT: 1.0, 0.0, 0.0, -1.0
vb0[910]+040 BLENDWEIGHTS: 0.566842794418335, 0.34741970896720886, 0.08573748916387558, 0.0
vb0[910]+056 BLENDINDICES: 23, 28, 0, 0
vb0[910]+072 COLOR: 0.0070588234812021255, 0.0, 0.0, 0.0
vb0[910]+088 TEXCOORD1: -0.9056503772735596, 0.0

vb0[911]+000 POSITION: 0.005110647063702345, -0.06396997720003128, 1.5743180513381958
vb0[911]+012 NORMAL: -0.9977095127105713, -0.04688849300146103, -0.04875659570097923
vb0[911]+024 TANGENT: 1.0, 0.0, 0.0, -1.0
vb0[911]+040 BLENDWEIGHTS: 0.5478200912475586, 0.43217992782592773, 0.019999999552965164, 0.0
vb0[911]+056 BLENDINDICES: 28, 23, 0, 0
vb0[911]+072 COLOR: 0.0, 0.0, 0.0, 0.0
vb0[911]+088 TEXCOORD1: -0.9977095127105713, 3.725290298461914e-09

vb0[912]+000 POSITION: -0.0018920027650892735, -0.06986325234174728, 1.5781495571136475
vb0[912]+012 NORMAL: -0.055816423147916794, 0.9933544397354126, -0.10065536201000214
vb0[912]+024 TANGENT: 1.0, 0.0, 0.0, -1.0
vb0[912]+040 BLENDWEIGHTS: 0.5511296391487122, 0.3674197793006897, 0.08145059645175934, 0.0
vb0[912]+056 BLENDINDICES: 23, 28, 0, 0
vb0[912]+072 COLOR: 0.0070588234812021255, 0.0, 0.0, 0.0
vb0[912]+088 TEXCOORD1: -0.05581642687320709, 0.0

vb0[913]+000 POSITION: -0.0033973613753914833, -0.06735336780548096, 1.572330117225647
vb0[913]+012 NORMAL: -0.005982793401926756, 0.9817931056022644, -0.18985886871814728
vb0[913]+024 TANGENT: 1.0, 0.0, 0.0, -1.0
vb0[913]+040 BLENDWEIGHTS: 0.6000000238418579, 0.3999999761581421, 0.0, 0.0
vb0[913]+056 BLENDINDICES: 28, 23, 0, 0
vb0[913]+072 COLOR: 0.007372548803687096, 0.0, 0.0, 0.0
vb0[913]+088 TEXCOORD1: -0.005982793867588043, 0.0

vb0[914]+000 POSITION: -0.007978755049407482, -0.06828104704618454, 1.5727078914642334
vb0[914]+012 NORMAL: 0.05465015023946762, 0.9524431824684143, -0.29977577924728394
vb0[914]+024 TANGENT: 1.0, 0.0, 0.0, -1.0
vb0[914]+040 BLENDWEIGHTS: 0.6000000238418579, 0.3999999761581421, 0.0, 0.0
vb0[914]+056 BLENDINDICES: 28, 23, 0, 0
vb0[914]+072 COLOR: 0.007372548803687096, 0.0, 0.0, 0.0
vb0[914]+088 TEXCOORD1: 0.05465015023946762, 0.0

vb0[915]+000 POSITION: -0.007289425004273653, -0.06342102587223053, 1.565691351890564
vb0[915]+012 NORMAL: -0.006762597244232893, 0.9820621609687805, -0.18843601644039154
vb0[915]+024 TANGENT: 1.0, 0.0, 0.0, -1.0
vb0[915]+040 BLENDWEIGHTS: 0.9800000190734863, 0.019999999552965164, 0.0, 0.0
vb0[915]+056 BLENDINDICES: 28, 23, 0, 0
vb0[915]+072 COLOR: 0.00784313678741455, 0.0, 0.0, 0.0
vb0[915]+088 TEXCOORD1: -0.00676259770989418, 1.4901161193847656e-08

vb0[916]+000 POSITION: -0.005619483068585396, -0.06548668444156647, 1.5682746171951294
vb0[916]+012 NORMAL: 0.053297705948352814, 0.9532838463783264, -0.2973369359970093
vb0[916]+024 TANGENT: 1.0, 0.0, 0.0, -1.0
vb0[916]+040 BLENDWEIGHTS: 0.7900000214576721, 0.20999997854232788, 0.0, 0.0
vb0[916]+056 BLENDINDICES: 28, 23, 0, 0
vb0[916]+072 COLOR: 0.007686274591833353, 0.0, 0.0, 0.0
vb0[916]+088 TEXCOORD1: 0.053297702223062515, 2.9802322387695312e-08

vb0[917]+000 POSITION: -0.010766350664198399, -0.06586664170026779, 1.5681830644607544
vb0[917]+012 NORMAL: -0.005982793401926756, 0.9817931056022644, -0.18985886871814728
vb0[917]+024 TANGENT: 1.0, 0.0, 0.0, -1.0
vb0[917]+040 BLENDWEIGHTS: 0.7900000214576721, 0.20999997854232788, 0.0, 0.0
vb0[917]+056 BLENDINDICES: 28, 23, 0, 0
vb0[917]+072 COLOR: 0.007686274591833353, 0.0, 0.0, 0.0
vb0[917]+088 TEXCOORD1: -0.005982793867588043, 0.0

vb0[918]+000 POSITION: -0.01280562486499548, -0.06338092684745789, 1.5653942823410034
vb0[918]+012 NORMAL: 0.0981476828455925, 0.9196197986602783, -0.3803505301475525
vb0[918]+024 TANGENT: 1.0, 0.0, 0.0, -1.0
vb0[918]+040 BLENDWEIGHTS: 1.0, 0.0, 0.0, 0.0
vb0[918]+056 BLENDINDICES: 28, 0, 0, 0
vb0[918]+072 COLOR: 0.00784313678741455, 0.0, 0.0, 0.0
vb0[918]+088 TEXCOORD1: 0.0981476902961731, 0.0

vb0[919]+000 POSITION: 0.005540753249078989, -0.06258546561002731, 1.5788819789886475
vb0[919]+012 NORMAL: -0.9738839864730835, 0.15388260781764984, -0.16694338619709015
vb0[919]+024 TANGENT: 1.0, 0.0, 0.0, -1.0
vb0[919]+040 BLENDWEIGHTS: 0.566842794418335, 0.34741970896720886, 0.08573748916387558, 0.0
vb0[919]+056 BLENDINDICES: 23, 28, 0, 0
vb0[919]+072 COLOR: 0.0070588234812021255, 0.0, 0.0, 0.0
vb0[919]+088 TEXCOORD1: -0.9738839864730835, 0.0

vb0[920]+000 POSITION: 0.0057639479637146, -0.064426951110363, 1.5767542123794556
vb0[920]+012 NORMAL: -0.9970034956932068, -0.02092280052602291, -0.07447288930416107
vb0[920]+024 TANGENT: 1.0, 0.0, 0.0, -1.0
vb0[920]+040 BLENDWEIGHTS: 0.5511296391487122, 0.3674197793006897, 0.08145059645175934, 0.0
vb0[920]+056 BLENDINDICES: 23, 28, 0, 0
vb0[920]+072 COLOR: 0.0070588234812021255, 0.0, 0.0, 0.0
vb0[920]+088 TEXCOORD1: -0.9970035552978516, -1.862645149230957e-09

vb0[921]+000 POSITION: 0.001057923655025661, -0.06266460567712784, 1.571930170059204
vb0[921]+012 NORMAL: -0.9932031631469727, -0.009913451038300991, -0.11597076803445816
vb0[921]+024 TANGENT: 1.0, 0.0, 0.0, -1.0
vb0[921]+040 BLENDWEIGHTS: 0.6000000238418579, 0.3999999761581421, 0.0, 0.0
vb0[921]+056 BLENDINDICES: 28, 23, 0, 0
vb0[921]+072 COLOR: 0.007529411930590868, 0.0, 0.0, 0.0
vb0[921]+088 TEXCOORD1: -0.9932031631469727, 0.0

vb0[922]+000 POSITION: 0.010790988802909851, -0.06828615814447403, 1.5861631631851196
vb0[922]+012 NORMAL: -0.9970034956932068, -0.02092280052602291, -0.07447288930416107
vb0[922]+024 TANGENT: 1.0, 0.0, 0.0, -1.0
vb0[922]+040 BLENDWEIGHTS: 0.5425062775611877, 0.29211872816085815, 0.1653749942779541, 0.0
vb0[922]+056 BLENDINDICES: 23, 0, 28, 0
vb0[922]+072 COLOR: 0.006431372836232185, 0.0, 0.0, 0.0
vb0[922]+088 TEXCOORD1: -0.9970035552978516, -1.862645149230957e-09

vb0[923]+000 POSITION: 0.007711196783930063, -0.06602931022644043, 1.5793424844741821
vb0[923]+012 NORMAL: -0.9197249412536621, -0.37991273403167725, -0.09885535389184952
vb0[923]+024 TANGENT: 1.0, 0.0, 0.0, -1.0
vb0[923]+040 BLENDWEIGHTS: 0.566842794418335, 0.34741970896720886, 0.08573748916387558, 0.0
vb0[923]+056 BLENDINDICES: 23, 28, 0, 0
vb0[923]+072 COLOR: 0.0, 0.0, 0.0, 0.0
vb0[923]+088 TEXCOORD1: -0.9197249412536621, 7.450580596923828e-09

vb0[924]+000 POSITION: 0.016527993604540825, -0.0663488581776619, 1.5861753225326538
vb0[924]+012 NORMAL: -0.97708660364151, -0.18729153275489807, -0.10111196339130402
vb0[924]+024 TANGENT: 1.0, 0.0, 0.0, -1.0
vb0[924]+040 BLENDWEIGHTS: 0.5270773768424988, 0.28381091356277466, 0.16067174077033997, 0.028440000489354134
vb0[924]+056 BLENDINDICES: 23, 0, 28, 26
vb0[924]+072 COLOR: 0.006431372836232185, 0.0, 0.0, 0.0
vb0[924]+088 TEXCOORD1: -0.9770866632461548, 7.450580596923828e-09

vb0[925]+000 POSITION: 0.005619468633085489, -0.06698976457118988, 1.5776478052139282
vb0[925]+012 NORMAL: -0.9564923048019409, -0.28837642073631287, -0.044287554919719696
vb0[925]+024 TANGENT: 1.0, 0.0, 0.0, -1.0
vb0[925]+040 BLENDWEIGHTS: 0.5511296391487122, 0.3674197793006897, 0.08145059645175934, 0.0
vb0[925]+056 BLENDINDICES: 23, 28, 0, 0
vb0[925]+072 COLOR: 0.0070588234812021255, 0.0, 0.0, 0.0
vb0[925]+088 TEXCOORD1: -0.9564923644065857, 0.0

vb0[926]+000 POSITION: 0.007136036176234484, -0.06416627764701843, 1.5787742137908936
vb0[926]+012 NORMAL: -0.9932031631469727, -0.009913451038300991, -0.11597076803445816
vb0[926]+024 TANGENT: 1.0, 0.0, 0.0, -1.0
vb0[926]+040 BLENDWEIGHTS: 0.566842794418335, 0.34741970896720886, 0.08573748916387558, 0.0
vb0[926]+056 BLENDINDICES: 23, 28, 0, 0
vb0[926]+072 COLOR: 0.0, 0.0, 0.0, 0.0
vb0[926]+088 TEXCOORD1: -0.9932031631469727, 0.0

vb0[927]+000 POSITION: 0.0011657127179205418, -0.06572553515434265, 1.571855902671814
vb0[927]+012 NORMAL: -0.9733285903930664, 0.19210918247699738, -0.12540139257907867
vb0[927]+024 TANGENT: 1.0, 0.0, 0.0, -1.0
vb0[927]+040 BLENDWEIGHTS: 0.6000000238418579, 0.3999999761581421, 0.0, 0.0
vb0[927]+056 BLENDINDICES: 28, 23, 0, 0
vb0[927]+072 COLOR: 0.007529411930590868, 0.0, 0.0, 0.0
vb0[927]+088 TEXCOORD1: -0.9733285903930664, 0.0

vb0[928]+000 POSITION: 0.0016376813873648643, -0.06387067586183548, 1.5718369483947754
vb0[928]+012 NORMAL: -0.9416455626487732, -0.33060362935066223, -0.06328435987234116
vb0[928]+024 TANGENT: 1.0, 0.0, 0.0, -1.0
vb0[928]+040 BLENDWEIGHTS: 0.6000000238418579, 0.3999999761581421, 0.0, 0.0
vb0[928]+056 BLENDINDICES: 28, 23, 0, 0
vb0[928]+072 COLOR: 0.007529411930590868, 0.0, 0.0, 0.0
vb0[928]+088 TEXCOORD1: -0.9416455626487732, 0.0

vb0[929]+000 POSITION: 0.009527659974992275, -0.06248899921774864, 1.5873260498046875
vb0[929]+012 NORMAL: -0.9733285903930664, 0.19210918247699738, -0.12540139257907867
vb0[929]+024 TANGENT: 1.0, 0.0, 0.0, -1.0
vb0[929]+040 BLENDWEIGHTS: 0.5425062775611877, 0.29211872816085815, 0.1653749942779541, 0.0
vb0[929]+056 BLENDINDICES: 23, 0, 28, 0
vb0[929]+072 COLOR: 0.006431372836232185, 0.0, 0.0, 0.0
vb0[929]+088 TEXCOORD1: -0.9733285903930664, 0.0

vb0[930]+000 POSITION: 0.008228744380176067, -0.0608818344771862, 1.579147458076477
vb0[930]+012 NORMAL: -0.9932031631469727, -0.009913451038300991, -0.11597076803445816
vb0[930]+024 TANGENT: 1.0, 0.0, 0.0, -1.0
vb0[930]+040 BLENDWEIGHTS: 0.566842794418335, 0.34741970896720886, 0.08573748916387558, 0.0
vb0[930]+056 BLENDINDICES: 23, 28, 0, 0
vb0[930]+072 COLOR: 0.0069019608199596405, 0.0, 0.0, 0.0
vb0[930]+088 TEXCOORD1: -0.9932031631469727, 0.0

vb0[931]+000 POSITION: 0.0047457399778068066, -0.06315513700246811, 1.574526309967041
vb0[931]+012 NORMAL: -0.9878122210502625, -0.014183135703206062, -0.15500304102897644
vb0[931]+024 TANGENT: 1.0, 0.0, 0.0, -1.0
vb0[931]+040 BLENDWEIGHTS: 0.5478200912475586, 0.43217992782592773, 0.019999999552965164, 0.0
vb0[931]+056 BLENDINDICES: 28, 23, 0, 0
vb0[931]+072 COLOR: 0.0, 0.0, 0.0, 0.0
vb0[931]+088 TEXCOORD1: -0.9878122210502625, 0.0

vb0[932]+000 POSITION: 0.0057584079913794994, -0.06052576005458832, 1.5746513605117798
vb0[932]+012 NORMAL: -0.9932031631469727, -0.009913451038300991, -0.11597076803445816
vb0[932]+024 TANGENT: 1.0, 0.0, 0.0, -1.0
vb0[932]+040 BLENDWEIGHTS: 0.5478200912475586, 0.43217992782592773, 0.019999999552965164, 0.0
vb0[932]+056 BLENDINDICES: 28, 23, 0, 0
vb0[932]+072 COLOR: 0.007215686142444611, 0.0, 0.0, 0.0
vb0[932]+088 TEXCOORD1: -0.9932031631469727, 0.0

vb0[933]+000 POSITION: 0.0026393993757665157, -0.06166910007596016, 1.5702155828475952
vb0[933]+012 NORMAL: -0.9056503176689148, -0.4094011187553406, -0.1104002445936203
vb0[933]+024 TANGENT: 1.0, 0.0, 0.0, -1.0
vb0[933]+040 BLENDWEIGHTS: 0.7000000476837158, 0.29999998211860657, 0.0, 0.0
vb0[933]+056 BLENDINDICES: 28, 23, 0, 0
vb0[933]+072 COLOR: 0.0, 0.0, 0.0, 0.0
vb0[933]+088 TEXCOORD1: -0.9056503772735596, 0.0

vb0[934]+000 POSITION: 0.004634147044271231, -0.0607406422495842, 1.5695059299468994
vb0[934]+012 NORMAL: -0.9197249412536621, -0.37991273403167725, -0.09885535389184952
vb0[934]+024 TANGENT: 1.0, 0.0, 0.0, -1.0
vb0[934]+040 BLENDWEIGHTS: 0.7000000476837158, 0.29999998211860657, 0.0, 0.0
vb0[934]+056 BLENDINDICES: 28, 23, 0, 0
vb0[934]+072 COLOR: 0.007686274591833353, 0.0, 0.0, 0.0
vb0[934]+088 TEXCOORD1: -0.9197249412536621, 7.450580596923828e-09

vb0[935]+000 POSITION: 0.0005201807362027466, -0.05881161615252495, 1.5665374994277954
vb0[935]+012 NORMAL: -0.9878122210502625, -0.014183135703206062, -0.15500304102897644
vb0[935]+024 TANGENT: 1.0, 0.0, 0.0, -1.0
vb0[935]+040 BLENDWEIGHTS: 0.9142625331878662, 0.08573749661445618, 0.0, 0.0
vb0[935]+056 BLENDINDICES: 28, 23, 0, 0
vb0[935]+072 COLOR: 0.00784313678741455, 0.0, 0.0, 0.0
vb0[935]+088 TEXCOORD1: -0.9878122210502625, 0.0

vb0[936]+000 POSITION: 0.0023750208783894777, -0.05963895842432976, 1.567602515220642
vb0[936]+012 NORMAL: -0.9878122210502625, -0.014183135703206062, -0.15500304102897644
vb0[936]+024 TANGENT: 1.0, 0.0, 0.0, -1.0
vb0[936]+040 BLENDWEIGHTS: 0.8195000290870667, 0.18049998581409454, 0.0, 0.0
vb0[936]+056 BLENDINDICES: 28, 23, 0, 0
vb0[936]+072 COLOR: 0.00784313678741455, 0.0, 0.0, 0.0
vb0[936]+088 TEXCOORD1: -0.9878122210502625, 0.0

vb0[937]+000 POSITION: 0.001136784558184445, -0.06015263497829437, 1.5681296586990356
vb0[937]+012 NORMAL: -0.9216797947883606, -0.3315235674381256, -0.20149050652980804
vb0[937]+024 TANGENT: 1.0, 0.0, 0.0, -1.0
vb0[937]+040 BLENDWEIGHTS: 0.8195000290870667, 0.18049998581409454, 0.0, 0.0
vb0[937]+056 BLENDINDICES: 28, 23, 0, 0
vb0[937]+072 COLOR: 0.007686274591833353, 0.0, 0.0, 0.0
vb0[937]+088 TEXCOORD1: -0.9216798543930054, 0.0

vb0[938]+000 POSITION: -1.3690430023416411e-05, -0.05905371159315109, 1.5669364929199219
vb0[938]+012 NORMAL: -0.9216797947883606, -0.3315235674381256, -0.20149050652980804
vb0[938]+024 TANGENT: 1.0, 0.0, 0.0, -1.0
vb0[938]+040 BLENDWEIGHTS: 0.9142625331878662, 0.08573749661445618, 0.0, 0.0
vb0[938]+056 BLENDINDICES: 28, 23, 0, 0
vb0[938]+072 COLOR: 0.00784313678741455, 0.0, 0.0, 0.0
vb0[938]+088 TEXCOORD1: -0.9216798543930054, 0.0

vb0[939]+000 POSITION: -0.0010291869984939694, -0.05804688483476639, 1.5661097764968872
vb0[939]+012 NORMAL: -0.9599214792251587, -0.018020763993263245, -0.27968931198120117
vb0[939]+024 TANGENT: 1.0, 0.0, 0.0, -1.0
vb0[939]+040 BLENDWEIGHTS: 1.0, 0.0, 0.0, 0.0
vb0[939]+056 BLENDINDICES: 28, 0, 0, 0
vb0[939]+072 COLOR: 0.00784313678741455, 0.0, 0.0, 0.0
vb0[939]+088 TEXCOORD1: -0.7931613326072693, 0.4018612205982208

vb0[940]+000 POSITION: 0.011871802620589733, -0.06159575656056404, 1.5780491828918457
vb0[940]+012 NORMAL: 0.1296057403087616, 0.890091598033905, -0.4369658827781677
vb0[940]+024 TANGENT: 1.0, 0.0, 0.0, -1.0
vb0[940]+040 BLENDWEIGHTS: 0.566842794418335, 0.34741970896720886, 0.08573748916387558, 0.0
vb0[940]+056 BLENDINDICES: 23, 28, 0, 0
vb0[940]+072 COLOR: 0.0070588234812021255, 0.0, 0.0, 0.0
vb0[940]+088 TEXCOORD1: 0.1296057403087616, 2.9802322387695312e-08

vb0[941]+000 POSITION: 0.01594729535281658, -0.062462203204631805, 1.5863405466079712
vb0[941]+012 NORMAL: -0.8428617715835571, -0.5311045050621033, -0.08667156100273132
vb0[941]+024 TANGENT: 1.0, 0.0, 0.0, -1.0
vb0[941]+040 BLENDWEIGHTS: 0.5167372226715088, 0.2782430946826935, 0.15751968324184418, 0.04749999940395355
vb0[941]+056 BLENDINDICES: 23, 0, 28, 26
vb0[941]+072 COLOR: 0.006431372836232185, 0.0, 0.0, 0.0
vb0[941]+088 TEXCOORD1: -0.8428618311882019, 7.450580596923828e-09

vb0[942]+000 POSITION: 0.008479145355522633, -0.06093461811542511, 1.5738540887832642
vb0[942]+012 NORMAL: -0.9761298298835754, -0.20977528393268585, 0.05625680088996887
vb0[942]+024 TANGENT: 1.0, 0.0, 0.0, -1.0
vb0[942]+040 BLENDWEIGHTS: 0.5478200912475586, 0.43217992782592773, 0.019999999552965164, 0.0
vb0[942]+056 BLENDINDICES: 28, 23, 0, 0
vb0[942]+072 COLOR: 0.007372548803687096, 0.0, 0.0, 0.0
vb0[942]+088 TEXCOORD1: -0.9761298894882202, -3.725290298461914e-09

vb0[943]+000 POSITION: 0.004728537052869797, -0.05992836505174637, 1.569763422012329
vb0[943]+012 NORMAL: -0.781243622303009, -0.6242249011993408, 0.0012936051934957504
vb0[943]+024 TANGENT: 1.0, 0.0, 0.0, -1.0
vb0[943]+040 BLENDWEIGHTS: 0.7000000476837158, 0.29999998211860657, 0.0, 0.0
vb0[943]+056 BLENDINDICES: 28, 23, 0, 0
vb0[943]+072 COLOR: 0.007686274591833353, 0.0, 0.0, 0.0
vb0[943]+088 TEXCOORD1: -0.7812436819076538, 0.0

vb0[944]+000 POSITION: 0.0023572996724396944, -0.058809421956539154, 1.5680654048919678
vb0[944]+012 NORMAL: -0.9056503176689148, -0.4094011187553406, -0.1104002445936203
vb0[944]+024 TANGENT: 1.0, 0.0, 0.0, -1.0
vb0[944]+040 BLENDWEIGHTS: 0.8195000290870667, 0.18049998581409454, 0.0, 0.0
vb0[944]+056 BLENDINDICES: 28, 23, 0, 0
vb0[944]+072 COLOR: 0.007686274591833353, 0.0, 0.0, 0.0
vb0[944]+088 TEXCOORD1: -0.9056503772735596, 0.0

vb0[945]+000 POSITION: 0.0005949106416665018, -0.0584028996527195, 1.566836953163147
vb0[945]+012 NORMAL: -0.15973444283008575, -0.9849297404289246, -0.06632015854120255
vb0[945]+024 TANGENT: 1.0, 0.0, 0.0, -1.0
vb0[945]+040 BLENDWEIGHTS: 0.9142625331878662, 0.08573749661445618, 0.0, 0.0
vb0[945]+056 BLENDINDICES: 28, 23, 0, 0
vb0[945]+072 COLOR: 0.00784313678741455, 0.0, 0.0, 0.0
vb0[945]+088 TEXCOORD1: -0.15973444283008575, -7.450580596923828e-09

vb0[946]+000 POSITION: 0.030627576634287834, -0.06348718702793121, 1.598348617553711
vb0[946]+012 NORMAL: -0.7104845643043518, -0.7010000348091125, -0.061730559915304184
vb0[946]+024 TANGENT: 1.0, 0.0, 0.0, -1.0
vb0[946]+040 BLENDWEIGHTS: 0.75, 0.25, 0.0, 0.0
vb0[946]+056 BLENDINDICES: 0, 26, 0, 0
vb0[946]+072 COLOR: 0.005647059064358473, 0.0, 0.0, 0.0
vb0[946]+088 TEXCOORD1: -0.7104846239089966, -3.725290298461914e-09

vb0[947]+000 POSITION: 0.02277478203177452, -0.06714685261249542, 1.5992916822433472
vb0[947]+012 NORMAL: -0.966865599155426, -0.18009395897388458, -0.18093375861644745
vb0[947]+024 TANGENT: 1.0, 0.0, 0.0, -1.0
vb0[947]+040 BLENDWEIGHTS: 0.7124999761581421, 0.23749999701976776, 0.05000000074505806, 0.0
vb0[947]+056 BLENDINDICES: 0, 26, 23, 0
vb0[947]+072 COLOR: 0.005490196403115988, 0.0, 0.0, 0.0
vb0[947]+088 TEXCOORD1: -0.9668656587600708, 0.0

vb0[948]+000 POSITION: 0.03549395129084587, -0.05776171386241913, 1.597612738609314
vb0[948]+012 NORMAL: -0.6551544070243835, -0.7527936100959778, -0.06383182853460312
vb0[948]+024 TANGENT: 1.0, 0.0, 0.0, -1.0
vb0[948]+040 BLENDWEIGHTS: 0.75, 0.25, 0.0, 0.0
vb0[948]+056 BLENDINDICES: 0, 26, 0, 0
vb0[948]+072 COLOR: 0.005803921725600958, 0.0, 0.0, 0.0
vb0[948]+088 TEXCOORD1: -0.6551544070243835, 0.0

vb0[949]+000 POSITION: 0.026548117399215698, -0.0633455142378807, 1.584912657737732
vb0[949]+012 NORMAL: -0.8893738389015198, -0.3731766939163208, -0.2641083598136902
vb0[949]+024 TANGENT: 1.0, 0.0, 0.0, -1.0
vb0[949]+040 BLENDWEIGHTS: 0.4724375009536743, 0.4724375009536743, 0.05512499436736107, 0.0
vb0[949]+056 BLENDINDICES: 0, 26, 29, 0
vb0[949]+072 COLOR: 0.00658823549747467, 0.0, 0.0, 0.0
vb0[949]+088 TEXCOORD1: -0.8893738985061646, -1.4901161193847656e-08

vb0[950]+000 POSITION: 0.020011134445667267, -0.06597060710191727, 1.5857704877853394
vb0[950]+012 NORMAL: -0.7863696813583374, -0.572929859161377, 0.23102857172489166
vb0[950]+024 TANGENT: 1.0, 0.0, 0.0, -1.0
vb0[950]+040 BLENDWEIGHTS: 0.4634611904621124, 0.4634611904621124, 0.054077621549367905, 0.01899999938905239
vb0[950]+056 BLENDINDICES: 0, 26, 29, 23
vb0[950]+072 COLOR: 0.00658823549747467, 0.0, 0.0, 0.0
vb0[950]+088 TEXCOORD1: -0.7863696813583374, -1.4901161193847656e-08

vb0[951]+000 POSITION: 0.03093348629772663, -0.05880491062998772, 1.5845990180969238
vb0[951]+012 NORMAL: -0.9216797947883606, -0.3315235674381256, -0.20149050652980804
vb0[951]+024 TANGENT: 1.0, 0.0, 0.0, -1.0
vb0[951]+040 BLENDWEIGHTS: 0.4724375009536743, 0.4724375009536743, 0.05512499436736107, 0.0
vb0[951]+056 BLENDINDICES: 0, 26, 29, 0
vb0[951]+072 COLOR: 0.00658823549747467, 0.0, 0.0, 0.0
vb0[951]+088 TEXCOORD1: -0.9216798543930054, 0.0

vb0[952]+000 POSITION: 0.021763941273093224, -0.06221192330121994, 1.5734403133392334
vb0[952]+012 NORMAL: -0.5696213841438293, -0.8171995878219604, -0.08784159272909164
vb0[952]+024 TANGENT: 1.0, 0.0, 0.0, -1.0
vb0[952]+040 BLENDWEIGHTS: 0.5903991460800171, 0.25362297892570496, 0.15597787499427795, 0.0
vb0[952]+056 BLENDINDICES: 26, 0, 29, 0
vb0[952]+072 COLOR: 0.007372548803687096, 0.0, 0.0, 0.0
vb0[952]+088 TEXCOORD1: -0.5696214437484741, 7.450580596923828e-09

vb0[953]+000 POSITION: 0.016622347757220268, -0.06408486515283585, 1.5740430355072021
vb0[953]+012 NORMAL: -0.6551544070243835, -0.7527936100959778, -0.06383182853460312
vb0[953]+024 TANGENT: 1.0, 0.0, 0.0, -1.0
vb0[953]+040 BLENDWEIGHTS: 0.5903991460800171, 0.25362297892570496, 0.15597787499427795, 0.0
vb0[953]+056 BLENDINDICES: 26, 0, 29, 0
vb0[953]+072 COLOR: 0.007372548803687096, 0.0, 0.0, 0.0
vb0[953]+088 TEXCOORD1: -0.6551544070243835, 0.0

vb0[954]+000 POSITION: 0.025471925735473633, -0.058535173535346985, 1.573058009147644
vb0[954]+012 NORMAL: -0.8346502184867859, -0.4009439945220947, -0.377627968788147
vb0[954]+024 TANGENT: 1.0, 0.0, 0.0, -1.0
vb0[954]+040 BLENDWEIGHTS: 0.5903991460800171, 0.25362297892570496, 0.15597787499427795, 0.0
vb0[954]+056 BLENDINDICES: 26, 0, 29, 0
vb0[954]+072 COLOR: 0.007529411930590868, 0.0, 0.0, 0.0
vb0[954]+088 TEXCOORD1: -0.8346502780914307, 0.0

vb0[955]+000 POSITION: 0.015340696088969707, -0.05943848565220833, 1.5615507364273071
vb0[955]+012 NORMAL: -0.7586516737937927, -0.427400141954422, -0.49170804023742676
vb0[955]+024 TANGENT: 1.0, 0.0, 0.0, -1.0
vb0[955]+040 BLENDWEIGHTS: 0.5617116093635559, 0.37447434663772583, 0.06381405889987946, 0.0
vb0[955]+056 BLENDINDICES: 26, 29, 0, 0
vb0[955]+072 COLOR: 0.00831372570246458, 0.0, 0.0, 0.0
vb0[955]+088 TEXCOORD1: -0.7586516737937927, 0.0

vb0[956]+000 POSITION: 0.011773250065743923, -0.06032387912273407, 1.5620085000991821
vb0[956]+012 NORMAL: -0.8893738389015198, -0.3731766939163208, -0.2641083598136902
vb0[956]+024 TANGENT: 1.0, 0.0, 0.0, -1.0
vb0[956]+040 BLENDWEIGHTS: 0.5617116093635559, 0.37447434663772583, 0.06381405889987946, 0.0
vb0[956]+056 BLENDINDICES: 26, 29, 0, 0
vb0[956]+072 COLOR: 0.008156863041222095, 0.0, 0.0, 0.0
vb0[956]+088 TEXCOORD1: -0.8893738985061646, -1.4901161193847656e-08

vb0[957]+000 POSITION: 0.018362661823630333, -0.056774940341711044, 1.5611844062805176
vb0[957]+012 NORMAL: -0.8346502184867859, -0.4009439945220947, -0.377627968788147
vb0[957]+024 TANGENT: 1.0, 0.0, 0.0, -1.0
vb0[957]+040 BLENDWEIGHTS: 0.5617116093635559, 0.37447434663772583, 0.06381405889987946, 0.0
vb0[957]+056 BLENDINDICES: 26, 29, 0, 0
vb0[957]+072 COLOR: 0.00831372570246458, 0.0, 0.0, 0.0
vb0[957]+088 TEXCOORD1: -0.8346502780914307, 0.0

vb0[958]+000 POSITION: 0.010005729272961617, -0.05631106346845627, 1.5529062747955322
vb0[958]+012 NORMAL: -0.5115674138069153, -0.8523895144462585, -0.10830920934677124
vb0[958]+024 TANGENT: 1.0, 0.0, 0.0, -1.0
vb0[958]+040 BLENDWEIGHTS: 0.5948313474655151, 0.40516865253448486, 0.0, 0.0
vb0[958]+056 BLENDINDICES: 29, 26, 0, 0
vb0[958]+072 COLOR: 0.008784313686192036, 0.0, 0.0, 0.0
vb0[958]+088 TEXCOORD1: -0.5115674734115601, 0.0

vb0[959]+000 POSITION: 0.008019289933145046, -0.05703084170818329, 1.554024577140808
vb0[959]+012 NORMAL: -0.5696213841438293, -0.8171995878219604, -0.08784159272909164
vb0[959]+024 TANGENT: 1.0, 0.0, 0.0, -1.0
vb0[959]+040 BLENDWEIGHTS: 0.5948313474655151, 0.40516865253448486, 0.0, 0.0
vb0[959]+056 BLENDINDICES: 29, 26, 0, 0
vb0[959]+072 COLOR: 0.008784313686192036, 0.0, 0.0, 0.0
vb0[959]+088 TEXCOORD1: -0.5696214437484741, 7.450580596923828e-09

vb0[960]+000 POSITION: 0.012448067776858807, -0.05424218997359276, 1.5527313947677612
vb0[960]+012 NORMAL: -0.5842759609222412, -0.4644855856895447, -0.6654881834983826
vb0[960]+024 TANGENT: 1.0, 0.0, 0.0, -1.0
vb0[960]+040 BLENDWEIGHTS: 0.5948313474655151, 0.40516865253448486, 0.0, 0.0
vb0[960]+056 BLENDINDICES: 29, 26, 0, 0
vb0[960]+072 COLOR: 0.00894117634743452, 0.0, 0.0, 0.0
vb0[960]+088 TEXCOORD1: -0.5842760801315308, 0.0

vb0[961]+000 POSITION: 0.005834479816257954, -0.05311278998851776, 1.5466934442520142
vb0[961]+012 NORMAL: -0.43372130393981934, -0.8895085453987122, -0.1437375843524933
vb0[961]+024 TANGENT: 1.0, 0.0, 0.0, -1.0
vb0[961]+040 BLENDWEIGHTS: 0.737500011920929, 0.26249998807907104, 0.0, 0.0
vb0[961]+056 BLENDINDICES: 29, 26, 0, 0
vb0[961]+072 COLOR: 0.00925490166991949, 0.0, 0.0, 0.0
vb0[961]+088 TEXCOORD1: -0.43372127413749695, -1.4901161193847656e-08

vb0[962]+000 POSITION: 0.004326097201555967, -0.05357719212770462, 1.5473109483718872
vb0[962]+012 NORMAL: -0.6722490787506104, -0.4385158121585846, -0.5964771509170532
vb0[962]+024 TANGENT: 1.0, 0.0, 0.0, -1.0
vb0[962]+040 BLENDWEIGHTS: 0.737500011920929, 0.26249998807907104, 0.0, 0.0
vb0[962]+056 BLENDINDICES: 29, 26, 0, 0
vb0[962]+072 COLOR: 0.00925490166991949, 0.0, 0.0, 0.0
vb0[962]+088 TEXCOORD1: -0.6722491383552551, 0.0

vb0[963]+000 POSITION: 0.0074613639153540134, -0.05176756903529167, 1.5462473630905151
vb0[963]+012 NORMAL: -0.36999812722206116, -0.9117543697357178, -0.1783408224582672
vb0[963]+024 TANGENT: 1.0, 0.0, 0.0, -1.0
vb0[963]+040 BLENDWEIGHTS: 0.737500011920929, 0.26249998807907104, 0.0, 0.0
vb0[963]+056 BLENDINDICES: 29, 26, 0, 0
vb0[963]+072 COLOR: 0.009411764331161976, 0.0, 0.0, 0.0
vb0[963]+088 TEXCOORD1: -0.36999812722206116, 0.0

vb0[964]+000 POSITION: 0.002908112946897745, -0.050666503608226776, 1.5429505109786987
vb0[964]+012 NORMAL: -0.5842759609222412, -0.4644855856895447, -0.6654881834983826
vb0[964]+024 TANGENT: 1.0, 0.0, 0.0, -1.0
vb0[964]+040 BLENDWEIGHTS: 0.8346250057220459, 0.1653750091791153, 0.0, 0.0
vb0[964]+056 BLENDINDICES: 29, 26, 0, 0
vb0[964]+072 COLOR: 0.009568626992404461, 0.0, 0.0, 0.0
vb0[964]+088 TEXCOORD1: -0.5842760801315308, 0.0

vb0[965]+000 POSITION: 0.0018883513985201716, -0.05113324522972107, 1.5434556007385254
vb0[965]+012 NORMAL: -0.4610612988471985, -0.4485381543636322, -0.7656605243682861
vb0[965]+024 TANGENT: 1.0, 0.0, 0.0, -1.0
vb0[965]+040 BLENDWEIGHTS: 0.8346250057220459, 0.1653750091791153, 0.0, 0.0
vb0[965]+056 BLENDINDICES: 29, 26, 0, 0
vb0[965]+072 COLOR: 0.009568626992404461, 0.0, 0.0, 0.0
vb0[965]+088 TEXCOORD1: -0.4610613286495209, -2.9802322387695312e-08

vb0[966]+000 POSITION: 0.004137726966291666, -0.04986327141523361, 1.5428166389465332
vb0[966]+012 NORMAL: -0.36999812722206116, -0.9117543697357178, -0.1783408224582672
vb0[966]+024 TANGENT: 1.0, 0.0, 0.0, -1.0
vb0[966]+040 BLENDWEIGHTS: 0.8346250057220459, 0.1653750091791153, 0.0, 0.0
vb0[966]+056 BLENDINDICES: 29, 26, 0, 0
vb0[966]+072 COLOR: 0.009568626992404461, 0.0, 0.0, 0.0
vb0[966]+088 TEXCOORD1: -0.36999812722206116, 0.0

vb0[967]+000 POSITION: 0.0004163687990512699, -0.048571765422821045, 1.5402309894561768
vb0[967]+012 NORMAL: -0.9599214792251587, -0.018020763993263245, -0.27968931198120117
vb0[967]+024 TANGENT: 1.0, 0.0, 0.0, -1.0
vb0[967]+040 BLENDWEIGHTS: 0.9189561605453491, 0.08104386925697327, 0.0, 0.0
vb0[967]+056 BLENDINDICES: 29, 26, 0, 0
vb0[967]+072 COLOR: 0.009725489653646946, 0.0, 0.0, 0.0
vb0[967]+088 TEXCOORD1: -0.9599214792251587, 1.862645149230957e-09

vb0[968]+000 POSITION: -0.00022281933343037963, -0.04861634224653244, 1.54044508934021
vb0[968]+012 NORMAL: -0.9858483076095581, -0.1620844304561615, -0.0427994541823864
vb0[968]+024 TANGENT: 1.0, 0.0, 0.0, -1.0
vb0[968]+040 BLENDWEIGHTS: 0.9189561605453491, 0.08104386925697327, 0.0, 0.0
vb0[968]+056 BLENDINDICES: 29, 26, 0, 0
vb0[968]+072 COLOR: 0.009725489653646946, 0.0, 0.0, 0.0
vb0[968]+088 TEXCOORD1: -0.9858483076095581, -3.725290298461914e-09

vb0[969]+000 POSITION: 0.001044072094373405, -0.04796847328543663, 1.5400344133377075
vb0[969]+012 NORMAL: -0.9216797947883606, -0.3315235674381256, -0.20149050652980804
vb0[969]+024 TANGENT: 1.0, 0.0, 0.0, -1.0
vb0[969]+040 BLENDWEIGHTS: 0.9189561605453491, 0.08104386925697327, 0.0, 0.0
vb0[969]+056 BLENDINDICES: 29, 26, 0, 0
vb0[969]+072 COLOR: 0.009725489653646946, 0.0, 0.0, 0.0
vb0[969]+088 TEXCOORD1: -0.9216798543930054, 0.0

vb0[970]+000 POSITION: -0.0019446867518126965, -0.04618899151682854, 1.5379425287246704
vb0[970]+012 NORMAL: -0.9855587482452393, -0.1633407473564148, -0.04465099051594734
vb0[970]+024 TANGENT: 1.0, 0.0, 0.0, -1.0
vb0[970]+040 BLENDWEIGHTS: 1.0, 0.0, 0.0, 0.0
vb0[970]+056 BLENDINDICES: 29, 0, 0, 0
vb0[970]+072 COLOR: 0.009882352314889431, 0.0, 0.0, 0.0
vb0[970]+088 TEXCOORD1: -0.5516822338104248, 0.8098552227020264

vb0[971]+000 POSITION: 0.03293651342391968, -0.051842059940099716, 1.597490906715393
vb0[971]+012 NORMAL: -0.8684943318367004, -0.05046430975198746, -0.4931236207485199
vb0[971]+024 TANGENT: 1.0, 0.0, 0.0, -1.0
vb0[971]+040 BLENDWEIGHTS: 0.75, 0.25, 0.0, 0.0
vb0[971]+056 BLENDINDICES: 0, 26, 0, 0
vb0[971]+072 COLOR: 0.005803921725600958, 0.0, 0.0, 0.0
vb0[971]+088 TEXCOORD1: -0.8684943914413452, 0.0

vb0[972]+000 POSITION: 0.036250028759241104, -0.04895541071891785, 1.6116470098495483
vb0[972]+012 NORMAL: -0.9336674213409424, -0.03787533566355705, -0.3561326861381531
vb0[972]+024 TANGENT: 1.0, 0.0, 0.0, -1.0
vb0[972]+040 BLENDWEIGHTS: 0.9229819774627686, 0.04857800155878067, 0.028439998626708984, 0.0
vb0[972]+056 BLENDINDICES: 0, 26, 1, 0
vb0[972]+072 COLOR: 0.004705882165580988, 0.0, 0.0, 0.0
vb0[972]+088 TEXCOORD1: -0.9336674809455872, 0.0

vb0[973]+000 POSITION: 0.037251293659210205, -0.04514678940176964, 1.6244362592697144
vb0[973]+012 NORMAL: -0.8893738389015198, -0.3731766939163208, -0.2641083598136902
vb0[973]+024 TANGENT: 1.0, 0.0, 0.0, -1.0
vb0[973]+040 BLENDWEIGHTS: 0.8425000309944153, 0.15749996900558472, 0.0, 0.0
vb0[973]+056 BLENDINDICES: 0, 1, 0, 0
vb0[973]+072 COLOR: 0.003921568393707275, 0.0, 0.0, 0.0
vb0[973]+088 TEXCOORD1: -0.8893738985061646, -1.4901161193847656e-08

vb0[974]+000 POSITION: 0.03680496662855148, -0.0410425178706646, 1.6368354558944702
vb0[974]+012 NORMAL: -0.9336674213409424, -0.03787533566355705, -0.3561326861381531
vb0[974]+024 TANGENT: 1.0, 0.0, 0.0, -1.0
vb0[974]+040 BLENDWEIGHTS: 0.6500000357627869, 0.34999996423721313, 0.0, 0.0
vb0[974]+056 BLENDINDICES: 0, 1, 0, 0
vb0[974]+072 COLOR: 0.0029803921934217215, 0.0, 0.0, 0.0
vb0[974]+088 TEXCOORD1: -0.9336674809455872, 0.0

vb0[975]+000 POSITION: 0.03589111566543579, -0.03709960728883743, 1.6478562355041504
vb0[975]+012 NORMAL: -0.8893738389015198, -0.3731766939163208, -0.2641083598136902
vb0[975]+024 TANGENT: 1.0, 0.0, 0.0, -1.0
vb0[975]+040 BLENDWEIGHTS: 0.6499999761581421, 0.3500000238418579, 0.0, 0.0
vb0[975]+056 BLENDINDICES: 1, 0, 0, 0
vb0[975]+072 COLOR: 0.002196078421548009, 0.0, 0.0, 0.0
vb0[975]+088 TEXCOORD1: -0.8893738985061646, -1.4901161193847656e-08

vb0[976]+000 POSITION: 0.03402099385857582, -0.03294800594449043, 1.656585693359375
vb0[976]+012 NORMAL: -0.8346502184867859, -0.4009439945220947, -0.377627968788147
vb0[976]+024 TANGENT: 1.0, 0.0, 0.0, -1.0
vb0[976]+040 BLENDWEIGHTS: 0.9226219058036804, 0.07737808674573898, 0.0, 0.0
vb0[976]+056 BLENDINDICES: 1, 0, 0, 0
vb0[976]+072 COLOR: 0.0015686274273321033, 0.0, 0.0, 0.0
vb0[976]+088 TEXCOORD1: -0.8346502780914307, 0.0

vb0[977]+000 POSITION: 0.029125982895493507, -0.05351564288139343, 1.5846611261367798
vb0[977]+012 NORMAL: -0.8684943318367004, -0.05046430975198746, -0.4931236207485199
vb0[977]+024 TANGENT: 1.0, 0.0, 0.0, -1.0
vb0[977]+040 BLENDWEIGHTS: 0.4724375009536743, 0.4724375009536743, 0.05512499436736107, 0.0
vb0[977]+056 BLENDINDICES: 0, 26, 29, 0
vb0[977]+072 COLOR: 0.00658823549747467, 0.0, 0.0, 0.0
vb0[977]+088 TEXCOORD1: -0.8684943914413452, 0.0

vb0[978]+000 POSITION: 0.02399025298655033, -0.05411713570356369, 1.573204755783081
vb0[978]+012 NORMAL: -0.8346502184867859, -0.4009439945220947, -0.377627968788147
vb0[978]+024 TANGENT: 1.0, 0.0, 0.0, -1.0
vb0[978]+040 BLENDWEIGHTS: 0.5903991460800171, 0.25362297892570496, 0.15597787499427795, 0.0
vb0[978]+056 BLENDINDICES: 26, 0, 29, 0
vb0[978]+072 COLOR: 0.007529411930590868, 0.0, 0.0, 0.0
vb0[978]+088 TEXCOORD1: -0.8346502780914307, 0.0

vb0[979]+000 POSITION: 0.01727933995425701, -0.05339999869465828, 1.5616800785064697
vb0[979]+012 NORMAL: -0.7586516737937927, -0.427400141954422, -0.49170804023742676
vb0[979]+024 TANGENT: 1.0, 0.0, 0.0, -1.0
vb0[979]+040 BLENDWEIGHTS: 0.5617116093635559, 0.37447434663772583, 0.06381405889987946, 0.0
vb0[979]+056 BLENDINDICES: 26, 29, 0, 0
vb0[979]+072 COLOR: 0.00831372570246458, 0.0, 0.0, 0.0
vb0[979]+088 TEXCOORD1: -0.7586516737937927, 0.0

vb0[980]+000 POSITION: 0.012154784053564072, -0.05193229392170906, 1.5537564754486084
vb0[980]+012 NORMAL: -0.4610612988471985, -0.4485381543636322, -0.7656605243682861
vb0[980]+024 TANGENT: 1.0, 0.0, 0.0, -1.0
vb0[980]+040 BLENDWEIGHTS: 0.5948313474655151, 0.40516865253448486, 0.0, 0.0
vb0[980]+056 BLENDINDICES: 29, 26, 0, 0
vb0[980]+072 COLOR: 0.008784313686192036, 0.0, 0.0, 0.0
vb0[980]+088 TEXCOORD1: -0.4610613286495209, -2.9802322387695312e-08

vb0[981]+000 POSITION: 0.007296306546777487, -0.04998026788234711, 1.5471121072769165
vb0[981]+012 NORMAL: -0.9599214792251587, -0.018020763993263245, -0.27968931198120117
vb0[981]+024 TANGENT: 1.0, 0.0, 0.0, -1.0
vb0[981]+040 BLENDWEIGHTS: 0.737500011920929, 0.26249998807907104, 0.0, 0.0
vb0[981]+056 BLENDINDICES: 29, 26, 0, 0
vb0[981]+072 COLOR: 0.00925490166991949, 0.0, 0.0, 0.0
vb0[981]+088 TEXCOORD1: -0.9599214792251587, 1.862645149230957e-09

vb0[982]+000 POSITION: 0.003973145969212055, -0.04863797128200531, 1.5433839559555054
vb0[982]+012 NORMAL: -0.7662723660469055, -0.06642317771911621, -0.6390733122825623
vb0[982]+024 TANGENT: 1.0, 0.0, 0.0, -1.0
vb0[982]+040 BLENDWEIGHTS: 0.8346250057220459, 0.1653750091791153, 0.0, 0.0
vb0[982]+056 BLENDINDICES: 29, 26, 0, 0
vb0[982]+072 COLOR: 0.009568626992404461, 0.0, 0.0, 0.0
vb0[982]+088 TEXCOORD1: -0.7662723660469055, 0.0

vb0[983]+000 POSITION: 0.0010694046504795551, -0.04739682003855705, 1.540487289428711
vb0[983]+012 NORMAL: -0.6709697842597961, -0.08139839768409729, -0.7370033264160156
vb0[983]+024 TANGENT: 1.0, 0.0, 0.0, -1.0
vb0[983]+040 BLENDWEIGHTS: 0.9189561605453491, 0.08104386925697327, 0.0, 0.0
vb0[983]+056 BLENDINDICES: 29, 26, 0, 0
vb0[983]+072 COLOR: 0.009725489653646946, 0.0, 0.0, 0.0
vb0[983]+088 TEXCOORD1: -0.6709697842597961, 0.0

vb0[984]+000 POSITION: 0.0177166610956192, -0.0534757599234581, 1.5750699043273926
vb0[984]+012 NORMAL: -0.7863696813583374, -0.572929859161377, 0.23102857172489166
vb0[984]+024 TANGENT: 1.0, 0.0, 0.0, -1.0
vb0[984]+040 BLENDWEIGHTS: 0.5903991460800171, 0.25362297892570496, 0.15597787499427795, 0.0
vb0[984]+056 BLENDINDICES: 26, 0, 29, 0
vb0[984]+072 COLOR: 0.007372548803687096, 0.0, 0.0, 0.0
vb0[984]+088 TEXCOORD1: -0.7863696813583374, -1.4901161193847656e-08

vb0[985]+000 POSITION: 0.01299488265067339, -0.053239744156599045, 1.562941551208496
vb0[985]+012 NORMAL: -0.6722490787506104, -0.4385158121585846, -0.5964771509170532
vb0[985]+024 TANGENT: 1.0, 0.0, 0.0, -1.0
vb0[985]+040 BLENDWEIGHTS: 0.5617116093635559, 0.37447434663772583, 0.06381405889987946, 0.0
vb0[985]+056 BLENDINDICES: 26, 29, 0, 0
vb0[985]+072 COLOR: 0.008156863041222095, 0.0, 0.0, 0.0
vb0[985]+088 TEXCOORD1: -0.6722491383552551, 0.0

vb0[986]+000 POSITION: 0.01444121915847063, -0.05932852253317833, 1.5754200220108032
vb0[986]+012 NORMAL: -0.5842759609222412, -0.4644855856895447, -0.6654881834983826
vb0[986]+024 TANGENT: 1.0, 0.0, 0.0, -1.0
vb0[986]+040 BLENDWEIGHTS: 0.580275297164917, 0.24927395582199097, 0.15330326557159424, 0.017147500067949295
vb0[986]+056 BLENDINDICES: 26, 0, 29, 23
vb0[986]+072 COLOR: 0.007215686142444611, 0.0, 0.0, 0.0
vb0[986]+088 TEXCOORD1: -0.5842760801315308, 0.0

vb0[987]+000 POSITION: 0.01077708974480629, -0.057116664946079254, 1.563812494277954
vb0[987]+012 NORMAL: -0.5930758118629456, -0.12000766396522522, -0.7961527705192566
vb0[987]+024 TANGENT: 1.0, 0.0, 0.0, -1.0
vb0[987]+040 BLENDWEIGHTS: 0.5617116093635559, 0.37447434663772583, 0.06381405889987946, 0.0
vb0[987]+056 BLENDINDICES: 26, 29, 0, 0
vb0[987]+072 COLOR: 0.008156863041222095, 0.0, 0.0, 0.0
vb0[987]+088 TEXCOORD1: -0.5930758118629456, 0.0

vb0[988]+000 POSITION: 0.009141047485172749, -0.05215824022889137, 1.5549321174621582
vb0[988]+012 NORMAL: -0.5930758118629456, -0.12000766396522522, -0.7961527705192566
vb0[988]+024 TANGENT: 1.0, 0.0, 0.0, -1.0
vb0[988]+040 BLENDWEIGHTS: 0.5948313474655151, 0.40516865253448486, 0.0, 0.0
vb0[988]+056 BLENDINDICES: 29, 26, 0, 0
vb0[988]+072 COLOR: 0.008784313686192036, 0.0, 0.0, 0.0
vb0[988]+088 TEXCOORD1: -0.5930758118629456, 0.0

vb0[989]+000 POSITION: 0.007409967482089996, -0.05474086105823517, 1.5553481578826904
vb0[989]+012 NORMAL: -0.5842759609222412, -0.4644855856895447, -0.6654881834983826
vb0[989]+024 TANGENT: 1.0, 0.0, 0.0, -1.0
vb0[989]+040 BLENDWEIGHTS: 0.5948313474655151, 0.40516865253448486, 0.0, 0.0
vb0[989]+056 BLENDINDICES: 29, 26, 0, 0
vb0[989]+072 COLOR: 0.00862745102494955, 0.0, 0.0, 0.0
vb0[989]+088 TEXCOORD1: -0.5842760801315308, 0.0

vb0[990]+000 POSITION: 0.005158997140824795, -0.05033692345023155, 1.54786217212677
vb0[990]+012 NORMAL: -0.9738839864730835, 0.15388260781764984, -0.16694338619709015
vb0[990]+024 TANGENT: 1.0, 0.0, 0.0, -1.0
vb0[990]+040 BLENDWEIGHTS: 0.737500011920929, 0.26249998807907104, 0.0, 0.0
vb0[990]+056 BLENDINDICES: 29, 26, 0, 0
vb0[990]+072 COLOR: 0.00925490166991949, 0.0, 0.0, 0.0
vb0[990]+088 TEXCOORD1: -0.9738839864730835, 0.0

vb0[991]+000 POSITION: 0.00403186958283186, -0.05220254138112068, 1.5479073524475098
vb0[991]+012 NORMAL: -0.9878122210502625, -0.014183135703206062, -0.15500304102897644
vb0[991]+024 TANGENT: 1.0, 0.0, 0.0, -1.0
vb0[991]+040 BLENDWEIGHTS: 0.737500011920929, 0.26249998807907104, 0.0, 0.0
vb0[991]+056 BLENDINDICES: 29, 26, 0, 0
vb0[991]+072 COLOR: 0.00925490166991949, 0.0, 0.0, 0.0
vb0[991]+088 TEXCOORD1: -0.9878122210502625, 0.0

vb0[992]+000 POSITION: 0.0026361322961747646, -0.04908323287963867, 1.5440815687179565
vb0[992]+012 NORMAL: 0.48782333731651306, -0.872887909412384, -0.009756465442478657
vb0[992]+024 TANGENT: 1.0, 0.0, 0.0, -1.0
vb0[992]+040 BLENDWEIGHTS: 0.8346250057220459, 0.1653750091791153, 0.0, 0.0
vb0[992]+056 BLENDINDICES: 29, 26, 0, 0
vb0[992]+072 COLOR: 0.009411764331161976, 0.0, 0.0, 0.0
vb0[992]+088 TEXCOORD1: 0.4878233075141907, 9.313225746154785e-10

vb0[993]+000 POSITION: 0.0018684174865484238, -0.0505751296877861, 1.5439344644546509
vb0[993]+012 NORMAL: 0.5456627607345581, -0.8378028869628906, -0.01839236170053482
vb0[993]+024 TANGENT: 1.0, 0.0, 0.0, -1.0
vb0[993]+040 BLENDWEIGHTS: 0.8346250057220459, 0.1653750091791153, 0.0, 0.0
vb0[993]+056 BLENDINDICES: 29, 26, 0, 0
vb0[993]+072 COLOR: 0.009411764331161976, 0.0, 0.0, 0.0
vb0[993]+088 TEXCOORD1: 0.5456628799438477, -1.862645149230957e-09

vb0[994]+000 POSITION: 0.0003317941736895591, -0.0476844385266304, 1.5407956838607788
vb0[994]+012 NORMAL: 0.5444377064704895, -0.8386147618293762, -0.017687765881419182
vb0[994]+024 TANGENT: 1.0, 0.0, 0.0, -1.0
vb0[994]+040 BLENDWEIGHTS: 0.9189561605453491, 0.08104386925697327, 0.0, 0.0
vb0[994]+056 BLENDINDICES: 29, 26, 0, 0
vb0[994]+072 COLOR: 0.009725489653646946, 0.0, 0.0, 0.0
vb0[994]+088 TEXCOORD1: 0.5444377064704895, 1.862645149230957e-09

vb0[995]+000 POSITION: 0.03225851058959961, -0.02985759638249874, 1.6623034477233887
vb0[995]+012 NORMAL: 0.5403748750686646, -0.8414208889007568, -0.00239582359790802
vb0[995]+024 TANGENT: 1.0, 0.0, 0.0, -1.0
vb0[995]+040 BLENDWEIGHTS: 1.0, 0.0, 0.0, 0.0
vb0[995]+056 BLENDINDICES: 1, 0, 0, 0
vb0[995]+072 COLOR: 0.0012549019884318113, 0.0, 0.0, 0.0
vb0[995]+088 TEXCOORD1: 0.5403749346733093, -2.3283064365386963e-10

vb0[996]+000 POSITION: 0.03430495783686638, -0.032499007880687714, 1.6655445098876953
vb0[996]+012 NORMAL: 0.5456627607345581, -0.8378028869628906, -0.01839236170053482
vb0[996]+024 TANGENT: 1.0, 0.0, 0.0, -1.0
vb0[996]+040 BLENDWEIGHTS: 1.0, 0.0, 0.0, 0.0
vb0[996]+056 BLENDINDICES: 1, 0, 0, 0
vb0[996]+072 COLOR: 0.0009411764913238585, 0.0, 0.0, 0.0
vb0[996]+088 TEXCOORD1: 0.5456628799438477, -1.862645149230957e-09

vb0[997]+000 POSITION: 0.0324694849550724, -0.03550659120082855, 1.6673436164855957
vb0[997]+012 NORMAL: 0.5399342179298401, -0.8417052626609802, -0.0017958913231268525
vb0[997]+024 TANGENT: 1.0, 0.0, 0.0, -1.0
vb0[997]+040 BLENDWEIGHTS: 1.0, 0.0, 0.0, 0.0
vb0[997]+056 BLENDINDICES: 1, 0, 0, 0
vb0[997]+072 COLOR: 0.0007843137136660516, 0.0, 0.0, 0.0
vb0[997]+088 TEXCOORD1: 0.5399342179298401, 0.0

vb0[998]+000 POSITION: 0.025732964277267456, -0.039281729608774185, 1.668899655342102
vb0[998]+012 NORMAL: -0.5393061637878418, -0.8327945470809937, -0.12490804493427277
vb0[998]+024 TANGENT: 1.0, 0.0, 0.0, -1.0
vb0[998]+040 BLENDWEIGHTS: 1.0, 0.0, 0.0, 0.0
vb0[998]+056 BLENDINDICES: 1, 0, 0, 0
vb0[998]+072 COLOR: 0.0006274509942159057, 0.0, 0.0, 0.0
vb0[998]+088 TEXCOORD1: -0.5393061637878418, 0.0

vb0[999]+000 POSITION: 0.018001409247517586, -0.036489274352788925, 1.6747153997421265
vb0[999]+012 NORMAL: 0.5399342179298401, -0.8417052626609802, -0.0017958913231268525
vb0[999]+024 TANGENT: 1.0, 0.0, 0.0, -1.0
vb0[999]+040 BLENDWEIGHTS: 1.0, 0.0, 0.0, 0.0
vb0[999]+056 BLENDINDICES: 1, 0, 0, 0
vb0[999]+072 COLOR: 0.00031372549710795283, 0.0, 0.0, 0.0
vb0[999]+088 TEXCOORD1: 0.5399342179298401, 0.0

vb0[1000]+000 POSITION: 0.016673587262630463, -0.03605468571186066, 1.6747056245803833
vb0[1000]+012 NORMAL: 0.4829747974872589, -0.8755729794502258, -0.010356726124882698
vb0[1000]+024 TANGENT: 1.0, 0.0, 0.0, -1.0
vb0[1000]+040 BLENDWEIGHTS: 1.0, 0.0, 0.0, 0.0
vb0[1000]+056 BLENDINDICES: 1, 0, 0, 0
vb0[1000]+072 COLOR: 0.00031372549710795283, 0.0, 0.0, 0.0
vb0[1000]+088 TEXCOORD1: 0.4829748570919037, 0.0

vb0[1001]+000 POSITION: 0.009770206175744534, -0.03698732331395149, 1.6759841442108154
vb0[1001]+012 NORMAL: 0.3319263458251953, -0.9428880214691162, -0.028054362162947655
vb0[1001]+024 TANGENT: 1.0, 0.0, 0.0, -1.0
vb0[1001]+040 BLENDWEIGHTS: 1.0, 0.0, 0.0, 0.0
vb0[1001]+056 BLENDINDICES: 1, 0, 0, 0
vb0[1001]+072 COLOR: 0.00015686274855397642, 0.0, 0.0, 0.0
vb0[1001]+088 TEXCOORD1: 0.3319263756275177, 0.0

vb0[1002]+000 POSITION: -0.0006201110663823783, -0.03691408038139343, 1.674720287322998
vb0[1002]+012 NORMAL: 0.5444377064704895, -0.8386147618293762, -0.017687765881419182
vb0[1002]+024 TANGENT: 1.0, 0.0, 0.0, -1.0
vb0[1002]+040 BLENDWEIGHTS: 1.0, 0.0, 0.0, 0.0
vb0[1002]+056 BLENDINDICES: 1, 0, 0, 0
vb0[1002]+072 COLOR: 0.00015686274855397642, 0.0, 0.0, 0.0
vb0[1002]+088 TEXCOORD1: 0.5444377064704895, 1.862645149230957e-09

vb0[1003]+000 POSITION: 0.029685601592063904, -0.030653391033411026, 1.672619342803955
vb0[1003]+012 NORMAL: 0.4829747974872589, -0.8755729794502258, -0.010356726124882698
vb0[1003]+024 TANGENT: 1.0, 0.0, 0.0, -1.0
vb0[1003]+040 BLENDWEIGHTS: 1.0, 0.0, 0.0, 0.0
vb0[1003]+056 BLENDINDICES: 1, 0, 0, 0
vb0[1003]+072 COLOR: 0.00047058824566192925, 0.0, 0.0, 0.0
vb0[1003]+088 TEXCOORD1: 0.4829748570919037, 0.0

vb0[1004]+000 POSITION: 0.02480103261768818, -0.03395262733101845, 1.6735363006591797
vb0[1004]+012 NORMAL: 0.48782333731651306, -0.872887909412384, -0.009756465442478657
vb0[1004]+024 TANGENT: 1.0, 0.0, 0.0, -1.0
vb0[1004]+040 BLENDWEIGHTS: 1.0, 0.0, 0.0, 0.0
vb0[1004]+056 BLENDINDICES: 1, 0, 0, 0
vb0[1004]+072 COLOR: 0.00031372549710795283, 0.0, 0.0, 0.0
vb0[1004]+088 TEXCOORD1: 0.4878233075141907, 9.313225746154785e-10

vb0[1005]+000 POSITION: 0.025981759652495384, -0.026453528553247452, 1.6765570640563965
vb0[1005]+012 NORMAL: -0.5014883279800415, -0.8596990704536438, -0.09709222614765167
vb0[1005]+024 TANGENT: 1.0, 0.0, 0.0, -1.0
vb0[1005]+040 BLENDWEIGHTS: 1.0, 0.0, 0.0, 0.0
vb0[1005]+056 BLENDINDICES: 1, 0, 0, 0
vb0[1005]+072 COLOR: 0.00015686274855397642, 0.0, 0.0, 0.0
vb0[1005]+088 TEXCOORD1: -0.5014883875846863, 0.0

vb0[1006]+000 POSITION: 0.023189052939414978, -0.027745435014367104, 1.6775298118591309
vb0[1006]+012 NORMAL: -0.8428617715835571, -0.5311045050621033, -0.08667156100273132
vb0[1006]+024 TANGENT: 1.0, 0.0, 0.0, -1.0
vb0[1006]+040 BLENDWEIGHTS: 1.0, 0.0, 0.0, 0.0
vb0[1006]+056 BLENDINDICES: 1, 0, 0, 0
vb0[1006]+072 COLOR: 0.00015686274855397642, 0.0, 0.0, 0.0
vb0[1006]+088 TEXCOORD1: -0.8428618311882019, 7.450580596923828e-09

vb0[1007]+000 POSITION: 0.019104380160570145, -0.02939862199127674, 1.678463101387024
vb0[1007]+012 NORMAL: 0.5276773571968079, -0.8462038040161133, 0.07413244992494583
vb0[1007]+024 TANGENT: 1.0, 0.0, 0.0, -1.0
vb0[1007]+040 BLENDWEIGHTS: 1.0, 0.0, 0.0, 0.0
vb0[1007]+056 BLENDINDICES: 1, 0, 0, 0
vb0[1007]+072 COLOR: 0.0, 0.0, 0.0, 0.0
vb0[1007]+088 TEXCOORD1: 0.5276774168014526, 0.0

vb0[1008]+000 POSITION: 0.019159279763698578, -0.02262185513973236, 1.6802353858947754
vb0[1008]+012 NORMAL: 0.7524693608283997, -0.5234401226043701, 0.39975032210350037
vb0[1008]+024 TANGENT: 1.0, 0.0, 0.0, -1.0
vb0[1008]+040 BLENDWEIGHTS: 1.0, 0.0, 0.0, 0.0
vb0[1008]+056 BLENDINDICES: 1, 0, 0, 0
vb0[1008]+072 COLOR: 0.0, 0.0, 0.0, 0.0
vb0[1008]+088 TEXCOORD1: 0.7524693608283997, 0.0

vb0[1009]+000 POSITION: 0.019326286390423775, -0.02550291083753109, 1.6798021793365479
vb0[1009]+012 NORMAL: 0.5275747179985046, -0.846005916595459, 0.07706357538700104
vb0[1009]+024 TANGENT: 1.0, 0.0, 0.0, -1.0
vb0[1009]+040 BLENDWEIGHTS: 1.0, 0.0, 0.0, 0.0
vb0[1009]+056 BLENDINDICES: 1, 0, 0, 0
vb0[1009]+072 COLOR: 0.0, 0.0, 0.0, 0.0
vb0[1009]+088 TEXCOORD1: 0.5275747776031494, 0.0

vb0[1010]+000 POSITION: 0.022120792418718338, -0.0243340153247118, 1.6789907217025757
vb0[1010]+012 NORMAL: -0.5730684995651245, -0.8174263834953308, -0.058365579694509506
vb0[1010]+024 TANGENT: 1.0, 0.0, 0.0, -1.0
vb0[1010]+040 BLENDWEIGHTS: 1.0, 0.0, 0.0, 0.0
vb0[1010]+056 BLENDINDICES: 1, 0, 0, 0
vb0[1010]+072 COLOR: 0.0, 0.0, 0.0, 0.0
vb0[1010]+088 TEXCOORD1: -0.5730685591697693, 0.0

vb0[1011]+000 POSITION: 0.017530065029859543, -0.029592303559184074, 1.6777716875076294
vb0[1011]+012 NORMAL: 0.5403748750686646, -0.8414208889007568, -0.00239582359790802
vb0[1011]+024 TANGENT: 1.0, 0.0, 0.0, -1.0
vb0[1011]+040 BLENDWEIGHTS: 1.0, 0.0, 0.0, 0.0
vb0[1011]+056 BLENDINDICES: 1, 0, 0, 0
vb0[1011]+072 COLOR: 0.0, 0.0, 0.0, 0.0
vb0[1011]+088 TEXCOORD1: 0.5403749346733093, -2.3283064365386963e-10

vb0[1012]+000 POSITION: 0.013921055942773819, -0.02977052703499794, 1.6790647506713867
vb0[1012]+012 NORMAL: 0.5275747179985046, -0.846005916595459, 0.07706357538700104
vb0[1012]+024 TANGENT: 1.0, 0.0, 0.0, -1.0
vb0[1012]+040 BLENDWEIGHTS: 1.0, 0.0, 0.0, 0.0
vb0[1012]+056 BLENDINDICES: 1, 0, 0, 0
vb0[1012]+072 COLOR: 0.0, 0.0, 0.0, 0.0
vb0[1012]+088 TEXCOORD1: 0.5275747776031494, 0.0

vb0[1013]+000 POSITION: 0.0063330125994980335, -0.032624538987874985, 1.6777878999710083
vb0[1013]+012 NORMAL: 0.31127890944480896, -0.6590768694877625, 0.6846335530281067
vb0[1013]+024 TANGENT: 1.0, 0.0, 0.0, -1.0
vb0[1013]+040 BLENDWEIGHTS: 1.0, 0.0, 0.0, 0.0
vb0[1013]+056 BLENDINDICES: 1, 0, 0, 0
vb0[1013]+072 COLOR: 0.0, 0.0, 0.0, 0.0
vb0[1013]+088 TEXCOORD1: 0.31127890944480896, 0.0

vb0[1014]+000 POSITION: 0.015867609530687332, -0.025406502187252045, 1.679914951324463
vb0[1014]+012 NORMAL: 0.5276773571968079, -0.8462038040161133, 0.07413244992494583
vb0[1014]+024 TANGENT: 1.0, 0.0, 0.0, -1.0
vb0[1014]+040 BLENDWEIGHTS: 1.0, 0.0, 0.0, 0.0
vb0[1014]+056 BLENDINDICES: 1, 0, 0, 0
vb0[1014]+072 COLOR: 0.0, 0.0, 0.0, 0.0
vb0[1014]+088 TEXCOORD1: 0.5276774168014526, 0.0

vb0[1015]+000 POSITION: 0.011051791720092297, -0.029450682923197746, 1.6792528629302979
vb0[1015]+012 NORMAL: 0.5087906122207642, -0.84561687707901, 0.16144435107707977
vb0[1015]+024 TANGENT: 1.0, 0.0, 0.0, -1.0
vb0[1015]+040 BLENDWEIGHTS: 1.0, 0.0, 0.0, 0.0
vb0[1015]+056 BLENDINDICES: 1, 0, 0, 0
vb0[1015]+072 COLOR: 0.0, 0.0, 0.0, 0.0
vb0[1015]+088 TEXCOORD1: 0.5087906122207642, 0.0

vb0[1016]+000 POSITION: 0.017930299043655396, -0.026125507429242134, 1.679125189781189
vb0[1016]+012 NORMAL: 0.516249418258667, -0.8447815179824829, 0.1408214569091797
vb0[1016]+024 TANGENT: 1.0, 0.0, 0.0, -1.0
vb0[1016]+040 BLENDWEIGHTS: 1.0, 0.0, 0.0, 0.0
vb0[1016]+056 BLENDINDICES: 1, 0, 0, 0
vb0[1016]+072 COLOR: 0.0, 0.0, 0.0, 0.0
vb0[1016]+088 TEXCOORD1: 0.5162494778633118, 0.0

vb0[1017]+000 POSITION: 0.018463091924786568, -0.022311806678771973, 1.6799814701080322
vb0[1017]+012 NORMAL: 0.5413947701454163, -0.6506630778312683, -0.5324745774269104
vb0[1017]+024 TANGENT: 1.0, 0.0, 0.0, -1.0
vb0[1017]+040 BLENDWEIGHTS: 1.0, 0.0, 0.0, 0.0
vb0[1017]+056 BLENDINDICES: 1, 0, 0, 0
vb0[1017]+072 COLOR: 0.0, 0.0, 0.0, 0.0
vb0[1017]+088 TEXCOORD1: 0.541394829750061, 0.0

vb0[1018]+000 POSITION: -0.01099065039306879, -0.0425565131008625, 1.6706026792526245
vb0[1018]+012 NORMAL: 0.4693583846092224, -0.8497388958930969, 0.24009671807289124
vb0[1018]+024 TANGENT: 1.0, 0.0, 0.0, -1.0
vb0[1018]+040 BLENDWEIGHTS: 1.0, 0.0, 0.0, 0.0
vb0[1018]+056 BLENDINDICES: 1, 0, 0, 0
vb0[1018]+072 COLOR: 0.00047058824566192925, 0.0, 0.0, 0.0
vb0[1018]+088 TEXCOORD1: 0.4693584144115448, 1.4901161193847656e-08

vb0[1019]+000 POSITION: -0.02066657319664955, -0.048576533794403076, 1.6597974300384521
vb0[1019]+012 NORMAL: 0.5087906122207642, -0.84561687707901, 0.16144435107707977
vb0[1019]+024 TANGENT: 1.0, 0.0, 0.0, -1.0
vb0[1019]+040 BLENDWEIGHTS: 0.6166327595710754, 0.33203303813934326, 0.0513341911137104, 0.0
vb0[1019]+056 BLENDINDICES: 1, 0, 25, 0
vb0[1019]+072 COLOR: 0.0012549019884318113, 0.0, 0.0, 0.0
vb0[1019]+088 TEXCOORD1: 0.5087906122207642, 0.0

vb0[1020]+000 POSITION: -0.0017858821665868163, -0.03712895140051842, 1.6769968271255493
vb0[1020]+012 NORMAL: 0.516249418258667, -0.8447815179824829, 0.1408214569091797
vb0[1020]+024 TANGENT: 1.0, 0.0, 0.0, -1.0
vb0[1020]+040 BLENDWEIGHTS: 1.0, 0.0, 0.0, 0.0
vb0[1020]+056 BLENDINDICES: 1, 0, 0, 0
vb0[1020]+072 COLOR: 0.0, 0.0, 0.0, 0.0
vb0[1020]+088 TEXCOORD1: 0.5162494778633118, 0.0

vb0[1021]+000 POSITION: 0.005139774642884731, -0.03283939138054848, 1.6800607442855835
vb0[1021]+012 NORMAL: 0.3115678131580353, -0.6581740975379944, 0.6853702664375305
vb0[1021]+024 TANGENT: 1.0, 0.0, 0.0, -1.0
vb0[1021]+040 BLENDWEIGHTS: 1.0, 0.0, 0.0, 0.0
vb0[1021]+056 BLENDINDICES: 1, 0, 0, 0
vb0[1021]+072 COLOR: 0.0, 0.0, 0.0, 0.0
vb0[1021]+088 TEXCOORD1: 0.31156784296035767, 0.0

vb0[1022]+000 POSITION: 0.009721682406961918, -0.029941434040665627, 1.6808274984359741
vb0[1022]+012 NORMAL: 0.42025694251060486, -0.8510087728500366, 0.3149097263813019
vb0[1022]+024 TANGENT: 1.0, 0.0, 0.0, -1.0
vb0[1022]+040 BLENDWEIGHTS: 1.0, 0.0, 0.0, 0.0
vb0[1022]+056 BLENDINDICES: 1, 0, 0, 0
vb0[1022]+072 COLOR: 0.0, 0.0, 0.0, 0.0
vb0[1022]+088 TEXCOORD1: 0.42025700211524963, 0.0

vb0[1023]+000 POSITION: 0.0065851472318172455, -0.024002384394407272, 1.6832406520843506
vb0[1023]+012 NORMAL: 0.7527559995651245, -0.5527087450027466, 0.35759133100509644
vb0[1023]+024 TANGENT: 1.0, 0.0, 0.0, -1.0
vb0[1023]+040 BLENDWEIGHTS: 1.0, 0.0, 0.0, 0.0
vb0[1023]+056 BLENDINDICES: 1, 0, 0, 0
vb0[1023]+072 COLOR: 0.0, 0.0, 0.0, 0.0
vb0[1023]+088 TEXCOORD1: 0.7527559995651245, 0.0

vb0[1024]+000 POSITION: 0.012175457552075386, -0.023461604490876198, 1.6825593709945679
vb0[1024]+012 NORMAL: 0.47902584075927734, -0.8188446164131165, 0.31627166271209717
vb0[1024]+024 TANGENT: 1.0, 0.0, 0.0, -1.0
vb0[1024]+040 BLENDWEIGHTS: 1.0, 0.0, 0.0, 0.0
vb0[1024]+056 BLENDINDICES: 1, 0, 0, 0
vb0[1024]+072 COLOR: 0.0, 0.0, 0.0, 0.0
vb0[1024]+088 TEXCOORD1: 0.47902587056159973, 0.0

vb0[1025]+000 POSITION: -0.0453016497194767, -0.052430409938097, 1.633413553237915
vb0[1025]+012 NORMAL: 0.44980353116989136, -0.8491964340209961, 0.2766626179218292
vb0[1025]+024 TANGENT: 1.0, 0.0, 0.0, -1.0
vb0[1025]+040 BLENDWEIGHTS: 0.529659628868103, 0.43574610352516174, 0.034594327211380005, 0.0
vb0[1025]+056 BLENDINDICES: 25, 1, 0, 0
vb0[1025]+072 COLOR: 0.0029803921934217215, 0.0, 0.0, 0.0
vb0[1025]+088 TEXCOORD1: 0.44980359077453613, 0.0

vb0[1026]+000 POSITION: -0.050183095037937164, -0.054497089236974716, 1.6186197996139526
vb0[1026]+012 NORMAL: 0.3315824568271637, -0.7324416041374207, 0.5946280360221863
vb0[1026]+024 TANGENT: 1.0, 0.0, 0.0, -1.0
vb0[1026]+040 BLENDWEIGHTS: 0.665714681148529, 0.2360420972108841, 0.053385522216558456, 0.04485771432518959
vb0[1026]+056 BLENDINDICES: 25, 1, 30, 31
vb0[1026]+072 COLOR: 0.004078431520611048, 0.0, 0.0, 0.0
vb0[1026]+088 TEXCOORD1: 0.3315824866294861, 0.0

vb0[1027]+000 POSITION: -0.053476545959711075, -0.04485355317592621, 1.6330727338790894
vb0[1027]+012 NORMAL: 0.3819567561149597, -0.826832115650177, 0.41286522150039673
vb0[1027]+024 TANGENT: 1.0, 0.0, 0.0, -1.0
vb0[1027]+040 BLENDWEIGHTS: 0.6000000238418579, 0.3999999761581421, 0.0, 0.0
vb0[1027]+056 BLENDINDICES: 1, 25, 0, 0
vb0[1027]+072 COLOR: 0.0029803921934217215, 0.0, 0.0, 0.0
vb0[1027]+088 TEXCOORD1: 0.3819567859172821, -2.9802322387695312e-08

vb0[1028]+000 POSITION: -0.05841644108295441, -0.045900870114564896, 1.6179752349853516
vb0[1028]+012 NORMAL: 0.4693583846092224, -0.8497388958930969, 0.24009671807289124
vb0[1028]+024 TANGENT: 1.0, 0.0, 0.0, -1.0
vb0[1028]+040 BLENDWEIGHTS: 0.5328645706176758, 0.3499999940395355, 0.07440349459648132, 0.04273189976811409
vb0[1028]+056 BLENDINDICES: 25, 1, 31, 30
vb0[1028]+072 COLOR: 0.004078431520611048, 0.0, 0.0, 0.0
vb0[1028]+088 TEXCOORD1: 0.4693584144115448, 1.4901161193847656e-08

vb0[1029]+000 POSITION: -0.06496235728263855, -0.026653358712792397, 1.6307110786437988
vb0[1029]+012 NORMAL: 0.42025694251060486, -0.8510087728500366, 0.3149097263813019
vb0[1029]+024 TANGENT: 1.0, 0.0, 0.0, -1.0
vb0[1029]+040 BLENDWEIGHTS: 1.0, 0.0, 0.0, 0.0
vb0[1029]+056 BLENDINDICES: 1, 0, 0, 0
vb0[1029]+072 COLOR: 0.003294117748737335, 0.0, 0.0, 0.0
vb0[1029]+088 TEXCOORD1: 0.42025700211524963, 0.0

vb0[1030]+000 POSITION: -0.0689622089266777, -0.027262985706329346, 1.6157220602035522
vb0[1030]+012 NORMAL: 0.3927416503429413, -0.8303114771842957, 0.39539438486099243
vb0[1030]+024 TANGENT: 1.0, 0.0, 0.0, -1.0
vb0[1030]+040 BLENDWEIGHTS: 0.75, 0.22109825909137726, 0.028901731595396996, 0.0
vb0[1030]+056 BLENDINDICES: 1, 25, 31, 0
vb0[1030]+072 COLOR: 0.004235294181853533, 0.0, 0.0, 0.0
vb0[1030]+088 TEXCOORD1: 0.39274168014526367, 0.0

vb0[1031]+000 POSITION: -0.0636553093791008, -0.03766930103302002, 1.6170017719268799
vb0[1031]+012 NORMAL: 0.3819567561149597, -0.826832115650177, 0.41286522150039673
vb0[1031]+024 TANGENT: 1.0, 0.0, 0.0, -1.0
vb0[1031]+040 BLENDWEIGHTS: 0.566925048828125, 0.377949982881546, 0.05512499436736107, 0.0
vb0[1031]+056 BLENDINDICES: 1, 25, 31, 0
vb0[1031]+072 COLOR: 0.004235294181853533, 0.0, 0.0, 0.0
vb0[1031]+088 TEXCOORD1: 0.3819567859172821, -2.9802322387695312e-08

vb0[1032]+000 POSITION: -0.05907997488975525, -0.03769947588443756, 1.6319255828857422
vb0[1032]+012 NORMAL: 0.3927416503429413, -0.8303114771842957, 0.39539438486099243
vb0[1032]+024 TANGENT: 1.0, 0.0, 0.0, -1.0
vb0[1032]+040 BLENDWEIGHTS: 0.75, 0.25, 0.0, 0.0
vb0[1032]+056 BLENDINDICES: 1, 25, 0, 0
vb0[1032]+072 COLOR: 0.0031372548546642065, 0.0, 0.0, 0.0
vb0[1032]+088 TEXCOORD1: 0.39274168014526367, 0.0

vb0[1033]+000 POSITION: -0.07454631477594376, -0.013686846941709518, 1.6140047311782837
vb0[1033]+012 NORMAL: 0.36095574498176575, -0.7932793498039246, 0.49032509326934814
vb0[1033]+024 TANGENT: 1.0, 0.0, 0.0, -1.0
vb0[1033]+040 BLENDWEIGHTS: 0.8999999761581421, 0.08843932300806046, 0.011560695245862007, 0.0
vb0[1033]+056 BLENDINDICES: 1, 25, 31, 0
vb0[1033]+072 COLOR: 0.004392156843096018, 0.0, 0.0, 0.0
vb0[1033]+088 TEXCOORD1: 0.36095577478408813, -2.9802322387695312e-08

vb0[1034]+000 POSITION: -0.0707918182015419, -0.012612820602953434, 1.6291195154190063
vb0[1034]+012 NORMAL: 0.3630635142326355, -0.7975207567214966, 0.48181483149528503
vb0[1034]+024 TANGENT: 1.0, 0.0, 0.0, -1.0
vb0[1034]+040 BLENDWEIGHTS: 1.0, 0.0, 0.0, 0.0
vb0[1034]+056 BLENDINDICES: 1, 0, 0, 0
vb0[1034]+072 COLOR: 0.003294117748737335, 0.0, 0.0, 0.0
vb0[1034]+088 TEXCOORD1: 0.3630635142326355, 0.0

vb0[1035]+000 POSITION: -0.03925464674830437, -0.06092019006609917, 1.6175798177719116
vb0[1035]+012 NORMAL: 0.3292374908924103, -0.727399468421936, 0.602073609828949
vb0[1035]+024 TANGENT: 1.0, 0.0, 0.0, -1.0
vb0[1035]+040 BLENDWEIGHTS: 0.5620945692062378, 0.2584132254123688, 0.13745330274105072, 0.04203899949789047
vb0[1035]+056 BLENDINDICES: 25, 0, 1, 32
vb0[1035]+072 COLOR: 0.004078431520611048, 0.0, 0.0, 0.0
vb0[1035]+088 TEXCOORD1: 0.32923752069473267, 2.9802322387695312e-08

vb0[1036]+000 POSITION: -0.038797907531261444, -0.04897436127066612, 1.647525429725647
vb0[1036]+012 NORMAL: 0.32849493622779846, -0.5996113419532776, 0.7297652959823608
vb0[1036]+024 TANGENT: 1.0, 0.0, 0.0, -1.0
vb0[1036]+040 BLENDWEIGHTS: 0.5850000381469727, 0.3150000274181366, 0.09999998658895493, 0.0
vb0[1036]+056 BLENDINDICES: 1, 25, 0, 0
vb0[1036]+072 COLOR: 0.002039215760305524, 0.0, 0.0, 0.0
vb0[1036]+088 TEXCOORD1: 0.32849493622779846, 0.0

vb0[1037]+000 POSITION: -0.0469067245721817, -0.042810097336769104, 1.6466072797775269
vb0[1037]+012 NORMAL: 0.3630635142326355, -0.7975207567214966, 0.48181483149528503
vb0[1037]+024 TANGENT: 1.0, 0.0, 0.0, -1.0
vb0[1037]+040 BLENDWEIGHTS: 0.800000011920929, 0.19999998807907104, 0.0, 0.0
vb0[1037]+056 BLENDINDICES: 1, 25, 0, 0
vb0[1037]+072 COLOR: 0.002039215760305524, 0.0, 0.0, 0.0
vb0[1037]+088 TEXCOORD1: 0.3630635142326355, 0.0

vb0[1038]+000 POSITION: -0.051827941089868546, -0.03658921644091606, 1.6458985805511475
vb0[1038]+012 NORMAL: 0.8859730362892151, -0.3999533951282501, -0.23471041023731232
vb0[1038]+024 TANGENT: 1.0, 0.0, 0.0, -1.0
vb0[1038]+040 BLENDWEIGHTS: 1.0, 0.0, 0.0, 0.0
vb0[1038]+056 BLENDINDICES: 1, 0, 0, 0
vb0[1038]+072 COLOR: 0.002196078421548009, 0.0, 0.0, 0.0
vb0[1038]+088 TEXCOORD1: 0.8859730362892151, 0.0

vb0[1039]+000 POSITION: -0.05921044573187828, -0.025707876309752464, 1.6442716121673584
vb0[1039]+012 NORMAL: 0.36095574498176575, -0.7932793498039246, 0.49032509326934814
vb0[1039]+024 TANGENT: 1.0, 0.0, 0.0, -1.0
vb0[1039]+040 BLENDWEIGHTS: 1.0, 0.0, 0.0, 0.0
vb0[1039]+056 BLENDINDICES: 1, 0, 0, 0
vb0[1039]+072 COLOR: 0.002196078421548009, 0.0, 0.0, 0.0
vb0[1039]+088 TEXCOORD1: 0.36095577478408813, -2.9802322387695312e-08

vb0[1040]+000 POSITION: -0.06558836996555328, -0.01259034126996994, 1.6422165632247925
vb0[1040]+012 NORMAL: 0.3315824568271637, -0.7324416041374207, 0.5946280360221863
vb0[1040]+024 TANGENT: 1.0, 0.0, 0.0, -1.0
vb0[1040]+040 BLENDWEIGHTS: 1.0, 0.0, 0.0, 0.0
vb0[1040]+056 BLENDINDICES: 1, 0, 0, 0
vb0[1040]+072 COLOR: 0.0025098039768636227, 0.0, 0.0, 0.0
vb0[1040]+088 TEXCOORD1: 0.3315824866294861, 0.0

vb0[1041]+000 POSITION: -0.02257567271590233, -0.04004639387130737, 1.6687437295913696
vb0[1041]+012 NORMAL: 0.3292374908924103, -0.727399468421936, 0.602073609828949
vb0[1041]+024 TANGENT: 1.0, 0.0, 0.0, -1.0
vb0[1041]+040 BLENDWEIGHTS: 1.0, 0.0, 0.0, 0.0
vb0[1041]+056 BLENDINDICES: 1, 0, 0, 0
vb0[1041]+072 COLOR: 0.0006274509942159057, 0.0, 0.0, 0.0
vb0[1041]+088 TEXCOORD1: 0.32923752069473267, 2.9802322387695312e-08

vb0[1042]+000 POSITION: -0.030460894107818604, -0.04444169998168945, 1.6600077152252197
vb0[1042]+012 NORMAL: 0.3115678131580353, -0.6581740975379944, 0.6853702664375305
vb0[1042]+024 TANGENT: 1.0, 0.0, 0.0, -1.0
vb0[1042]+040 BLENDWEIGHTS: 0.830359697341919, 0.09999999403953552, 0.06964027881622314, 0.0
vb0[1042]+056 BLENDINDICES: 1, 0, 25, 0
vb0[1042]+072 COLOR: 0.0010980392107740045, 0.0, 0.0, 0.0
vb0[1042]+088 TEXCOORD1: 0.31156784296035767, 0.0

vb0[1043]+000 POSITION: -0.01447569951415062, -0.03480348363518715, 1.6754343509674072
vb0[1043]+012 NORMAL: 0.31127890944480896, -0.6590768694877625, 0.6846335530281067
vb0[1043]+024 TANGENT: 1.0, 0.0, 0.0, -1.0
vb0[1043]+040 BLENDWEIGHTS: 1.0, 0.0, 0.0, 0.0
vb0[1043]+056 BLENDINDICES: 1, 0, 0, 0
vb0[1043]+072 COLOR: 0.00015686274855397642, 0.0, 0.0, 0.0
vb0[1043]+088 TEXCOORD1: 0.31127890944480896, 0.0

vb0[1044]+000 POSITION: -0.004545023199170828, -0.03068893402814865, 1.6796231269836426
vb0[1044]+012 NORMAL: 0.328350692987442, -0.6002007722854614, 0.7293455004692078
vb0[1044]+024 TANGENT: 1.0, 0.0, 0.0, -1.0
vb0[1044]+040 BLENDWEIGHTS: 1.0, 0.0, 0.0, 0.0
vb0[1044]+056 BLENDINDICES: 1, 0, 0, 0
vb0[1044]+072 COLOR: 0.0, 0.0, 0.0, 0.0
vb0[1044]+088 TEXCOORD1: 0.328350692987442, -2.9802322387695312e-08

vb0[1045]+000 POSITION: -0.0004092991293873638, -0.025299690663814545, 1.682879090309143
vb0[1045]+012 NORMAL: 0.33981871604919434, -0.7628996968269348, -0.5500065684318542
vb0[1045]+024 TANGENT: 1.0, 0.0, 0.0, -1.0
vb0[1045]+040 BLENDWEIGHTS: 1.0, 0.0, 0.0, 0.0
vb0[1045]+056 BLENDINDICES: 1, 0, 0, 0
vb0[1045]+072 COLOR: 0.0, 0.0, 0.0, 0.0
vb0[1045]+088 TEXCOORD1: 0.3398187458515167, -2.9802322387695312e-08

vb0[1046]+000 POSITION: 0.015805641189217567, -0.02292656898498535, 1.6813420057296753
vb0[1046]+012 NORMAL: 0.4858280420303345, -0.39907562732696533, -0.7776309251785278
vb0[1046]+024 TANGENT: 1.0, 0.0, 0.0, -1.0
vb0[1046]+040 BLENDWEIGHTS: 1.0, 0.0, 0.0, 0.0
vb0[1046]+056 BLENDINDICES: 1, 0, 0, 0
vb0[1046]+072 COLOR: 0.0, 0.0, 0.0, 0.0
vb0[1046]+088 TEXCOORD1: 0.4858280122280121, 0.0

vb0[1047]+000 POSITION: -0.03751116245985031, -0.039791934192180634, 1.6593778133392334
vb0[1047]+012 NORMAL: -0.3567643463611603, -0.4396713078022003, -0.824262261390686
vb0[1047]+024 TANGENT: 1.0, 0.0, 0.0, -1.0
vb0[1047]+040 BLENDWEIGHTS: 0.9226219058036804, 0.07737808674573898, 0.0, 0.0
vb0[1047]+056 BLENDINDICES: 1, 25, 0, 0
vb0[1047]+072 COLOR: 0.0012549019884318113, 0.0, 0.0, 0.0
vb0[1047]+088 TEXCOORD1: -0.35676437616348267, 0.0

vb0[1048]+000 POSITION: -0.043418582528829575, -0.03466310724616051, 1.6580712795257568
vb0[1048]+012 NORMAL: 0.8705102801322937, -0.4229256212711334, -0.25168588757514954
vb0[1048]+024 TANGENT: 1.0, 0.0, 0.0, -1.0
vb0[1048]+040 BLENDWEIGHTS: 1.0, 0.0, 0.0, 0.0
vb0[1048]+056 BLENDINDICES: 1, 0, 0, 0
vb0[1048]+072 COLOR: 0.0012549019884318113, 0.0, 0.0, 0.0
vb0[1048]+088 TEXCOORD1: 0.8705102801322937, 1.4901161193847656e-08

vb0[1049]+000 POSITION: -0.02980162762105465, -0.03598634526133537, 1.667574405670166
vb0[1049]+012 NORMAL: -0.23004961013793945, 0.043957702815532684, -0.9721856713294983
vb0[1049]+024 TANGENT: 1.0, 0.0, 0.0, -1.0
vb0[1049]+040 BLENDWEIGHTS: 1.0, 0.0, 0.0, 0.0
vb0[1049]+056 BLENDINDICES: 1, 0, 0, 0
vb0[1049]+072 COLOR: 0.0006274509942159057, 0.0, 0.0, 0.0
vb0[1049]+088 TEXCOORD1: -0.23004958033561707, 0.0

vb0[1050]+000 POSITION: -0.03412482514977455, -0.03208871930837631, 1.667215347290039
vb0[1050]+012 NORMAL: 0.5534628629684448, -0.353025883436203, -0.7543550133705139
vb0[1050]+024 TANGENT: 1.0, 0.0, 0.0, -1.0
vb0[1050]+040 BLENDWEIGHTS: 1.0, 0.0, 0.0, 0.0
vb0[1050]+056 BLENDINDICES: 1, 0, 0, 0
vb0[1050]+072 COLOR: 0.0006274509942159057, 0.0, 0.0, 0.0
vb0[1050]+088 TEXCOORD1: 0.5534629225730896, -2.9802322387695312e-08

vb0[1051]+000 POSITION: -0.02207498997449875, -0.030091576278209686, 1.6753109693527222
vb0[1051]+012 NORMAL: 0.5955459475517273, -0.7659582495689392, 0.2421424388885498
vb0[1051]+024 TANGENT: 1.0, 0.0, 0.0, -1.0
vb0[1051]+040 BLENDWEIGHTS: 1.0, 0.0, 0.0, 0.0
vb0[1051]+056 BLENDINDICES: 1, 0, 0, 0
vb0[1051]+072 COLOR: 0.00015686274855397642, 0.0, 0.0, 0.0
vb0[1051]+088 TEXCOORD1: 0.5955459475517273, 0.0

vb0[1052]+000 POSITION: -0.011024849489331245, -0.027712620794773102, 1.680168628692627
vb0[1052]+012 NORMAL: 0.7524693608283997, -0.5234401226043701, 0.39975032210350037
vb0[1052]+024 TANGENT: 1.0, 0.0, 0.0, -1.0
vb0[1052]+040 BLENDWEIGHTS: 1.0, 0.0, 0.0, 0.0
vb0[1052]+056 BLENDINDICES: 1, 0, 0, 0
vb0[1052]+072 COLOR: 0.0, 0.0, 0.0, 0.0
vb0[1052]+088 TEXCOORD1: 0.7524693608283997, 0.0

vb0[1053]+000 POSITION: -0.07658432424068451, -0.01579090766608715, 1.5997098684310913
vb0[1053]+012 NORMAL: -0.41284695267677307, -0.3859865069389343, -0.8249678611755371
vb0[1053]+024 TANGENT: 1.0, 0.0, 0.0, -1.0
vb0[1053]+040 BLENDWEIGHTS: 0.837899923324585, 0.10536503791809082, 0.05673503130674362, 0.0
vb0[1053]+056 BLENDINDICES: 1, 25, 31, 0
vb0[1053]+072 COLOR: 0.005490196403115988, 0.0, 0.0, 0.0
vb0[1053]+088 TEXCOORD1: -0.4128469228744507, 0.0

vb0[1054]+000 POSITION: -0.07068756222724915, -0.02816949225962162, 1.6012229919433594
vb0[1054]+012 NORMAL: 0.33392518758773804, -0.5403446555137634, 0.772348165512085
vb0[1054]+024 TANGENT: 1.0, 0.0, 0.0, -1.0
vb0[1054]+040 BLENDWEIGHTS: 0.5981591939926147, 0.2611965239048004, 0.14064429700374603, 0.0
vb0[1054]+056 BLENDINDICES: 1, 25, 31, 0
vb0[1054]+072 COLOR: 0.005333333276212215, 0.0, 0.0, 0.0
vb0[1054]+088 TEXCOORD1: 0.33392515778541565, -2.9802322387695312e-08

vb0[1055]+000 POSITION: -0.06624279916286469, -0.038077808916568756, 1.6022394895553589
vb0[1055]+012 NORMAL: 0.3341459333896637, -0.5420420169830322, 0.7710621953010559
vb0[1055]+024 TANGENT: 1.0, 0.0, 0.0, -1.0
vb0[1055]+040 BLENDWEIGHTS: 0.5, 0.32499998807907104, 0.17500001192092896, 0.0
vb0[1055]+056 BLENDINDICES: 1, 25, 31, 0
vb0[1055]+072 COLOR: 0.00517647061496973, 0.0, 0.0, 0.0
vb0[1055]+088 TEXCOORD1: 0.3341459333896637, 2.9802322387695312e-08

vb0[1056]+000 POSITION: -0.06050780043005943, -0.04611822962760925, 1.603507399559021
vb0[1056]+012 NORMAL: 0.33415472507476807, -0.5421093106269836, 0.7710111141204834
vb0[1056]+024 TANGENT: 1.0, 0.0, 0.0, -1.0
vb0[1056]+040 BLENDWEIGHTS: 0.45837289094924927, 0.2482844740152359, 0.2017621099948883, 0.09158051759004593
vb0[1056]+056 BLENDINDICES: 25, 31, 30, 1
vb0[1056]+072 COLOR: 0.00517647061496973, 0.0, 0.0, 0.0
vb0[1056]+088 TEXCOORD1: 0.33415472507476807, 0.0

vb0[1057]+000 POSITION: -0.053183458745479584, -0.05491233617067337, 1.6043760776519775
vb0[1057]+012 NORMAL: -0.7265847325325012, -0.6784188747406006, -0.10873153805732727
vb0[1057]+024 TANGENT: 1.0, 0.0, 0.0, -1.0
vb0[1057]+040 BLENDWEIGHTS: 0.599469780921936, 0.3227914571762085, 0.040984198451042175, 0.03675459697842598
vb0[1057]+056 BLENDINDICES: 25, 30, 1, 31
vb0[1057]+072 COLOR: 0.005019607953727245, 0.0, 0.0, 0.0
vb0[1057]+088 TEXCOORD1: -0.726584792137146, 7.450580596923828e-09

vb0[1058]+000 POSITION: -0.07603713124990463, -0.018162865191698074, 1.5840173959732056
vb0[1058]+012 NORMAL: -0.7923309803009033, -0.5930561423301697, -0.1431640237569809
vb0[1058]+024 TANGENT: 1.0, 0.0, 0.0, -1.0
vb0[1058]+040 BLENDWEIGHTS: 0.75, 0.14783437550067902, 0.07960311323404312, 0.022562498226761818
vb0[1058]+056 BLENDINDICES: 1, 31, 25, 33
vb0[1058]+072 COLOR: 0.00658823549747467, 0.0, 0.0, 0.0
vb0[1058]+088 TEXCOORD1: -0.7923310399055481, 0.0

vb0[1059]+000 POSITION: -0.06990344077348709, -0.029018498957157135, 1.5866498947143555
vb0[1059]+012 NORMAL: -0.9201591610908508, -0.32415521144866943, -0.21961456537246704
vb0[1059]+024 TANGENT: 1.0, 0.0, 0.0, -1.0
vb0[1059]+040 BLENDWEIGHTS: 0.5774999856948853, 0.24984011054039001, 0.1345292627811432, 0.03813062235713005
vb0[1059]+056 BLENDINDICES: 1, 31, 25, 33
vb0[1059]+072 COLOR: 0.006274509709328413, 0.0, 0.0, 0.0
vb0[1059]+088 TEXCOORD1: -0.9201591610908508, -1.4901161193847656e-08

vb0[1060]+000 POSITION: -0.07050085067749023, -0.03077380359172821, 1.5868422985076904
vb0[1060]+012 NORMAL: -0.6304934024810791, -0.772662341594696, -0.07396630942821503
vb0[1060]+024 TANGENT: 1.0, 0.0, 0.0, -1.0
vb0[1060]+040 BLENDWEIGHTS: 0.550000011920929, 0.2661018669605255, 0.1432856023311615, 0.04061249643564224
vb0[1060]+056 BLENDINDICES: 1, 31, 25, 33
vb0[1060]+072 COLOR: 0.006274509709328413, 0.0, 0.0, 0.0
vb0[1060]+088 TEXCOORD1: -0.6304934620857239, 0.0

vb0[1061]+000 POSITION: -0.06634922325611115, -0.03896890953183174, 1.5884431600570679
vb0[1061]+012 NORMAL: -0.8673836588859558, -0.4715670049190521, -0.15896561741828918
vb0[1061]+024 TANGENT: 1.0, 0.0, 0.0, -1.0
vb0[1061]+040 BLENDWEIGHTS: 0.4000000059604645, 0.35480251908302307, 0.19104745984077454, 0.054149992763996124
vb0[1061]+056 BLENDINDICES: 1, 31, 25, 33
vb0[1061]+072 COLOR: 0.006117647048085928, 0.0, 0.0, 0.0
vb0[1061]+088 TEXCOORD1: -0.8673837184906006, 0.0

vb0[1062]+000 POSITION: -0.06098465248942375, -0.04614397883415222, 1.5901319980621338
vb0[1062]+012 NORMAL: -0.7265847325325012, -0.6784188747406006, -0.10873153805732727
vb0[1062]+024 TANGENT: 1.0, 0.0, 0.0, -1.0
vb0[1062]+040 BLENDWEIGHTS: 0.5436081886291504, 0.2927120327949524, 0.12860624492168427, 0.03507359325885773
vb0[1062]+056 BLENDINDICES: 31, 25, 30, 33
vb0[1062]+072 COLOR: 0.006117647048085928, 0.0, 0.0, 0.0
vb0[1062]+088 TEXCOORD1: -0.726584792137146, 7.450580596923828e-09

vb0[1063]+000 POSITION: -0.05404685065150261, -0.05455125868320465, 1.5906020402908325
vb0[1063]+012 NORMAL: -0.6280307173728943, -0.7736288905143738, -0.08411724865436554
vb0[1063]+024 TANGENT: 1.0, 0.0, 0.0, -1.0
vb0[1063]+040 BLENDWEIGHTS: 0.6064469218254089, 0.3265482783317566, 0.0670047402381897, 0.0
vb0[1063]+056 BLENDINDICES: 30, 25, 35, 0
vb0[1063]+072 COLOR: 0.005960784386843443, 0.0, 0.0, 0.0
vb0[1063]+088 TEXCOORD1: -0.6280307769775391, 0.0

vb0[1064]+000 POSITION: -0.06003972515463829, -0.046215713024139404, 1.5902758836746216
vb0[1064]+012 NORMAL: -0.33008989691734314, -0.677343487739563, -0.6574544906616211
vb0[1064]+024 TANGENT: 1.0, 0.0, 0.0, -1.0
vb0[1064]+040 BLENDWEIGHTS: 0.33275771141052246, 0.32027921080589294, 0.30658915638923645, 0.04037390649318695
vb0[1064]+056 BLENDINDICES: 25, 31, 30, 35
vb0[1064]+072 COLOR: 0.006117647048085928, 0.0, 0.0, 0.0
vb0[1064]+088 TEXCOORD1: -0.3300899267196655, -2.9802322387695312e-08

vb0[1065]+000 POSITION: -0.042132776230573654, -0.06199699267745018, 1.604590892791748
vb0[1065]+012 NORMAL: -0.7923309803009033, -0.5930561423301697, -0.1431640237569809
vb0[1065]+024 TANGENT: 1.0, 0.0, 0.0, -1.0
vb0[1065]+040 BLENDWEIGHTS: 0.5463083386421204, 0.29416608810424805, 0.1221759095788002, 0.03734968975186348
vb0[1065]+056 BLENDINDICES: 25, 32, 0, 1
vb0[1065]+072 COLOR: 0.005019607953727245, 0.0, 0.0, 0.0
vb0[1065]+088 TEXCOORD1: -0.7923310399055481, 0.0

vb0[1066]+000 POSITION: -0.04531513527035713, -0.06015374884009361, 1.6045037508010864
vb0[1066]+012 NORMAL: -0.530430018901825, -0.8458197712898254, -0.05685880407691002
vb0[1066]+024 TANGENT: 1.0, 0.0, 0.0, -1.0
vb0[1066]+040 BLENDWEIGHTS: 0.5171351432800293, 0.22760219871997833, 0.200870081782341, 0.05439259484410286
vb0[1066]+056 BLENDINDICES: 25, 32, 30, 1
vb0[1066]+072 COLOR: 0.005019607953727245, 0.0, 0.0, 0.0
vb0[1066]+088 TEXCOORD1: -0.530430018901825, 0.0

vb0[1067]+000 POSITION: -0.04717772454023361, -0.05955568328499794, 1.5906400680541992
vb0[1067]+012 NORMAL: -0.6068284511566162, -0.7916029095649719, -0.07158220559358597
vb0[1067]+024 TANGENT: 1.0, 0.0, 0.0, -1.0
vb0[1067]+040 BLENDWEIGHTS: 0.5676140785217285, 0.30563831329345703, 0.09024999290704727, 0.03649754822254181
vb0[1067]+056 BLENDINDICES: 30, 25, 32, 35
vb0[1067]+072 COLOR: 0.005960784386843443, 0.0, 0.0, 0.0
vb0[1067]+088 TEXCOORD1: -0.6068284511566162, 0.0

vb0[1068]+000 POSITION: -0.04583986476063728, -0.06057378649711609, 1.5906692743301392
vb0[1068]+012 NORMAL: 0.5219042301177979, 0.7241649627685547, -0.4507782459259033
vb0[1068]+024 TANGENT: 1.0, 0.0, 0.0, -1.0
vb0[1068]+040 BLENDWEIGHTS: 0.5403367280960083, 0.2909505367279053, 0.08726219087839127, 0.08145062625408173
vb0[1068]+056 BLENDINDICES: 32, 25, 34, 30
vb0[1068]+072 COLOR: 0.005960784386843443, 0.0, 0.0, 0.0
vb0[1068]+088 TEXCOORD1: 0.5219042897224426, 0.0

vb0[1069]+000 POSITION: -0.043709706515073776, -0.0625879094004631, 1.5907387733459473
vb0[1069]+012 NORMAL: -0.6068284511566162, -0.7916029095649719, -0.07158220559358597
vb0[1069]+024 TANGENT: 1.0, 0.0, 0.0, -1.0
vb0[1069]+040 BLENDWEIGHTS: 0.5687372088432312, 0.30624309182167053, 0.09184875339269638, 0.033171020448207855
vb0[1069]+056 BLENDINDICES: 32, 25, 34, 0
vb0[1069]+072 COLOR: 0.005960784386843443, 0.0, 0.0, 0.0
vb0[1069]+088 TEXCOORD1: -0.6068284511566162, 0.0

vb0[1070]+000 POSITION: -0.045574482530355453, -0.060726772993803024, 1.58224618434906
vb0[1070]+012 NORMAL: -0.3703140914440155, -0.9276000261306763, -0.049250971525907516
vb0[1070]+024 TANGENT: 1.0, 0.0, 0.0, -1.0
vb0[1070]+040 BLENDWEIGHTS: 0.6313502788543701, 0.21045008301734924, 0.1302662193775177, 0.02793348766863346
vb0[1070]+056 BLENDINDICES: 32, 34, 25, 30
vb0[1070]+072 COLOR: 0.00658823549747467, 0.0, 0.0, 0.0
vb0[1070]+088 TEXCOORD1: -0.3703141212463379, 0.0

vb0[1071]+000 POSITION: -0.044003892689943314, -0.062221698462963104, 1.5823209285736084
vb0[1071]+012 NORMAL: -0.7265847325325012, -0.6784188747406006, -0.10873153805732727
vb0[1071]+024 TANGENT: 1.0, 0.0, 0.0, -1.0
vb0[1071]+040 BLENDWEIGHTS: 0.6365030407905579, 0.2121676355600357, 0.13132938742637634, 0.019999999552965164
vb0[1071]+056 BLENDINDICES: 32, 34, 25, 0
vb0[1071]+072 COLOR: 0.00658823549747467, 0.0, 0.0, 0.0
vb0[1071]+088 TEXCOORD1: -0.726584792137146, 7.450580596923828e-09

vb0[1072]+000 POSITION: -0.044912099838256836, -0.06057614088058472, 1.576153039932251
vb0[1072]+012 NORMAL: -0.530430018901825, -0.8458197712898254, -0.05685880407691002
vb0[1072]+024 TANGENT: 1.0, 0.0, 0.0, -1.0
vb0[1072]+040 BLENDWEIGHTS: 0.5005568861961365, 0.45288485288619995, 0.04655824974179268, 0.0
vb0[1072]+056 BLENDINDICES: 32, 34, 25, 0
vb0[1072]+072 COLOR: 0.0070588234812021255, 0.0, 0.0, 0.0
vb0[1072]+088 TEXCOORD1: -0.530430018901825, 0.0

vb0[1073]+000 POSITION: -0.043673086911439896, -0.06168215721845627, 1.5765149593353271
vb0[1073]+012 NORMAL: -0.38110172748565674, -0.9233475923538208, -0.04680613428354263
vb0[1073]+024 TANGENT: 1.0, 0.0, 0.0, -1.0
vb0[1073]+040 BLENDWEIGHTS: 0.5005568861961365, 0.45288485288619995, 0.04655824974179268, 0.0
vb0[1073]+056 BLENDINDICES: 32, 34, 25, 0
vb0[1073]+072 COLOR: 0.0070588234812021255, 0.0, 0.0, 0.0
vb0[1073]+088 TEXCOORD1: -0.38110172748565674, 0.0

vb0[1074]+000 POSITION: -0.04386220872402191, -0.060109011828899384, 1.570356011390686
vb0[1074]+012 NORMAL: -0.15973444283008575, -0.9849297404289246, -0.06632015854120255
vb0[1074]+024 TANGENT: 1.0, 0.0, 0.0, -1.0
vb0[1074]+040 BLENDWEIGHTS: 0.699999988079071, 0.30000001192092896, 0.0, 0.0
vb0[1074]+056 BLENDINDICES: 34, 32, 0, 0
vb0[1074]+072 COLOR: 0.007529411930590868, 0.0, 0.0, 0.0
vb0[1074]+088 TEXCOORD1: -0.15973444283008575, -7.450580596923828e-09

vb0[1075]+000 POSITION: -0.04301830381155014, -0.06080497428774834, 1.570780873298645
vb0[1075]+012 NORMAL: -0.6280307173728943, -0.7736288905143738, -0.08411724865436554
vb0[1075]+024 TANGENT: 1.0, 0.0, 0.0, -1.0
vb0[1075]+040 BLENDWEIGHTS: 0.699999988079071, 0.30000001192092896, 0.0, 0.0
vb0[1075]+056 BLENDINDICES: 34, 32, 0, 0
vb0[1075]+072 COLOR: 0.007529411930590868, 0.0, 0.0, 0.0
vb0[1075]+088 TEXCOORD1: -0.6280307769775391, 0.0

vb0[1076]+000 POSITION: -0.04273030534386635, -0.05957208573818207, 1.5663447380065918
vb0[1076]+012 NORMAL: -0.38110172748565674, -0.9233475923538208, -0.04680613428354263
vb0[1076]+024 TANGENT: 1.0, 0.0, 0.0, -1.0
vb0[1076]+040 BLENDWEIGHTS: 0.8346250057220459, 0.1653750091791153, 0.0, 0.0
vb0[1076]+056 BLENDINDICES: 34, 32, 0, 0
vb0[1076]+072 COLOR: 0.007686274591833353, 0.0, 0.0, 0.0
vb0[1076]+088 TEXCOORD1: -0.38110172748565674, 0.0

vb0[1077]+000 POSITION: -0.04217284172773361, -0.059936560690402985, 1.566664218902588
vb0[1077]+012 NORMAL: -0.17653587460517883, -0.9822299480438232, -0.063714399933815
vb0[1077]+024 TANGENT: 1.0, 0.0, 0.0, -1.0
vb0[1077]+040 BLENDWEIGHTS: 0.8346250057220459, 0.1653750091791153, 0.0, 0.0
vb0[1077]+056 BLENDINDICES: 34, 32, 0, 0
vb0[1077]+072 COLOR: 0.007686274591833353, 0.0, 0.0, 0.0
vb0[1077]+088 TEXCOORD1: -0.17653587460517883, 0.0

vb0[1078]+000 POSITION: -0.04153706505894661, -0.05895012617111206, 1.56386399269104
vb0[1078]+012 NORMAL: -0.9201591610908508, -0.32415521144866943, -0.21961456537246704
vb0[1078]+024 TANGENT: 1.0, 0.0, 0.0, -1.0
vb0[1078]+040 BLENDWEIGHTS: 0.9187589287757874, 0.08124107122421265, 0.0, 0.0
vb0[1078]+056 BLENDINDICES: 34, 32, 0, 0
vb0[1078]+072 COLOR: 0.00800000037997961, 0.0, 0.0, 0.0
vb0[1078]+088 TEXCOORD1: -0.9201591610908508, -1.4901161193847656e-08

vb0[1079]+000 POSITION: -0.041274890303611755, -0.0591963566839695, 1.5640877485275269
vb0[1079]+012 NORMAL: -0.3703140914440155, -0.9276000261306763, -0.049250971525907516
vb0[1079]+024 TANGENT: 1.0, 0.0, 0.0, -1.0
vb0[1079]+040 BLENDWEIGHTS: 0.9187589287757874, 0.08124107122421265, 0.0, 0.0
vb0[1079]+056 BLENDINDICES: 34, 32, 0, 0
vb0[1079]+072 COLOR: 0.00800000037997961, 0.0, 0.0, 0.0
vb0[1079]+088 TEXCOORD1: -0.3703141212463379, 0.0

vb0[1080]+000 POSITION: -0.04008970782160759, -0.058247096836566925, 1.561990737915039
vb0[1080]+012 NORMAL: -0.7923309803009033, -0.5930561423301697, -0.1431640237569809
vb0[1080]+024 TANGENT: 1.0, 0.0, 0.0, -1.0
vb0[1080]+040 BLENDWEIGHTS: 1.0, 0.0, 0.0, 0.0
vb0[1080]+056 BLENDINDICES: 34, 0, 0, 0
vb0[1080]+072 COLOR: 0.008156863041222095, 0.0, 0.0, 0.0
vb0[1080]+088 TEXCOORD1: 0.49115729331970215, 0.8708316683769226

vb0[1081]+000 POSITION: -0.0454760305583477, -0.05758112668991089, 1.5902349948883057
vb0[1081]+012 NORMAL: 0.47819551825523376, 0.7733412981033325, -0.416259765625
vb0[1081]+024 TANGENT: 1.0, 0.0, 0.0, -1.0
vb0[1081]+040 BLENDWEIGHTS: 0.3357422649860382, 0.3334727883338928, 0.2772828936576843, 0.05350207909941673
vb0[1081]+056 BLENDINDICES: 32, 30, 25, 34
vb0[1081]+072 COLOR: 0.006117647048085928, 0.0, 0.0, 0.0
vb0[1081]+088 TEXCOORD1: 0.47819557785987854, 0.0

vb0[1082]+000 POSITION: -0.04737425595521927, -0.05838136374950409, 1.5806255340576172
vb0[1082]+012 NORMAL: -0.6180433630943298, -0.7822074890136719, -0.07857462018728256
vb0[1082]+024 TANGENT: 1.0, 0.0, 0.0, -1.0
vb0[1082]+040 BLENDWEIGHTS: 0.6473352909088135, 0.2157784253358841, 0.10694945603609085, 0.029936840757727623
vb0[1082]+056 BLENDINDICES: 30, 35, 25, 32
vb0[1082]+072 COLOR: 0.0067450981587171555, 0.0, 0.0, 0.0
vb0[1082]+088 TEXCOORD1: -0.6180433034896851, 0.0

vb0[1083]+000 POSITION: -0.045229069888591766, -0.05486539751291275, 1.5805883407592773
vb0[1083]+012 NORMAL: -0.8250859975814819, -0.5302443504333496, -0.1951257437467575
vb0[1083]+024 TANGENT: 1.0, 0.0, 0.0, -1.0
vb0[1083]+040 BLENDWEIGHTS: 0.567215621471405, 0.1890718936920166, 0.15000000596046448, 0.09371250122785568
vb0[1083]+056 BLENDINDICES: 30, 35, 32, 25
vb0[1083]+072 COLOR: 0.0067450981587171555, 0.0, 0.0, 0.0
vb0[1083]+088 TEXCOORD1: -0.8250860571861267, 0.0

vb0[1084]+000 POSITION: -0.04393705725669861, -0.05478568747639656, 1.5902349948883057
vb0[1084]+012 NORMAL: -0.9350368976593018, -0.1975909173488617, -0.29438716173171997
vb0[1084]+024 TANGENT: 1.0, 0.0, 0.0, -1.0
vb0[1084]+040 BLENDWEIGHTS: 0.5676140785217285, 0.30563831329345703, 0.09024999290704727, 0.03649754822254181
vb0[1084]+056 BLENDINDICES: 30, 25, 32, 35
vb0[1084]+072 COLOR: 0.006117647048085928, 0.0, 0.0, 0.0
vb0[1084]+088 TEXCOORD1: -0.9350369572639465, 0.0

vb0[1085]+000 POSITION: -0.053506821393966675, -0.053658075630664825, 1.5800336599349976
vb0[1085]+012 NORMAL: -0.8250859975814819, -0.5302443504333496, -0.1951257437467575
vb0[1085]+024 TANGENT: 1.0, 0.0, 0.0, -1.0
vb0[1085]+040 BLENDWEIGHTS: 0.667312502861023, 0.2224375158548355, 0.11024999618530273, 0.0
vb0[1085]+056 BLENDINDICES: 30, 35, 25, 0
vb0[1085]+072 COLOR: 0.0067450981587171555, 0.0, 0.0, 0.0
vb0[1085]+088 TEXCOORD1: -0.8250860571861267, 0.0

vb0[1086]+000 POSITION: -0.05815672129392624, -0.04718022421002388, 1.580162763595581
vb0[1086]+012 NORMAL: -0.7923309803009033, -0.5930561423301697, -0.1431640237569809
vb0[1086]+024 TANGENT: 1.0, 0.0, 0.0, -1.0
vb0[1086]+040 BLENDWEIGHTS: 0.6080976128578186, 0.1901841014623642, 0.1012515053153038, 0.10046680271625519
vb0[1086]+056 BLENDINDICES: 30, 35, 31, 25
vb0[1086]+072 COLOR: 0.0067450981587171555, 0.0, 0.0, 0.0
vb0[1086]+088 TEXCOORD1: -0.7923310399055481, 0.0

vb0[1087]+000 POSITION: -0.0509224496781826, -0.05433296039700508, 1.5731350183486938
vb0[1087]+012 NORMAL: -0.8250859975814819, -0.5302443504333496, -0.1951257437467575
vb0[1087]+024 TANGENT: 1.0, 0.0, 0.0, -1.0
vb0[1087]+040 BLENDWEIGHTS: 0.5155237317085266, 0.4664262533187866, 0.018049998208880424, 0.0
vb0[1087]+056 BLENDINDICES: 30, 35, 25, 0
vb0[1087]+072 COLOR: 0.007215686142444611, 0.0, 0.0, 0.0
vb0[1087]+088 TEXCOORD1: -0.8250860571861267, 0.0

vb0[1088]+000 POSITION: -0.053892869502305984, -0.05078043043613434, 1.5732111930847168
vb0[1088]+012 NORMAL: 0.053297705948352814, 0.9532838463783264, -0.2973369359970093
vb0[1088]+024 TANGENT: 1.0, 0.0, 0.0, -1.0
vb0[1088]+040 BLENDWEIGHTS: 0.5155237317085266, 0.4664262533187866, 0.018049998208880424, 0.0
vb0[1088]+056 BLENDINDICES: 30, 35, 25, 0
vb0[1088]+072 COLOR: 0.007215686142444611, 0.0, 0.0, 0.0
vb0[1088]+088 TEXCOORD1: 0.053297702223062515, 2.9802322387695312e-08

vb0[1089]+000 POSITION: -0.05095066875219345, -0.049343690276145935, 1.564197063446045
vb0[1089]+012 NORMAL: 0.05465015023946762, 0.9524431824684143, -0.29977577924728394
vb0[1089]+024 TANGENT: 1.0, 0.0, 0.0, -1.0
vb0[1089]+040 BLENDWEIGHTS: 0.9800000190734863, 0.019999999552965164, 0.0, 0.0
vb0[1089]+056 BLENDINDICES: 35, 30, 0, 0
vb0[1089]+072 COLOR: 0.00800000037997961, 0.0, 0.0, 0.0
vb0[1089]+088 TEXCOORD1: 0.05465015023946762, 0.0

vb0[1090]+000 POSITION: -0.047656409442424774, -0.05182564631104469, 1.5622212886810303
vb0[1090]+012 NORMAL: -0.8062626123428345, -0.5326787829399109, -0.25728172063827515
vb0[1090]+024 TANGENT: 1.0, 0.0, 0.0, -1.0
vb0[1090]+040 BLENDWEIGHTS: 1.0, 0.0, 0.0, 0.0
vb0[1090]+056 BLENDINDICES: 35, 0, 0, 0
vb0[1090]+072 COLOR: 0.00800000037997961, 0.0, 0.0, 0.0
vb0[1090]+088 TEXCOORD1: -0.8062626719474792, 0.0

vb0[1091]+000 POSITION: -0.04865565150976181, -0.052594251930713654, 1.5648945569992065
vb0[1091]+012 NORMAL: 0.16482269763946533, 0.8688056468963623, -0.46691569685935974
vb0[1091]+024 TANGENT: 1.0, 0.0, 0.0, -1.0
vb0[1091]+040 BLENDWEIGHTS: 0.8424999713897705, 0.1575000137090683, 0.0, 0.0
vb0[1091]+056 BLENDINDICES: 35, 30, 0, 0
vb0[1091]+072 COLOR: 0.00784313678741455, 0.0, 0.0, 0.0
vb0[1091]+088 TEXCOORD1: 0.16482269763946533, 0.0

vb0[1092]+000 POSITION: -0.0517948754131794, -0.049770839512348175, 1.566322922706604
vb0[1092]+012 NORMAL: 0.3570915758609772, 0.8162975311279297, -0.454030841588974
vb0[1092]+024 TANGENT: 1.0, 0.0, 0.0, -1.0
vb0[1092]+040 BLENDWEIGHTS: 0.8424999713897705, 0.1575000137090683, 0.0, 0.0
vb0[1092]+056 BLENDINDICES: 35, 30, 0, 0
vb0[1092]+072 COLOR: 0.00784313678741455, 0.0, 0.0, 0.0
vb0[1092]+088 TEXCOORD1: 0.3570915758609772, -2.9802322387695312e-08

vb0[1093]+000 POSITION: -0.04698595032095909, -0.057208042591810226, 1.5731362104415894
vb0[1093]+012 NORMAL: -0.9350368976593018, -0.1975909173488617, -0.29438716173171997
vb0[1093]+024 TANGENT: 1.0, 0.0, 0.0, -1.0
vb0[1093]+040 BLENDWEIGHTS: 0.5155237317085266, 0.4664262533187866, 0.018049998208880424, 0.0
vb0[1093]+056 BLENDINDICES: 30, 35, 25, 0
vb0[1093]+072 COLOR: 0.007215686142444611, 0.0, 0.0, 0.0
vb0[1093]+088 TEXCOORD1: -0.9350369572639465, 0.0

vb0[1094]+000 POSITION: -0.04436152055859566, -0.053692758083343506, 1.5608681440353394
vb0[1094]+012 NORMAL: -0.5545036196708679, -0.8308294415473938, -0.047415584325790405
vb0[1094]+024 TANGENT: 1.0, 0.0, 0.0, -1.0
vb0[1094]+040 BLENDWEIGHTS: 1.0, 0.0, 0.0, 0.0
vb0[1094]+056 BLENDINDICES: 35, 0, 0, 0
vb0[1094]+072 COLOR: 0.008156863041222095, 0.0, 0.0, 0.0
vb0[1094]+088 TEXCOORD1: 0.2875221371650696, 0.9552767872810364

vb0[1095]+000 POSITION: -0.0451941043138504, -0.054728325456380844, 1.5637649297714233
vb0[1095]+012 NORMAL: 0.2285153716802597, 0.851856529712677, -0.4712972044944763
vb0[1095]+024 TANGENT: 1.0, 0.0, 0.0, -1.0
vb0[1095]+040 BLENDWEIGHTS: 0.8424999713897705, 0.1575000137090683, 0.0, 0.0
vb0[1095]+056 BLENDINDICES: 35, 30, 0, 0
vb0[1095]+072 COLOR: 0.00800000037997961, 0.0, 0.0, 0.0
vb0[1095]+088 TEXCOORD1: 0.2285154014825821, 0.0

vb0[1096]+000 POSITION: -0.0604076087474823, -0.04539387673139572, 1.5782586336135864
vb0[1096]+012 NORMAL: -0.5805609822273254, -0.8085840344429016, -0.09560762345790863
vb0[1096]+024 TANGENT: 1.0, 0.0, 0.0, -1.0
vb0[1096]+040 BLENDWEIGHTS: 0.6026968359947205, 0.15671345591545105, 0.146576389670372, 0.09401332587003708
vb0[1096]+056 BLENDINDICES: 31, 30, 33, 25
vb0[1096]+072 COLOR: 0.0069019608199596405, 0.0, 0.0, 0.0
vb0[1096]+088 TEXCOORD1: -0.5805609822273254, -7.450580596923828e-09

vb0[1097]+000 POSITION: -0.06544655561447144, -0.03904809057712555, 1.5764814615249634
vb0[1097]+012 NORMAL: -0.8062626123428345, -0.5326787829399109, -0.25728172063827515
vb0[1097]+024 TANGENT: 1.0, 0.0, 0.0, -1.0
vb0[1097]+040 BLENDWEIGHTS: 0.49563273787498474, 0.2618437111377716, 0.16521091759204865, 0.0773126482963562
vb0[1097]+056 BLENDINDICES: 31, 1, 33, 25
vb0[1097]+072 COLOR: 0.0070588234812021255, 0.0, 0.0, 0.0
vb0[1097]+088 TEXCOORD1: -0.8062626719474792, 0.0

vb0[1098]+000 POSITION: -0.06899935752153397, -0.03159593418240547, 1.5746150016784668
vb0[1098]+012 NORMAL: -0.8250859975814819, -0.5302443504333496, -0.1951257437467575
vb0[1098]+024 TANGENT: 1.0, 0.0, 0.0, -1.0
vb0[1098]+040 BLENDWEIGHTS: 0.4028681218624115, 0.3999999761581421, 0.13428939878940582, 0.06284250319004059
vb0[1098]+056 BLENDINDICES: 31, 1, 33, 25
vb0[1098]+072 COLOR: 0.007215686142444611, 0.0, 0.0, 0.0
vb0[1098]+088 TEXCOORD1: -0.8250860571861267, 0.0

vb0[1099]+000 POSITION: -0.06726016849279404, -0.028700143098831177, 1.574054479598999
vb0[1099]+012 NORMAL: -0.41284695267677307, -0.3859865069389343, -0.8249678611755371
vb0[1099]+024 TANGENT: 1.0, 0.0, 0.0, -1.0
vb0[1099]+040 BLENDWEIGHTS: 0.41999995708465576, 0.389439195394516, 0.129813089966774, 0.06074775382876396
vb0[1099]+056 BLENDINDICES: 1, 31, 33, 25
vb0[1099]+072 COLOR: 0.007215686142444611, 0.0, 0.0, 0.0
vb0[1099]+088 TEXCOORD1: -0.4128469228744507, 0.0

vb0[1100]+000 POSITION: -0.06709235161542892, -0.02804144285619259, 1.5742908716201782
vb0[1100]+012 NORMAL: -0.5695227384567261, -0.6496678590774536, -0.5035629868507385
vb0[1100]+024 TANGENT: 1.0, 0.0, 0.0, -1.0
vb0[1100]+040 BLENDWEIGHTS: 0.5, 0.3357234299182892, 0.11190782487392426, 0.05236875265836716
vb0[1100]+056 BLENDINDICES: 1, 31, 33, 25
vb0[1100]+072 COLOR: 0.007215686142444611, 0.0, 0.0, 0.0
vb0[1100]+088 TEXCOORD1: -0.5695227384567261, 0.0

vb0[1101]+000 POSITION: -0.06695425510406494, -0.032219599932432175, 1.5647693872451782
vb0[1101]+012 NORMAL: -0.6180433630943298, -0.7822074890136719, -0.07857462018728256
vb0[1101]+024 TANGENT: 1.0, 0.0, 0.0, -1.0
vb0[1101]+040 BLENDWEIGHTS: 0.3576502799987793, 0.32358840107917786, 0.30000001192092896, 0.01876133494079113
vb0[1101]+056 BLENDINDICES: 31, 33, 1, 25
vb0[1101]+072 COLOR: 0.00784313678741455, 0.0, 0.0, 0.0
vb0[1101]+088 TEXCOORD1: -0.6180433034896851, 0.0

vb0[1102]+000 POSITION: -0.0636930912733078, -0.03895556554198265, 1.5659217834472656
vb0[1102]+012 NORMAL: -0.8491278886795044, -0.18030118942260742, -0.49646082520484924
vb0[1102]+024 TANGENT: 1.0, 0.0, 0.0, -1.0
vb0[1102]+040 BLENDWEIGHTS: 0.423536479473114, 0.3831997215747833, 0.17104627192020416, 0.022217538207769394
vb0[1102]+056 BLENDINDICES: 31, 33, 1, 25
vb0[1102]+072 COLOR: 0.00784313678741455, 0.0, 0.0, 0.0
vb0[1102]+088 TEXCOORD1: -0.8491278886795044, 0.0

vb0[1103]+000 POSITION: -0.05903488025069237, -0.043888453394174576, 1.5669573545455933
vb0[1103]+012 NORMAL: -0.7352778315544128, -0.5860481262207031, -0.3404616415500641
vb0[1103]+024 TANGENT: 1.0, 0.0, 0.0, -1.0
vb0[1103]+040 BLENDWEIGHTS: 0.45983606576919556, 0.4160422086715698, 0.10000000894069672, 0.024121714755892754
vb0[1103]+056 BLENDINDICES: 31, 33, 30, 25
vb0[1103]+072 COLOR: 0.007686274591833353, 0.0, 0.0, 0.0
vb0[1103]+088 TEXCOORD1: -0.7352778315544128, 0.0

vb0[1104]+000 POSITION: -0.06132211163640022, -0.0384061262011528, 1.5589442253112793
vb0[1104]+012 NORMAL: -0.8062626123428345, -0.5326787829399109, -0.25728172063827515
vb0[1104]+024 TANGENT: 1.0, 0.0, 0.0, -1.0
vb0[1104]+040 BLENDWEIGHTS: 0.5464177131652832, 0.34333229064941406, 0.11024999618530273, 0.0
vb0[1104]+056 BLENDINDICES: 33, 31, 1, 0
vb0[1104]+072 COLOR: 0.00831372570246458, 0.0, 0.0, 0.0
vb0[1104]+088 TEXCOORD1: -0.8062626719474792, 0.0

vb0[1105]+000 POSITION: -0.05741847679018974, -0.0423935204744339, 1.559821605682373
vb0[1105]+012 NORMAL: -0.914090633392334, -0.15152736008167267, -0.3761351704597473
vb0[1105]+024 TANGENT: 1.0, 0.0, 0.0, -1.0
vb0[1105]+040 BLENDWEIGHTS: 0.590660572052002, 0.3711315393447876, 0.03820783272385597, 0.0
vb0[1105]+056 BLENDINDICES: 33, 31, 30, 0
vb0[1105]+072 COLOR: 0.008156863041222095, 0.0, 0.0, 0.0
vb0[1105]+088 TEXCOORD1: -0.9140906929969788, 0.0

vb0[1106]+000 POSITION: -0.06425254791975021, -0.032629020512104034, 1.5582270622253418
vb0[1106]+012 NORMAL: -0.510672390460968, -0.8488412499427795, -0.1366833597421646
vb0[1106]+024 TANGENT: 1.0, 0.0, 0.0, -1.0
vb0[1106]+040 BLENDWEIGHTS: 0.485158771276474, 0.3048412501811981, 0.20999999344348907, 0.0
vb0[1106]+056 BLENDINDICES: 33, 31, 1, 0
vb0[1106]+072 COLOR: 0.00831372570246458, 0.0, 0.0, 0.0
vb0[1106]+088 TEXCOORD1: -0.510672390460968, 1.4901161193847656e-08

vb0[1107]+000 POSITION: -0.06193291023373604, -0.033245187252759933, 1.5544449090957642
vb0[1107]+012 NORMAL: -0.7352778315544128, -0.5860481262207031, -0.3404616415500641
vb0[1107]+024 TANGENT: 1.0, 0.0, 0.0, -1.0
vb0[1107]+040 BLENDWEIGHTS: 0.6159904599189758, 0.23438455164432526, 0.1496249884366989, 0.0
vb0[1107]+056 BLENDINDICES: 33, 31, 1, 0
vb0[1107]+072 COLOR: 0.00862745102494955, 0.0, 0.0, 0.0
vb0[1107]+088 TEXCOORD1: -0.7352778315544128, 0.0

vb0[1108]+000 POSITION: -0.058986272662878036, -0.03823663666844368, 1.554934024810791
vb0[1108]+012 NORMAL: -0.8491278886795044, -0.18030118942260742, -0.49646082520484924
vb0[1108]+024 TANGENT: 1.0, 0.0, 0.0, -1.0
vb0[1108]+040 BLENDWEIGHTS: 0.6787214279174805, 0.25825366377830505, 0.06302493065595627, 0.0
vb0[1108]+056 BLENDINDICES: 33, 31, 1, 0
vb0[1108]+072 COLOR: 0.00862745102494955, 0.0, 0.0, 0.0
vb0[1108]+088 TEXCOORD1: -0.8491278886795044, 0.0

vb0[1109]+000 POSITION: -0.057607501745224, -0.03507734090089798, 1.5504239797592163
vb0[1109]+012 NORMAL: -0.5805609822273254, -0.8085840344429016, -0.09560762345790863
vb0[1109]+024 TANGENT: 1.0, 0.0, 0.0, -1.0
vb0[1109]+040 BLENDWEIGHTS: 0.8145233392715454, 0.11270511895418167, 0.07277151942253113, 0.0
vb0[1109]+056 BLENDINDICES: 33, 31, 1, 0
vb0[1109]+072 COLOR: 0.00894117634743452, 0.0, 0.0, 0.0
vb0[1109]+088 TEXCOORD1: -0.5805609822273254, -7.450580596923828e-09

vb0[1110]+000 POSITION: -0.055696357041597366, -0.0380292609333992, 1.5506538152694702
vb0[1110]+012 NORMAL: -0.8062626123428345, -0.5326787829399109, -0.25728172063827515
vb0[1110]+024 TANGENT: 1.0, 0.0, 0.0, -1.0
vb0[1110]+040 BLENDWEIGHTS: 0.8608804941177368, 0.11911953240633011, 0.019999999552965164, 0.0
vb0[1110]+056 BLENDINDICES: 33, 31, 1, 0
vb0[1110]+072 COLOR: 0.00894117634743452, 0.0, 0.0, 0.0
vb0[1110]+088 TEXCOORD1: -0.8062626719474792, 0.0

vb0[1111]+000 POSITION: -0.05725576728582382, -0.03812000900506973, 1.5524237155914307
vb0[1111]+012 NORMAL: 0.0981476828455925, 0.9196197986602783, -0.3803505301475525
vb0[1111]+024 TANGENT: 1.0, 0.0, 0.0, -1.0
vb0[1111]+040 BLENDWEIGHTS: 0.7785109281539917, 0.18148909509181976, 0.04000000283122063, 0.0
vb0[1111]+056 BLENDINDICES: 33, 31, 1, 0
vb0[1111]+072 COLOR: 0.008784313686192036, 0.0, 0.0, 0.0
vb0[1111]+088 TEXCOORD1: 0.0981476902961731, 0.0

vb0[1112]+000 POSITION: -0.060000184923410416, -0.03390359506011009, 1.5521572828292847
vb0[1112]+012 NORMAL: 0.13225297629833221, 0.8879608511924744, -0.44049376249313354
vb0[1112]+024 TANGENT: 1.0, 0.0, 0.0, -1.0
vb0[1112]+040 BLENDWEIGHTS: 0.7176897525787354, 0.16731026768684387, 0.11500000208616257, 0.0
vb0[1112]+056 BLENDINDICES: 33, 31, 1, 0
vb0[1112]+072 COLOR: 0.008784313686192036, 0.0, 0.0, 0.0
vb0[1112]+088 TEXCOORD1: 0.13225297629833221, 0.0

vb0[1113]+000 POSITION: -0.05166339874267578, -0.038495950400829315, 1.5478624105453491
vb0[1113]+012 NORMAL: -0.7352778315544128, -0.5860481262207031, -0.3404616415500641
vb0[1113]+024 TANGENT: 1.0, 0.0, 0.0, -1.0
vb0[1113]+040 BLENDWEIGHTS: 1.0, 0.0, 0.0, 0.0
vb0[1113]+056 BLENDINDICES: 33, 0, 0, 0
vb0[1113]+072 COLOR: 0.009098039008677006, 0.0, 0.0, 0.0
vb0[1113]+088 TEXCOORD1: 0.338349312543869, 0.5367586612701416

vb0[1114]+000 POSITION: -0.05537386238574982, -0.03630401939153671, 1.5493003129959106
vb0[1114]+012 NORMAL: -0.6480551958084106, -0.6274201273918152, -0.4317040741443634
vb0[1114]+024 TANGENT: 1.0, 0.0, 0.0, -1.0
vb0[1114]+040 BLENDWEIGHTS: 0.8964527249336243, 0.061105623841285706, 0.04244165122509003, 0.0
vb0[1114]+056 BLENDINDICES: 33, 31, 1, 0
vb0[1114]+072 COLOR: 0.00894117634743452, 0.0, 0.0, 0.0
vb0[1114]+088 TEXCOORD1: -0.6480552554130554, 0.0

vb0[1115]+000 POSITION: -0.05601367726922035, -0.04130810499191284, 1.5554841756820679
vb0[1115]+012 NORMAL: -0.7631894946098328, -0.2200314998626709, -0.6075589060783386
vb0[1115]+024 TANGENT: 1.0, 0.0, 0.0, -1.0
vb0[1115]+040 BLENDWEIGHTS: 0.7189081311225891, 0.2735447883605957, 0.007547071669250727, 0.0
vb0[1115]+056 BLENDINDICES: 33, 31, 30, 0
vb0[1115]+072 COLOR: 0.008470588363707066, 0.0, 0.0, 0.0
vb0[1115]+088 TEXCOORD1: -0.7631895542144775, 0.0

vb0[1116]+000 POSITION: -0.05372145399451256, -0.039786145091056824, 1.5508118867874146
vb0[1116]+012 NORMAL: 0.45999908447265625, 0.7978919148445129, -0.389575719833374
vb0[1116]+024 TANGENT: 1.0, 0.0, 0.0, -1.0
vb0[1116]+040 BLENDWEIGHTS: 0.8784494400024414, 0.1215505450963974, 0.0, 0.0
vb0[1116]+056 BLENDINDICES: 33, 31, 0, 0
vb0[1116]+072 COLOR: 0.00894117634743452, 0.0, 0.0, 0.0
vb0[1116]+088 TEXCOORD1: 0.4599991738796234, 2.9802322387695312e-08

vb0[1117]+000 POSITION: -0.054781269282102585, -0.04046108201146126, 1.5527687072753906
vb0[1117]+012 NORMAL: 0.09925449639558792, 0.9185771346092224, -0.3825763761997223
vb0[1117]+024 TANGENT: 1.0, 0.0, 0.0, -1.0
vb0[1117]+040 BLENDWEIGHTS: 0.8109488487243652, 0.18905113637447357, 0.0, 0.0
vb0[1117]+056 BLENDINDICES: 33, 31, 0, 0
vb0[1117]+072 COLOR: 0.008784313686192036, 0.0, 0.0, 0.0
vb0[1117]+088 TEXCOORD1: 0.09925448149442673, 0.0

vb0[1118]+000 POSITION: -0.0741157978773117, -0.020693721249699593, 1.5724822282791138
vb0[1118]+012 NORMAL: -0.6480551958084106, -0.6274201273918152, -0.4317040741443634
vb0[1118]+024 TANGENT: 1.0, 0.0, 0.0, -1.0
vb0[1118]+040 BLENDWEIGHTS: 0.7000000476837158, 0.20143403112888336, 0.06714467704296112, 0.031421247869729996
vb0[1118]+056 BLENDINDICES: 1, 31, 33, 25
vb0[1118]+072 COLOR: 0.007372548803687096, 0.0, 0.0, 0.0
vb0[1118]+088 TEXCOORD1: -0.6480552554130554, 0.0

vb0[1119]+000 POSITION: -0.0702001228928566, -0.02878723293542862, 1.5741562843322754
vb0[1119]+012 NORMAL: -0.4214031994342804, -0.8894668221473694, -0.1768277883529663
vb0[1119]+024 TANGENT: 1.0, 0.0, 0.0, -1.0
vb0[1119]+040 BLENDWEIGHTS: 0.550000011920929, 0.302151083946228, 0.10071703791618347, 0.04713187739253044
vb0[1119]+056 BLENDINDICES: 1, 31, 33, 25
vb0[1119]+072 COLOR: 0.007215686142444611, 0.0, 0.0, 0.0
vb0[1119]+088 TEXCOORD1: -0.4214031994342804, -1.4901161193847656e-08

vb0[1120]+000 POSITION: -0.07155782729387283, -0.023070689290761948, 1.5637904405593872
vb0[1120]+012 NORMAL: -0.510672390460968, -0.8488412499427795, -0.1366833597421646
vb0[1120]+024 TANGENT: 1.0, 0.0, 0.0, -1.0
vb0[1120]+040 BLENDWEIGHTS: 0.6500000357627869, 0.17882516980171204, 0.16179421544075012, 0.00938066840171814
vb0[1120]+056 BLENDINDICES: 1, 31, 33, 25
vb0[1120]+072 COLOR: 0.00800000037997961, 0.0, 0.0, 0.0
vb0[1120]+088 TEXCOORD1: -0.510672390460968, 1.4901161193847656e-08

vb0[1121]+000 POSITION: -0.06914465129375458, -0.028991609811782837, 1.5650914907455444
vb0[1121]+012 NORMAL: -0.7352778315544128, -0.5860481262207031, -0.3404616415500641
vb0[1121]+024 TANGENT: 1.0, 0.0, 0.0, -1.0
vb0[1121]+040 BLENDWEIGHTS: 0.5512499213218689, 0.22927941381931305, 0.20744329690933228, 0.012027355842292309
vb0[1121]+056 BLENDINDICES: 1, 31, 33, 25
vb0[1121]+072 COLOR: 0.00784313678741455, 0.0, 0.0, 0.0
vb0[1121]+088 TEXCOORD1: -0.7352778315544128, 0.0

vb0[1122]+000 POSITION: -0.0690760612487793, -0.025089064612984657, 1.5575220584869385
vb0[1122]+012 NORMAL: -0.6480551958084106, -0.6274201273918152, -0.4317040741443634
vb0[1122]+024 TANGENT: 1.0, 0.0, 0.0, -1.0
vb0[1122]+040 BLENDWEIGHTS: 0.606374979019165, 0.24173499643802643, 0.15189005434513092, 0.0
vb0[1122]+056 BLENDINDICES: 1, 33, 31, 0
vb0[1122]+072 COLOR: 0.008470588363707066, 0.0, 0.0, 0.0
vb0[1122]+088 TEXCOORD1: -0.6480552554130554, 0.0

vb0[1123]+000 POSITION: -0.06741761416196823, -0.029428865760564804, 1.5584732294082642
vb0[1123]+012 NORMAL: -0.7631894946098328, -0.2200314998626709, -0.6075589060783386
vb0[1123]+024 TANGENT: 1.0, 0.0, 0.0, -1.0
vb0[1123]+040 BLENDWEIGHTS: 0.5512499213218689, 0.27558866143226624, 0.17316143214702606, 0.0
vb0[1123]+056 BLENDINDICES: 1, 33, 31, 0
vb0[1123]+072 COLOR: 0.00831372570246458, 0.0, 0.0, 0.0
vb0[1123]+088 TEXCOORD1: -0.7631895542144775, 0.0

vb0[1124]+000 POSITION: -0.06673075258731842, -0.02687997743487358, 1.5536247491836548
vb0[1124]+012 NORMAL: -0.07240033149719238, 0.9965999722480774, -0.0393294095993042
vb0[1124]+024 TANGENT: 1.0, 0.0, 0.0, -1.0
vb0[1124]+040 BLENDWEIGHTS: 0.565000057220459, 0.3151031732559204, 0.11989685148000717, 0.0
vb0[1124]+056 BLENDINDICES: 1, 33, 31, 0
vb0[1124]+072 COLOR: 0.00862745102494955, 0.0, 0.0, 0.0
vb0[1124]+088 TEXCOORD1: -0.07240033149719238, -3.725290298461914e-09

vb0[1125]+000 POSITION: -0.06560679525136948, -0.030060086399316788, 1.5540082454681396
vb0[1125]+012 NORMAL: -0.5695227384567261, -0.6496678590774536, -0.5035629868507385
vb0[1125]+024 TANGENT: 1.0, 0.0, 0.0, -1.0
vb0[1125]+040 BLENDWEIGHTS: 0.5354999899864197, 0.33647221326828003, 0.1280277818441391, 0.0
vb0[1125]+056 BLENDINDICES: 1, 33, 31, 0
vb0[1125]+072 COLOR: 0.00862745102494955, 0.0, 0.0, 0.0
vb0[1125]+088 TEXCOORD1: -0.5695227384567261, 0.0

vb0[1126]+000 POSITION: -0.06368536502122879, -0.030395856127142906, 1.5505611896514893
vb0[1126]+012 NORMAL: -0.45179298520088196, -0.6823142766952515, -0.5747436285018921
vb0[1126]+024 TANGENT: 1.0, 0.0, 0.0, -1.0
vb0[1126]+040 BLENDWEIGHTS: 0.5099999904632568, 0.39619335532188416, 0.0938066616654396, 0.0
vb0[1126]+056 BLENDINDICES: 1, 33, 31, 0
vb0[1126]+072 COLOR: 0.00894117634743452, 0.0, 0.0, 0.0
vb0[1126]+088 TEXCOORD1: 0.41121119260787964, 0.5186647176742554

vb0[1127]+000 POSITION: -0.07084465026855469, -0.021091729402542114, 1.5634536743164062
vb0[1127]+012 NORMAL: -0.6707525849342346, -0.2251824289560318, -0.7066710591316223
vb0[1127]+024 TANGENT: 1.0, 0.0, 0.0, -1.0
vb0[1127]+040 BLENDWEIGHTS: 0.6500000357627869, 0.17882516980171204, 0.16179421544075012, 0.00938066840171814
vb0[1127]+056 BLENDINDICES: 1, 31, 33, 25
vb0[1127]+072 COLOR: 0.00800000037997961, 0.0, 0.0, 0.0
vb0[1127]+088 TEXCOORD1: -0.6707525849342346, -1.4901161193847656e-08

vb0[1128]+000 POSITION: -0.07303053885698318, -0.018030162900686264, 1.5723857879638672
vb0[1128]+012 NORMAL: -0.6480551958084106, -0.6274201273918152, -0.4317040741443634
vb0[1128]+024 TANGENT: 1.0, 0.0, 0.0, -1.0
vb0[1128]+040 BLENDWEIGHTS: 0.7000000476837158, 0.20143403112888336, 0.06714467704296112, 0.031421247869729996
vb0[1128]+056 BLENDINDICES: 1, 31, 33, 25
vb0[1128]+072 COLOR: 0.007372548803687096, 0.0, 0.0, 0.0
vb0[1128]+088 TEXCOORD1: -0.6480552554130554, 0.0

vb0[1129]+000 POSITION: -0.0746605172753334, -0.014506833627820015, 1.584299087524414
vb0[1129]+012 NORMAL: -0.4214031994342804, -0.8894668221473694, -0.1768277883529663
vb0[1129]+024 TANGENT: 1.0, 0.0, 0.0, -1.0
vb0[1129]+040 BLENDWEIGHTS: 0.75, 0.14783437550067902, 0.07960311323404312, 0.022562498226761818
vb0[1129]+056 BLENDINDICES: 1, 31, 25, 33
vb0[1129]+072 COLOR: 0.00658823549747467, 0.0, 0.0, 0.0
vb0[1129]+088 TEXCOORD1: -0.4214031994342804, -1.4901161193847656e-08

vb0[1130]+000 POSITION: -0.07382526993751526, -0.011001435108482838, 1.5994465351104736
vb0[1130]+012 NORMAL: -0.34821486473083496, -0.9202792644500732, -0.17841655015945435
vb0[1130]+024 TANGENT: 1.0, 0.0, 0.0, -1.0
vb0[1130]+040 BLENDWEIGHTS: 0.837899923324585, 0.10536503791809082, 0.05673503130674362, 0.0
vb0[1130]+056 BLENDINDICES: 1, 25, 31, 0
vb0[1130]+072 COLOR: 0.005490196403115988, 0.0, 0.0, 0.0
vb0[1130]+088 TEXCOORD1: -0.34821486473083496, -1.4901161193847656e-08

vb0[1131]+000 POSITION: -0.07151705026626587, -0.008897261694073677, 1.613180160522461
vb0[1131]+012 NORMAL: -0.5695227384567261, -0.6496678590774536, -0.5035629868507385
vb0[1131]+024 TANGENT: 1.0, 0.0, 0.0, -1.0
vb0[1131]+040 BLENDWEIGHTS: 0.8999999761581421, 0.08843932300806046, 0.011560695245862007, 0.0
vb0[1131]+056 BLENDINDICES: 1, 25, 31, 0
vb0[1131]+072 COLOR: 0.004549019504338503, 0.0, 0.0, 0.0
vb0[1131]+088 TEXCOORD1: -0.5695227384567261, 0.0

vb0[1132]+000 POSITION: -0.06807225942611694, -0.0077603040263056755, 1.6277241706848145
vb0[1132]+012 NORMAL: -0.6707525849342346, -0.2251824289560318, -0.7066710591316223
vb0[1132]+024 TANGENT: 1.0, 0.0, 0.0, -1.0
vb0[1132]+040 BLENDWEIGHTS: 1.0, 0.0, 0.0, 0.0
vb0[1132]+056 BLENDINDICES: 1, 0, 0, 0
vb0[1132]+072 COLOR: 0.0034509804099798203, 0.0, 0.0, 0.0
vb0[1132]+088 TEXCOORD1: -0.6707525849342346, -1.4901161193847656e-08

vb0[1133]+000 POSITION: -0.06295323371887207, -0.0073540001176297665, 1.6411346197128296
vb0[1133]+012 NORMAL: -0.5695227384567261, -0.6496678590774536, -0.5035629868507385
vb0[1133]+024 TANGENT: 1.0, 0.0, 0.0, -1.0
vb0[1133]+040 BLENDWEIGHTS: 1.0, 0.0, 0.0, 0.0
vb0[1133]+056 BLENDINDICES: 1, 0, 0, 0
vb0[1133]+072 COLOR: 0.0025098039768636227, 0.0, 0.0, 0.0
vb0[1133]+088 TEXCOORD1: -0.5695227384567261, 0.0

vb0[1134]+000 POSITION: -0.06895153969526291, -0.023575434461236, 1.5576258897781372
vb0[1134]+012 NORMAL: -0.45179298520088196, -0.6823142766952515, -0.5747436285018921
vb0[1134]+024 TANGENT: 1.0, 0.0, 0.0, -1.0
vb0[1134]+040 BLENDWEIGHTS: 0.606374979019165, 0.24173499643802643, 0.15189005434513092, 0.0
vb0[1134]+056 BLENDINDICES: 1, 33, 31, 0
vb0[1134]+072 COLOR: 0.008470588363707066, 0.0, 0.0, 0.0
vb0[1134]+088 TEXCOORD1: -0.45179304480552673, 0.0

vb0[1135]+000 POSITION: -0.06473477184772491, -0.028285281732678413, 1.551411509513855
vb0[1135]+012 NORMAL: -0.5328050851821899, -0.21212512254714966, -0.8192201852798462
vb0[1135]+024 TANGENT: 1.0, 0.0, 0.0, -1.0
vb0[1135]+040 BLENDWEIGHTS: 0.5300000309944153, 0.37203842401504517, 0.09796155989170074, 0.0
vb0[1135]+056 BLENDINDICES: 1, 33, 31, 0
vb0[1135]+072 COLOR: 0.008784313686192036, 0.0, 0.0, 0.0
vb0[1135]+088 TEXCOORD1: -0.5328050851821899, 0.0

vb0[1136]+000 POSITION: -0.06666474044322968, -0.025953607633709908, 1.5538071393966675
vb0[1136]+012 NORMAL: -0.07839878648519516, 0.9962968230247498, -0.03530140593647957
vb0[1136]+024 TANGENT: 1.0, 0.0, 0.0, -1.0
vb0[1136]+040 BLENDWEIGHTS: 0.565000057220459, 0.3151031732559204, 0.11989685148000717, 0.0
vb0[1136]+056 BLENDINDICES: 1, 33, 31, 0
vb0[1136]+072 COLOR: 0.00862745102494955, 0.0, 0.0, 0.0
vb0[1136]+088 TEXCOORD1: -0.07839879393577576, -3.725290298461914e-09

vb0[1137]+000 POSITION: -0.06645999848842621, -0.028459075838327408, 1.565205693244934
vb0[1137]+012 NORMAL: -0.34821486473083496, -0.9202792644500732, -0.17841655015945435
vb0[1137]+024 TANGENT: 1.0, 0.0, 0.0, -1.0
vb0[1137]+040 BLENDWEIGHTS: 0.5512499213218689, 0.22927941381931305, 0.20744329690933228, 0.012027355842292309
vb0[1137]+056 BLENDINDICES: 1, 31, 33, 25
vb0[1137]+072 COLOR: 0.00784313678741455, 0.0, 0.0, 0.0
vb0[1137]+088 TEXCOORD1: -0.34821486473083496, -1.4901161193847656e-08

vb0[1138]+000 POSITION: -0.06569197028875351, -0.02912704460322857, 1.558448314666748
vb0[1138]+012 NORMAL: 0.5628388524055481, 0.8033037781715393, -0.19471873342990875
vb0[1138]+024 TANGENT: 1.0, 0.0, 0.0, -1.0
vb0[1138]+040 BLENDWEIGHTS: 0.5512499213218689, 0.27558866143226624, 0.17316143214702606, 0.0
vb0[1138]+056 BLENDINDICES: 1, 33, 31, 0
vb0[1138]+072 COLOR: 0.00831372570246458, 0.0, 0.0, 0.0
vb0[1138]+088 TEXCOORD1: 0.5628388524055481, 0.0

vb0[1139]+000 POSITION: -0.06466749310493469, -0.029785048216581345, 1.553943157196045
vb0[1139]+012 NORMAL: -0.25928494334220886, -0.9476920366287231, -0.18614806234836578
vb0[1139]+024 TANGENT: 1.0, 0.0, 0.0, -1.0
vb0[1139]+040 BLENDWEIGHTS: 0.5354999899864197, 0.33647221326828003, 0.1280277818441391, 0.0
vb0[1139]+056 BLENDINDICES: 1, 33, 31, 0
vb0[1139]+072 COLOR: 0.00862745102494955, 0.0, 0.0, 0.0
vb0[1139]+088 TEXCOORD1: -0.25928494334220886, 0.0

vb0[1140]+000 POSITION: -0.05794740468263626, -0.044931087642908096, 1.5801737308502197
vb0[1140]+012 NORMAL: -0.45179298520088196, -0.6823142766952515, -0.5747436285018921
vb0[1140]+024 TANGENT: 1.0, 0.0, 0.0, -1.0
vb0[1140]+040 BLENDWEIGHTS: 0.3500000238418579, 0.3330342173576355, 0.15968410670757294, 0.15728171169757843
vb0[1140]+056 BLENDINDICES: 30, 31, 35, 33
vb0[1140]+072 COLOR: 0.0067450981587171555, 0.0, 0.0, 0.0
vb0[1140]+088 TEXCOORD1: -0.45179304480552673, 0.0

vb0[1141]+000 POSITION: -0.05596319958567619, -0.042139120399951935, 1.5673942565917969
vb0[1141]+012 NORMAL: -0.45179298520088196, -0.6823142766952515, -0.5747436285018921
vb0[1141]+024 TANGENT: 1.0, 0.0, 0.0, -1.0
vb0[1141]+040 BLENDWEIGHTS: 0.42643409967422485, 0.3858213722705841, 0.1653749942779541, 0.022369541227817535
vb0[1141]+056 BLENDINDICES: 31, 33, 30, 25
vb0[1141]+072 COLOR: 0.007686274591833353, 0.0, 0.0, 0.0
vb0[1141]+088 TEXCOORD1: -0.45179304480552673, 0.0

vb0[1142]+000 POSITION: -0.055075909942388535, -0.041280340403318405, 1.5601705312728882
vb0[1142]+012 NORMAL: -0.37643128633499146, -0.1849983185529709, -0.9077857732772827
vb0[1142]+024 TANGENT: 1.0, 0.0, 0.0, -1.0
vb0[1142]+040 BLENDWEIGHTS: 0.5838006734848022, 0.3668212294578552, 0.049378104507923126, 0.0
vb0[1142]+056 BLENDINDICES: 33, 31, 30, 0
vb0[1142]+072 COLOR: 0.008156863041222095, 0.0, 0.0, 0.0
vb0[1142]+088 TEXCOORD1: -0.37643131613731384, 0.0

vb0[1143]+000 POSITION: -0.05423324927687645, -0.04049929976463318, 1.5559391975402832
vb0[1143]+012 NORMAL: -0.5328050851821899, -0.21212512254714966, -0.8192201852798462
vb0[1143]+024 TANGENT: 1.0, 0.0, 0.0, -1.0
vb0[1143]+040 BLENDWEIGHTS: 0.7161345481872559, 0.27248942852020264, 0.011376001872122288, 0.0
vb0[1143]+056 BLENDINDICES: 33, 31, 30, 0
vb0[1143]+072 COLOR: 0.008470588363707066, 0.0, 0.0, 0.0
vb0[1143]+088 TEXCOORD1: -0.5328050851821899, 0.0

vb0[1144]+000 POSITION: -0.05603029951453209, -0.043256133794784546, 1.5785658359527588
vb0[1144]+012 NORMAL: -0.17758989334106445, -0.962590217590332, -0.20465031266212463
vb0[1144]+024 TANGENT: 1.0, 0.0, 0.0, -1.0
vb0[1144]+040 BLENDWEIGHTS: 0.3500000238418579, 0.3330342173576355, 0.15968410670757294, 0.15728171169757843
vb0[1144]+056 BLENDINDICES: 30, 31, 35, 33
vb0[1144]+072 COLOR: 0.0069019608199596405, 0.0, 0.0, 0.0
vb0[1144]+088 TEXCOORD1: -0.17758990824222565, -1.4901161193847656e-08

vb0[1145]+000 POSITION: -0.05617186054587364, -0.04738772287964821, 1.573315143585205
vb0[1145]+012 NORMAL: -0.6304934024810791, -0.772662341594696, -0.07396630942821503
vb0[1145]+024 TANGENT: 1.0, 0.0, 0.0, -1.0
vb0[1145]+040 BLENDWEIGHTS: 0.4934239089488983, 0.44643115997314453, 0.04286876693367958, 0.017276227474212646
vb0[1145]+056 BLENDINDICES: 30, 35, 31, 25
vb0[1145]+072 COLOR: 0.007215686142444611, 0.0, 0.0, 0.0
vb0[1145]+088 TEXCOORD1: -0.6304934620857239, 0.0

vb0[1146]+000 POSITION: -0.054719604551792145, -0.0457112193107605, 1.5699982643127441
vb0[1146]+012 NORMAL: -0.17758989334106445, -0.962590217590332, -0.20465031266212463
vb0[1146]+024 TANGENT: 1.0, 0.0, 0.0, -1.0
vb0[1146]+040 BLENDWEIGHTS: 0.6221352815628052, 0.33499595522880554, 0.04286875203251839, 0.0
vb0[1146]+056 BLENDINDICES: 35, 30, 31, 0
vb0[1146]+072 COLOR: 0.007529411930590868, 0.0, 0.0, 0.0
vb0[1146]+088 TEXCOORD1: -0.17758990824222565, -1.4901161193847656e-08

vb0[1147]+000 POSITION: -0.05496774986386299, -0.04733210429549217, 1.569970726966858
vb0[1147]+012 NORMAL: -0.33008989691734314, -0.677343487739563, -0.6574544906616211
vb0[1147]+024 TANGENT: 1.0, 0.0, 0.0, -1.0
vb0[1147]+040 BLENDWEIGHTS: 0.6388541460037231, 0.34399843215942383, 0.017147500067949295, 0.0
vb0[1147]+056 BLENDINDICES: 35, 30, 31, 0
vb0[1147]+072 COLOR: 0.007529411930590868, 0.0, 0.0, 0.0
vb0[1147]+088 TEXCOORD1: -0.3300899267196655, -2.9802322387695312e-08

vb0[1148]+000 POSITION: -0.05540810525417328, -0.04467856138944626, 1.5732836723327637
vb0[1148]+012 NORMAL: -0.25928494334220886, -0.9476920366287231, -0.18614806234836578
vb0[1148]+024 TANGENT: 1.0, 0.0, 0.0, -1.0
vb0[1148]+040 BLENDWEIGHTS: 0.43819519877433777, 0.3964623212814331, 0.15000000596046448, 0.015342499129474163
vb0[1148]+056 BLENDINDICES: 30, 35, 31, 25
vb0[1148]+072 COLOR: 0.007215686142444611, 0.0, 0.0, 0.0
vb0[1148]+088 TEXCOORD1: -0.25928494334220886, 0.0

vb0[1149]+000 POSITION: -0.052843742072582245, -0.05029108002781868, 1.5692874193191528
vb0[1149]+012 NORMAL: 0.09925449639558792, 0.9185771346092224, -0.3825763761997223
vb0[1149]+024 TANGENT: 1.0, 0.0, 0.0, -1.0
vb0[1149]+040 BLENDWEIGHTS: 0.6499999761581421, 0.3500000238418579, 0.0, 0.0
vb0[1149]+056 BLENDINDICES: 35, 30, 0, 0
vb0[1149]+072 COLOR: 0.007529411930590868, 0.0, 0.0, 0.0
vb0[1149]+088 TEXCOORD1: 0.09925448149442673, 0.0

vb0[1150]+000 POSITION: -0.04992137476801872, -0.05356680601835251, 1.5687381029129028
vb0[1150]+012 NORMAL: -0.1973939687013626, -0.6618003845214844, -0.7232260704040527
vb0[1150]+024 TANGENT: 1.0, 0.0, 0.0, -1.0
vb0[1150]+040 BLENDWEIGHTS: 0.6499999761581421, 0.3500000238418579, 0.0, 0.0
vb0[1150]+056 BLENDINDICES: 35, 30, 0, 0
vb0[1150]+072 COLOR: 0.007529411930590868, 0.0, 0.0, 0.0
vb0[1150]+088 TEXCOORD1: -0.1973939687013626, 2.9802322387695312e-08

vb0[1151]+000 POSITION: -0.04625731334090233, -0.05607740208506584, 1.5682415962219238
vb0[1151]+012 NORMAL: -0.33008989691734314, -0.677343487739563, -0.6574544906616211
vb0[1151]+024 TANGENT: 1.0, 0.0, 0.0, -1.0
vb0[1151]+040 BLENDWEIGHTS: 0.6499999761581421, 0.3500000238418579, 0.0, 0.0
vb0[1151]+056 BLENDINDICES: 35, 30, 0, 0
vb0[1151]+072 COLOR: 0.007686274591833353, 0.0, 0.0, 0.0
vb0[1151]+088 TEXCOORD1: -0.3300899267196655, -2.9802322387695312e-08

vb0[1152]+000 POSITION: -0.053960345685482025, -0.04656731337308884, 1.5675989389419556
vb0[1152]+012 NORMAL: 0.23648084700107574, 0.8502476811408997, -0.4702719748020172
vb0[1152]+024 TANGENT: 1.0, 0.0, 0.0, -1.0
vb0[1152]+040 BLENDWEIGHTS: 0.8424999713897705, 0.1575000137090683, 0.0, 0.0
vb0[1152]+056 BLENDINDICES: 35, 30, 0, 0
vb0[1152]+072 COLOR: 0.007686274591833353, 0.0, 0.0, 0.0
vb0[1152]+088 TEXCOORD1: 0.23648086190223694, -2.9802322387695312e-08

vb0[1153]+000 POSITION: -0.05400019884109497, -0.047262486070394516, 1.5675541162490845
vb0[1153]+012 NORMAL: 0.16907817125320435, 0.8675593137741089, -0.4677107334136963
vb0[1153]+024 TANGENT: 1.0, 0.0, 0.0, -1.0
vb0[1153]+040 BLENDWEIGHTS: 0.8424999713897705, 0.1575000137090683, 0.0, 0.0
vb0[1153]+056 BLENDINDICES: 35, 30, 0, 0
vb0[1153]+072 COLOR: 0.007686274591833353, 0.0, 0.0, 0.0
vb0[1153]+088 TEXCOORD1: 0.16907818615436554, 2.9802322387695312e-08

vb0[1154]+000 POSITION: -0.045280616730451584, -0.05458554998040199, 1.5732284784317017
vb0[1154]+012 NORMAL: -0.8370931148529053, -0.5396174788475037, -0.08993422240018845
vb0[1154]+024 TANGENT: 1.0, 0.0, 0.0, -1.0
vb0[1154]+040 BLENDWEIGHTS: 0.49226075410842896, 0.44537878036499023, 0.045125000178813934, 0.017235491424798965
vb0[1154]+056 BLENDINDICES: 30, 35, 32, 25
vb0[1154]+072 COLOR: 0.007215686142444611, 0.0, 0.0, 0.0
vb0[1154]+088 TEXCOORD1: -0.8370931148529053, -7.450580596923828e-09

vb0[1155]+000 POSITION: -0.044974908232688904, -0.05439041927456856, 1.5682859420776367
vb0[1155]+012 NORMAL: -0.781243622303009, -0.6242249011993408, 0.0012936051934957504
vb0[1155]+024 TANGENT: 1.0, 0.0, 0.0, -1.0
vb0[1155]+040 BLENDWEIGHTS: 0.6499999761581421, 0.3500000238418579, 0.0, 0.0
vb0[1155]+056 BLENDINDICES: 35, 30, 0, 0
vb0[1155]+072 COLOR: 0.007686274591833353, 0.0, 0.0, 0.0
vb0[1155]+088 TEXCOORD1: -0.7812436819076538, 0.0

vb0[1156]+000 POSITION: -0.044590339064598083, -0.05395437031984329, 1.5637915134429932
vb0[1156]+012 NORMAL: 0.4595003128051758, 0.7735772728919983, -0.4363914728164673
vb0[1156]+024 TANGENT: 1.0, 0.0, 0.0, -1.0
vb0[1156]+040 BLENDWEIGHTS: 0.8424999713897705, 0.1575000137090683, 0.0, 0.0
vb0[1156]+056 BLENDINDICES: 35, 30, 0, 0
vb0[1156]+072 COLOR: 0.00800000037997961, 0.0, 0.0, 0.0
vb0[1156]+088 TEXCOORD1: 0.45950034260749817, 0.0

vb0[1157]+000 POSITION: -0.0013617468066513538, -0.0634387955069542, 1.5685765743255615
vb0[1157]+012 NORMAL: -0.054342664778232574, 0.9931787252426147, -0.10316445678472519
vb0[1157]+024 TANGENT: 1.0, 0.0, 0.0, -1.0
vb0[1157]+040 BLENDWEIGHTS: 0.7900000214576721, 0.20999997854232788, 0.0, 0.0
vb0[1157]+056 BLENDINDICES: 28, 23, 0, 0
vb0[1157]+072 COLOR: 0.007686274591833353, 0.0, 0.0, 0.0
vb0[1157]+088 TEXCOORD1: -0.054342664778232574, 0.0

vb0[1158]+000 POSITION: -0.0015957403229549527, -0.06293942034244537, 1.5685994625091553
vb0[1158]+012 NORMAL: -0.07839878648519516, 0.9962968230247498, -0.03530140593647957
vb0[1158]+024 TANGENT: 1.0, 0.0, 0.0, -1.0
vb0[1158]+040 BLENDWEIGHTS: 0.7900000214576721, 0.20999997854232788, 0.0, 0.0
vb0[1158]+056 BLENDINDICES: 28, 23, 0, 0
vb0[1158]+072 COLOR: 0.007686274591833353, 0.0, 0.0, 0.0
vb0[1158]+088 TEXCOORD1: -0.07839879393577576, -3.725290298461914e-09

vb0[1159]+000 POSITION: -0.0015751838218420744, -0.064481221139431, 1.5686116218566895
vb0[1159]+012 NORMAL: -0.05797332897782326, 0.9894808530807495, 0.13253936171531677
vb0[1159]+024 TANGENT: 1.0, 0.0, 0.0, -1.0
vb0[1159]+040 BLENDWEIGHTS: 0.7900000214576721, 0.20999997854232788, 0.0, 0.0
vb0[1159]+056 BLENDINDICES: 28, 23, 0, 0
vb0[1159]+072 COLOR: 0.007686274591833353, 0.0, 0.0, 0.0
vb0[1159]+088 TEXCOORD1: -0.05797332897782326, -1.4901161193847656e-08

vb0[1160]+000 POSITION: 0.02157355658710003, -0.06726193428039551, 1.599320650100708
vb0[1160]+012 NORMAL: -0.9062991738319397, -0.4118961989879608, -0.09467533975839615
vb0[1160]+024 TANGENT: 1.0, 0.0, 0.0, -1.0
vb0[1160]+040 BLENDWEIGHTS: 0.6894509196281433, 0.2298169732093811, 0.0507952980697155, 0.029936838895082474
vb0[1160]+056 BLENDINDICES: 0, 23, 26, 28
vb0[1160]+072 COLOR: 0.005490196403115988, 0.0, 0.0, 0.0
vb0[1160]+088 TEXCOORD1: -0.9062991738319397, 0.0

vb0[1161]+000 POSITION: 0.01905614137649536, -0.05774355307221413, 1.5993233919143677
vb0[1161]+012 NORMAL: -0.9322243928909302, -0.3397836983203888, -0.12451775372028351
vb0[1161]+024 TANGENT: 1.0, 0.0, 0.0, -1.0
vb0[1161]+040 BLENDWEIGHTS: 0.646078884601593, 0.20115460455417633, 0.11958418041467667, 0.033182334154844284
vb0[1161]+056 BLENDINDICES: 0, 23, 26, 28
vb0[1161]+072 COLOR: 0.005647059064358473, 0.0, 0.0, 0.0
vb0[1161]+088 TEXCOORD1: -0.932224452495575, 0.0

vb0[1162]+000 POSITION: 0.004423131700605154, -0.05932777374982834, 1.5702036619186401
vb0[1162]+012 NORMAL: -0.7104845643043518, -0.7010000348091125, -0.061730559915304184
vb0[1162]+024 TANGENT: 1.0, 0.0, 0.0, -1.0
vb0[1162]+040 BLENDWEIGHTS: 0.7000000476837158, 0.29999998211860657, 0.0, 0.0
vb0[1162]+056 BLENDINDICES: 28, 23, 0, 0
vb0[1162]+072 COLOR: 0.007529411930590868, 0.0, 0.0, 0.0
vb0[1162]+088 TEXCOORD1: -0.7104846239089966, -3.725290298461914e-09

vb0[1163]+000 POSITION: 0.01746458187699318, -0.05987906455993652, 1.5879679918289185
vb0[1163]+012 NORMAL: -0.5573644042015076, -0.8271083235740662, 0.0723646730184555
vb0[1163]+024 TANGENT: 1.0, 0.0, 0.0, -1.0
vb0[1163]+040 BLENDWEIGHTS: 0.4401855766773224, 0.4401855766773224, 0.06826707720756531, 0.05136176943778992
vb0[1163]+056 BLENDINDICES: 0, 26, 23, 29
vb0[1163]+072 COLOR: 0.006431372836232185, 0.0, 0.0, 0.0
vb0[1163]+088 TEXCOORD1: -0.5573644638061523, 7.450580596923828e-09

vb0[1164]+000 POSITION: 0.021883627399802208, -0.05226772278547287, 1.5859729051589966
vb0[1164]+012 NORMAL: -0.5573644042015076, -0.8271083235740662, 0.0723646730184555
vb0[1164]+024 TANGENT: 1.0, 0.0, 0.0, -1.0
vb0[1164]+040 BLENDWEIGHTS: 0.4724375009536743, 0.4724375009536743, 0.05512499436736107, 0.0
vb0[1164]+056 BLENDINDICES: 0, 26, 29, 0
vb0[1164]+072 COLOR: 0.00658823549747467, 0.0, 0.0, 0.0
vb0[1164]+088 TEXCOORD1: -0.5573644638061523, 7.450580596923828e-09

vb0[1165]+000 POSITION: 0.02574268728494644, -0.050169799476861954, 1.5982840061187744
vb0[1165]+012 NORMAL: 0.06727689504623413, 0.9439623355865479, -0.3231237232685089
vb0[1165]+024 TANGENT: 1.0, 0.0, 0.0, -1.0
vb0[1165]+040 BLENDWEIGHTS: 0.75, 0.25, 0.0, 0.0
vb0[1165]+056 BLENDINDICES: 0, 26, 0, 0
vb0[1165]+072 COLOR: 0.005647059064358473, 0.0, 0.0, 0.0
vb0[1165]+088 TEXCOORD1: 0.06727689504623413, 0.0

vb0[1166]+000 POSITION: 0.029196245595812798, -0.046790435910224915, 1.6123157739639282
vb0[1166]+012 NORMAL: -0.5545036196708679, -0.8308294415473938, -0.047415584325790405
vb0[1166]+024 TANGENT: 1.0, 0.0, 0.0, -1.0
vb0[1166]+040 BLENDWEIGHTS: 0.9229819774627686, 0.04857800155878067, 0.028439998626708984, 0.0
vb0[1166]+056 BLENDINDICES: 0, 26, 1, 0
vb0[1166]+072 COLOR: 0.004705882165580988, 0.0, 0.0, 0.0
vb0[1166]+088 TEXCOORD1: -0.5545036196708679, 0.0

vb0[1167]+000 POSITION: 0.0308080967515707, -0.04336030036211014, 1.6243854761123657
vb0[1167]+012 NORMAL: 0.06764040142297745, 0.943744957447052, -0.3236822485923767
vb0[1167]+024 TANGENT: 1.0, 0.0, 0.0, -1.0
vb0[1167]+040 BLENDWEIGHTS: 0.8425000309944153, 0.15749996900558472, 0.0, 0.0
vb0[1167]+056 BLENDINDICES: 0, 1, 0, 0
vb0[1167]+072 COLOR: 0.003921568393707275, 0.0, 0.0, 0.0
vb0[1167]+088 TEXCOORD1: 0.06764040142297745, -2.9802322387695312e-08

vb0[1168]+000 POSITION: 0.031651195138692856, -0.039366986602544785, 1.6366044282913208
vb0[1168]+012 NORMAL: 0.10561458021402359, 0.942864716053009, -0.31599313020706177
vb0[1168]+024 TANGENT: 1.0, 0.0, 0.0, -1.0
vb0[1168]+040 BLENDWEIGHTS: 0.6500000357627869, 0.34999996423721313, 0.0, 0.0
vb0[1168]+056 BLENDINDICES: 0, 1, 0, 0
vb0[1168]+072 COLOR: 0.0029803921934217215, 0.0, 0.0, 0.0
vb0[1168]+088 TEXCOORD1: 0.10561458766460419, 2.9802322387695312e-08

vb0[1169]+000 POSITION: 0.03126160055398941, -0.03540283069014549, 1.6473331451416016
vb0[1169]+012 NORMAL: -0.9194521903991699, -0.27712517976760864, 0.2789432406425476
vb0[1169]+024 TANGENT: 1.0, 0.0, 0.0, -1.0
vb0[1169]+040 BLENDWEIGHTS: 0.6499999761581421, 0.3500000238418579, 0.0, 0.0
vb0[1169]+056 BLENDINDICES: 1, 0, 0, 0
vb0[1169]+072 COLOR: 0.002196078421548009, 0.0, 0.0, 0.0
vb0[1169]+088 TEXCOORD1: -0.9194521903991699, 0.0

vb0[1170]+000 POSITION: 0.03037230670452118, -0.03171024098992348, 1.655978798866272
vb0[1170]+012 NORMAL: -0.9761298298835754, -0.20977528393268585, 0.05625680088996887
vb0[1170]+024 TANGENT: 1.0, 0.0, 0.0, -1.0
vb0[1170]+040 BLENDWEIGHTS: 0.9226219058036804, 0.07737808674573898, 0.0, 0.0
vb0[1170]+056 BLENDINDICES: 1, 0, 0, 0
vb0[1170]+072 COLOR: 0.0015686274273321033, 0.0, 0.0, 0.0
vb0[1170]+088 TEXCOORD1: -0.9761298894882202, -3.725290298461914e-09

vb0[1171]+000 POSITION: 0.02900206670165062, -0.02881343849003315, 1.6619712114334106
vb0[1171]+012 NORMAL: 0.2921067476272583, 0.9425086379051208, -0.16233021020889282
vb0[1171]+024 TANGENT: 1.0, 0.0, 0.0, -1.0
vb0[1171]+040 BLENDWEIGHTS: 1.0, 0.0, 0.0, 0.0
vb0[1171]+056 BLENDINDICES: 1, 0, 0, 0
vb0[1171]+072 COLOR: 0.0012549019884318113, 0.0, 0.0, 0.0
vb0[1171]+088 TEXCOORD1: 0.2921067476272583, -1.4901161193847656e-08

vb0[1172]+000 POSITION: 0.02711292915046215, -0.02590152621269226, 1.66724693775177
vb0[1172]+012 NORMAL: -0.9425433874130249, -0.2200694978237152, 0.25135892629623413
vb0[1172]+024 TANGENT: 1.0, 0.0, 0.0, -1.0
vb0[1172]+040 BLENDWEIGHTS: 1.0, 0.0, 0.0, 0.0
vb0[1172]+056 BLENDINDICES: 1, 0, 0, 0
vb0[1172]+072 COLOR: 0.0007843137136660516, 0.0, 0.0, 0.0
vb0[1172]+088 TEXCOORD1: -0.9425434470176697, -1.4901161193847656e-08

vb0[1173]+000 POSITION: 0.011680824682116508, -0.06110430508852005, 1.5879969596862793
vb0[1173]+012 NORMAL: -0.7365545034408569, -0.5047789812088013, 0.45020633935928345
vb0[1173]+024 TANGENT: 1.0, 0.0, 0.0, -1.0
vb0[1173]+040 BLENDWEIGHTS: 0.5425062775611877, 0.29211872816085815, 0.1653749942779541, 0.0
vb0[1173]+056 BLENDINDICES: 23, 0, 28, 0
vb0[1173]+072 COLOR: 0.006431372836232185, 0.0, 0.0, 0.0
vb0[1173]+088 TEXCOORD1: -0.7365545034408569, 0.0

vb0[1174]+000 POSITION: 0.01598491705954075, -0.060152292251586914, 1.58808434009552
vb0[1174]+012 NORMAL: -0.798637330532074, -0.5995078086853027, -0.05261874943971634
vb0[1174]+024 TANGENT: 1.0, 0.0, 0.0, -1.0
vb0[1174]+040 BLENDWEIGHTS: 0.5270773768424988, 0.28381091356277466, 0.16067174077033997, 0.028440000489354134
vb0[1174]+056 BLENDINDICES: 23, 0, 28, 26
vb0[1174]+072 COLOR: 0.006431372836232185, 0.0, 0.0, 0.0
vb0[1174]+088 TEXCOORD1: -0.7986373901367188, -3.725290298461914e-09

vb0[1175]+000 POSITION: 0.010428979061543941, -0.060539357364177704, 1.5787628889083862
vb0[1175]+012 NORMAL: 0.16482269763946533, 0.8688056468963623, -0.46691569685935974
vb0[1175]+024 TANGENT: 1.0, 0.0, 0.0, -1.0
vb0[1175]+040 BLENDWEIGHTS: 0.566842794418335, 0.34741970896720886, 0.08573748916387558, 0.0
vb0[1175]+056 BLENDINDICES: 23, 28, 0, 0
vb0[1175]+072 COLOR: 0.0070588234812021255, 0.0, 0.0, 0.0
vb0[1175]+088 TEXCOORD1: 0.16482269763946533, 0.0

vb0[1176]+000 POSITION: 0.0074789319187402725, -0.06005052477121353, 1.5742995738983154
vb0[1176]+012 NORMAL: -0.7964341640472412, -0.4183798134326935, 0.436635822057724
vb0[1176]+024 TANGENT: 1.0, 0.0, 0.0, -1.0
vb0[1176]+040 BLENDWEIGHTS: 0.5478200912475586, 0.43217992782592773, 0.019999999552965164, 0.0
vb0[1176]+056 BLENDINDICES: 28, 23, 0, 0
vb0[1176]+072 COLOR: 0.007372548803687096, 0.0, 0.0, 0.0
vb0[1176]+088 TEXCOORD1: -0.796434223651886, 0.0

vb0[1177]+000 POSITION: 0.0033412217162549496, -0.05974486097693443, 1.5707589387893677
vb0[1177]+012 NORMAL: -0.8757352828979492, -0.31087708473205566, 0.3693821430206299
vb0[1177]+024 TANGENT: 1.0, 0.0, 0.0, -1.0
vb0[1177]+040 BLENDWEIGHTS: 0.7000000476837158, 0.29999998211860657, 0.0, 0.0
vb0[1177]+056 BLENDINDICES: 28, 23, 0, 0
vb0[1177]+072 COLOR: 0.007529411930590868, 0.0, 0.0, 0.0
vb0[1177]+088 TEXCOORD1: -0.875735342502594, 0.0

vb0[1178]+000 POSITION: 0.002471084473654628, -0.061361730098724365, 1.5703670978546143
vb0[1178]+012 NORMAL: -0.9194521903991699, -0.27712517976760864, 0.2789432406425476
vb0[1178]+024 TANGENT: 1.0, 0.0, 0.0, -1.0
vb0[1178]+040 BLENDWEIGHTS: 0.7000000476837158, 0.29999998211860657, 0.0, 0.0
vb0[1178]+056 BLENDINDICES: 28, 23, 0, 0
vb0[1178]+072 COLOR: 0.0, 0.0, 0.0, 0.0
vb0[1178]+088 TEXCOORD1: -0.9194521903991699, 0.0

vb0[1179]+000 POSITION: 0.001484947162680328, -0.059006307274103165, 1.5685425996780396
vb0[1179]+012 NORMAL: -0.014305484481155872, -0.9960379600524902, -0.08776982873678207
vb0[1179]+024 TANGENT: 1.0, 0.0, 0.0, -1.0
vb0[1179]+040 BLENDWEIGHTS: 0.8195000290870667, 0.18049998581409454, 0.0, 0.0
vb0[1179]+056 BLENDINDICES: 28, 23, 0, 0
vb0[1179]+072 COLOR: 0.007686274591833353, 0.0, 0.0, 0.0
vb0[1179]+088 TEXCOORD1: -0.014305487275123596, -7.450580596923828e-09

vb0[1180]+000 POSITION: 8.454233466181904e-05, -0.05853578448295593, 1.567130208015442
vb0[1180]+012 NORMAL: -0.17653587460517883, -0.9822299480438232, -0.063714399933815
vb0[1180]+024 TANGENT: 1.0, 0.0, 0.0, -1.0
vb0[1180]+040 BLENDWEIGHTS: 0.9142625331878662, 0.08573749661445618, 0.0, 0.0
vb0[1180]+056 BLENDINDICES: 28, 23, 0, 0
vb0[1180]+072 COLOR: 0.00784313678741455, 0.0, 0.0, 0.0
vb0[1180]+088 TEXCOORD1: -0.17653587460517883, 0.0

vb0[1181]+000 POSITION: 0.016229968518018723, -0.059013545513153076, 1.59968900680542
vb0[1181]+012 NORMAL: 0.10965979099273682, 0.9421854615211487, -0.3166406750679016
vb0[1181]+024 TANGENT: 1.0, 0.0, 0.0, -1.0
vb0[1181]+040 BLENDWEIGHTS: 0.7143750190734863, 0.2381249964237213, 0.04749999940395355, 0.0
vb0[1181]+056 BLENDINDICES: 0, 23, 28, 0
vb0[1181]+072 COLOR: 0.005490196403115988, 0.0, 0.0, 0.0
vb0[1181]+088 TEXCOORD1: 0.10965979844331741, 2.9802322387695312e-08

vb0[1182]+000 POSITION: -0.0058029163628816605, -0.06357958912849426, 1.5890825986862183
vb0[1182]+012 NORMAL: 0.09191901981830597, 0.9407435059547424, -0.326423704624176
vb0[1182]+024 TANGENT: 1.0, 0.0, 0.0, -1.0
vb0[1182]+040 BLENDWEIGHTS: 0.4873875081539154, 0.21589449048042297, 0.14951926469802856, 0.14719875156879425
vb0[1182]+056 BLENDINDICES: 23, 0, 24, 28
vb0[1182]+072 COLOR: 0.006274509709328413, 0.0, 0.0, 0.0
vb0[1182]+088 TEXCOORD1: 0.09191903471946716, 0.0

vb0[1183]+000 POSITION: -0.000548713665921241, -0.06253223866224289, 1.6012197732925415
vb0[1183]+012 NORMAL: 0.06727689504623413, 0.9439623355865479, -0.3231237232685089
vb0[1183]+024 TANGENT: 1.0, 0.0, 0.0, -1.0
vb0[1183]+040 BLENDWEIGHTS: 0.5126908421516418, 0.2743486762046814, 0.17089694738388062, 0.042063530534505844
vb0[1183]+056 BLENDINDICES: 0, 24, 23, 27
vb0[1183]+072 COLOR: 0.005333333276212215, 0.0, 0.0, 0.0
vb0[1183]+088 TEXCOORD1: 0.06727689504623413, 0.0

vb0[1184]+000 POSITION: 0.019814899191260338, -0.05439174547791481, 1.6134878396987915
vb0[1184]+012 NORMAL: 0.10561458021402359, 0.942864716053009, -0.31599313020706177
vb0[1184]+024 TANGENT: 1.0, 0.0, 0.0, -1.0
vb0[1184]+040 BLENDWEIGHTS: 0.9142651557922363, 0.029305195435881615, 0.02825535647571087, 0.02817429043352604
vb0[1184]+056 BLENDINDICES: 0, 1, 26, 23
vb0[1184]+072 COLOR: 0.004549019504338503, 0.0, 0.0, 0.0
vb0[1184]+088 TEXCOORD1: 0.10561458766460419, 2.9802322387695312e-08

vb0[1185]+000 POSITION: 0.0038387614767998457, -0.056881703436374664, 1.614499807357788
vb0[1185]+012 NORMAL: 0.5355700850486755, 0.8184233903884888, -0.20820167660713196
vb0[1185]+024 TANGENT: 1.0, 0.0, 0.0, -1.0
vb0[1185]+040 BLENDWEIGHTS: 0.9339712858200073, 0.037588730454444885, 0.028440000489354134, 0.0
vb0[1185]+056 BLENDINDICES: 0, 23, 1, 0
vb0[1185]+072 COLOR: 0.004392156843096018, 0.0, 0.0, 0.0
vb0[1185]+088 TEXCOORD1: 0.5355700850486755, 0.0

vb0[1186]+000 POSITION: 0.021628111600875854, -0.04802493378520012, 1.6254239082336426
vb0[1186]+012 NORMAL: 0.20421895384788513, 0.9409047365188599, -0.2701719105243683
vb0[1186]+024 TANGENT: 1.0, 0.0, 0.0, -1.0
vb0[1186]+040 BLENDWEIGHTS: 0.8425000309944153, 0.15749996900558472, 0.0, 0.0
vb0[1186]+056 BLENDINDICES: 0, 1, 0, 0
vb0[1186]+072 COLOR: 0.003764705965295434, 0.0, 0.0, 0.0
vb0[1186]+088 TEXCOORD1: 0.20421895384788513, 0.0

vb0[1187]+000 POSITION: 0.023036211729049683, -0.041164956986904144, 1.6366533041000366
vb0[1187]+012 NORMAL: 0.10965979099273682, 0.9421854615211487, -0.3166406750679016
vb0[1187]+024 TANGENT: 1.0, 0.0, 0.0, -1.0
vb0[1187]+040 BLENDWEIGHTS: 0.6500000357627869, 0.34999996423721313, 0.0, 0.0
vb0[1187]+056 BLENDINDICES: 0, 1, 0, 0
vb0[1187]+072 COLOR: 0.0029803921934217215, 0.0, 0.0, 0.0
vb0[1187]+088 TEXCOORD1: 0.10965979844331741, 2.9802322387695312e-08

vb0[1188]+000 POSITION: 0.024035431444644928, -0.03400271013379097, 1.6460808515548706
vb0[1188]+012 NORMAL: 0.20924636721611023, 0.941429853439331, -0.26443466544151306
vb0[1188]+024 TANGENT: 1.0, 0.0, 0.0, -1.0
vb0[1188]+040 BLENDWEIGHTS: 0.6499999761581421, 0.3500000238418579, 0.0, 0.0
vb0[1188]+056 BLENDINDICES: 1, 0, 0, 0
vb0[1188]+072 COLOR: 0.002352941082790494, 0.0, 0.0, 0.0
vb0[1188]+088 TEXCOORD1: 0.20924636721611023, 0.0

vb0[1189]+000 POSITION: 0.02433285489678383, -0.02775241993367672, 1.6542751789093018
vb0[1189]+012 NORMAL: 0.2926894724369049, 0.9424887299537659, -0.16139324009418488
vb0[1189]+024 TANGENT: 1.0, 0.0, 0.0, -1.0
vb0[1189]+040 BLENDWEIGHTS: 0.9226219058036804, 0.07737808674573898, 0.0, 0.0
vb0[1189]+056 BLENDINDICES: 1, 0, 0, 0
vb0[1189]+072 COLOR: 0.0017254902049899101, 0.0, 0.0, 0.0
vb0[1189]+088 TEXCOORD1: 0.2926894724369049, 0.0

vb0[1190]+000 POSITION: 0.023594772443175316, -0.01990390196442604, 1.6615967750549316
vb0[1190]+012 NORMAL: 0.20421895384788513, 0.9409047365188599, -0.2701719105243683
vb0[1190]+024 TANGENT: 1.0, 0.0, 0.0, -1.0
vb0[1190]+040 BLENDWEIGHTS: 1.0, 0.0, 0.0, 0.0
vb0[1190]+056 BLENDINDICES: 1, 0, 0, 0
vb0[1190]+072 COLOR: 0.0012549019884318113, 0.0, 0.0, 0.0
vb0[1190]+088 TEXCOORD1: 0.20421895384788513, 0.0

vb0[1191]+000 POSITION: 0.007318188901990652, -0.049825653433799744, 1.6262950897216797
vb0[1191]+012 NORMAL: 0.20924636721611023, 0.941429853439331, -0.26443466544151306
vb0[1191]+024 TANGENT: 1.0, 0.0, 0.0, -1.0
vb0[1191]+040 BLENDWEIGHTS: 0.8425000309944153, 0.15749996900558472, 0.0, 0.0
vb0[1191]+056 BLENDINDICES: 0, 1, 0, 0
vb0[1191]+072 COLOR: 0.0036078430712223053, 0.0, 0.0, 0.0
vb0[1191]+088 TEXCOORD1: 0.20924636721611023, 0.0

vb0[1192]+000 POSITION: 0.011887098662555218, -0.04173597693443298, 1.63693106174469
vb0[1192]+012 NORMAL: 0.5293288230895996, 0.8212845921516418, -0.21284417808055878
vb0[1192]+024 TANGENT: 1.0, 0.0, 0.0, -1.0
vb0[1192]+040 BLENDWEIGHTS: 0.6500000357627869, 0.34999996423721313, 0.0, 0.0
vb0[1192]+056 BLENDINDICES: 0, 1, 0, 0
vb0[1192]+072 COLOR: 0.0029803921934217215, 0.0, 0.0, 0.0
vb0[1192]+088 TEXCOORD1: 0.5293288230895996, 0.0

vb0[1193]+000 POSITION: 0.016005514189600945, -0.033007290214300156, 1.6464556455612183
vb0[1193]+012 NORMAL: 0.31893837451934814, 0.9403553009033203, -0.11836451292037964
vb0[1193]+024 TANGENT: 1.0, 0.0, 0.0, -1.0
vb0[1193]+040 BLENDWEIGHTS: 1.0, 0.0, 0.0, 0.0
vb0[1193]+056 BLENDINDICES: 1, 0, 0, 0
vb0[1193]+072 COLOR: 0.002352941082790494, 0.0, 0.0, 0.0
vb0[1193]+088 TEXCOORD1: 0.31893840432167053, 0.0

vb0[1194]+000 POSITION: 0.01934463530778885, -0.026317868381738663, 1.654186725616455
vb0[1194]+012 NORMAL: 0.2921067476272583, 0.9425086379051208, -0.16233021020889282
vb0[1194]+024 TANGENT: 1.0, 0.0, 0.0, -1.0
vb0[1194]+040 BLENDWEIGHTS: 1.0, 0.0, 0.0, 0.0
vb0[1194]+056 BLENDINDICES: 1, 0, 0, 0
vb0[1194]+072 COLOR: 0.0017254902049899101, 0.0, 0.0, 0.0
vb0[1194]+088 TEXCOORD1: 0.2921067476272583, -1.4901161193847656e-08

vb0[1195]+000 POSITION: -0.010111949406564236, -0.06381215900182724, 1.58069908618927
vb0[1195]+012 NORMAL: 0.2926894724369049, 0.9424887299537659, -0.16139324009418488
vb0[1195]+024 TANGENT: 1.0, 0.0, 0.0, -1.0
vb0[1195]+040 BLENDWEIGHTS: 0.4878780245780945, 0.3279322683811188, 0.1084388867020607, 0.07575082778930664
vb0[1195]+056 BLENDINDICES: 23, 28, 24, 0
vb0[1195]+072 COLOR: 0.0067450981587171555, 0.0, 0.0, 0.0
vb0[1195]+088 TEXCOORD1: 0.2926894724369049, 0.0

vb0[1196]+000 POSITION: -0.037233978509902954, -0.05597187951207161, 1.5883162021636963
vb0[1196]+012 NORMAL: 0.9295718669891357, 0.3428190350532532, 0.13554099202156067
vb0[1196]+024 TANGENT: 1.0, 0.0, 0.0, -1.0
vb0[1196]+040 BLENDWEIGHTS: 0.4965800344944, 0.2673892080783844, 0.13432583212852478, 0.1017049252986908
vb0[1196]+056 BLENDINDICES: 24, 0, 27, 25
vb0[1196]+072 COLOR: 0.006274509709328413, 0.0, 0.0, 0.0
vb0[1196]+088 TEXCOORD1: 0.9295718669891357, 0.0

vb0[1197]+000 POSITION: -0.03706076741218567, -0.05733379349112511, 1.5783284902572632
vb0[1197]+012 NORMAL: 0.06764040142297745, 0.943744957447052, -0.3236822485923767
vb0[1197]+024 TANGENT: 1.0, 0.0, 0.0, -1.0
vb0[1197]+040 BLENDWEIGHTS: 0.5324189066886902, 0.3549460470676422, 0.09263505786657333, 0.019999999552965164
vb0[1197]+056 BLENDINDICES: 24, 27, 0, 25
vb0[1197]+072 COLOR: 0.0069019608199596405, 0.0, 0.0, 0.0
vb0[1197]+088 TEXCOORD1: 0.06764040142297745, -2.9802322387695312e-08

vb0[1198]+000 POSITION: -0.03694174066185951, -0.05372680723667145, 1.6018224954605103
vb0[1198]+012 NORMAL: 0.9217545390129089, 0.34196901321411133, 0.1828269511461258
vb0[1198]+024 TANGENT: 1.0, 0.0, 0.0, -1.0
vb0[1198]+040 BLENDWEIGHTS: 0.3483639657497406, 0.3396594524383545, 0.15688151121139526, 0.15509505569934845
vb0[1198]+056 BLENDINDICES: 25, 0, 32, 24
vb0[1198]+072 COLOR: 0.005333333276212215, 0.0, 0.0, 0.0
vb0[1198]+088 TEXCOORD1: 0.9217545986175537, 0.0

vb0[1199]+000 POSITION: -0.03997387737035751, -0.05967157334089279, 1.5886765718460083
vb0[1199]+012 NORMAL: 0.09191901981830597, 0.9407435059547424, -0.326423704624176
vb0[1199]+024 TANGENT: 1.0, 0.0, 0.0, -1.0
vb0[1199]+040 BLENDWEIGHTS: 0.442033052444458, 0.23801776766777039, 0.19291971623897552, 0.12702950835227966
vb0[1199]+056 BLENDINDICES: 24, 0, 25, 27
vb0[1199]+072 COLOR: 0.006117647048085928, 0.0, 0.0, 0.0
vb0[1199]+088 TEXCOORD1: 0.09191903471946716, 0.0

vb0[1200]+000 POSITION: -0.039495404809713364, -0.0595889538526535, 1.579537034034729
vb0[1200]+012 NORMAL: 0.09203394502401352, 0.9407876133918762, -0.32626423239707947
vb0[1200]+024 TANGENT: 1.0, 0.0, 0.0, -1.0
vb0[1200]+040 BLENDWEIGHTS: 0.5293401479721069, 0.3528934419155121, 0.09209935367107391, 0.025667069479823112
vb0[1200]+056 BLENDINDICES: 24, 27, 0, 25
vb0[1200]+072 COLOR: 0.0069019608199596405, 0.0, 0.0, 0.0
vb0[1200]+088 TEXCOORD1: 0.09203394502401352, 2.9802322387695312e-08

vb0[1201]+000 POSITION: -0.03979020565748215, -0.059328146278858185, 1.5952728986740112
vb0[1201]+012 NORMAL: 0.4595939815044403, 0.7985106110572815, -0.38878554105758667
vb0[1201]+024 TANGENT: 1.0, 0.0, 0.0, -1.0
vb0[1201]+040 BLENDWEIGHTS: 0.3269425630569458, 0.31955093145370483, 0.1775282919406891, 0.1759781837463379
vb0[1201]+056 BLENDINDICES: 0, 25, 24, 32
vb0[1201]+072 COLOR: 0.005647059064358473, 0.0, 0.0, 0.0
vb0[1201]+088 TEXCOORD1: 0.4595940113067627, 0.0

vb0[1202]+000 POSITION: -0.039303191006183624, -0.05997002497315407, 1.6036676168441772
vb0[1202]+012 NORMAL: 0.14669562876224518, 0.9498604536056519, -0.2761259078979492
vb0[1202]+024 TANGENT: 1.0, 0.0, 0.0, -1.0
vb0[1202]+040 BLENDWEIGHTS: 0.3483639657497406, 0.3396594524383545, 0.15688151121139526, 0.15509505569934845
vb0[1202]+056 BLENDINDICES: 25, 0, 32, 24
vb0[1202]+072 COLOR: 0.00517647061496973, 0.0, 0.0, 0.0
vb0[1202]+088 TEXCOORD1: 0.14669562876224518, 0.0

vb0[1203]+000 POSITION: -0.037840161472558975, -0.060211557894945145, 1.617049217224121
vb0[1203]+012 NORMAL: 0.09203394502401352, 0.9407876133918762, -0.32626423239707947
vb0[1203]+024 TANGENT: 1.0, 0.0, 0.0, -1.0
vb0[1203]+040 BLENDWEIGHTS: 0.4455012381076813, 0.4358879625797272, 0.11861080676317215, 0.0
vb0[1203]+056 BLENDINDICES: 25, 0, 1, 0
vb0[1203]+072 COLOR: 0.004235294181853533, 0.0, 0.0, 0.0
vb0[1203]+088 TEXCOORD1: 0.09203394502401352, 2.9802322387695312e-08

vb0[1204]+000 POSITION: -0.040715206414461136, -0.060025643557310104, 1.589888572692871
vb0[1204]+012 NORMAL: 0.1447208672761917, 0.949767529964447, -0.2774841785430908
vb0[1204]+024 TANGENT: 1.0, 0.0, 0.0, -1.0
vb0[1204]+040 BLENDWEIGHTS: 0.433834433555603, 0.26249995827674866, 0.2336031198501587, 0.07006250321865082
vb0[1204]+056 BLENDINDICES: 32, 0, 25, 34
vb0[1204]+072 COLOR: 0.006117647048085928, 0.0, 0.0, 0.0
vb0[1204]+088 TEXCOORD1: 0.1447208821773529, 0.0

vb0[1205]+000 POSITION: -0.04145872965455055, -0.059724099934101105, 1.5818992853164673
vb0[1205]+012 NORMAL: 0.21093007922172546, 0.952606737613678, -0.2192007601261139
vb0[1205]+024 TANGENT: 1.0, 0.0, 0.0, -1.0
vb0[1205]+040 BLENDWEIGHTS: 0.5877098441123962, 0.19590327143669128, 0.12126189470291138, 0.09512500464916229
vb0[1205]+056 BLENDINDICES: 32, 34, 25, 0
vb0[1205]+072 COLOR: 0.00658823549747467, 0.0, 0.0, 0.0
vb0[1205]+088 TEXCOORD1: 0.21093007922172546, 0.0

vb0[1206]+000 POSITION: -0.0415063314139843, -0.05914306640625, 1.570854902267456
vb0[1206]+012 NORMAL: 0.1447208672761917, 0.949767529964447, -0.2774841785430908
vb0[1206]+024 TANGENT: 1.0, 0.0, 0.0, -1.0
vb0[1206]+040 BLENDWEIGHTS: 0.699999988079071, 0.30000001192092896, 0.0, 0.0
vb0[1206]+056 BLENDINDICES: 34, 32, 0, 0
vb0[1206]+072 COLOR: 0.007372548803687096, 0.0, 0.0, 0.0
vb0[1206]+088 TEXCOORD1: 0.1447208821773529, 0.0

vb0[1207]+000 POSITION: -0.041597891598939896, -0.05940183624625206, 1.5763834714889526
vb0[1207]+012 NORMAL: 0.21086382865905762, 0.9525993466377258, -0.21929645538330078
vb0[1207]+024 TANGENT: 1.0, 0.0, 0.0, -1.0
vb0[1207]+040 BLENDWEIGHTS: 0.4847830832004547, 0.4386133551597595, 0.04509107768535614, 0.031512465327978134
vb0[1207]+056 BLENDINDICES: 32, 34, 25, 0
vb0[1207]+072 COLOR: 0.0070588234812021255, 0.0, 0.0, 0.0
vb0[1207]+088 TEXCOORD1: 0.21086381375789642, 0.0

vb0[1208]+000 POSITION: -0.04108274728059769, -0.05873900279402733, 1.5668907165527344
vb0[1208]+012 NORMAL: 0.14669562876224518, 0.9498604536056519, -0.2761259078979492
vb0[1208]+024 TANGENT: 1.0, 0.0, 0.0, -1.0
vb0[1208]+040 BLENDWEIGHTS: 0.8346250057220459, 0.1653750091791153, 0.0, 0.0
vb0[1208]+056 BLENDINDICES: 34, 32, 0, 0
vb0[1208]+072 COLOR: 0.007686274591833353, 0.0, 0.0, 0.0
vb0[1208]+088 TEXCOORD1: 0.14669562876224518, 0.0

vb0[1209]+000 POSITION: -0.040588367730379105, -0.05846434459090233, 1.5643278360366821
vb0[1209]+012 NORMAL: 0.24702595174312592, 0.9537007808685303, -0.17156045138835907
vb0[1209]+024 TANGENT: 1.0, 0.0, 0.0, -1.0
vb0[1209]+040 BLENDWEIGHTS: 0.9187589287757874, 0.08124107122421265, 0.0, 0.0
vb0[1209]+056 BLENDINDICES: 34, 32, 0, 0
vb0[1209]+072 COLOR: 0.00784313678741455, 0.0, 0.0, 0.0
vb0[1209]+088 TEXCOORD1: 0.2470259666442871, 0.0

vb0[1210]+000 POSITION: -0.04397827014327049, -0.05814460664987564, 1.5703994035720825
vb0[1210]+012 NORMAL: 0.21086382865905762, 0.9525993466377258, -0.21929645538330078
vb0[1210]+024 TANGENT: 1.0, 0.0, 0.0, -1.0
vb0[1210]+040 BLENDWEIGHTS: 0.699999988079071, 0.30000001192092896, 0.0, 0.0
vb0[1210]+056 BLENDINDICES: 34, 32, 0, 0
vb0[1210]+072 COLOR: 0.007529411930590868, 0.0, 0.0, 0.0
vb0[1210]+088 TEXCOORD1: 0.21086381375789642, 0.0

vb0[1211]+000 POSITION: -0.04279173165559769, -0.058170709758996964, 1.5665245056152344
vb0[1211]+012 NORMAL: 0.24993418157100677, 0.9532611966133118, -0.16978219151496887
vb0[1211]+024 TANGENT: 1.0, 0.0, 0.0, -1.0
vb0[1211]+040 BLENDWEIGHTS: 0.8346250057220459, 0.1653750091791153, 0.0, 0.0
vb0[1211]+056 BLENDINDICES: 34, 32, 0, 0
vb0[1211]+072 COLOR: 0.007686274591833353, 0.0, 0.0, 0.0
vb0[1211]+088 TEXCOORD1: 0.24993418157100677, 1.4901161193847656e-08

vb0[1212]+000 POSITION: -0.04150417074561119, -0.058193281292915344, 1.563927173614502
vb0[1212]+012 NORMAL: 0.21093007922172546, 0.952606737613678, -0.2192007601261139
vb0[1212]+024 TANGENT: 1.0, 0.0, 0.0, -1.0
vb0[1212]+040 BLENDWEIGHTS: 0.9187589287757874, 0.08124107122421265, 0.0, 0.0
vb0[1212]+056 BLENDINDICES: 34, 32, 0, 0
vb0[1212]+072 COLOR: 0.00800000037997961, 0.0, 0.0, 0.0
vb0[1212]+088 TEXCOORD1: 0.21093007922172546, 0.0

vb0[1213]+000 POSITION: -0.04471190273761749, -0.05803908035159111, 1.575974702835083
vb0[1213]+012 NORMAL: 0.27286016941070557, 0.9475249648094177, -0.16656474769115448
vb0[1213]+024 TANGENT: 1.0, 0.0, 0.0, -1.0
vb0[1213]+040 BLENDWEIGHTS: 0.4767804443836212, 0.43137282133102417, 0.04749999940395355, 0.044346731156110764
vb0[1213]+056 BLENDINDICES: 32, 34, 30, 25
vb0[1213]+072 COLOR: 0.0070588234812021255, 0.0, 0.0, 0.0
vb0[1213]+088 TEXCOORD1: 0.27286016941070557, 0.0

vb0[1214]+000 POSITION: -0.04519682005047798, -0.057839829474687576, 1.5823500156402588
vb0[1214]+012 NORMAL: 0.24702595174312592, 0.9537007808685303, -0.17156045138835907
vb0[1214]+024 TANGENT: 1.0, 0.0, 0.0, -1.0
vb0[1214]+040 BLENDWEIGHTS: 0.5569401383399963, 0.18564669787883759, 0.14249998331069946, 0.11491318047046661
vb0[1214]+056 BLENDINDICES: 32, 34, 30, 25
vb0[1214]+072 COLOR: 0.00658823549747467, 0.0, 0.0, 0.0
vb0[1214]+088 TEXCOORD1: 0.2470259666442871, 0.0

vb0[1215]+000 POSITION: -0.04096129164099693, -0.052721574902534485, 1.6028003692626953
vb0[1215]+012 NORMAL: 0.24993418157100677, 0.9532611966133118, -0.16978219151496887
vb0[1215]+024 TANGENT: 1.0, 0.0, 0.0, -1.0
vb0[1215]+040 BLENDWEIGHTS: 0.5171351432800293, 0.22760219871997833, 0.200870081782341, 0.05439259484410286
vb0[1215]+056 BLENDINDICES: 25, 32, 30, 1
vb0[1215]+072 COLOR: 0.00517647061496973, 0.0, 0.0, 0.0
vb0[1215]+088 TEXCOORD1: 0.24993418157100677, 1.4901161193847656e-08

vb0[1216]+000 POSITION: -0.052550047636032104, -0.038922518491744995, 1.6026328802108765
vb0[1216]+012 NORMAL: 0.2710561454296112, 0.9482421278953552, -0.16542479395866394
vb0[1216]+024 TANGENT: 1.0, 0.0, 0.0, -1.0
vb0[1216]+040 BLENDWEIGHTS: 0.48360201716423035, 0.2619502544403076, 0.21286720037460327, 0.04158052057027817
vb0[1216]+056 BLENDINDICES: 25, 31, 30, 1
vb0[1216]+072 COLOR: 0.00517647061496973, 0.0, 0.0, 0.0
vb0[1216]+088 TEXCOORD1: 0.2710561752319336, 0.0

vb0[1217]+000 POSITION: -0.055041491985321045, -0.04171133041381836, 1.589682698249817
vb0[1217]+012 NORMAL: 0.9215392470359802, 0.33045443892478943, 0.20387516915798187
vb0[1217]+024 TANGENT: 1.0, 0.0, 0.0, -1.0
vb0[1217]+040 BLENDWEIGHTS: 0.33275771141052246, 0.32027921080589294, 0.30658915638923645, 0.04037390649318695
vb0[1217]+056 BLENDINDICES: 25, 31, 30, 35
vb0[1217]+072 COLOR: 0.006117647048085928, 0.0, 0.0, 0.0
vb0[1217]+088 TEXCOORD1: 0.9215393662452698, 1.4901161193847656e-08

vb0[1218]+000 POSITION: -0.038226284086704254, -0.05527503788471222, 1.6026562452316284
vb0[1218]+012 NORMAL: -0.3703140914440155, -0.9276000261306763, -0.049250971525907516
vb0[1218]+024 TANGENT: 1.0, 0.0, 0.0, -1.0
vb0[1218]+040 BLENDWEIGHTS: 0.5463083386421204, 0.29416608810424805, 0.1221759095788002, 0.03734968975186348
vb0[1218]+056 BLENDINDICES: 25, 32, 0, 1
vb0[1218]+072 COLOR: 0.00517647061496973, 0.0, 0.0, 0.0
vb0[1218]+088 TEXCOORD1: -0.3703141212463379, 0.0

vb0[1219]+000 POSITION: -0.06482867151498795, -0.01908448152244091, 1.6003755331039429
vb0[1219]+012 NORMAL: -0.6280307173728943, -0.7736288905143738, -0.08411724865436554
vb0[1219]+024 TANGENT: 1.0, 0.0, 0.0, -1.0
vb0[1219]+040 BLENDWEIGHTS: 0.5981591939926147, 0.2611965239048004, 0.14064429700374603, 0.0
vb0[1219]+056 BLENDINDICES: 1, 25, 31, 0
vb0[1219]+072 COLOR: 0.005333333276212215, 0.0, 0.0, 0.0
vb0[1219]+088 TEXCOORD1: -0.6280307769775391, 0.0

vb0[1220]+000 POSITION: -0.06412588059902191, -0.026931673288345337, 1.587244987487793
vb0[1220]+012 NORMAL: -0.8201615214347839, -0.5540292263031006, -0.14278186857700348
vb0[1220]+024 TANGENT: 1.0, 0.0, 0.0, -1.0
vb0[1220]+040 BLENDWEIGHTS: 0.5774999856948853, 0.24984011054039001, 0.1345292627811432, 0.03813062235713005
vb0[1220]+056 BLENDINDICES: 1, 31, 25, 33
vb0[1220]+072 COLOR: 0.006274509709328413, 0.0, 0.0, 0.0
vb0[1220]+088 TEXCOORD1: -0.8201615810394287, 0.0

vb0[1221]+000 POSITION: -0.0670386552810669, -0.021654300391674042, 1.5858935117721558
vb0[1221]+012 NORMAL: -0.6280307173728943, -0.7736288905143738, -0.08411724865436554
vb0[1221]+024 TANGENT: 1.0, 0.0, 0.0, -1.0
vb0[1221]+040 BLENDWEIGHTS: 0.6000000834465027, 0.2365349531173706, 0.12736499309539795, 0.03610000014305115
vb0[1221]+056 BLENDINDICES: 1, 31, 25, 33
vb0[1221]+072 COLOR: 0.006431372836232185, 0.0, 0.0, 0.0
vb0[1221]+088 TEXCOORD1: -0.6280307769775391, 0.0

vb0[1222]+000 POSITION: -0.0677998885512352, -0.0241196658462286, 1.573847770690918
vb0[1222]+012 NORMAL: -0.7265847325325012, -0.6784188747406006, -0.10873153805732727
vb0[1222]+024 TANGENT: 1.0, 0.0, 0.0, -1.0
vb0[1222]+040 BLENDWEIGHTS: 0.5699999928474426, 0.2887221574783325, 0.09624072909355164, 0.045037128031253815
vb0[1222]+056 BLENDINDICES: 1, 31, 33, 25
vb0[1222]+072 COLOR: 0.007215686142444611, 0.0, 0.0, 0.0
vb0[1222]+088 TEXCOORD1: -0.726584792137146, 7.450580596923828e-09

vb0[1223]+000 POSITION: -0.06730785220861435, -0.02605462819337845, 1.5652319192886353
vb0[1223]+012 NORMAL: -0.8673836588859558, -0.4715670049190521, -0.15896561741828918
vb0[1223]+024 TANGENT: 1.0, 0.0, 0.0, -1.0
vb0[1223]+040 BLENDWEIGHTS: 0.5600000023841858, 0.22480875253677368, 0.2033984214067459, 0.011792837642133236
vb0[1223]+056 BLENDINDICES: 1, 31, 33, 25
vb0[1223]+072 COLOR: 0.00784313678741455, 0.0, 0.0, 0.0
vb0[1223]+088 TEXCOORD1: -0.8673837184906006, 0.0

vb0[1224]+000 POSITION: -0.06626813113689423, -0.027611810714006424, 1.5583034753799438
vb0[1224]+012 NORMAL: -0.8201615214347839, -0.5540292263031006, -0.14278186857700348
vb0[1224]+024 TANGENT: 1.0, 0.0, 0.0, -1.0
vb0[1224]+040 BLENDWEIGHTS: 0.5512499213218689, 0.27558866143226624, 0.17316143214702606, 0.0
vb0[1224]+056 BLENDINDICES: 1, 33, 31, 0
vb0[1224]+072 COLOR: 0.00831372570246458, 0.0, 0.0, 0.0
vb0[1224]+088 TEXCOORD1: -0.8201615810394287, 0.0

vb0[1225]+000 POSITION: -0.06490901112556458, -0.028975555673241615, 1.5538032054901123
vb0[1225]+012 NORMAL: 0.5597359538078308, 0.805260956287384, -0.19557727873325348
vb0[1225]+024 TANGENT: 1.0, 0.0, 0.0, -1.0
vb0[1225]+040 BLENDWEIGHTS: 0.5354999899864197, 0.33647221326828003, 0.1280277818441391, 0.0
vb0[1225]+056 BLENDINDICES: 1, 33, 31, 0
vb0[1225]+072 COLOR: 0.00862745102494955, 0.0, 0.0, 0.0
vb0[1225]+088 TEXCOORD1: 0.5597359538078308, 0.0

vb0[1226]+000 POSITION: -0.04867127165198326, -0.03576578199863434, 1.6140036582946777
vb0[1226]+012 NORMAL: 0.5709748268127441, 0.7945816516876221, -0.20646505057811737
vb0[1226]+024 TANGENT: 1.0, 0.0, 0.0, -1.0
vb0[1226]+040 BLENDWEIGHTS: 0.5328645706176758, 0.3499999940395355, 0.07440349459648132, 0.04273189976811409
vb0[1226]+056 BLENDINDICES: 25, 1, 31, 30
vb0[1226]+072 COLOR: 0.004392156843096018, 0.0, 0.0, 0.0
vb0[1226]+088 TEXCOORD1: 0.5709748268127441, -1.4901161193847656e-08

vb0[1227]+000 POSITION: -0.06164110451936722, -0.017252763733267784, 1.613913655281067
vb0[1227]+012 NORMAL: 0.5293288230895996, 0.8212845921516418, -0.21284417808055878
vb0[1227]+024 TANGENT: 1.0, 0.0, 0.0, -1.0
vb0[1227]+040 BLENDWEIGHTS: 0.75, 0.22109825909137726, 0.028901731595396996, 0.0
vb0[1227]+056 BLENDINDICES: 1, 25, 31, 0
vb0[1227]+072 COLOR: 0.004392156843096018, 0.0, 0.0, 0.0
vb0[1227]+088 TEXCOORD1: 0.5293288230895996, 0.0

vb0[1228]+000 POSITION: -0.05824929103255272, -0.015180843882262707, 1.627645492553711
vb0[1228]+012 NORMAL: 0.5708684921264648, 0.7948994636535645, -0.20553389191627502
vb0[1228]+024 TANGENT: 1.0, 0.0, 0.0, -1.0
vb0[1228]+040 BLENDWEIGHTS: 1.0, 0.0, 0.0, 0.0
vb0[1228]+056 BLENDINDICES: 1, 0, 0, 0
vb0[1228]+072 COLOR: 0.0034509804099798203, 0.0, 0.0, 0.0
vb0[1228]+088 TEXCOORD1: 0.5708684325218201, 0.0

vb0[1229]+000 POSITION: -0.042652763426303864, -0.0320146344602108, 1.6280784606933594
vb0[1229]+012 NORMAL: 0.5597359538078308, 0.805260956287384, -0.19557727873325348
vb0[1229]+024 TANGENT: 1.0, 0.0, 0.0, -1.0
vb0[1229]+040 BLENDWEIGHTS: 0.6000000238418579, 0.3999999761581421, 0.0, 0.0
vb0[1229]+056 BLENDINDICES: 1, 25, 0, 0
vb0[1229]+072 COLOR: 0.0034509804099798203, 0.0, 0.0, 0.0
vb0[1229]+088 TEXCOORD1: 0.5597359538078308, 0.0

vb0[1230]+000 POSITION: -0.05236571282148361, -0.013439903035759926, 1.6419895887374878
vb0[1230]+012 NORMAL: 0.49378296732902527, 0.8284932971000671, -0.26415395736694336
vb0[1230]+024 TANGENT: 1.0, 0.0, 0.0, -1.0
vb0[1230]+040 BLENDWEIGHTS: 1.0, 0.0, 0.0, 0.0
vb0[1230]+056 BLENDINDICES: 1, 0, 0, 0
vb0[1230]+072 COLOR: 0.0025098039768636227, 0.0, 0.0, 0.0
vb0[1230]+088 TEXCOORD1: 0.49378296732902527, 0.0

vb0[1231]+000 POSITION: -0.035258699208498, -0.0493188314139843, 1.6139237880706787
vb0[1231]+012 NORMAL: 0.5628388524055481, 0.8033037781715393, -0.19471873342990875
vb0[1231]+024 TANGENT: 1.0, 0.0, 0.0, -1.0
vb0[1231]+040 BLENDWEIGHTS: 0.4455012381076813, 0.4358879625797272, 0.11861080676317215, 0.0
vb0[1231]+056 BLENDINDICES: 25, 0, 1, 0
vb0[1231]+072 COLOR: 0.004392156843096018, 0.0, 0.0, 0.0
vb0[1231]+088 TEXCOORD1: 0.5628388524055481, 0.0

vb0[1232]+000 POSITION: -0.028549855574965477, -0.043723542243242264, 1.6271380186080933
vb0[1232]+012 NORMAL: 0.4931471347808838, 0.8279458284378052, -0.2670423984527588
vb0[1232]+024 TANGENT: 1.0, 0.0, 0.0, -1.0
vb0[1232]+040 BLENDWEIGHTS: 0.3858867287635803, 0.37071672081947327, 0.2433965802192688, 0.0
vb0[1232]+056 BLENDINDICES: 0, 25, 1, 0
vb0[1232]+072 COLOR: 0.0034509804099798203, 0.0, 0.0, 0.0
vb0[1232]+088 TEXCOORD1: 0.4931471645832062, 0.0

vb0[1233]+000 POSITION: -0.02051771618425846, -0.037052713334560394, 1.6394342184066772
vb0[1233]+012 NORMAL: 0.5355700850486755, 0.8184233903884888, -0.20820167660713196
vb0[1233]+024 TANGENT: 1.0, 0.0, 0.0, -1.0
vb0[1233]+040 BLENDWEIGHTS: 0.3928413689136505, 0.32627052068710327, 0.28088808059692383, 0.0
vb0[1233]+056 BLENDINDICES: 1, 0, 25, 0
vb0[1233]+072 COLOR: 0.0026666666381061077, 0.0, 0.0, 0.0
vb0[1233]+088 TEXCOORD1: 0.5355700850486755, 0.0

vb0[1234]+000 POSITION: -0.010502748191356659, -0.029768725857138634, 1.6496949195861816
vb0[1234]+012 NORMAL: 0.4731169641017914, 0.8133679628372192, -0.33851560950279236
vb0[1234]+024 TANGENT: 1.0, 0.0, 0.0, -1.0
vb0[1234]+040 BLENDWEIGHTS: 1.0, 0.0, 0.0, 0.0
vb0[1234]+056 BLENDINDICES: 1, 0, 0, 0
vb0[1234]+072 COLOR: 0.002039215760305524, 0.0, 0.0, 0.0
vb0[1234]+088 TEXCOORD1: 0.47311699390411377, 0.0

vb0[1235]+000 POSITION: -0.0012912026140838861, -0.02400551550090313, 1.6562107801437378
vb0[1235]+012 NORMAL: 0.4931471347808838, 0.8279458284378052, -0.2670423984527588
vb0[1235]+024 TANGENT: 1.0, 0.0, 0.0, -1.0
vb0[1235]+040 BLENDWEIGHTS: 0.9226219058036804, 0.07737808674573898, 0.0, 0.0
vb0[1235]+056 BLENDINDICES: 1, 0, 0, 0
vb0[1235]+072 COLOR: 0.0015686274273321033, 0.0, 0.0, 0.0
vb0[1235]+088 TEXCOORD1: 0.4931471645832062, 0.0

vb0[1236]+000 POSITION: -0.044519901275634766, -0.011714467778801918, 1.6514272689819336
vb0[1236]+012 NORMAL: 0.49378296732902527, 0.8284932971000671, -0.26415395736694336
vb0[1236]+024 TANGENT: 1.0, 0.0, 0.0, -1.0
vb0[1236]+040 BLENDWEIGHTS: 1.0, 0.0, 0.0, 0.0
vb0[1236]+056 BLENDINDICES: 1, 0, 0, 0
vb0[1236]+072 COLOR: 0.001882352982647717, 0.0, 0.0, 0.0
vb0[1236]+088 TEXCOORD1: 0.49378296732902527, 0.0

vb0[1237]+000 POSITION: -0.035455554723739624, -0.009066583588719368, 1.6576966047286987
vb0[1237]+012 NORMAL: 0.4735182821750641, 0.8135496973991394, -0.3375164270401001
vb0[1237]+024 TANGENT: 1.0, 0.0, 0.0, -1.0
vb0[1237]+040 BLENDWEIGHTS: 1.0, 0.0, 0.0, 0.0
vb0[1237]+056 BLENDINDICES: 1, 0, 0, 0
vb0[1237]+072 COLOR: 0.0014117647660896182, 0.0, 0.0, 0.0
vb0[1237]+088 TEXCOORD1: 0.4735182821750641, 2.9802322387695312e-08

vb0[1238]+000 POSITION: 0.00833802204579115, -0.018202971667051315, 1.6622788906097412
vb0[1238]+012 NORMAL: 0.4731169641017914, 0.8133679628372192, -0.33851560950279236
vb0[1238]+024 TANGENT: 1.0, 0.0, 0.0, -1.0
vb0[1238]+040 BLENDWEIGHTS: 1.0, 0.0, 0.0, 0.0
vb0[1238]+056 BLENDINDICES: 1, 0, 0, 0
vb0[1238]+072 COLOR: 0.0010980392107740045, 0.0, 0.0, 0.0
vb0[1238]+088 TEXCOORD1: 0.47311699390411377, 0.0

vb0[1239]+000 POSITION: -0.01755117066204548, -0.00929077435284853, 1.6637592315673828
vb0[1239]+012 NORMAL: 0.45999908447265625, 0.7978919148445129, -0.389575719833374
vb0[1239]+024 TANGENT: 1.0, 0.0, 0.0, -1.0
vb0[1239]+040 BLENDWEIGHTS: 1.0, 0.0, 0.0, 0.0
vb0[1239]+056 BLENDINDICES: 1, 0, 0, 0
vb0[1239]+072 COLOR: 0.0010980392107740045, 0.0, 0.0, 0.0
vb0[1239]+088 TEXCOORD1: 0.4599991738796234, 2.9802322387695312e-08

vb0[1240]+000 POSITION: -0.036771439015865326, -0.057984236627817154, 1.5725524425506592
vb0[1240]+012 NORMAL: 0.4735182821750641, 0.8135496973991394, -0.3375164270401001
vb0[1240]+024 TANGENT: 1.0, 0.0, 0.0, -1.0
vb0[1240]+040 BLENDWEIGHTS: 0.622196614742279, 0.36151325702667236, 0.016290124505758286, 0.0
vb0[1240]+056 BLENDINDICES: 27, 24, 0, 0
vb0[1240]+072 COLOR: 0.007372548803687096, 0.0, 0.0, 0.0
vb0[1240]+088 TEXCOORD1: 0.4735182821750641, 2.9802322387695312e-08

vb0[1241]+000 POSITION: -0.029103435575962067, -0.06120702624320984, 1.5726176500320435
vb0[1241]+012 NORMAL: -0.4762268364429474, -0.5746815800666809, -0.6655442118644714
vb0[1241]+024 TANGENT: 1.0, 0.0, 0.0, -1.0
vb0[1241]+040 BLENDWEIGHTS: 0.622196614742279, 0.36151325702667236, 0.016290124505758286, 0.0
vb0[1241]+056 BLENDINDICES: 27, 24, 0, 0
vb0[1241]+072 COLOR: 0.007372548803687096, 0.0, 0.0, 0.0
vb0[1241]+088 TEXCOORD1: -0.4762268364429474, 0.0

vb0[1242]+000 POSITION: -0.052795976400375366, -0.039410535246133804, 1.5510199069976807
vb0[1242]+012 NORMAL: 0.48159998655319214, 0.7697086334228516, -0.419058620929718
vb0[1242]+024 TANGENT: 1.0, 0.0, 0.0, -1.0
vb0[1242]+040 BLENDWEIGHTS: 0.8784494400024414, 0.1215505450963974, 0.0, 0.0
vb0[1242]+056 BLENDINDICES: 33, 31, 0, 0
vb0[1242]+072 COLOR: 0.00894117634743452, 0.0, 0.0, 0.0
vb0[1242]+088 TEXCOORD1: 0.4816000163555145, 0.0

vb0[1243]+000 POSITION: -0.053446125239133835, -0.03994099050760269, 1.5531197786331177
vb0[1243]+012 NORMAL: 0.1296057403087616, 0.890091598033905, -0.4369658827781677
vb0[1243]+024 TANGENT: 1.0, 0.0, 0.0, -1.0
vb0[1243]+040 BLENDWEIGHTS: 0.8109488487243652, 0.18905113637447357, 0.0, 0.0
vb0[1243]+056 BLENDINDICES: 33, 31, 0, 0
vb0[1243]+072 COLOR: 0.008784313686192036, 0.0, 0.0, 0.0
vb0[1243]+088 TEXCOORD1: 0.1296057403087616, 2.9802322387695312e-08

vb0[1244]+000 POSITION: -0.03816146403551102, -0.06163783371448517, 1.5724068880081177
vb0[1244]+012 NORMAL: -0.9838385581970215, -0.17112469673156738, -0.0527074970304966
vb0[1244]+024 TANGENT: 1.0, 0.0, 0.0, -1.0
vb0[1244]+040 BLENDWEIGHTS: 0.622196614742279, 0.36151325702667236, 0.016290124505758286, 0.0
vb0[1244]+056 BLENDINDICES: 27, 24, 0, 0
vb0[1244]+072 COLOR: 0.007372548803687096, 0.0, 0.0, 0.0
vb0[1244]+088 TEXCOORD1: -0.9838385581970215, 0.0

vb0[1245]+000 POSITION: -0.03852095827460289, -0.05927984416484833, 1.5724682807922363
vb0[1245]+012 NORMAL: 0.5802893042564392, 0.6506089568138123, -0.4898695945739746
vb0[1245]+024 TANGENT: 1.0, 0.0, 0.0, -1.0
vb0[1245]+040 BLENDWEIGHTS: 0.622196614742279, 0.36151325702667236, 0.016290124505758286, 0.0
vb0[1245]+056 BLENDINDICES: 27, 24, 0, 0
vb0[1245]+072 COLOR: 0.007372548803687096, 0.0, 0.0, 0.0
vb0[1245]+088 TEXCOORD1: 0.580289363861084, -2.9802322387695312e-08

vb0[1246]+000 POSITION: -0.037406086921691895, -0.05881220102310181, 1.5674152374267578
vb0[1246]+012 NORMAL: 0.9312697649002075, 0.3643221855163574, -0.0024468526244163513
vb0[1246]+024 TANGENT: 1.0, 0.0, 0.0, -1.0
vb0[1246]+040 BLENDWEIGHTS: 0.800000011920929, 0.19999998807907104, 0.0, 0.0
vb0[1246]+056 BLENDINDICES: 27, 24, 0, 0
vb0[1246]+072 COLOR: 0.007686274591833353, 0.0, 0.0, 0.0
vb0[1246]+088 TEXCOORD1: 0.9312697649002075, 0.0

vb0[1247]+000 POSITION: -0.03663751482963562, -0.05828927457332611, 1.5675078630447388
vb0[1247]+012 NORMAL: 0.9323908686637878, 0.36142969131469727, -0.003974490333348513
vb0[1247]+024 TANGENT: 1.0, 0.0, 0.0, -1.0
vb0[1247]+040 BLENDWEIGHTS: 0.800000011920929, 0.19999998807907104, 0.0, 0.0
vb0[1247]+056 BLENDINDICES: 27, 24, 0, 0
vb0[1247]+072 COLOR: 0.007686274591833353, 0.0, 0.0, 0.0
vb0[1247]+088 TEXCOORD1: 0.9323908686637878, 0.0

vb0[1248]+000 POSITION: -0.03001921996474266, -0.06143990531563759, 1.567780613899231
vb0[1248]+012 NORMAL: -0.171809583902359, 0.9801048040390015, 0.09937836974859238
vb0[1248]+024 TANGENT: 1.0, 0.0, 0.0, -1.0
vb0[1248]+040 BLENDWEIGHTS: 0.800000011920929, 0.19999998807907104, 0.0, 0.0
vb0[1248]+056 BLENDINDICES: 27, 24, 0, 0
vb0[1248]+072 COLOR: 0.007686274591833353, 0.0, 0.0, 0.0
vb0[1248]+088 TEXCOORD1: -0.1718095988035202, 0.0

vb0[1249]+000 POSITION: -0.020391693338751793, -0.06401938945055008, 1.5726430416107178
vb0[1249]+012 NORMAL: -0.5239681601524353, -0.4862717390060425, -0.699283242225647
vb0[1249]+024 TANGENT: 1.0, 0.0, 0.0, -1.0
vb0[1249]+040 BLENDWEIGHTS: 0.622196614742279, 0.36151325702667236, 0.016290124505758286, 0.0
vb0[1249]+056 BLENDINDICES: 27, 24, 0, 0
vb0[1249]+072 COLOR: 0.007372548803687096, 0.0, 0.0, 0.0
vb0[1249]+088 TEXCOORD1: -0.5239681601524353, 0.0

vb0[1250]+000 POSITION: -0.022301677614450455, -0.06411074846982956, 1.5681885480880737
vb0[1250]+012 NORMAL: -0.022404197603464127, 0.9843268990516663, 0.17492473125457764
vb0[1250]+024 TANGENT: 1.0, 0.0, 0.0, -1.0
vb0[1250]+040 BLENDWEIGHTS: 0.800000011920929, 0.19999998807907104, 0.0, 0.0
vb0[1250]+056 BLENDINDICES: 27, 24, 0, 0
vb0[1250]+072 COLOR: 0.007686274591833353, 0.0, 0.0, 0.0
vb0[1250]+088 TEXCOORD1: -0.022404197603464127, 0.0

vb0[1251]+000 POSITION: -7.006734813330695e-05, -0.05890059471130371, 1.5670908689498901
vb0[1251]+012 NORMAL: -0.9768564105033875, -0.17177347838878632, -0.12745773792266846
vb0[1251]+024 TANGENT: 1.0, 0.0, 0.0, -1.0
vb0[1251]+040 BLENDWEIGHTS: 0.9142625331878662, 0.08573749661445618, 0.0, 0.0
vb0[1251]+056 BLENDINDICES: 28, 23, 0, 0
vb0[1251]+072 COLOR: 0.00784313678741455, 0.0, 0.0, 0.0
vb0[1251]+088 TEXCOORD1: -0.9768564105033875, 0.0

vb0[1252]+000 POSITION: 0.0010644959984347224, -0.059908170253038406, 1.5683428049087524
vb0[1252]+012 NORMAL: -0.8720340132713318, -0.48207834362983704, -0.08459976315498352
vb0[1252]+024 TANGENT: 1.0, 0.0, 0.0, -1.0
vb0[1252]+040 BLENDWEIGHTS: 0.8195000290870667, 0.18049998581409454, 0.0, 0.0
vb0[1252]+056 BLENDINDICES: 28, 23, 0, 0
vb0[1252]+072 COLOR: 0.007686274591833353, 0.0, 0.0, 0.0
vb0[1252]+088 TEXCOORD1: -0.8720340728759766, 0.0

vb0[1253]+000 POSITION: -0.05109154060482979, -0.04921712726354599, 1.566179871559143
vb0[1253]+012 NORMAL: 0.3435259461402893, 0.8211816549301147, -0.4556869566440582
vb0[1253]+024 TANGENT: 1.0, 0.0, 0.0, -1.0
vb0[1253]+040 BLENDWEIGHTS: 0.8424999713897705, 0.1575000137090683, 0.0, 0.0
vb0[1253]+056 BLENDINDICES: 35, 30, 0, 0
vb0[1253]+072 COLOR: 0.00784313678741455, 0.0, 0.0, 0.0
vb0[1253]+088 TEXCOORD1: 0.3435259759426117, -2.9802322387695312e-08

vb0[1254]+000 POSITION: -0.047736987471580505, -0.05183267593383789, 1.5647550821304321
vb0[1254]+012 NORMAL: 0.4590584337711334, 0.7737707495689392, -0.43651366233825684
vb0[1254]+024 TANGENT: 1.0, 0.0, 0.0, -1.0
vb0[1254]+040 BLENDWEIGHTS: 0.8424999713897705, 0.1575000137090683, 0.0, 0.0
vb0[1254]+056 BLENDINDICES: 35, 30, 0, 0
vb0[1254]+072 COLOR: 0.00784313678741455, 0.0, 0.0, 0.0
vb0[1254]+088 TEXCOORD1: 0.4590584337711334, 2.9802322387695312e-08

vb0[1255]+000 POSITION: -0.049731940031051636, -0.050261400640010834, 1.5687105655670166
vb0[1255]+012 NORMAL: 0.16907817125320435, 0.8675593137741089, -0.4677107334136963
vb0[1255]+024 TANGENT: 1.0, 0.0, 0.0, -1.0
vb0[1255]+040 BLENDWEIGHTS: 0.6499999761581421, 0.3500000238418579, 0.0, 0.0
vb0[1255]+056 BLENDINDICES: 35, 30, 0, 0
vb0[1255]+072 COLOR: 0.007529411930590868, 0.0, 0.0, 0.0
vb0[1255]+088 TEXCOORD1: 0.16907818615436554, 2.9802322387695312e-08

vb0[1256]+000 POSITION: -0.06514552235603333, -0.029443887993693352, 1.5653263330459595
vb0[1256]+012 NORMAL: -0.4796029329299927, -0.3145032227039337, -0.8191878199577332
vb0[1256]+024 TANGENT: 1.0, 0.0, 0.0, -1.0
vb0[1256]+040 BLENDWEIGHTS: 0.3576502799987793, 0.32358840107917786, 0.30000001192092896, 0.01876133494079113
vb0[1256]+056 BLENDINDICES: 31, 33, 1, 25
vb0[1256]+072 COLOR: 0.00784313678741455, 0.0, 0.0, 0.0
vb0[1256]+088 TEXCOORD1: -0.47960296273231506, 0.0

vb0[1257]+000 POSITION: -0.06264810264110565, -0.03037847764790058, 1.558498501777649
vb0[1257]+012 NORMAL: 0.33575505018234253, -0.5619908571243286, 0.7559331059455872
vb0[1257]+024 TANGENT: 1.0, 0.0, 0.0, -1.0
vb0[1257]+040 BLENDWEIGHTS: 0.485158771276474, 0.3048412501811981, 0.20999999344348907, 0.0
vb0[1257]+056 BLENDINDICES: 33, 31, 1, 0
vb0[1257]+072 COLOR: 0.00831372570246458, 0.0, 0.0, 0.0
vb0[1257]+088 TEXCOORD1: 0.33575505018234253, -2.9802322387695312e-08

vb0[1258]+000 POSITION: -0.06069285422563553, -0.03132610768079758, 1.5547622442245483
vb0[1258]+012 NORMAL: 0.33415472507476807, -0.5421093106269836, 0.7710111141204834
vb0[1258]+024 TANGENT: 1.0, 0.0, 0.0, -1.0
vb0[1258]+040 BLENDWEIGHTS: 0.6159904599189758, 0.23438455164432526, 0.1496249884366989, 0.0
vb0[1258]+056 BLENDINDICES: 33, 31, 1, 0
vb0[1258]+072 COLOR: 0.00862745102494955, 0.0, 0.0, 0.0
vb0[1258]+088 TEXCOORD1: 0.33415472507476807, 0.0

vb0[1259]+000 POSITION: -0.05700823664665222, -0.03383595496416092, 1.5506030321121216
vb0[1259]+012 NORMAL: 0.3357486128807068, -0.5619051456451416, 0.7559996843338013
vb0[1259]+024 TANGENT: 1.0, 0.0, 0.0, -1.0
vb0[1259]+040 BLENDWEIGHTS: 0.8145233392715454, 0.11270511895418167, 0.07277151942253113, 0.0
vb0[1259]+056 BLENDINDICES: 33, 31, 1, 0
vb0[1259]+072 COLOR: 0.00894117634743452, 0.0, 0.0, 0.0
vb0[1259]+088 TEXCOORD1: 0.3357486128807068, 0.0

vb0[1260]+000 POSITION: -0.059127114713191986, -0.032261915504932404, 1.5523215532302856
vb0[1260]+012 NORMAL: 0.13225297629833221, 0.8879608511924744, -0.44049376249313354
vb0[1260]+024 TANGENT: 1.0, 0.0, 0.0, -1.0
vb0[1260]+040 BLENDWEIGHTS: 0.7176897525787354, 0.16731026768684387, 0.11500000208616257, 0.0
vb0[1260]+056 BLENDINDICES: 33, 31, 1, 0
vb0[1260]+072 COLOR: 0.008784313686192036, 0.0, 0.0, 0.0
vb0[1260]+088 TEXCOORD1: 0.13225297629833221, 0.0

vb0[1261]+000 POSITION: -0.05475393310189247, -0.035764336585998535, 1.5493935346603394
vb0[1261]+012 NORMAL: 0.3341459333896637, -0.5420420169830322, 0.7710621953010559
vb0[1261]+024 TANGENT: 1.0, 0.0, 0.0, -1.0
vb0[1261]+040 BLENDWEIGHTS: 0.8964527249336243, 0.061105623841285706, 0.04244165122509003, 0.0
vb0[1261]+056 BLENDINDICES: 33, 31, 1, 0
vb0[1261]+072 COLOR: 0.00894117634743452, 0.0, 0.0, 0.0
vb0[1261]+088 TEXCOORD1: 0.3341459333896637, 2.9802322387695312e-08

vb0[1262]+000 POSITION: -0.0037269694730639458, -0.06330322474241257, 1.5663071870803833
vb0[1262]+012 NORMAL: -0.9970034956932068, -0.02092280052602291, -0.07447288930416107
vb0[1262]+024 TANGENT: 1.0, 0.0, 0.0, -1.0
vb0[1262]+040 BLENDWEIGHTS: 0.949999988079071, 0.05000000074505806, 0.0, 0.0
vb0[1262]+056 BLENDINDICES: 28, 23, 0, 0
vb0[1262]+072 COLOR: 0.00784313678741455, 0.0, 0.0, 0.0
vb0[1262]+088 TEXCOORD1: -0.9970035552978516, -1.862645149230957e-09

vb0[1263]+000 POSITION: 0.014663578011095524, -0.06986581534147263, 1.5999752283096313
vb0[1263]+012 NORMAL: -0.9977095127105713, -0.04688849300146103, -0.04875659570097923
vb0[1263]+024 TANGENT: 1.0, 0.0, 0.0, -1.0
vb0[1263]+040 BLENDWEIGHTS: 0.7143750190734863, 0.2381249964237213, 0.04749999940395355, 0.0
vb0[1263]+056 BLENDINDICES: 0, 23, 28, 0
vb0[1263]+072 COLOR: 0.005490196403115988, 0.0, 0.0, 0.0
vb0[1263]+088 TEXCOORD1: -0.9977095127105713, 3.725290298461914e-09

vb0[1264]+000 POSITION: -0.05332503095269203, -0.04720395803451538, 1.5659762620925903
vb0[1264]+012 NORMAL: -0.914090633392334, -0.15152736008167267, -0.3761351704597473
vb0[1264]+024 TANGENT: 1.0, 0.0, 0.0, -1.0
vb0[1264]+040 BLENDWEIGHTS: 0.949999988079071, 0.05000000074505806, 0.0, 0.0
vb0[1264]+056 BLENDINDICES: 35, 30, 0, 0
vb0[1264]+072 COLOR: 0.00784313678741455, 0.0, 0.0, 0.0
vb0[1264]+088 TEXCOORD1: -0.9140906929969788, 0.0

vb0[1265]+000 POSITION: 0.023152634501457214, -0.02382153458893299, 1.6785110235214233
vb0[1265]+012 NORMAL: -0.8328238129615784, -0.54450923204422, -0.09957010298967361
vb0[1265]+024 TANGENT: 1.0, 0.0, 0.0, -1.0
vb0[1265]+040 BLENDWEIGHTS: 1.0, 0.0, 0.0, 0.0
vb0[1265]+056 BLENDINDICES: 1, 0, 0, 0
vb0[1265]+072 COLOR: 0.0, 0.0, 0.0, 0.0
vb0[1265]+088 TEXCOORD1: -0.8328238725662231, 0.0

vb0[1266]+000 POSITION: -0.056629423052072525, -0.036467473953962326, 1.6333656311035156
vb0[1266]+012 NORMAL: 0.3346025347709656, -0.9410702586174011, -0.04927428066730499
vb0[1266]+024 TANGENT: 1.0, 0.0, 0.0, -1.0
vb0[1266]+040 BLENDWEIGHTS: 0.75, 0.25, 0.0, 0.0
vb0[1266]+056 BLENDINDICES: 1, 36, 0, 0
vb0[1266]+072 COLOR: 0.0, 0.0, 0.0, 0.0
vb0[1266]+088 TEXCOORD1: 0.3346025347709656, -3.725290298461914e-09

vb0[1267]+000 POSITION: -0.06328409910202026, -0.03486979752779007, 1.6152132749557495
vb0[1267]+012 NORMAL: 0.9741705656051636, -0.12015453726053238, -0.19119246304035187
vb0[1267]+024 TANGENT: 1.0, 0.0, 0.0, -1.0
vb0[1267]+040 BLENDWEIGHTS: 0.5, 0.5, 0.0, 0.0
vb0[1267]+056 BLENDINDICES: 1, 36, 0, 0
vb0[1267]+072 COLOR: 0.0, 0.0, 0.0, 0.0
vb0[1267]+088 TEXCOORD1: 0.9741705656051636, -7.450580596923828e-09

vb0[1268]+000 POSITION: -0.061184924095869064, -0.010093153454363346, 1.61660635471344
vb0[1268]+012 NORMAL: 0.44551560282707214, -0.8948004245758057, -0.02912127412855625
vb0[1268]+024 TANGENT: 1.0, 0.0, 0.0, -1.0
vb0[1268]+040 BLENDWEIGHTS: 0.5, 0.5, 0.0, 0.0
vb0[1268]+056 BLENDINDICES: 1, 36, 0, 0
vb0[1268]+072 COLOR: 0.0, 0.0, 0.0, 0.0
vb0[1268]+088 TEXCOORD1: 0.44551563262939453, 0.0

vb0[1269]+000 POSITION: -0.05484916642308235, -0.014924583956599236, 1.6320754289627075
vb0[1269]+012 NORMAL: 0.8141675591468811, -0.5577091574668884, -0.16152875125408173
vb0[1269]+024 TANGENT: 1.0, 0.0, 0.0, -1.0
vb0[1269]+040 BLENDWEIGHTS: 0.75, 0.25, 0.0, 0.0
vb0[1269]+056 BLENDINDICES: 1, 36, 0, 0
vb0[1269]+072 COLOR: 0.0, 0.0, 0.0, 0.0
vb0[1269]+088 TEXCOORD1: 0.8141676187515259, 1.4901161193847656e-08
