byte offset: 0
first index: 0
index count: 44715
topology: trianglelist
format: DXGI_FORMAT_R16_UINT

0 1 2
3 4 5
6 7 8
9 10 11
12 13 14
15 16 17
18 19 20
21 22 23
24 25 26
27 28 29
30 31 32
33 34 35
36 37 38
39 40 41
42 43 44
45 46 47
48 49 50
51 52 53
54 55 56
57 58 59
60 61 62
63 64 65
66 67 68
66 68 69
70 71 72
70 72 73
74 75 76
74 76 77
77 78 74
77 79 78
80 81 82
80 83 81
83 84 81
83 85 84
86 87 88
86 88 89
88 90 89
88 91 90
92 93 94
92 95 93
95 96 93
95 97 96
98 99 100
98 100 101
102 98 101
102 103 98
104 103 102
104 105 103
104 106 105
104 107 106
108 109 110
108 111 109
112 111 108
112 108 113
113 114 112
113 115 114
116 114 115
116 115 117
118 119 120
118 121 119
122 119 121
122 121 123
123 124 122
123 125 124
125 126 124
125 127 126
128 129 130
128 131 129
131 132 129
131 133 132
132 133 134
132 134 135
134 136 135
134 137 136
138 139 140
141 139 138
142 139 141
142 141 143
142 143 144
139 142 145
139 145 146
146 145 147
146 147 148
147 149 148
150 149 147
150 147 151
148 149 152
148 152 153
154 155 156
154 157 155
158 155 157
158 157 159
160 161 162
160 163 161
164 163 160
164 160 165
166 167 168
166 169 167
167 169 170
167 170 171
172 173 174
172 174 175
175 174 176
175 176 177
178 179 180
178 181 179
182 181 178
182 178 183
184 182 183
184 183 185
184 185 186
184 186 187
188 189 190
188 190 191
191 192 188
191 193 192
194 192 193
194 193 195
196 194 195
196 197 194
198 199 200
198 200 201
200 202 201
200 203 202
204 202 203
204 203 205
204 205 206
204 206 207
208 209 210
208 210 211
211 210 212
211 212 213
212 214 213
212 215 214
214 215 216
214 216 217
218 219 220
221 218 220
222 221 220
222 223 221
222 224 223
220 225 222
220 226 225
226 227 225
226 228 227
227 228 229
230 227 229
230 231 227
228 232 229
228 233 232
234 235 236
234 237 235
234 238 237
234 239 238
239 240 238
239 241 240
240 241 242
240 242 243
244 243 242
244 242 245
244 245 246
244 246 247
248 247 246
248 246 249
250 251 252
250 252 253
253 254 250
253 255 254
256 254 255
256 257 254
257 256 258
257 258 259
258 260 259
258 261 260
261 262 260
261 263 262
264 262 263
264 263 265
266 267 268
266 268 269
268 270 269
268 271 270
272 269 270
273 266 269
272 273 269
273 274 266
275 273 272
275 274 273
275 272 276
275 277 274
276 278 275
278 277 275
278 279 277
276 280 278
281 279 278
282 278 280
281 278 282
282 280 283
284 281 282
283 285 282
284 282 285
286 284 285
283 287 285
286 285 288
287 288 285
287 289 288
290 291 292
290 293 291
294 295 296
295 297 296
298 299 300
301 298 300
301 300 302
301 302 303
301 303 304
304 303 305
306 307 308
306 308 309
310 306 309
310 311 306
308 312 309
310 309 312
308 313 312
314 312 313
315 311 310
315 316 311
316 315 317
316 317 318
310 319 315
319 317 315
310 312 320
310 320 319
314 321 312
321 320 312
322 318 317
322 323 318
314 324 321
314 325 324
324 325 326
321 327 320
327 321 324
324 326 328
328 326 329
330 324 328
327 324 330
331 320 327
331 319 320
319 332 317
322 317 332
333 328 329
330 328 333
334 327 330
334 331 327
334 330 333
319 331 335
319 335 332
334 335 331
336 333 329
334 333 336
337 336 329
338 334 336
334 338 335
338 336 337
335 339 332
322 332 339
340 335 338
335 340 339
341 338 337
340 338 341
342 322 339
342 339 340
341 337 343
343 337 344
340 341 345
345 341 343
346 343 344
345 343 346
344 347 346
345 346 347
348 347 344
349 347 348
340 345 350
342 340 350
345 347 351
349 351 347
350 345 351
352 351 349
350 351 352
352 349 353
354 352 353
350 352 355
354 355 352
350 355 342
356 355 354
356 357 355
342 355 357
358 357 356
358 359 357
357 359 360
342 357 361
357 360 361
342 361 322
361 360 323
361 323 322
362 363 364
362 365 363
366 363 365
366 367 363
368 367 366
368 369 367
370 369 368
370 368 371
370 371 372
370 372 373
374 373 372
374 372 375
374 375 376
374 376 377
378 379 380
378 380 381
382 381 380
382 383 381
382 384 383
382 385 384
386 384 385
386 385 387
388 386 387
388 389 386
390 389 388
390 391 389
391 390 392
391 392 393
394 395 396
394 396 397
398 394 397
398 399 394
397 400 398
396 401 397
397 401 400
396 402 401
400 401 403
402 403 401
400 403 404
402 405 403
406 404 403
405 406 403
405 407 406
406 408 404
406 407 409
408 406 410
406 409 410
408 410 411
410 409 412
413 411 410
410 412 413
413 412 414
413 415 411
413 414 416
416 415 413
416 417 415
418 419 420
418 420 421
422 423 424
424 423 425
426 427 428
426 429 427
429 430 427
429 431 430
432 433 434
432 435 433
435 436 433
435 437 436
438 439 440
438 441 439
438 442 441
443 442 438
444 442 443
444 443 445
445 446 444
445 447 446
448 449 450
448 450 451
452 453 454
452 454 455
455 456 452
455 457 456
456 457 458
458 457 459
460 458 459
460 459 461
462 463 464
462 464 465
466 467 468
466 468 469
466 469 470
470 469 471
470 471 472
472 471 473
473 474 472
473 475 474
476 477 478
476 479 477
477 479 480
480 479 481
480 481 482
482 481 483
483 484 482
483 485 484
486 487 488
486 489 487
489 490 487
489 491 490
492 493 494
492 494 495
494 496 495
497 496 494
498 496 497
498 497 499
500 498 499
500 499 501
502 503 504
502 504 505
506 507 508
506 509 507
509 510 507
509 511 510
510 511 512
512 511 513
513 514 512
513 515 514
516 517 518
516 518 519
520 521 522
520 523 521
521 523 524
524 523 525
524 525 526
526 525 527
528 526 527
528 527 529
530 531 532
530 532 533
530 533 534
534 533 535
534 535 536
536 535 537
538 536 537
538 537 539
540 541 542
540 543 541
540 544 543
545 544 540
546 544 545
546 545 547
547 548 546
547 549 548
548 547 549
548 550 547
550 551 547
550 552 551
551 552 553
553 552 554
555 553 554
555 556 553
557 558 559
557 559 560
561 562 563
561 563 564
564 565 561
564 566 565
565 566 567
567 566 568
567 569 568
570 569 567
571 569 570
571 570 572
573 571 572
573 572 574
575 567 568
568 575 567
575 568 576
568 576 575
577 578 579
577 579 580
577 580 581
581 580 582
581 582 583
583 582 584
584 585 583
584 586 585
585 587 586
585 588 587
588 589 587
590 589 588
590 591 589
592 591 590
593 591 592
593 592 594
595 596 597
595 598 596
596 598 599
599 598 600
599 600 601
601 600 602
601 603 602
604 603 601
604 605 603
606 605 604
606 607 605
606 608 607
602 609 601
609 601 602
602 610 609
609 602 610
611 612 613
611 614 612
611 615 614
616 615 611
617 615 616
617 616 618
618 619 617
618 620 619
621 622 623
621 623 624
625 626 627
625 627 628
628 629 625
628 630 629
629 630 631
631 630 632
633 631 632
633 632 634
635 636 637
635 637 638
639 640 641
639 641 642
639 642 643
643 642 644
643 644 645
645 644 646
646 647 645
646 648 647
649 650 651
649 652 650
650 652 653
653 652 654
653 654 655
655 654 656
656 657 655
656 658 657
659 660 661
659 662 660
659 663 662
664 663 659
665 663 664
665 664 666
666 667 665
666 668 667
669 670 671
669 671 672
673 674 675
673 675 676
676 677 673
676 678 677
677 678 679
679 678 680
681 679 680
681 680 682
683 684 685
683 685 686
687 688 689
687 689 690
687 690 691
691 690 692
691 692 693
693 692 694
694 695 693
694 696 695
697 698 699
697 700 698
698 700 701
701 700 702
701 702 703
703 702 704
704 705 703
704 706 705
707 708 709
707 710 708
710 711 708
710 712 711
713 714 715
713 716 714
713 717 716
718 717 713
719 717 718
719 718 720
720 721 719
720 722 721
723 724 725
723 725 726
727 728 729
727 729 730
730 731 727
730 732 731
731 732 733
733 732 734
735 733 734
735 734 736
737 738 739
737 739 740
741 742 743
741 743 744
741 744 745
745 744 746
745 746 747
747 746 748
748 749 747
748 750 749
751 752 753
751 754 752
752 754 755
755 754 756
755 756 757
757 756 758
758 759 757
758 760 759
761 762 763
761 764 762
764 765 762
764 766 765
767 768 769
767 770 768
767 771 770
772 771 767
773 771 772
773 772 774
774 775 773
774 776 775
777 778 779
777 779 780
781 782 783
781 783 784
784 785 781
784 786 785
785 786 787
787 786 788
789 787 788
789 788 790
791 792 793
791 793 794
795 796 797
795 797 798
795 798 799
799 798 800
799 800 801
801 800 802
802 803 801
802 804 803
805 806 807
805 808 806
806 808 809
809 808 810
809 810 811
811 810 812
812 813 811
812 814 813
815 816 817
815 818 816
818 819 816
818 820 819
821 822 823
821 824 822
821 825 824
826 825 821
827 825 826
827 826 828
828 829 827
828 830 829
831 832 833
831 833 834
835 836 837
835 837 838
838 839 835
838 840 839
839 840 841
841 840 842
843 841 842
843 842 844
845 846 847
845 847 848
849 850 851
849 851 852
849 852 853
853 852 854
853 854 855
855 854 856
856 857 855
856 858 857
859 860 861
859 862 860
860 862 863
863 862 864
863 864 865
865 864 866
866 867 865
866 868 867
869 870 871
869 872 870
872 873 870
872 874 873
875 876 877
875 878 876
875 879 878
880 879 875
881 879 880
881 880 882
882 883 881
882 884 883
885 886 887
885 887 888
889 890 891
889 891 892
892 893 889
892 894 893
893 894 895
895 894 896
897 895 896
897 896 898
899 900 901
899 901 902
903 904 905
903 905 906
903 906 907
907 906 908
907 908 909
909 908 910
910 911 909
910 912 911
913 914 915
913 916 914
914 916 917
917 916 918
917 918 919
919 918 920
920 921 919
920 922 921
923 924 925
923 926 924
926 927 924
926 928 927
929 930 931
929 932 930
929 933 932
934 933 929
935 933 934
935 934 936
936 937 935
936 938 937
939 940 941
939 941 942
943 944 945
943 945 946
946 947 943
946 948 947
947 948 949
949 948 950
951 949 950
951 950 952
953 954 955
953 955 956
957 958 959
957 959 960
957 960 961
961 960 962
961 962 963
963 962 964
964 965 963
964 966 965
967 968 969
967 970 968
968 970 971
971 970 972
971 972 973
973 972 974
974 975 973
974 976 975
977 978 979
977 980 978
980 981 978
980 982 981
983 984 985
983 986 984
983 987 986
988 987 983
989 987 988
989 988 990
990 991 989
990 992 991
993 994 995
993 995 996
997 998 999
997 999 1000
1000 1001 997
1000 1002 1001
1001 1002 1003
1003 1002 1004
1005 1003 1004
1005 1004 1006
1007 1008 1009
1007 1009 1010
1011 1012 1013
1011 1013 1014
1011 1014 1015
1015 1014 1016
1015 1016 1017
1017 1016 1018
1018 1019 1017
1018 1020 1019
1021 1022 1023
1021 1024 1022
1022 1024 1025
1025 1024 1026
1025 1026 1027
1027 1026 1028
1028 1029 1027
1028 1030 1029
1031 1032 1033
1031 1034 1032
1031 1035 1034
1036 1035 1031
1037 1035 1036
1037 1036 1038
1038 1039 1037
1038 1040 1039
1041 1042 1043
1041 1043 1044
1045 1046 1047
1045 1047 1048
1048 1049 1045
1048 1050 1049
1049 1050 1051
1051 1050 1052
1053 1051 1052
1053 1052 1054
1055 1056 1057
1055 1057 1058
1059 1060 1061
1059 1061 1062
1059 1062 1063
1063 1062 1064
1063 1064 1065
1065 1064 1066
1066 1067 1065
1066 1068 1067
1069 1070 1071
1069 1072 1070
1070 1072 1073
1073 1072 1074
1073 1074 1075
1075 1074 1076
1076 1077 1075
1076 1078 1077
1079 1080 1081
1079 1082 1080
1079 1083 1082
1084 1083 1079
1085 1083 1084
1085 1084 1086
1086 1087 1085
1086 1088 1087
1089 1090 1091
1089 1091 1092
1093 1094 1095
1093 1095 1096
1096 1097 1093
1096 1098 1097
1097 1098 1099
1099 1098 1100
1101 1099 1100
1101 1100 1102
1103 1104 1105
1103 1105 1106
1107 1108 1109
1107 1109 1110
1107 1110 1111
1111 1110 1112
1111 1112 1113
1113 1112 1114
1114 1115 1113
1114 1116 1115
1117 1118 1119
1117 1120 1118
1118 1120 1121
1121 1120 1122
1121 1122 1123
1123 1122 1124
1124 1125 1123
1124 1126 1125
1127 1128 1129
1127 1130 1128
1127 1131 1130
1132 1131 1127
1133 1131 1132
1133 1132 1134
1134 1135 1133
1134 1136 1135
1137 1138 1139
1137 1139 1140
1141 1142 1143
1141 1143 1144
1144 1145 1141
1144 1146 1145
1145 1146 1147
1147 1146 1148
1149 1147 1148
1149 1148 1150
1151 1152 1153
1151 1153 1154
1155 1156 1157
1155 1157 1158
1155 1158 1159
1159 1158 1160
1159 1160 1161
1161 1160 1162
1162 1163 1161
1162 1164 1163
1165 1166 1167
1165 1168 1166
1166 1168 1169
1169 1168 1170
1169 1170 1171
1171 1170 1172
1172 1173 1171
1172 1174 1173
1175 1176 1177
1175 1178 1176
1178 1179 1176
1178 1180 1179
1181 1182 1183
1181 1184 1182
1181 1185 1184
1186 1185 1181
1187 1185 1186
1187 1186 1188
1188 1189 1187
1188 1190 1189
1191 1192 1193
1191 1193 1194
1195 1196 1197
1195 1197 1198
1198 1199 1195
1198 1200 1199
1199 1200 1201
1201 1200 1202
1203 1201 1202
1203 1202 1204
1205 1206 1207
1205 1207 1208
1209 1210 1211
1209 1211 1212
1209 1212 1213
1213 1212 1214
1213 1214 1215
1215 1214 1216
1216 1217 1215
1216 1218 1217
1219 1220 1221
1219 1222 1220
1220 1222 1223
1223 1222 1224
1223 1224 1225
1225 1224 1226
1226 1227 1225
1226 1228 1227
1229 1230 1231
1229 1232 1230
1232 1233 1230
1232 1234 1233
1235 1236 1237
1235 1238 1236
1238 1239 1236
1238 1240 1239
1241 1242 1243
1241 1244 1242
1244 1245 1242
1244 1246 1245
1247 1248 1249
1247 1250 1248
1250 1251 1248
1250 1252 1251
1253 1254 1255
1253 1256 1254
1256 1257 1254
1256 1258 1257
1259 1260 1261
1259 1262 1260
1259 1263 1262
1264 1263 1259
1265 1263 1264
1265 1264 1266
1266 1267 1265
1266 1268 1267
1269 1270 1271
1269 1271 1272
1273 1274 1275
1273 1275 1276
1276 1277 1273
1276 1278 1277
1277 1278 1279
1279 1278 1280
1281 1279 1280
1281 1280 1282
1283 1284 1285
1283 1285 1286
1287 1288 1289
1287 1289 1290
1287 1290 1291
1291 1290 1292
1291 1292 1293
1293 1292 1294
1294 1295 1293
1294 1296 1295
1297 1298 1299
1297 1300 1298
1298 1300 1301
1301 1300 1302
1301 1302 1303
1303 1302 1304
1304 1305 1303
1304 1306 1305
1307 1308 1309
1307 1310 1308
1307 1311 1310
1312 1311 1307
1313 1311 1312
1313 1312 1314
1314 1315 1313
1314 1316 1315
1317 1318 1319
1317 1319 1320
1321 1322 1323
1321 1323 1324
1324 1325 1321
1324 1326 1325
1325 1326 1327
1327 1326 1328
1329 1327 1328
1329 1328 1330
1331 1332 1333
1331 1333 1334
1335 1336 1337
1335 1337 1338
1335 1338 1339
1339 1338 1340
1339 1340 1341
1341 1340 1342
1342 1343 1341
1342 1344 1343
1345 1346 1347
1345 1348 1346
1346 1348 1349
1349 1348 1350
1349 1350 1351
1351 1350 1352
1352 1353 1351
1352 1354 1353
1355 1356 1357
1355 1358 1356
1355 1359 1358
1360 1359 1355
1361 1359 1360
1361 1360 1362
1362 1363 1361
1362 1364 1363
1365 1366 1367
1365 1367 1368
1369 1370 1371
1369 1371 1372
1372 1373 1369
1372 1374 1373
1373 1374 1375
1375 1374 1376
1377 1375 1376
1377 1376 1378
1379 1380 1381
1379 1381 1382
1383 1384 1385
1383 1385 1386
1383 1386 1387
1387 1386 1388
1387 1388 1389
1389 1388 1390
1390 1391 1389
1390 1392 1391
1393 1394 1395
1393 1396 1394
1394 1396 1397
1397 1396 1398
1397 1398 1399
1399 1398 1400
1400 1401 1399
1400 1402 1401
1403 1404 1405
1403 1406 1404
1403 1407 1406
1408 1407 1403
1409 1407 1408
1409 1408 1410
1410 1411 1409
1410 1412 1411
1413 1414 1415
1413 1415 1416
1417 1418 1419
1417 1419 1420
1420 1421 1417
1420 1422 1421
1421 1422 1423
1423 1422 1424
1425 1423 1424
1425 1424 1426
1427 1428 1429
1427 1429 1430
1431 1432 1433
1431 1433 1434
1431 1434 1435
1435 1434 1436
1435 1436 1437
1437 1436 1438
1438 1439 1437
1438 1440 1439
1441 1442 1443
1441 1444 1442
1442 1444 1445
1445 1444 1446
1445 1446 1447
1447 1446 1448
1448 1449 1447
1448 1450 1449
1451 1452 1453
1451 1454 1452
1451 1455 1454
1456 1455 1451
1457 1455 1456
1457 1456 1458
1458 1459 1457
1458 1460 1459
1461 1462 1463
1461 1463 1464
1465 1466 1467
1465 1467 1468
1468 1469 1465
1468 1470 1469
1469 1470 1471
1471 1470 1472
1473 1471 1472
1473 1472 1474
1475 1476 1477
1475 1477 1478
1479 1480 1481
1479 1481 1482
1479 1482 1483
1483 1482 1484
1483 1484 1485
1485 1484 1486
1486 1487 1485
1486 1488 1487
1489 1490 1491
1489 1492 1490
1490 1492 1493
1493 1492 1494
1493 1494 1495
1495 1494 1496
1496 1497 1495
1496 1498 1497
1499 1500 1501
1499 1502 1500
1499 1503 1502
1504 1503 1499
1505 1503 1504
1505 1504 1506
1506 1507 1505
1506 1508 1507
1509 1510 1511
1509 1511 1512
1513 1514 1515
1513 1515 1516
1516 1517 1513
1516 1518 1517
1517 1518 1519
1519 1518 1520
1521 1519 1520
1521 1520 1522
1523 1524 1525
1523 1525 1526
1527 1528 1529
1527 1529 1530
1527 1530 1531
1531 1530 1532
1531 1532 1533
1533 1532 1534
1534 1535 1533
1534 1536 1535
1537 1538 1539
1537 1540 1538
1538 1540 1541
1541 1540 1542
1541 1542 1543
1543 1542 1544
1544 1545 1543
1544 1546 1545
1547 1548 1549
1547 1550 1548
1550 1551 1548
1550 1552 1551
1553 1554 1555
1553 1556 1554
1553 1557 1556
1558 1557 1553
1559 1557 1558
1559 1558 1560
1560 1561 1559
1560 1562 1561
1563 1564 1565
1563 1565 1566
1567 1568 1569
1567 1569 1570
1570 1571 1567
1570 1572 1571
1571 1572 1573
1573 1572 1574
1575 1573 1574
1575 1574 1576
1577 1578 1579
1577 1579 1580
1581 1582 1583
1581 1583 1584
1581 1584 1585
1585 1584 1586
1585 1586 1587
1587 1586 1588
1588 1589 1587
1588 1590 1589
1591 1592 1593
1591 1594 1592
1592 1594 1595
1595 1594 1596
1595 1596 1597
1597 1596 1598
1598 1599 1597
1598 1600 1599
1601 1602 1603
1601 1604 1602
1604 1605 1602
1604 1606 1605
1607 1608 1609
1607 1610 1608
1610 1611 1608
1610 1612 1611
1613 1614 1615
1613 1616 1614
1616 1617 1614
1616 1618 1617
1619 1620 1621
1619 1622 1620
1622 1623 1620
1622 1624 1623
1625 1626 1627
1625 1628 1626
1628 1629 1626
1628 1630 1629
1631 1632 1633
1631 1634 1632
1634 1635 1632
1634 1636 1635
1637 1638 1639
1637 1640 1638
1637 1641 1640
1642 1641 1637
1643 1641 1642
1643 1642 1644
1644 1645 1643
1644 1646 1645
1647 1648 1649
1647 1649 1650
1651 1652 1653
1651 1653 1654
1654 1655 1651
1654 1656 1655
1655 1656 1657
1657 1656 1658
1659 1657 1658
1659 1658 1660
1661 1662 1663
1661 1663 1664
1665 1666 1667
1665 1667 1668
1665 1668 1669
1669 1668 1670
1669 1670 1671
1671 1670 1672
1672 1673 1671
1672 1674 1673
1675 1676 1677
1675 1678 1676
1676 1678 1679
1679 1678 1680
1679 1680 1681
1681 1680 1682
1682 1683 1681
1682 1684 1683
1685 1686 1687
1685 1688 1686
1688 1689 1686
1688 1690 1689
1691 1692 1693
1691 1694 1692
1691 1695 1694
1696 1695 1691
1697 1695 1696
1697 1696 1698
1698 1699 1697
1698 1700 1699
1701 1702 1703
1701 1703 1704
1705 1706 1707
1705 1707 1708
1708 1709 1705
1708 1710 1709
1709 1710 1711
1711 1710 1712
1713 1711 1712
1713 1712 1714
1715 1716 1717
1715 1717 1718
1719 1720 1721
1719 1721 1722
1719 1722 1723
1723 1722 1724
1723 1724 1725
1725 1724 1726
1726 1727 1725
1726 1728 1727
1729 1730 1731
1729 1732 1730
1730 1732 1733
1733 1732 1734
1733 1734 1735
1735 1734 1736
1736 1737 1735
1736 1738 1737
1739 1740 1741
1739 1742 1740
1742 1743 1740
1742 1744 1743
1745 1746 1747
1745 1748 1746
1745 1749 1748
1750 1749 1745
1751 1749 1750
1751 1750 1752
1752 1753 1751
1752 1754 1753
1755 1756 1757
1755 1757 1758
1759 1760 1761
1759 1761 1762
1762 1763 1759
1762 1764 1763
1763 1764 1765
1765 1764 1766
1767 1765 1766
1767 1766 1768
1769 1770 1771
1769 1771 1772
1773 1774 1775
1773 1775 1776
1773 1776 1777
1777 1776 1778
1777 1778 1779
1779 1778 1780
1780 1781 1779
1780 1782 1781
1783 1784 1785
1783 1786 1784
1784 1786 1787
1787 1786 1788
1787 1788 1789
1789 1788 1790
1790 1791 1789
1790 1792 1791
1793 1794 1795
1793 1796 1794
1793 1797 1796
1798 1797 1793
1799 1797 1798
1799 1798 1800
1800 1801 1799
1800 1802 1801
1803 1804 1805
1803 1805 1806
1807 1808 1809
1807 1809 1810
1810 1811 1807
1810 1812 1811
1811 1812 1813
1813 1812 1814
1815 1813 1814
1815 1814 1816
1817 1818 1819
1817 1819 1820
1821 1822 1823
1821 1823 1824
1821 1824 1825
1825 1824 1826
1825 1826 1827
1827 1826 1828
1828 1829 1827
1828 1830 1829
1831 1832 1833
1831 1834 1832
1832 1834 1835
1835 1834 1836
1835 1836 1837
1837 1836 1838
1838 1839 1837
1838 1840 1839
1841 1842 1843
1841 1844 1842
1844 1845 1842
1844 1846 1845
1847 1848 1849
1847 1850 1848
1847 1851 1850
1852 1851 1847
1853 1851 1852
1853 1852 1854
1854 1855 1853
1854 1856 1855
1857 1858 1859
1857 1859 1860
1861 1862 1863
1861 1863 1864
1864 1865 1861
1864 1866 1865
1865 1866 1867
1867 1866 1868
1869 1867 1868
1869 1868 1870
1871 1872 1873
1871 1873 1874
1875 1876 1877
1875 1877 1878
1875 1878 1879
1879 1878 1880
1879 1880 1881
1881 1880 1882
1882 1883 1881
1882 1884 1883
1885 1886 1887
1885 1888 1886
1886 1888 1889
1889 1888 1890
1889 1890 1891
1891 1890 1892
1892 1893 1891
1892 1894 1893
1895 1896 1897
1895 1898 1896
1898 1899 1896
1898 1900 1899
1901 1902 1903
1901 1904 1902
1904 1905 1902
1904 1906 1905
1907 1908 1909
1907 1910 1908
1910 1911 1908
1910 1912 1911
1913 1914 1915
1913 1916 1914
1913 1917 1916
1918 1917 1913
1919 1917 1918
1919 1918 1920
1920 1921 1919
1920 1922 1921
1923 1924 1925
1923 1925 1926
1927 1928 1929
1927 1929 1930
1930 1931 1927
1930 1932 1931
1931 1932 1933
1933 1932 1934
1935 1933 1934
1935 1934 1936
1937 1938 1939
1937 1939 1940
1941 1942 1943
1941 1943 1944
1941 1944 1945
1945 1944 1946
1945 1946 1947
1947 1946 1948
1948 1949 1947
1948 1950 1949
1951 1952 1953
1951 1954 1952
1952 1954 1955
1955 1954 1956
1955 1956 1957
1957 1956 1958
1958 1959 1957
1958 1960 1959
1961 1962 1963
1961 1964 1962
1964 1965 1962
1964 1966 1965
1967 1968 1969
1967 1970 1968
1970 1971 1968
1970 1972 1971
1973 1974 1975
1973 1976 1974
1973 1977 1976
1978 1977 1973
1979 1977 1978
1979 1978 1980
1980 1981 1979
1980 1982 1981
1983 1984 1985
1983 1985 1986
1987 1988 1989
1987 1989 1990
1990 1991 1987
1990 1992 1991
1991 1992 1993
1993 1992 1994
1995 1993 1994
1995 1994 1996
1997 1998 1999
1997 1999 2000
2001 2002 2003
2001 2003 2004
2001 2004 2005
2005 2004 2006
2005 2006 2007
2007 2006 2008
2008 2009 2007
2008 2010 2009
2011 2012 2013
2011 2014 2012
2012 2014 2015
2015 2014 2016
2015 2016 2017
2017 2016 2018
2018 2019 2017
2018 2020 2019
2021 2022 2023
2021 2024 2022
2024 2025 2022
2024 2026 2025
2027 2028 2029
2027 2030 2028
2027 2031 2030
2032 2031 2027
2033 2031 2032
2033 2032 2034
2034 2035 2033
2034 2036 2035
2037 2038 2039
2037 2039 2040
2041 2042 2043
2041 2043 2044
2044 2045 2041
2044 2046 2045
2045 2046 2047
2047 2046 2048
2049 2047 2048
2049 2048 2050
2051 2052 2053
2051 2053 2054
2055 2056 2057
2055 2057 2058
2055 2058 2059
2059 2058 2060
2059 2060 2061
2061 2060 2062
2062 2063 2061
2062 2064 2063
2065 2066 2067
2065 2068 2066
2066 2068 2069
2069 2068 2070
2069 2070 2071
2071 2070 2072
2072 2073 2071
2072 2074 2073
2075 2076 2077
2075 2078 2076
2078 2079 2076
2078 2080 2079
2081 2082 2083
2081 2084 2082
2084 2085 2082
2084 2086 2085
2087 2088 2089
2087 2090 2088
2090 2091 2088
2090 2092 2091
2093 2094 2095
2093 2096 2094
2093 2097 2096
2098 2097 2093
2099 2097 2098
2099 2098 2100
2100 2101 2099
2100 2102 2101
2103 2104 2105
2103 2105 2106
2107 2108 2109
2107 2109 2110
2110 2111 2107
2110 2112 2111
2111 2112 2113
2113 2112 2114
2115 2113 2114
2115 2114 2116
2117 2118 2119
2117 2119 2120
2121 2122 2123
2121 2123 2124
2121 2124 2125
2125 2124 2126
2125 2126 2127
2127 2126 2128
2128 2129 2127
2128 2130 2129
2131 2132 2133
2131 2134 2132
2132 2134 2135
2135 2134 2136
2135 2136 2137
2137 2136 2138
2138 2139 2137
2138 2140 2139
2141 2142 2143
2141 2144 2142
2141 2145 2144
2146 2145 2141
2147 2145 2146
2147 2146 2148
2148 2149 2147
2148 2150 2149
2151 2152 2153
2151 2153 2154
2155 2156 2157
2155 2157 2158
2158 2159 2155
2158 2160 2159
2159 2160 2161
2161 2160 2162
2163 2161 2162
2163 2162 2164
2165 2166 2167
2165 2167 2168
2169 2170 2171
2169 2171 2172
2169 2172 2173
2173 2172 2174
2173 2174 2175
2175 2174 2176
2176 2177 2175
2176 2178 2177
2179 2180 2181
2179 2182 2180
2180 2182 2183
2183 2182 2184
2183 2184 2185
2185 2184 2186
2186 2187 2185
2186 2188 2187
2189 2190 2191
2189 2192 2190
2189 2193 2192
2194 2193 2189
2195 2193 2194
2195 2194 2196
2196 2197 2195
2196 2198 2197
2199 2200 2201
2199 2201 2202
2203 2204 2205
2203 2205 2206
2206 2207 2203
2206 2208 2207
2207 2208 2209
2209 2208 2210
2211 2209 2210
2211 2210 2212
2213 2214 2215
2213 2215 2216
2217 2218 2219
2217 2219 2220
2217 2220 2221
2221 2220 2222
2221 2222 2223
2223 2222 2224
2224 2225 2223
2224 2226 2225
2227 2228 2229
2227 2230 2228
2228 2230 2231
2231 2230 2232
2231 2232 2233
2233 2232 2234
2234 2235 2233
2234 2236 2235
2237 2238 2239
2237 2240 2238
2237 2241 2240
2242 2241 2237
2243 2241 2242
2243 2242 2244
2244 2245 2243
2244 2246 2245
2247 2248 2249
2247 2249 2250
2251 2252 2253
2251 2253 2254
2254 2255 2251
2254 2256 2255
2255 2256 2257
2257 2256 2258
2259 2257 2258
2259 2258 2260
2261 2262 2263
2261 2263 2264
2265 2266 2267
2265 2267 2268
2265 2268 2269
2269 2268 2270
2269 2270 2271
2271 2270 2272
2272 2273 2271
2272 2274 2273
2275 2276 2277
2275 2278 2276
2276 2278 2279
2279 2278 2280
2279 2280 2281
2281 2280 2282
2282 2283 2281
2282 2284 2283
2285 2286 2287
2285 2288 2286
2288 2289 2286
2288 2290 2289
2291 2292 2293
2291 2294 2292
2294 2295 2292
2294 2296 2295
2297 2298 2299
2297 2300 2298
2297 2301 2300
2302 2301 2297
2303 2301 2302
2303 2302 2304
2304 2305 2303
2304 2306 2305
2307 2308 2309
2307 2309 2310
2311 2312 2313
2311 2313 2314
2314 2315 2311
2314 2316 2315
2315 2316 2317
2317 2316 2318
2319 2317 2318
2319 2318 2320
2321 2322 2323
2321 2323 2324
2325 2326 2327
2325 2327 2328
2325 2328 2329
2329 2328 2330
2329 2330 2331
2331 2330 2332
2332 2333 2331
2332 2334 2333
2335 2336 2337
2335 2338 2336
2336 2338 2339
2339 2338 2340
2339 2340 2341
2341 2340 2342
2342 2343 2341
2342 2344 2343
2345 2346 2347
2345 2348 2346
2345 2349 2348
2350 2349 2345
2351 2349 2350
2351 2350 2352
2352 2353 2351
2352 2354 2353
2355 2356 2357
2355 2357 2358
2359 2360 2361
2359 2361 2362
2362 2363 2359
2362 2364 2363
2363 2364 2365
2365 2364 2366
2367 2365 2366
2367 2366 2368
2369 2370 2371
2369 2371 2372
2373 2374 2375
2373 2375 2376
2373 2376 2377
2377 2376 2378
2377 2378 2379
2379 2378 2380
2380 2381 2379
2380 2382 2381
2383 2384 2385
2383 2386 2384
2384 2386 2387
2387 2386 2388
2387 2388 2389
2389 2388 2390
2390 2391 2389
2390 2392 2391
2393 2394 2395
2393 2396 2394
2393 2397 2396
2398 2397 2393
2399 2397 2398
2399 2398 2400
2400 2401 2399
2400 2402 2401
2403 2404 2405
2403 2405 2406
2407 2408 2409
2407 2409 2410
2410 2411 2407
2410 2412 2411
2411 2412 2413
2413 2412 2414
2415 2413 2414
2415 2414 2416
2417 2418 2419
2417 2419 2420
2421 2422 2423
2421 2423 2424
2421 2424 2425
2425 2424 2426
2425 2426 2427
2427 2426 2428
2428 2429 2427
2428 2430 2429
2431 2432 2433
2431 2434 2432
2432 2434 2435
2435 2434 2436
2435 2436 2437
2437 2436 2438
2438 2439 2437
2438 2440 2439
2441 2442 2443
2441 2444 2442
2444 2445 2442
2444 2446 2445
2447 2448 2449
2447 2450 2448
2450 2451 2448
2450 2452 2451
2453 2454 2455
2453 2456 2454
2453 2457 2456
2458 2457 2453
2459 2457 2458
2459 2458 2460
2460 2461 2459
2460 2462 2461
2463 2464 2465
2463 2465 2466
2467 2468 2469
2467 2469 2470
2470 2471 2467
2470 2472 2471
2471 2472 2473
2473 2472 2474
2475 2473 2474
2475 2474 2476
2477 2478 2479
2477 2479 2480
2481 2482 2483
2481 2483 2484
2481 2484 2485
2485 2484 2486
2485 2486 2487
2487 2486 2488
2488 2489 2487
2488 2490 2489
2491 2492 2493
2491 2494 2492
2492 2494 2495
2495 2494 2496
2495 2496 2497
2497 2496 2498
2498 2499 2497
2498 2500 2499
2501 2502 2503
2501 2504 2502
2504 2505 2502
2504 2506 2505
2507 2508 2509
2507 2510 2508
2510 2511 2508
2510 2512 2511
2513 2514 2515
2513 2516 2514
2513 2517 2516
2518 2517 2513
2519 2517 2518
2519 2518 2520
2520 2521 2519
2520 2522 2521
2523 2524 2525
2523 2525 2526
2527 2528 2529
2527 2529 2530
2530 2531 2527
2530 2532 2531
2531 2532 2533
2533 2532 2534
2535 2533 2534
2535 2534 2536
2537 2538 2539
2537 2539 2540
2541 2542 2543
2541 2543 2544
2541 2544 2545
2545 2544 2546
2545 2546 2547
2547 2546 2548
2548 2549 2547
2548 2550 2549
2551 2552 2553
2551 2554 2552
2552 2554 2555
2555 2554 2556
2555 2556 2557
2557 2556 2558
2558 2559 2557
2558 2560 2559
2561 2562 2563
2561 2564 2562
2561 2565 2564
2566 2565 2561
2567 2565 2566
2567 2566 2568
2568 2569 2567
2568 2570 2569
2571 2572 2573
2571 2573 2574
2575 2576 2577
2575 2577 2578
2578 2579 2575
2578 2580 2579
2579 2580 2581
2581 2580 2582
2583 2581 2582
2583 2582 2584
2585 2586 2587
2585 2587 2588
2589 2590 2591
2589 2591 2592
2589 2592 2593
2593 2592 2594
2593 2594 2595
2595 2594 2596
2596 2597 2595
2596 2598 2597
2599 2600 2601
2599 2602 2600
2600 2602 2603
2603 2602 2604
2603 2604 2605
2605 2604 2606
2606 2607 2605
2606 2608 2607
2609 2610 2611
2609 2612 2610
2612 2613 2610
2612 2614 2613
2615 2616 2617
2615 2618 2616
2615 2619 2618
2620 2619 2615
2621 2619 2620
2621 2620 2622
2622 2623 2621
2622 2624 2623
2625 2626 2627
2625 2627 2628
2629 2630 2631
2629 2631 2632
2632 2633 2629
2632 2634 2633
2633 2634 2635
2635 2634 2636
2637 2635 2636
2637 2636 2638
2639 2640 2641
2639 2641 2642
2643 2644 2645
2643 2645 2646
2643 2646 2647
2647 2646 2648
2647 2648 2649
2649 2648 2650
2650 2651 2649
2650 2652 2651
2653 2654 2655
2653 2656 2654
2654 2656 2657
2657 2656 2658
2657 2658 2659
2659 2658 2660
2660 2661 2659
2660 2662 2661
2663 2664 2665
2663 2666 2664
2666 2667 2664
2666 2668 2667
2669 2670 2671
2669 2672 2670
2669 2673 2672
2674 2673 2669
2675 2673 2674
2675 2674 2676
2676 2677 2675
2676 2678 2677
2679 2680 2681
2679 2681 2682
2683 2684 2685
2683 2685 2686
2686 2687 2683
2686 2688 2687
2687 2688 2689
2689 2688 2690
2691 2689 2690
2691 2690 2692
2693 2694 2695
2693 2695 2696
2697 2698 2699
2697 2699 2700
2697 2700 2701
2701 2700 2702
2701 2702 2703
2703 2702 2704
2704 2705 2703
2704 2706 2705
2707 2708 2709
2707 2710 2708
2708 2710 2711
2711 2710 2712
2711 2712 2713
2713 2712 2714
2714 2715 2713
2714 2716 2715
2717 2718 2719
2717 2720 2718
2717 2721 2720
2722 2721 2717
2723 2721 2722
2723 2722 2724
2724 2725 2723
2724 2726 2725
2727 2728 2729
2727 2729 2730
2731 2732 2733
2731 2733 2734
2734 2735 2731
2734 2736 2735
2735 2736 2737
2737 2736 2738
2739 2737 2738
2739 2738 2740
2741 2742 2743
2741 2743 2744
2745 2746 2747
2745 2747 2748
2745 2748 2749
2749 2748 2750
2749 2750 2751
2751 2750 2752
2752 2753 2751
2752 2754 2753
2755 2756 2757
2755 2758 2756
2756 2758 2759
2759 2758 2760
2759 2760 2761
2761 2760 2762
2762 2763 2761
2762 2764 2763
2765 2766 2767
2765 2768 2766
2768 2769 2766
2768 2770 2769
2771 2772 2773
2771 2774 2772
2771 2775 2774
2776 2775 2771
2777 2775 2776
2777 2776 2778
2778 2779 2777
2778 2780 2779
2781 2782 2783
2781 2783 2784
2785 2786 2787
2785 2787 2788
2788 2789 2785
2788 2790 2789
2789 2790 2791
2791 2790 2792
2793 2791 2792
2793 2792 2794
2795 2796 2797
2795 2797 2798
2799 2800 2801
2799 2801 2802
2799 2802 2803
2803 2802 2804
2803 2804 2805
2805 2804 2806
2806 2807 2805
2806 2808 2807
2809 2810 2811
2809 2812 2810
2810 2812 2813
2813 2812 2814
2813 2814 2815
2815 2814 2816
2816 2817 2815
2816 2818 2817
2819 2820 2821
2819 2822 2820
2822 2823 2820
2822 2824 2823
2825 2826 2827
2825 2828 2826
2825 2829 2828
2830 2829 2825
2831 2829 2830
2831 2830 2832
2832 2833 2831
2832 2834 2833
2835 2836 2837
2835 2837 2838
2839 2840 2841
2839 2841 2842
2842 2843 2839
2842 2844 2843
2843 2844 2845
2845 2844 2846
2847 2845 2846
2847 2846 2848
2849 2850 2851
2849 2851 2852
2853 2854 2855
2853 2855 2856
2853 2856 2857
2857 2856 2858
2857 2858 2859
2859 2858 2860
2860 2861 2859
2860 2862 2861
2863 2864 2865
2863 2866 2864
2864 2866 2867
2867 2866 2868
2867 2868 2869
2869 2868 2870
2870 2871 2869
2870 2872 2871
2873 2874 2875
2873 2876 2874
2876 2877 2874
2876 2878 2877
2879 2880 2881
2879 2882 2880
2879 2883 2882
2884 2883 2879
2885 2883 2884
2885 2884 2886
2886 2887 2885
2886 2888 2887
2889 2890 2891
2889 2891 2892
2893 2894 2895
2893 2895 2896
2896 2897 2893
2896 2898 2897
2897 2898 2899
2899 2898 2900
2901 2899 2900
2901 2900 2902
2903 2904 2905
2903 2905 2906
2907 2908 2909
2907 2909 2910
2907 2910 2911
2911 2910 2912
2911 2912 2913
2913 2912 2914
2914 2915 2913
2914 2916 2915
2917 2918 2919
2917 2920 2918
2918 2920 2921
2921 2920 2922
2921 2922 2923
2923 2922 2924
2924 2925 2923
2924 2926 2925
2927 2928 2929
2927 2930 2928
2930 2931 2928
2932 2931 2930
2933 2931 2932
2933 2932 2934
2935 2936 2937
2935 2937 2938
2939 2940 2941
2939 2941 2942
2942 2943 2939
2942 2944 2943
2943 2944 2945
2945 2944 2946
2947 2948 2949
2947 2949 2950
2950 2951 2947
2952 2951 2950
2952 2953 2951
2954 2953 2952
2955 2956 2957
2957 2956 2958
2957 2958 2959
2959 2958 2960
2960 2961 2959
2960 2962 2961
2963 2964 2965
2963 2966 2964
2966 2967 2964
2966 2968 2967
2969 2970 2971
2969 2972 2970
2969 2973 2972
2974 2973 2969
2975 2973 2974
2975 2974 2976
2976 2977 2975
2976 2978 2977
2979 2980 2981
2979 2981 2982
2983 2984 2985
2983 2985 2986
2986 2987 2983
2986 2988 2987
2987 2988 2989
2989 2988 2990
2991 2989 2990
2991 2990 2992
2993 2994 2995
2993 2995 2996
2997 2998 2999
2997 2999 3000
2997 3000 3001
3001 3000 3002
3001 3002 3003
3003 3002 3004
3004 3005 3003
3004 3006 3005
3007 3008 3009
3007 3010 3008
3008 3010 3011
3011 3010 3012
3011 3012 3013
3013 3012 3014
3014 3015 3013
3014 3016 3015
3017 3018 3019
3017 3020 3018
3017 3021 3020
3022 3021 3017
3023 3021 3022
3023 3022 3024
3024 3025 3023
3024 3026 3025
3027 3028 3029
3027 3029 3030
3031 3032 3033
3031 3033 3034
3034 3035 3031
3034 3036 3035
3035 3036 3037
3037 3036 3038
3039 3037 3038
3039 3038 3040
3041 3042 3043
3041 3043 3044
3045 3046 3047
3045 3047 3048
3045 3048 3049
3049 3048 3050
3049 3050 3051
3051 3050 3052
3052 3053 3051
3052 3054 3053
3055 3056 3057
3055 3058 3056
3056 3058 3059
3059 3058 3060
3059 3060 3061
3061 3060 3062
3062 3063 3061
3062 3064 3063
3065 3066 3067
3065 3068 3066
3068 3069 3066
3068 3070 3069
3071 3072 3073
3071 3074 3072
3071 3075 3074
3076 3075 3071
3077 3075 3076
3077 3076 3078
3078 3079 3077
3078 3080 3079
3081 3082 3083
3081 3083 3084
3085 3086 3087
3085 3087 3088
3088 3089 3085
3088 3090 3089
3089 3090 3091
3091 3090 3092
3093 3091 3092
3093 3092 3094
3095 3096 3097
3095 3097 3098
3099 3100 3101
3099 3101 3102
3099 3102 3103
3103 3102 3104
3103 3104 3105
3105 3104 3106
3106 3107 3105
3106 3108 3107
3109 3110 3111
3109 3112 3110
3110 3112 3113
3113 3112 3114
3113 3114 3115
3115 3114 3116
3116 3117 3115
3116 3118 3117
3119 3120 3121
3119 3122 3120
3122 3123 3120
3122 3124 3123
3125 3126 3127
3125 3128 3126
3128 3129 3126
3128 3130 3129
3131 3132 3133
3131 3133 3134
3135 3134 3133
3135 3133 3136
3135 3136 3137
3135 3137 3138
3139 3138 3137
3139 3137 3140
3141 3142 3143
3141 3144 3142
3142 3144 3145
3142 3145 3146
3147 3146 3145
3147 3145 3148
3149 3147 3148
3149 3150 3147
3151 3152 3153
3152 3154 3153
3152 3155 3154
3153 3154 3156
3155 3157 3154
3156 3154 3157
3156 3157 3158
3158 3157 3159
3160 3161 3162
3162 3161 3163
3162 3163 3164
3165 3163 3161
3163 3166 3164
3163 3165 3167
3163 3167 3166
3166 3167 3168
3169 3170 3171
3169 3172 3170
3172 3173 3170
3172 3174 3173
3173 3174 3175
3173 3175 3176
3176 3175 3177
3176 3177 3178
3179 3180 3181
3179 3182 3180
3182 3179 3183
3182 3183 3184
3185 3184 3183
3185 3183 3186
3186 3187 3185
3186 3188 3187
3189 3190 3191
3189 3191 3192
3193 3189 3192
3193 3192 3194
3195 3193 3194
3195 3194 3196
3197 3195 3196
3197 3196 3198
3199 3197 3198
3199 3198 3200
3201 3199 3200
3201 3200 3202
3203 3201 3202
3203 3202 3204
3205 3203 3204
3205 3204 3206
3207 3208 3209
3207 3209 3210
3211 3207 3210
3211 3210 3212
3213 3211 3212
3213 3212 3214
3215 3213 3214
3215 3214 3216
3217 3215 3216
3217 3216 3218
3219 3217 3218
3219 3218 3220
3221 3219 3220
3221 3220 3222
3223 3221 3222
3223 3222 3224
3225 3226 3227
3225 3227 3228
3229 3225 3228
3229 3228 3230
3231 3229 3230
3231 3230 3232
3233 3231 3232
3233 3232 3234
3235 3233 3234
3235 3234 3236
3237 3235 3236
3237 3236 3238
3239 3237 3238
3239 3238 3240
3241 3239 3240
3241 3240 3242
3243 3244 3245
3243 3246 3244
3247 3246 3243
3247 3248 3246
3249 3248 3247
3249 3250 3248
3251 3250 3249
3251 3252 3250
3253 3252 3251
3253 3254 3252
3255 3254 3253
3255 3256 3254
3257 3256 3255
3257 3258 3256
3259 3258 3257
3259 3260 3258
3261 3262 3263
3262 3261 3264
3262 3264 3265
3266 3265 3264
3266 3264 3267
3266 3267 3268
3269 3270 3271
3269 3272 3270
3272 3273 3270
3272 3274 3273
3274 3275 3273
3274 3276 3275
3276 3277 3275
3276 3278 3277
3278 3279 3277
3278 3280 3279
3280 3281 3279
3280 3282 3281
3282 3283 3281
3282 3284 3283
3284 3285 3283
3284 3286 3285
3287 3288 3289
3287 3290 3288
3290 3291 3288
3290 3292 3291
3292 3293 3291
3292 3294 3293
3294 3295 3293
3294 3296 3295
3296 3297 3295
3296 3298 3297
3298 3299 3297
3298 3300 3299
3300 3301 3299
3300 3302 3301
3302 3303 3301
3302 3304 3303
3305 3306 3307
3305 3308 3306
3308 3309 3306
3308 3310 3309
3310 3311 3309
3310 3312 3311
3312 3313 3311
3312 3314 3313
3314 3315 3313
3314 3316 3315
3316 3317 3315
3316 3318 3317
3318 3319 3317
3318 3320 3319
3320 3321 3319
3320 3322 3321
3323 3324 3325
3323 3326 3324
3326 3327 3324
3326 3328 3327
3328 3329 3327
3328 3330 3329
3330 3331 3329
3330 3332 3331
3332 3333 3331
3332 3334 3333
3334 3335 3333
3334 3336 3335
3336 3337 3335
3336 3338 3337
3338 3339 3337
3338 3340 3339
3341 3342 3343
3341 3344 3342
3344 3345 3342
3344 3346 3345
3346 3347 3345
3346 3348 3347
3348 3349 3347
3348 3350 3349
3350 3351 3349
3350 3352 3351
3352 3353 3351
3352 3354 3353
3354 3355 3353
3354 3356 3355
3356 3357 3355
3356 3358 3357
3359 3360 3361
3359 3362 3360
3362 3363 3360
3362 3364 3363
3364 3365 3363
3364 3366 3365
3366 3367 3365
3366 3368 3367
3368 3369 3367
3368 3370 3369
3370 3371 3369
3370 3372 3371
3372 3373 3371
3372 3374 3373
3374 3375 3373
3374 3376 3375
3377 3378 3379
3377 3379 3380
3380 3379 3381
3382 3377 3380
3380 3381 3383
3382 3380 3384
3384 3380 3383
3385 3382 3384
3384 3383 3386
3385 3384 3387
3387 3384 3386
3388 3385 3387
3387 3386 3389
3388 3387 3390
3390 3387 3389
3390 3389 3391
3392 3393 3394
3392 3394 3395
3395 3394 3396
3397 3392 3395
3395 3396 3398
3397 3395 3399
3399 3395 3398
3400 3397 3399
3399 3398 3401
3400 3399 3402
3402 3399 3401
3403 3400 3402
3402 3401 3404
3403 3402 3405
3405 3402 3404
3405 3404 3406
3407 3408 3409
3407 3409 3410
3410 3409 3411
3412 3407 3410
3410 3411 3413
3412 3410 3414
3414 3410 3413
3415 3412 3414
3414 3413 3416
3415 3414 3417
3417 3414 3416
3418 3415 3417
3417 3416 3419
3418 3417 3420
3420 3417 3419
3420 3419 3421
3422 3423 3424
3422 3425 3423
3425 3426 3423
3425 3427 3426
3427 3428 3426
3427 3429 3428
3429 3430 3428
3429 3431 3430
3431 3432 3430
3431 3433 3432
3433 3434 3432
3433 3435 3434
3435 3436 3434
3435 3437 3436
3437 3438 3436
3437 3439 3438
3440 3441 3442
3440 3443 3441
3443 3444 3441
3443 3445 3444
3445 3446 3444
3445 3447 3446
3447 3448 3446
3447 3449 3448
3449 3450 3448
3449 3451 3450
3451 3452 3450
3451 3453 3452
3453 3454 3452
3453 3455 3454
3455 3456 3454
3455 3457 3456
3458 3459 3460
3458 3461 3459
3461 3462 3459
3461 3463 3462
3463 3464 3462
3463 3465 3464
3465 3466 3464
3465 3467 3466
3467 3468 3466
3467 3469 3468
3469 3470 3468
3469 3471 3470
3471 3472 3470
3471 3473 3472
3473 3474 3472
3473 3475 3474
3476 3477 3478
3476 3478 3479
3480 3476 3479
3479 3478 3481
3480 3479 3482
3483 3480 3482
3479 3481 3484
3482 3479 3484
3484 3481 3485
3483 3482 3486
3487 3483 3486
3487 3486 3488
3482 3484 3489
3486 3482 3489
3484 3485 3490
3489 3484 3490
3490 3485 3491
3488 3486 3492
3486 3489 3492
3488 3492 3493
3494 3493 3492
3490 3491 3495
3495 3491 3496
3495 3496 3497
3498 3492 3489
3494 3492 3498
3489 3490 3499
3499 3490 3495
3498 3489 3499
3500 3495 3497
3499 3495 3500
3498 3499 3500
3500 3497 3501
3494 3498 3502
3498 3500 3502
3502 3500 3501
3494 3502 3503
3502 3501 3504
3503 3502 3504
3503 3504 3505
3506 3507 3508
3506 3509 3507
3509 3510 3507
3509 3511 3510
3511 3512 3510
3511 3513 3512
3513 3514 3512
3513 3515 3514
3515 3516 3514
3515 3517 3516
3517 3518 3516
3517 3519 3518
3519 3520 3518
3519 3521 3520
3521 3522 3520
3521 3523 3522
3524 3525 3526
3524 3527 3525
3527 3528 3525
3527 3529 3528
3529 3530 3528
3529 3531 3530
3531 3532 3530
3531 3533 3532
3533 3534 3532
3533 3535 3534
3535 3536 3534
3535 3537 3536
3537 3538 3536
3537 3539 3538
3539 3540 3538
3539 3541 3540
3542 3543 3544
3542 3545 3543
3545 3546 3543
3545 3547 3546
3547 3548 3546
3547 3549 3548
3549 3550 3548
3549 3551 3550
3551 3552 3550
3551 3553 3552
3553 3554 3552
3553 3555 3554
3555 3556 3554
3555 3557 3556
3557 3558 3556
3557 3559 3558
3560 3561 3562
3560 3563 3561
3560 3564 3563
3564 3565 3563
3564 3566 3565
3567 3565 3566
3568 3565 3567
3565 3568 3569
3570 3569 3568
3570 3571 3569
3572 3571 3570
3572 3570 3573
3573 3574 3572
3574 3573 3575
3575 3576 3574
3574 3576 3577
3574 3577 3578
3578 3577 3579
3578 3579 3580
3579 3581 3580
3582 3583 3584
3585 3582 3584
3585 3586 3582
3587 3586 3585
3587 3588 3586
3587 3589 3588
3587 3590 3589
3590 3587 3591
3591 3592 3590
3591 3593 3592
3592 3593 3594
3592 3594 3595
3596 3595 3594
3595 3596 3597
3597 3596 3598
3599 3598 3596
3599 3596 3600
3601 3599 3600
3601 3600 3602
3601 3602 3603
3604 3605 3606
3604 3606 3607
3608 3604 3607
3608 3609 3604
3610 3609 3608
3610 3611 3609
3612 3611 3610
3612 3613 3611
3614 3613 3612
3614 3612 3615
3616 3617 3618
3616 3618 3619
3620 3616 3619
3620 3619 3621
3622 3620 3621
3622 3621 3623
3624 3622 3623
3624 3623 3625
3624 3625 3626
3624 3626 3627
3628 3627 3626
3628 3626 3629
3630 3631 3632
3630 3632 3633
3630 3633 3634
3630 3634 3635
3636 3635 3634
3636 3637 3635
3638 3639 3640
3638 3641 3639
3641 3642 3639
3641 3643 3642
3643 3644 3642
3643 3645 3644
3646 3644 3645
3646 3647 3644
3646 3648 3647
3646 3649 3648
3650 3651 3652
3650 3652 3653
3654 3653 3652
3654 3652 3655
3656 3654 3655
3656 3655 3657
3658 3659 3660
3661 3659 3658
3661 3662 3659
3663 3662 3661
3664 3665 3666
3664 3667 3665
3664 3668 3667
3664 3669 3668
3669 3670 3668
3669 3671 3670
3672 3673 3674
3672 3675 3673
3676 3673 3675
3676 3675 3677
3678 3676 3677
3678 3677 3679
3680 3681 3682
3680 3683 3681
3680 3684 3683
3684 3685 3683
3684 3686 3685
3687 3685 3686
3688 3685 3687
3685 3688 3689
3690 3689 3688
3690 3691 3689
3692 3691 3690
3692 3690 3693
3693 3694 3692
3694 3693 3695
3695 3696 3694
3694 3696 3697
3694 3697 3698
3698 3697 3699
3698 3699 3700
3699 3701 3700
3702 3703 3704
3705 3702 3704
3705 3706 3702
3707 3706 3705
3707 3708 3706
3707 3709 3708
3707 3710 3709
3710 3707 3711
3711 3712 3710
3711 3713 3712
3712 3713 3714
3712 3714 3715
3716 3715 3714
3715 3716 3717
3717 3716 3718
3719 3718 3716
3719 3716 3720
3721 3719 3720
3721 3720 3722
3721 3722 3723
3724 3725 3726
3724 3726 3727
3728 3724 3727
3728 3729 3724
3730 3729 3728
3730 3731 3729
3732 3731 3730
3732 3733 3731
3734 3733 3732
3734 3732 3735
3736 3737 3738
3736 3738 3739
3740 3736 3739
3740 3739 3741
3742 3740 3741
3742 3741 3743
3744 3742 3743
3744 3743 3745
3744 3745 3746
3744 3746 3747
3748 3747 3746
3748 3746 3749
3750 3751 3752
3750 3752 3753
3750 3753 3754
3750 3754 3755
3756 3755 3754
3756 3757 3755
3758 3759 3760
3758 3761 3759
3761 3762 3759
3761 3763 3762
3763 3764 3762
3763 3765 3764
3766 3764 3765
3766 3767 3764
3766 3768 3767
3766 3769 3768
3770 3771 3772
3770 3772 3773
3774 3773 3772
3774 3772 3775
3776 3774 3775
3776 3775 3777
3778 3779 3780
3781 3779 3778
3781 3782 3779
3783 3782 3781
3784 3785 3786
3784 3787 3785
3784 3788 3787
3784 3789 3788
3789 3790 3788
3789 3791 3790
3792 3793 3794
3792 3795 3793
3796 3793 3795
3796 3795 3797
3798 3796 3797
3798 3797 3799
3800 3801 3802
3800 3803 3801
3800 3804 3803
3804 3805 3803
3804 3806 3805
3807 3805 3806
3808 3805 3807
3805 3808 3809
3810 3809 3808
3810 3811 3809
3812 3811 3810
3812 3810 3813
3813 3814 3812
3814 3813 3815
3815 3816 3814
3814 3816 3817
3814 3817 3818
3818 3817 3819
3818 3819 3820
3819 3821 3820
3822 3823 3824
3825 3822 3824
3825 3826 3822
3827 3826 3825
3827 3828 3826
3827 3829 3828
3827 3830 3829
3830 3827 3831
3831 3832 3830
3831 3833 3832
3832 3833 3834
3832 3834 3835
3836 3835 3834
3835 3836 3837
3837 3836 3838
3839 3838 3836
3839 3836 3840
3841 3839 3840
3841 3840 3842
3841 3842 3843
3844 3845 3846
3844 3846 3847
3848 3844 3847
3848 3849 3844
3850 3849 3848
3850 3851 3849
3852 3851 3850
3852 3853 3851
3854 3853 3852
3854 3852 3855
3856 3857 3858
3856 3858 3859
3860 3856 3859
3860 3859 3861
3862 3860 3861
3862 3861 3863
3864 3862 3863
3864 3863 3865
3864 3865 3866
3864 3866 3867
3868 3867 3866
3868 3866 3869
3870 3871 3872
3870 3872 3873
3870 3873 3874
3870 3874 3875
3876 3875 3874
3876 3877 3875
3878 3879 3880
3878 3881 3879
3881 3882 3879
3881 3883 3882
3883 3884 3882
3883 3885 3884
3886 3884 3885
3886 3887 3884
3886 3888 3887
3886 3889 3888
3890 3891 3892
3890 3892 3893
3894 3893 3892
3894 3892 3895
3896 3894 3895
3896 3895 3897
3898 3899 3900
3901 3899 3898
3901 3902 3899
3903 3902 3901
3904 3905 3906
3904 3907 3905
3904 3908 3907
3904 3909 3908
3909 3910 3908
3909 3911 3910
3912 3913 3914
3912 3915 3913
3916 3913 3915
3916 3915 3917
3918 3916 3917
3918 3917 3919
3920 3921 3922
3920 3923 3921
3920 3924 3923
3924 3925 3923
3924 3926 3925
3927 3925 3926
3928 3925 3927
3925 3928 3929
3930 3929 3928
3930 3931 3929
3932 3931 3930
3932 3930 3933
3933 3934 3932
3934 3933 3935
3935 3936 3934
3934 3936 3937
3934 3937 3938
3938 3937 3939
3938 3939 3940
3939 3941 3940
3942 3943 3944
3945 3942 3944
3945 3946 3942
3947 3946 3945
3947 3948 3946
3947 3949 3948
3947 3950 3949
3950 3947 3951
3951 3952 3950
3951 3953 3952
3952 3953 3954
3952 3954 3955
3956 3955 3954
3955 3956 3957
3957 3956 3958
3959 3958 3956
3959 3956 3960
3961 3959 3960
3961 3960 3962
3961 3962 3963
3964 3965 3966
3964 3966 3967
3968 3964 3967
3968 3969 3964
3970 3969 3968
3970 3971 3969
3972 3971 3970
3972 3973 3971
3974 3973 3972
3974 3972 3975
3976 3977 3978
3976 3978 3979
3980 3976 3979
3980 3979 3981
3982 3980 3981
3982 3981 3983
3984 3982 3983
3984 3983 3985
3984 3985 3986
3984 3986 3987
3988 3987 3986
3988 3986 3989
3990 3991 3992
3990 3992 3993
3990 3993 3994
3990 3994 3995
3996 3995 3994
3996 3997 3995
3998 3999 4000
3998 4001 3999
4001 4002 3999
4001 4003 4002
4003 4004 4002
4003 4005 4004
4006 4004 4005
4006 4007 4004
4006 4008 4007
4006 4009 4008
4010 4011 4012
4010 4012 4013
4014 4013 4012
4014 4012 4015
4016 4014 4015
4016 4015 4017
4018 4019 4020
4021 4019 4018
4021 4022 4019
4023 4022 4021
4024 4025 4026
4024 4027 4025
4024 4028 4027
4024 4029 4028
4029 4030 4028
4029 4031 4030
4032 4033 4034
4032 4035 4033
4036 4033 4035
4036 4035 4037
4038 4036 4037
4038 4037 4039
4040 4041 4042
4040 4043 4041
4040 4044 4043
4044 4045 4043
4044 4046 4045
4047 4045 4046
4048 4045 4047
4045 4048 4049
4050 4049 4048
4050 4051 4049
4052 4051 4050
4052 4050 4053
4053 4054 4052
4054 4053 4055
4055 4056 4054
4054 4056 4057
4054 4057 4058
4058 4057 4059
4058 4059 4060
4059 4061 4060
4062 4063 4064
4065 4062 4064
4065 4066 4062
4067 4066 4065
4067 4068 4066
4067 4069 4068
4067 4070 4069
4070 4067 4071
4071 4072 4070
4071 4073 4072
4072 4073 4074
4072 4074 4075
4076 4075 4074
4075 4076 4077
4077 4076 4078
4079 4078 4076
4079 4076 4080
4081 4079 4080
4081 4080 4082
4081 4082 4083
4084 4085 4086
4084 4086 4087
4088 4084 4087
4088 4089 4084
4090 4089 4088
4090 4091 4089
4092 4091 4090
4092 4093 4091
4094 4093 4092
4094 4092 4095
4096 4097 4098
4096 4098 4099
4100 4096 4099
4100 4099 4101
4102 4100 4101
4102 4101 4103
4104 4102 4103
4104 4103 4105
4104 4105 4106
4104 4106 4107
4108 4107 4106
4108 4106 4109
4110 4111 4112
4110 4112 4113
4110 4113 4114
4110 4114 4115
4116 4115 4114
4116 4117 4115
4118 4119 4120
4118 4121 4119
4121 4122 4119
4121 4123 4122
4123 4124 4122
4123 4125 4124
4126 4124 4125
4126 4127 4124
4126 4128 4127
4126 4129 4128
4130 4131 4132
4130 4132 4133
4134 4133 4132
4134 4132 4135
4136 4134 4135
4136 4135 4137
4138 4139 4140
4141 4139 4138
4141 4142 4139
4143 4142 4141
4144 4145 4146
4144 4147 4145
4144 4148 4147
4144 4149 4148
4149 4150 4148
4149 4151 4150
4152 4153 4154
4152 4155 4153
4156 4153 4155
4156 4155 4157
4158 4156 4157
4158 4157 4159
4160 4161 4162
4160 4163 4161
4160 4164 4163
4164 4165 4163
4164 4166 4165
4167 4165 4166
4168 4165 4167
4165 4168 4169
4170 4169 4168
4170 4171 4169
4172 4171 4170
4172 4170 4173
4173 4174 4172
4174 4173 4175
4175 4176 4174
4174 4176 4177
4174 4177 4178
4178 4177 4179
4178 4179 4180
4179 4181 4180
4182 4183 4184
4185 4182 4184
4185 4186 4182
4187 4186 4185
4187 4188 4186
4187 4189 4188
4187 4190 4189
4190 4187 4191
4191 4192 4190
4191 4193 4192
4192 4193 4194
4192 4194 4195
4196 4195 4194
4195 4196 4197
4197 4196 4198
4199 4198 4196
4199 4196 4200
4201 4199 4200
4201 4200 4202
4201 4202 4203
4204 4205 4206
4204 4206 4207
4208 4204 4207
4208 4209 4204
4210 4209 4208
4210 4211 4209
4212 4211 4210
4212 4213 4211
4214 4213 4212
4214 4212 4215
4216 4217 4218
4216 4218 4219
4220 4216 4219
4220 4219 4221
4222 4220 4221
4222 4221 4223
4224 4222 4223
4224 4223 4225
4224 4225 4226
4224 4226 4227
4228 4227 4226
4228 4226 4229
4230 4231 4232
4230 4232 4233
4230 4233 4234
4230 4234 4235
4236 4235 4234
4236 4237 4235
4238 4239 4240
4238 4241 4239
4241 4242 4239
4241 4243 4242
4243 4244 4242
4243 4245 4244
4246 4244 4245
4246 4247 4244
4246 4248 4247
4246 4249 4248
4250 4251 4252
4250 4252 4253
4254 4253 4252
4254 4252 4255
4256 4254 4255
4256 4255 4257
4258 4259 4260
4261 4259 4258
4261 4262 4259
4263 4262 4261
4264 4265 4266
4264 4267 4265
4264 4268 4267
4264 4269 4268
4269 4270 4268
4269 4271 4270
4272 4273 4274
4272 4275 4273
4276 4273 4275
4276 4275 4277
4278 4276 4277
4278 4277 4279
4280 4281 4282
4280 4283 4281
4280 4284 4283
4284 4285 4283
4284 4286 4285
4287 4285 4286
4288 4285 4287
4285 4288 4289
4290 4289 4288
4290 4291 4289
4292 4291 4290
4292 4290 4293
4293 4294 4292
4294 4293 4295
4295 4296 4294
4294 4296 4297
4294 4297 4298
4298 4297 4299
4298 4299 4300
4299 4301 4300
4302 4303 4304
4305 4302 4304
4305 4306 4302
4307 4306 4305
4307 4308 4306
4307 4309 4308
4307 4310 4309
4310 4307 4311
4311 4312 4310
4311 4313 4312
4312 4313 4314
4312 4314 4315
4316 4315 4314
4315 4316 4317
4317 4316 4318
4319 4318 4316
4319 4316 4320
4321 4319 4320
4321 4320 4322
4321 4322 4323
4324 4325 4326
4324 4326 4327
4328 4324 4327
4328 4329 4324
4330 4329 4328
4330 4331 4329
4332 4331 4330
4332 4333 4331
4334 4333 4332
4334 4332 4335
4336 4337 4338
4336 4338 4339
4340 4336 4339
4340 4339 4341
4342 4340 4341
4342 4341 4343
4344 4342 4343
4344 4343 4345
4344 4345 4346
4344 4346 4347
4348 4347 4346
4348 4346 4349
4350 4351 4352
4350 4352 4353
4350 4353 4354
4350 4354 4355
4356 4355 4354
4356 4357 4355
4358 4359 4360
4358 4361 4359
4361 4362 4359
4361 4363 4362
4363 4364 4362
4363 4365 4364
4366 4364 4365
4366 4367 4364
4366 4368 4367
4366 4369 4368
4370 4371 4372
4370 4372 4373
4374 4373 4372
4374 4372 4375
4376 4374 4375
4376 4375 4377
4378 4379 4380
4381 4379 4378
4381 4382 4379
4383 4382 4381
4384 4385 4386
4384 4387 4385
4384 4388 4387
4384 4389 4388
4389 4390 4388
4389 4391 4390
4392 4393 4394
4392 4395 4393
4396 4393 4395
4396 4395 4397
4398 4396 4397
4398 4397 4399
4400 4401 4402
4400 4403 4401
4400 4404 4403
4404 4405 4403
4404 4406 4405
4407 4405 4406
4408 4405 4407
4405 4408 4409
4410 4409 4408
4410 4411 4409
4412 4411 4410
4412 4410 4413
4413 4414 4412
4414 4413 4415
4415 4416 4414
4414 4416 4417
4414 4417 4418
4418 4417 4419
4418 4419 4420
4419 4421 4420
4422 4423 4424
4425 4422 4424
4425 4426 4422
4427 4426 4425
4427 4428 4426
4427 4429 4428
4427 4430 4429
4430 4427 4431
4431 4432 4430
4431 4433 4432
4432 4433 4434
4432 4434 4435
4436 4435 4434
4435 4436 4437
4437 4436 4438
4439 4438 4436
4439 4436 4440
4441 4439 4440
4441 4440 4442
4441 4442 4443
4444 4445 4446
4444 4446 4447
4448 4444 4447
4448 4449 4444
4450 4449 4448
4450 4451 4449
4452 4451 4450
4452 4453 4451
4454 4453 4452
4454 4452 4455
4456 4457 4458
4456 4458 4459
4460 4456 4459
4460 4459 4461
4462 4460 4461
4462 4461 4463
4464 4462 4463
4464 4463 4465
4464 4465 4466
4464 4466 4467
4468 4467 4466
4468 4466 4469
4470 4471 4472
4470 4472 4473
4470 4473 4474
4470 4474 4475
4476 4475 4474
4476 4477 4475
4478 4479 4480
4478 4481 4479
4481 4482 4479
4481 4483 4482
4483 4484 4482
4483 4485 4484
4486 4484 4485
4486 4487 4484
4486 4488 4487
4486 4489 4488
4490 4491 4492
4490 4492 4493
4494 4493 4492
4494 4492 4495
4496 4494 4495
4496 4495 4497
4498 4499 4500
4501 4499 4498
4501 4502 4499
4503 4502 4501
4504 4505 4506
4504 4507 4505
4504 4508 4507
4504 4509 4508
4509 4510 4508
4509 4511 4510
4512 4513 4514
4512 4515 4513
4516 4513 4515
4516 4515 4517
4518 4516 4517
4518 4517 4519
4520 4521 4522
4520 4523 4521
4520 4524 4523
4524 4525 4523
4524 4526 4525
4527 4525 4526
4528 4525 4527
4525 4528 4529
4530 4529 4528
4530 4531 4529
4532 4531 4530
4532 4530 4533
4533 4534 4532
4534 4533 4535
4535 4536 4534
4534 4536 4537
4534 4537 4538
4538 4537 4539
4538 4539 4540
4539 4541 4540
4542 4543 4544
4545 4542 4544
4545 4546 4542
4547 4546 4545
4547 4548 4546
4547 4549 4548
4547 4550 4549
4550 4547 4551
4551 4552 4550
4551 4553 4552
4552 4553 4554
4552 4554 4555
4556 4555 4554
4555 4556 4557
4557 4556 4558
4559 4558 4556
4559 4556 4560
4561 4559 4560
4561 4560 4562
4561 4562 4563
4564 4565 4566
4564 4566 4567
4568 4564 4567
4568 4569 4564
4570 4569 4568
4570 4571 4569
4572 4571 4570
4572 4573 4571
4574 4573 4572
4574 4572 4575
4576 4577 4578
4576 4578 4579
4580 4576 4579
4580 4579 4581
4582 4580 4581
4582 4581 4583
4584 4582 4583
4584 4583 4585
4584 4585 4586
4584 4586 4587
4588 4587 4586
4588 4586 4589
4590 4591 4592
4590 4592 4593
4590 4593 4594
4590 4594 4595
4596 4595 4594
4596 4597 4595
4598 4599 4600
4598 4601 4599
4601 4602 4599
4601 4603 4602
4603 4604 4602
4603 4605 4604
4606 4604 4605
4606 4607 4604
4606 4608 4607
4606 4609 4608
4610 4611 4612
4610 4612 4613
4614 4613 4612
4614 4612 4615
4616 4614 4615
4616 4615 4617
4618 4619 4620
4621 4619 4618
4621 4622 4619
4623 4622 4621
4624 4625 4626
4624 4627 4625
4624 4628 4627
4624 4629 4628
4629 4630 4628
4629 4631 4630
4632 4633 4634
4632 4635 4633
4636 4633 4635
4636 4635 4637
4638 4636 4637
4638 4637 4639
4640 4641 4642
4640 4642 4643
4644 4645 4646
4644 4646 4647
4648 4649 4650
4648 4651 4649
4651 4648 4652
4651 4652 4653
4654 4655 4656
4654 4656 4657
4657 4656 4658
4657 4658 4659
4660 4661 4662
4660 4663 4661
4661 4663 4664
4661 4664 4665
4666 4667 4668
4666 4668 4669
4669 4668 4670
4669 4670 4671
4672 4673 4674
4672 4675 4673
4676 4675 4672
4676 4672 4677
4678 4676 4677
4678 4677 4679
4678 4679 4680
4678 4680 4681
4682 4683 4684
4682 4684 4685
4686 4682 4685
4686 4687 4682
4688 4687 4686
4688 4689 4687
4690 4689 4688
4690 4691 4689
4692 4693 4694
4692 4694 4695
4696 4695 4694
4696 4697 4695
4697 4696 4698
4697 4698 4699
4699 4698 4700
4699 4700 4701
4702 4703 4704
4702 4704 4705
4705 4704 4706
4705 4706 4707
4706 4708 4707
4706 4709 4708
4708 4709 4710
4708 4710 4711
4712 4713 4714
4715 4712 4714
4716 4715 4714
4716 4717 4715
4716 4718 4717
4714 4719 4716
4714 4720 4719
4720 4721 4719
4720 4722 4721
4721 4722 4723
4724 4721 4723
4724 4725 4721
4722 4726 4723
4722 4727 4726
4728 4729 4730
4728 4730 4731
4731 4730 4732
4731 4732 4733
4734 4735 4736
4734 4737 4735
4735 4737 4738
4735 4738 4739
4740 4741 4742
4740 4742 4743
4742 4744 4743
4742 4745 4744
4746 4747 4748
4746 4749 4747
4749 4750 4747
4749 4751 4750
4752 4753 4754
4752 4754 4755
4756 4752 4755
4756 4757 4752
4758 4757 4756
4758 4759 4757
4758 4760 4759
4758 4761 4760
4762 4763 4764
4762 4765 4763
4765 4762 4766
4765 4766 4767
4768 4767 4766
4768 4769 4767
4770 4769 4768
4770 4768 4771
4772 4773 4774
4772 4775 4773
4776 4773 4775
4776 4777 4773
4778 4777 4776
4778 4779 4777
4778 4780 4779
4778 4781 4780
4782 4783 4784
4782 4785 4783
4785 4786 4783
4785 4787 4786
4786 4787 4788
4786 4788 4789
4788 4790 4789
4788 4791 4790
4792 4793 4794
4795 4793 4792
4796 4793 4795
4796 4795 4797
4796 4797 4798
4793 4796 4799
4793 4799 4800
4800 4799 4801
4800 4801 4802
4801 4803 4802
4804 4803 4801
4804 4801 4805
4802 4803 4806
4802 4806 4807
4808 4809 4810
4808 4810 4811
4808 4811 4812
4808 4812 4813
4813 4812 4814
4813 4814 4815
4814 4816 4815
4814 4817 4816
4818 4816 4817
4818 4819 4816
4818 4820 4819
4818 4821 4820
4822 4820 4821
4822 4823 4820
4824 4825 4826
4824 4827 4825
4827 4824 4828
4827 4828 4829
4830 4829 4828
4830 4828 4831
4831 4832 4830
4831 4833 4832
4832 4833 4834
4832 4834 4835
4835 4834 4836
4835 4836 4837
4838 4837 4836
4838 4839 4837
4840 4841 4842
4840 4843 4841
4841 4843 4844
4841 4844 4845
4846 4844 4843
4847 4843 4840
4846 4843 4847
4847 4840 4848
4849 4846 4847
4849 4847 4848
4849 4850 4846
4849 4848 4851
4850 4849 4852
4852 4849 4851
4852 4851 4853
4850 4852 4854
4855 4852 4853
4856 4854 4852
4855 4856 4852
4856 4857 4854
4858 4856 4855
4857 4856 4859
4858 4859 4856
4860 4859 4858
4857 4859 4861
4860 4862 4859
4861 4859 4862
4861 4862 4863
4864 4865 4866
4864 4866 4867
4868 4869 4870
4870 4869 4871
4872 4873 4874
4873 4872 4875
4873 4875 4876
4877 4876 4875
4877 4875 4878
4878 4879 4877
4880 4881 4882
4880 4882 4883
4880 4883 4884
4880 4884 4885
4886 4885 4884
4887 4883 4882
4887 4884 4883
4887 4882 4888
4889 4887 4888
4889 4888 4890
4890 4891 4889
4890 4892 4891
4887 4889 4893
4893 4889 4891
4887 4894 4884
4887 4893 4894
4886 4884 4895
4895 4884 4894
4896 4891 4892
4896 4892 4897
4898 4886 4895
4898 4899 4886
4898 4900 4899
4895 4894 4901
4901 4898 4895
4898 4902 4900
4902 4903 4900
4904 4902 4898
4901 4904 4898
4905 4901 4894
4905 4894 4893
4893 4891 4906
4896 4906 4891
4907 4903 4902
4904 4907 4902
4908 4904 4901
4908 4901 4905
4908 4907 4904
4893 4909 4905
4893 4906 4909
4908 4905 4909
4910 4903 4907
4908 4910 4907
4911 4903 4910
4912 4910 4908
4908 4909 4912
4912 4911 4910
4909 4906 4913
4896 4913 4906
4914 4912 4909
4909 4913 4914
4915 4911 4912
4914 4915 4912
4916 4913 4896
4916 4914 4913
4915 4917 4911
4917 4918 4911
4914 4919 4915
4919 4917 4915
4920 4918 4917
4919 4920 4917
4918 4920 4921
4919 4921 4920
4922 4918 4921
4923 4922 4921
4914 4924 4919
4916 4924 4914
4919 4925 4921
4923 4921 4925
4924 4925 4919
4926 4923 4925
4924 4926 4925
4926 4927 4923
4928 4927 4926
4924 4929 4926
4928 4926 4929
4924 4916 4929
4930 4928 4929
4930 4929 4931
4916 4931 4929
4931 4932 4930
4931 4933 4932
4931 4934 4933
4916 4935 4931
4931 4935 4934
4916 4896 4935
4935 4897 4934
4935 4896 4897
4936 4937 4938
4936 4938 4939
4940 4939 4938
4940 4938 4941
4942 4940 4941
4942 4941 4943
4944 4942 4943
4944 4945 4942
4944 4946 4945
4944 4947 4946
4948 4946 4947
4948 4949 4946
4948 4950 4949
4948 4951 4950
4952 4953 4954
4952 4955 4953
4956 4953 4955
4956 4955 4957
4956 4957 4958
4956 4958 4959
4960 4959 4958
4960 4961 4959
4962 4961 4960
4962 4960 4963
4964 4962 4963
4964 4963 4965
4965 4966 4964
4965 4967 4966
4968 4969 4970
4968 4971 4969
4972 4971 4968
4972 4968 4973
4971 4972 4974
4969 4971 4975
4971 4974 4975
4969 4975 4976
4974 4977 4975
4976 4975 4977
4974 4978 4977
4976 4977 4979
4980 4977 4978
4979 4977 4980
4979 4980 4981
4980 4978 4982
4980 4983 4981
4982 4984 4980
4980 4984 4983
4982 4985 4984
4984 4986 4983
4987 4984 4985
4984 4987 4986
4987 4988 4986
4987 4985 4989
4987 4990 4988
4990 4987 4989
4990 4989 4991
4992 4993 4994
4992 4995 4993
4996 4997 4998
4997 4999 4998
5000 5001 5002
5000 5002 5003
5003 5002 5004
5003 5004 5005
5006 5007 5008
5006 5008 5009
5009 5008 5010
5009 5010 5011
5012 5013 5014
5012 5014 5015
5012 5015 5016
5017 5012 5016
5018 5017 5016
5018 5019 5017
5019 5018 5020
5019 5020 5021
5022 5023 5024
5022 5024 5025
5026 5027 5028
5026 5029 5027
5029 5026 5030
5029 5030 5031
5030 5032 5031
5032 5033 5031
5034 5033 5032
5034 5035 5033
5036 5037 5038
5036 5038 5039
5040 5041 5042
5040 5043 5041
5040 5044 5043
5044 5045 5043
5044 5046 5045
5046 5047 5045
5047 5046 5048
5047 5048 5049
5050 5051 5052
5050 5052 5053
5052 5054 5053
5054 5055 5053
5054 5056 5055
5056 5057 5055
5057 5056 5058
5057 5058 5059
5060 5061 5062
5060 5062 5063
5063 5062 5064
5063 5064 5065
5066 5067 5068
5066 5069 5067
5067 5069 5070
5071 5067 5070
5072 5071 5070
5072 5073 5071
5074 5073 5072
5074 5075 5073
5076 5077 5078
5076 5078 5079
5080 5081 5082
5080 5082 5083
5083 5082 5084
5083 5084 5085
5084 5086 5085
5086 5087 5085
5087 5086 5088
5087 5088 5089
5090 5091 5092
5090 5092 5093
5094 5095 5096
5094 5096 5097
5096 5098 5097
5098 5099 5097
5098 5100 5099
5100 5101 5099
5102 5101 5100
5102 5103 5101
5104 5105 5106
5104 5107 5105
5104 5108 5107
5108 5109 5107
5108 5110 5109
5110 5111 5109
5112 5111 5110
5112 5113 5111
5114 5115 5116
5114 5116 5117
5114 5117 5118
5119 5114 5118
5120 5119 5118
5120 5121 5119
5121 5120 5122
5121 5122 5123
5124 5125 5126
5124 5126 5127
5128 5129 5130
5128 5131 5129
5131 5128 5132
5131 5132 5133
5132 5134 5133
5134 5135 5133
5136 5135 5134
5136 5137 5135
5138 5139 5140
5138 5140 5141
5142 5143 5144
5142 5145 5143
5142 5146 5145
5146 5147 5145
5146 5148 5147
5148 5149 5147
5149 5148 5150
5149 5150 5151
5152 5153 5154
5152 5154 5155
5154 5156 5155
5156 5157 5155
5156 5158 5157
5158 5159 5157
5159 5158 5160
5159 5160 5161
5162 5163 5164
5162 5164 5165
5162 5165 5166
5167 5162 5166
5168 5167 5166
5168 5169 5167
5169 5168 5170
5169 5170 5171
5172 5173 5174
5172 5174 5175
5176 5177 5178
5176 5179 5177
5179 5176 5180
5179 5180 5181
5180 5182 5181
5182 5183 5181
5184 5183 5182
5184 5185 5183
5186 5187 5188
5186 5188 5189
5190 5191 5192
5190 5193 5191
5190 5194 5193
5194 5195 5193
5194 5196 5195
5196 5197 5195
5197 5196 5198
5197 5198 5199
5200 5201 5202
5200 5202 5203
5202 5204 5203
5204 5205 5203
5204 5206 5205
5206 5207 5205
5207 5206 5208
5207 5208 5209
5210 5211 5212
5210 5212 5213
5210 5213 5214
5215 5210 5214
5216 5215 5214
5216 5217 5215
5217 5216 5218
5217 5218 5219
5220 5221 5222
5220 5222 5223
5224 5225 5226
5224 5227 5225
5227 5224 5228
5227 5228 5229
5228 5230 5229
5230 5231 5229
5232 5231 5230
5232 5233 5231
5234 5235 5236
5234 5236 5237
5238 5239 5240
5238 5241 5239
5238 5242 5241
5242 5243 5241
5242 5244 5243
5244 5245 5243
5245 5244 5246
5245 5246 5247
5248 5249 5250
5248 5250 5251
5250 5252 5251
5252 5253 5251
5252 5254 5253
5254 5255 5253
5255 5254 5256
5255 5256 5257
5258 5259 5260
5258 5260 5261
5261 5260 5262
5261 5262 5263
5264 5265 5266
5264 5266 5267
5264 5267 5268
5269 5264 5268
5270 5269 5268
5270 5271 5269
5271 5270 5272
5271 5272 5273
5274 5275 5276
5274 5276 5277
5278 5279 5280
5278 5281 5279
5281 5278 5282
5281 5282 5283
5282 5284 5283
5284 5285 5283
5286 5285 5284
5286 5287 5285
5288 5289 5290
5288 5290 5291
5292 5293 5294
5292 5295 5293
5292 5296 5295
5296 5297 5295
5296 5298 5297
5298 5299 5297
5299 5298 5300
5299 5300 5301
5302 5303 5304
5302 5304 5305
5304 5306 5305
5306 5307 5305
5306 5308 5307
5308 5309 5307
5309 5308 5310
5309 5310 5311
5312 5313 5314
5312 5314 5315
5315 5314 5316
5315 5316 5317
5318 5319 5320
5318 5320 5321
5318 5321 5322
5323 5318 5322
5324 5323 5322
5324 5325 5323
5325 5324 5326
5325 5326 5327
5328 5329 5330
5328 5330 5331
5332 5333 5334
5332 5335 5333
5335 5332 5336
5335 5336 5337
5336 5338 5337
5338 5339 5337
5340 5339 5338
5340 5341 5339
5342 5343 5344
5342 5344 5345
5346 5347 5348
5346 5349 5347
5346 5350 5349
5350 5351 5349
5350 5352 5351
5352 5353 5351
5353 5352 5354
5353 5354 5355
5356 5357 5358
5356 5358 5359
5358 5360 5359
5360 5361 5359
5360 5362 5361
5362 5363 5361
5363 5362 5364
5363 5364 5365
5366 5367 5368
5366 5368 5369
5369 5368 5370
5369 5370 5371
5372 5373 5374
5372 5374 5375
5372 5375 5376
5377 5372 5376
5378 5377 5376
5378 5379 5377
5379 5378 5380
5379 5380 5381
5382 5383 5384
5382 5384 5385
5386 5387 5388
5386 5389 5387
5389 5386 5390
5389 5390 5391
5390 5392 5391
5392 5393 5391
5394 5393 5392
5394 5395 5393
5396 5397 5398
5396 5398 5399
5400 5401 5402
5400 5403 5401
5400 5404 5403
5404 5405 5403
5404 5406 5405
5406 5407 5405
5407 5406 5408
5407 5408 5409
5410 5411 5412
5410 5412 5413
5412 5414 5413
5414 5415 5413
5414 5416 5415
5416 5417 5415
5417 5416 5418
5417 5418 5419
5420 5421 5422
5420 5422 5423
5423 5422 5424
5423 5424 5425
5426 5427 5428
5426 5428 5429
5426 5429 5430
5431 5426 5430
5432 5431 5430
5432 5433 5431
5433 5432 5434
5433 5434 5435
5436 5437 5438
5436 5438 5439
5440 5441 5442
5440 5443 5441
5443 5440 5444
5443 5444 5445
5444 5446 5445
5446 5447 5445
5448 5447 5446
5448 5449 5447
5450 5451 5452
5450 5452 5453
5454 5455 5456
5454 5457 5455
5454 5458 5457
5458 5459 5457
5458 5460 5459
5460 5461 5459
5461 5460 5462
5461 5462 5463
5464 5465 5466
5464 5466 5467
5466 5468 5467
5468 5469 5467
5468 5470 5469
5470 5471 5469
5471 5470 5472
5471 5472 5473
5474 5475 5476
5474 5476 5477
5477 5476 5478
5477 5478 5479
5480 5481 5482
5480 5482 5483
5480 5483 5484
5485 5480 5484
5486 5485 5484
5486 5487 5485
5487 5486 5488
5487 5488 5489
5490 5491 5492
5490 5492 5493
5494 5495 5496
5494 5497 5495
5497 5494 5498
5497 5498 5499
5498 5500 5499
5500 5501 5499
5502 5501 5500
5502 5503 5501
5504 5505 5506
5504 5506 5507
5508 5509 5510
5508 5511 5509
5508 5512 5511
5512 5513 5511
5512 5514 5513
5514 5515 5513
5515 5514 5516
5515 5516 5517
5518 5519 5520
5518 5520 5521
5520 5522 5521
5522 5523 5521
5522 5524 5523
5524 5525 5523
5525 5524 5526
5525 5526 5527
5528 5529 5530
5528 5530 5531
5531 5530 5532
5531 5532 5533
5534 5535 5536
5534 5536 5537
5534 5537 5538
5539 5534 5538
5540 5539 5538
5540 5541 5539
5541 5540 5542
5541 5542 5543
5544 5545 5546
5544 5546 5547
5548 5549 5550
5548 5551 5549
5551 5548 5552
5551 5552 5553
5552 5554 5553
5554 5555 5553
5556 5555 5554
5556 5557 5555
5558 5559 5560
5558 5560 5561
5562 5563 5564
5562 5565 5563
5562 5566 5565
5566 5567 5565
5566 5568 5567
5568 5569 5567
5569 5568 5570
5569 5570 5571
5572 5573 5574
5572 5574 5575
5574 5576 5575
5576 5577 5575
5576 5578 5577
5578 5579 5577
5579 5578 5580
5579 5580 5581
5582 5583 5584
5582 5584 5585
5582 5585 5586
5587 5582 5586
5588 5587 5586
5588 5589 5587
5589 5588 5590
5589 5590 5591
5592 5593 5594
5592 5594 5595
5596 5597 5598
5596 5599 5597
5599 5596 5600
5599 5600 5601
5600 5602 5601
5602 5603 5601
5604 5603 5602
5604 5605 5603
5606 5607 5608
5606 5608 5609
5610 5611 5612
5610 5613 5611
5610 5614 5613
5614 5615 5613
5614 5616 5615
5616 5617 5615
5617 5616 5618
5617 5618 5619
5620 5621 5622
5620 5622 5623
5622 5624 5623
5624 5625 5623
5624 5626 5625
5626 5627 5625
5627 5626 5628
5627 5628 5629
5630 5631 5632
5630 5632 5633
5630 5633 5634
5635 5630 5634
5636 5635 5634
5636 5637 5635
5637 5636 5638
5637 5638 5639
5640 5641 5642
5640 5642 5643
5644 5645 5646
5644 5647 5645
5647 5644 5648
5647 5648 5649
5648 5650 5649
5650 5651 5649
5652 5651 5650
5652 5653 5651
5654 5655 5656
5654 5656 5657
5658 5659 5660
5658 5661 5659
5658 5662 5661
5662 5663 5661
5662 5664 5663
5664 5665 5663
5665 5664 5666
5665 5666 5667
5668 5669 5670
5668 5670 5671
5670 5672 5671
5672 5673 5671
5672 5674 5673
5674 5675 5673
5675 5674 5676
5675 5676 5677
5678 5679 5680
5678 5680 5681
5678 5681 5682
5683 5678 5682
5684 5683 5682
5684 5685 5683
5685 5684 5686
5685 5686 5687
5688 5689 5690
5688 5690 5691
5692 5693 5694
5692 5695 5693
5695 5692 5696
5695 5696 5697
5696 5698 5697
5698 5699 5697
5700 5699 5698
5700 5701 5699
5702 5703 5704
5702 5704 5705
5706 5707 5708
5706 5709 5707
5706 5710 5709
5710 5711 5709
5710 5712 5711
5712 5713 5711
5713 5712 5714
5713 5714 5715
5716 5717 5718
5716 5718 5719
5718 5720 5719
5720 5721 5719
5720 5722 5721
5722 5723 5721
5723 5722 5724
5723 5724 5725
5726 5727 5728
5726 5728 5729
5729 5728 5730
5729 5730 5731
5732 5733 5734
5732 5734 5735
5732 5735 5736
5737 5732 5736
5738 5737 5736
5738 5739 5737
5739 5738 5740
5739 5740 5741
5742 5743 5744
5742 5744 5745
5746 5747 5748
5746 5749 5747
5749 5746 5750
5749 5750 5751
5750 5752 5751
5752 5753 5751
5754 5753 5752
5754 5755 5753
5756 5757 5758
5756 5758 5759
5760 5761 5762
5760 5763 5761
5760 5764 5763
5764 5765 5763
5764 5766 5765
5766 5767 5765
5767 5766 5768
5767 5768 5769
5770 5771 5772
5770 5772 5773
5772 5774 5773
5774 5775 5773
5774 5776 5775
5776 5777 5775
5777 5776 5778
5777 5778 5779
5780 5781 5782
5780 5782 5783
5783 5782 5784
5783 5784 5785
5786 5787 5788
5786 5788 5789
5789 5788 5790
5789 5790 5791
5792 5793 5794
5792 5794 5795
5795 5794 5796
5795 5796 5797
5798 5799 5800
5798 5800 5801
5801 5800 5802
5801 5802 5803
5804 5805 5806
5804 5806 5807
5807 5806 5808
5807 5808 5809
5810 5811 5812
5810 5812 5813
5810 5813 5814
5815 5810 5814
5816 5815 5814
5816 5817 5815
5817 5816 5818
5817 5818 5819
5820 5821 5822
5820 5822 5823
5824 5825 5826
5824 5827 5825
5827 5824 5828
5827 5828 5829
5828 5830 5829
5830 5831 5829
5832 5831 5830
5832 5833 5831
5834 5835 5836
5834 5836 5837
5838 5839 5840
5838 5841 5839
5838 5842 5841
5842 5843 5841
5842 5844 5843
5844 5845 5843
5845 5844 5846
5845 5846 5847
5848 5849 5850
5848 5850 5851
5850 5852 5851
5852 5853 5851
5852 5854 5853
5854 5855 5853
5855 5854 5856
5855 5856 5857
5858 5859 5860
5858 5860 5861
5858 5861 5862
5863 5858 5862
5864 5863 5862
5864 5865 5863
5865 5864 5866
5865 5866 5867
5868 5869 5870
5868 5870 5871
5872 5873 5874
5872 5875 5873
5875 5872 5876
5875 5876 5877
5876 5878 5877
5878 5879 5877
5880 5879 5878
5880 5881 5879
5882 5883 5884
5882 5884 5885
5886 5887 5888
5886 5889 5887
5886 5890 5889
5890 5891 5889
5890 5892 5891
5892 5893 5891
5893 5892 5894
5893 5894 5895
5896 5897 5898
5896 5898 5899
5898 5900 5899
5900 5901 5899
5900 5902 5901
5902 5903 5901
5903 5902 5904
5903 5904 5905
5906 5907 5908
5906 5908 5909
5906 5909 5910
5911 5906 5910
5912 5911 5910
5912 5913 5911
5913 5912 5914
5913 5914 5915
5916 5917 5918
5916 5918 5919
5920 5921 5922
5920 5923 5921
5923 5920 5924
5923 5924 5925
5924 5926 5925
5926 5927 5925
5928 5927 5926
5928 5929 5927
5930 5931 5932
5930 5932 5933
5934 5935 5936
5934 5937 5935
5934 5938 5937
5938 5939 5937
5938 5940 5939
5940 5941 5939
5941 5940 5942
5941 5942 5943
5944 5945 5946
5944 5946 5947
5946 5948 5947
5948 5949 5947
5948 5950 5949
5950 5951 5949
5951 5950 5952
5951 5952 5953
5954 5955 5956
5954 5956 5957
5954 5957 5958
5959 5954 5958
5960 5959 5958
5960 5961 5959
5961 5960 5962
5961 5962 5963
5964 5965 5966
5964 5966 5967
5968 5969 5970
5968 5971 5969
5971 5968 5972
5971 5972 5973
5972 5974 5973
5974 5975 5973
5976 5975 5974
5976 5977 5975
5978 5979 5980
5978 5980 5981
5982 5983 5984
5982 5985 5983
5982 5986 5985
5986 5987 5985
5986 5988 5987
5988 5989 5987
5989 5988 5990
5989 5990 5991
5992 5993 5994
5992 5994 5995
5994 5996 5995
5996 5997 5995
5996 5998 5997
5998 5999 5997
5999 5998 6000
5999 6000 6001
6002 6003 6004
6002 6004 6005
6002 6005 6006
6007 6002 6006
6008 6007 6006
6008 6009 6007
6009 6008 6010
6009 6010 6011
6012 6013 6014
6012 6014 6015
6016 6017 6018
6016 6019 6017
6019 6016 6020
6019 6020 6021
6020 6022 6021
6022 6023 6021
6024 6023 6022
6024 6025 6023
6026 6027 6028
6026 6028 6029
6030 6031 6032
6030 6033 6031
6030 6034 6033
6034 6035 6033
6034 6036 6035
6036 6037 6035
6037 6036 6038
6037 6038 6039
6040 6041 6042
6040 6042 6043
6042 6044 6043
6044 6045 6043
6044 6046 6045
6046 6047 6045
6047 6046 6048
6047 6048 6049
6050 6051 6052
6050 6052 6053
6050 6053 6054
6055 6050 6054
6056 6055 6054
6056 6057 6055
6057 6056 6058
6057 6058 6059
6060 6061 6062
6060 6062 6063
6064 6065 6066
6064 6067 6065
6067 6064 6068
6067 6068 6069
6068 6070 6069
6070 6071 6069
6072 6071 6070
6072 6073 6071
6074 6075 6076
6074 6076 6077
6078 6079 6080
6078 6081 6079
6078 6082 6081
6082 6083 6081
6082 6084 6083
6084 6085 6083
6085 6084 6086
6085 6086 6087
6088 6089 6090
6088 6090 6091
6090 6092 6091
6092 6093 6091
6092 6094 6093
6094 6095 6093
6095 6094 6096
6095 6096 6097
6098 6099 6100
6098 6100 6101
6101 6100 6102
6101 6102 6103
6104 6105 6106
6104 6106 6107
6104 6107 6108
6109 6104 6108
6110 6109 6108
6110 6111 6109
6111 6110 6112
6111 6112 6113
6114 6115 6116
6114 6116 6117
6118 6119 6120
6118 6121 6119
6121 6118 6122
6121 6122 6123
6122 6124 6123
6124 6125 6123
6126 6125 6124
6126 6127 6125
6128 6129 6130
6128 6130 6131
6132 6133 6134
6132 6135 6133
6132 6136 6135
6136 6137 6135
6136 6138 6137
6138 6139 6137
6139 6138 6140
6139 6140 6141
6142 6143 6144
6142 6144 6145
6144 6146 6145
6146 6147 6145
6146 6148 6147
6148 6149 6147
6149 6148 6150
6149 6150 6151
6152 6153 6154
6152 6154 6155
6155 6154 6156
6155 6156 6157
6158 6159 6160
6158 6160 6161
6161 6160 6162
6161 6162 6163
6164 6165 6166
6164 6166 6167
6167 6166 6168
6167 6168 6169
6170 6171 6172
6170 6172 6173
6173 6172 6174
6173 6174 6175
6176 6177 6178
6176 6178 6179
6179 6178 6180
6179 6180 6181
6182 6183 6184
6182 6184 6185
6185 6184 6186
6185 6186 6187
6188 6189 6190
6188 6190 6191
6188 6191 6192
6193 6188 6192
6194 6193 6192
6194 6195 6193
6195 6194 6196
6195 6196 6197
6198 6199 6200
6198 6200 6201
6202 6203 6204
6202 6205 6203
6205 6202 6206
6205 6206 6207
6206 6208 6207
6208 6209 6207
6210 6209 6208
6210 6211 6209
6212 6213 6214
6212 6214 6215
6216 6217 6218
6216 6219 6217
6216 6220 6219
6220 6221 6219
6220 6222 6221
6222 6223 6221
6223 6222 6224
6223 6224 6225
6226 6227 6228
6226 6228 6229
6228 6230 6229
6230 6231 6229
6230 6232 6231
6232 6233 6231
6233 6232 6234
6233 6234 6235
6236 6237 6238
6236 6238 6239
6239 6238 6240
6239 6240 6241
6242 6243 6244
6242 6244 6245
6242 6245 6246
6247 6242 6246
6248 6247 6246
6248 6249 6247
6249 6248 6250
6249 6250 6251
6252 6253 6254
6252 6254 6255
6256 6257 6258
6256 6259 6257
6259 6256 6260
6259 6260 6261
6260 6262 6261
6262 6263 6261
6264 6263 6262
6264 6265 6263
6266 6267 6268
6266 6268 6269
6270 6271 6272
6270 6273 6271
6270 6274 6273
6274 6275 6273
6274 6276 6275
6276 6277 6275
6277 6276 6278
6277 6278 6279
6280 6281 6282
6280 6282 6283
6282 6284 6283
6284 6285 6283
6284 6286 6285
6286 6287 6285
6287 6286 6288
6287 6288 6289
6290 6291 6292
6290 6292 6293
6293 6292 6294
6293 6294 6295
6296 6297 6298
6296 6298 6299
6296 6299 6300
6301 6296 6300
6302 6301 6300
6302 6303 6301
6303 6302 6304
6303 6304 6305
6306 6307 6308
6306 6308 6309
6310 6311 6312
6310 6313 6311
6313 6310 6314
6313 6314 6315
6314 6316 6315
6316 6317 6315
6318 6317 6316
6318 6319 6317
6320 6321 6322
6320 6322 6323
6324 6325 6326
6324 6327 6325
6324 6328 6327
6328 6329 6327
6328 6330 6329
6330 6331 6329
6331 6330 6332
6331 6332 6333
6334 6335 6336
6334 6336 6337
6336 6338 6337
6338 6339 6337
6338 6340 6339
6340 6341 6339
6341 6340 6342
6341 6342 6343
6344 6345 6346
6344 6346 6347
6344 6347 6348
6349 6344 6348
6350 6349 6348
6350 6351 6349
6351 6350 6352
6351 6352 6353
6354 6355 6356
6354 6356 6357
6358 6359 6360
6358 6361 6359
6361 6358 6362
6361 6362 6363
6362 6364 6363
6364 6365 6363
6366 6365 6364
6366 6367 6365
6368 6369 6370
6368 6370 6371
6372 6373 6374
6372 6375 6373
6372 6376 6375
6376 6377 6375
6376 6378 6377
6378 6379 6377
6379 6378 6380
6379 6380 6381
6382 6383 6384
6382 6384 6385
6384 6386 6385
6386 6387 6385
6386 6388 6387
6388 6389 6387
6389 6388 6390
6389 6390 6391
6392 6393 6394
6392 6394 6395
6395 6394 6396
6395 6396 6397
6398 6399 6400
6398 6400 6401
6398 6401 6402
6403 6398 6402
6404 6403 6402
6404 6405 6403
6405 6404 6406
6405 6406 6407
6408 6409 6410
6408 6410 6411
6412 6413 6414
6412 6415 6413
6415 6412 6416
6415 6416 6417
6416 6418 6417
6418 6419 6417
6420 6419 6418
6420 6421 6419
6422 6423 6424
6422 6424 6425
6426 6427 6428
6426 6429 6427
6426 6430 6429
6430 6431 6429
6430 6432 6431
6432 6433 6431
6433 6432 6434
6433 6434 6435
6436 6437 6438
6436 6438 6439
6438 6440 6439
6440 6441 6439
6440 6442 6441
6442 6443 6441
6443 6442 6444
6443 6444 6445
6446 6447 6448
6446 6448 6449
6449 6448 6450
6449 6450 6451
6452 6453 6454
6452 6454 6455
6455 6454 6456
6455 6456 6457
6458 6459 6460
6458 6460 6461
6461 6460 6462
6461 6462 6463
6464 6465 6466
6464 6466 6467
6464 6467 6468
6469 6464 6468
6470 6469 6468
6470 6471 6469
6471 6470 6472
6471 6472 6473
6474 6475 6476
6474 6476 6477
6478 6479 6480
6478 6481 6479
6481 6478 6482
6481 6482 6483
6482 6484 6483
6484 6485 6483
6486 6485 6484
6486 6487 6485
6488 6489 6490
6488 6490 6491
6492 6493 6494
6492 6495 6493
6492 6496 6495
6496 6497 6495
6496 6498 6497
6498 6499 6497
6499 6498 6500
6499 6500 6501
6502 6503 6504
6502 6504 6505
6504 6506 6505
6506 6507 6505
6506 6508 6507
6508 6509 6507
6509 6508 6510
6509 6510 6511
6512 6513 6514
6512 6514 6515
6515 6514 6516
6515 6516 6517
6518 6519 6520
6518 6520 6521
6521 6520 6522
6521 6522 6523
6524 6525 6526
6524 6526 6527
6524 6527 6528
6529 6524 6528
6530 6529 6528
6530 6531 6529
6531 6530 6532
6531 6532 6533
6534 6535 6536
6534 6536 6537
6538 6539 6540
6538 6541 6539
6541 6538 6542
6541 6542 6543
6542 6544 6543
6544 6545 6543
6546 6545 6544
6546 6547 6545
6548 6549 6550
6548 6550 6551
6552 6553 6554
6552 6555 6553
6552 6556 6555
6556 6557 6555
6556 6558 6557
6558 6559 6557
6559 6558 6560
6559 6560 6561
6562 6563 6564
6562 6564 6565
6564 6566 6565
6566 6567 6565
6566 6568 6567
6568 6569 6567
6569 6568 6570
6569 6570 6571
6572 6573 6574
6572 6574 6575
6575 6574 6576
6575 6576 6577
6578 6579 6580
6578 6580 6581
6578 6581 6582
6583 6578 6582
6584 6583 6582
6584 6585 6583
6585 6584 6586
6585 6586 6587
6588 6589 6590
6588 6590 6591
6592 6593 6594
6592 6595 6593
6595 6592 6596
6595 6596 6597
6596 6598 6597
6598 6599 6597
6600 6599 6598
6600 6601 6599
6602 6603 6604
6602 6604 6605
6606 6607 6608
6606 6609 6607
6606 6610 6609
6610 6611 6609
6610 6612 6611
6612 6613 6611
6613 6612 6614
6613 6614 6615
6616 6617 6618
6616 6618 6619
6618 6620 6619
6620 6621 6619
6620 6622 6621
6622 6623 6621
6623 6622 6624
6623 6624 6625
6626 6627 6628
6626 6628 6629
6629 6628 6630
6629 6630 6631
6632 6633 6634
6632 6634 6635
6635 6634 6636
6635 6636 6637
6638 6639 6640
6638 6640 6641
6641 6640 6642
6641 6642 6643
6644 6645 6646
6644 6646 6647
6644 6647 6648
6649 6644 6648
6650 6649 6648
6650 6651 6649
6651 6650 6652
6651 6652 6653
6654 6655 6656
6654 6656 6657
6658 6659 6660
6658 6661 6659
6661 6658 6662
6661 6662 6663
6662 6664 6663
6664 6665 6663
6666 6665 6664
6666 6667 6665
6668 6669 6670
6668 6670 6671
6672 6673 6674
6672 6675 6673
6672 6676 6675
6676 6677 6675
6676 6678 6677
6678 6679 6677
6679 6678 6680
6679 6680 6681
6682 6683 6684
6682 6684 6685
6684 6686 6685
6686 6687 6685
6686 6688 6687
6688 6689 6687
6689 6688 6690
6689 6690 6691
6692 6693 6694
6692 6694 6695
6692 6695 6696
6697 6692 6696
6698 6697 6696
6698 6699 6697
6699 6698 6700
6699 6700 6701
6702 6703 6704
6702 6704 6705
6706 6707 6708
6706 6709 6707
6709 6706 6710
6709 6710 6711
6710 6712 6711
6712 6713 6711
6714 6713 6712
6714 6715 6713
6716 6717 6718
6716 6718 6719
6720 6721 6722
6720 6723 6721
6720 6724 6723
6724 6725 6723
6724 6726 6725
6726 6727 6725
6727 6726 6728
6727 6728 6729
6730 6731 6732
6730 6732 6733
6732 6734 6733
6734 6735 6733
6734 6736 6735
6736 6737 6735
6737 6736 6738
6737 6738 6739
6740 6741 6742
6740 6742 6743
6740 6743 6744
6745 6740 6744
6746 6745 6744
6746 6747 6745
6747 6746 6748
6747 6748 6749
6750 6751 6752
6750 6752 6753
6754 6755 6756
6754 6757 6755
6757 6754 6758
6757 6758 6759
6758 6760 6759
6760 6761 6759
6762 6761 6760
6762 6763 6761
6764 6765 6766
6764 6766 6767
6768 6769 6770
6768 6771 6769
6768 6772 6771
6772 6773 6771
6772 6774 6773
6774 6775 6773
6775 6774 6776
6775 6776 6777
6778 6779 6780
6778 6780 6781
6780 6782 6781
6782 6783 6781
6782 6784 6783
6784 6785 6783
6785 6784 6786
6785 6786 6787
6788 6789 6790
6788 6790 6791
6788 6791 6792
6793 6788 6792
6794 6793 6792
6794 6795 6793
6795 6794 6796
6795 6796 6797
6798 6799 6800
6798 6800 6801
6802 6803 6804
6802 6805 6803
6805 6802 6806
6805 6806 6807
6806 6808 6807
6808 6809 6807
6810 6809 6808
6810 6811 6809
6812 6813 6814
6812 6814 6815
6816 6817 6818
6816 6819 6817
6816 6820 6819
6820 6821 6819
6820 6822 6821
6822 6823 6821
6823 6822 6824
6823 6824 6825
6826 6827 6828
6826 6828 6829
6828 6830 6829
6830 6831 6829
6830 6832 6831
6832 6833 6831
6833 6832 6834
6833 6834 6835
6836 6837 6838
6836 6838 6839
6839 6838 6840
6839 6840 6841
6842 6843 6844
6842 6844 6845
6845 6844 6846
6845 6846 6847
6848 6849 6850
6848 6850 6851
6848 6851 6852
6853 6848 6852
6854 6853 6852
6854 6855 6853
6855 6854 6856
6855 6856 6857
6858 6859 6860
6858 6860 6861
6862 6863 6864
6862 6865 6863
6865 6862 6866
6865 6866 6867
6866 6868 6867
6868 6869 6867
6870 6869 6868
6870 6871 6869
6872 6873 6874
6872 6874 6875
6876 6877 6878
6876 6879 6877
6876 6880 6879
6880 6881 6879
6880 6882 6881
6882 6883 6881
6883 6882 6884
6883 6884 6885
6886 6887 6888
6886 6888 6889
6888 6890 6889
6890 6891 6889
6890 6892 6891
6892 6893 6891
6893 6892 6894
6893 6894 6895
6896 6897 6898
6896 6898 6899
6896 6899 6900
6901 6896 6900
6902 6901 6900
6902 6903 6901
6903 6902 6904
6903 6904 6905
6906 6907 6908
6906 6908 6909
6910 6911 6912
6910 6913 6911
6913 6910 6914
6913 6914 6915
6914 6916 6915
6916 6917 6915
6918 6917 6916
6918 6919 6917
6920 6921 6922
6920 6922 6923
6924 6925 6926
6924 6927 6925
6924 6928 6927
6928 6929 6927
6928 6930 6929
6930 6931 6929
6931 6930 6932
6931 6932 6933
6934 6935 6936
6934 6936 6937
6936 6938 6937
6938 6939 6937
6938 6940 6939
6940 6941 6939
6941 6940 6942
6941 6942 6943
6944 6945 6946
6944 6946 6947
6944 6947 6948
6949 6944 6948
6950 6949 6948
6950 6951 6949
6951 6950 6952
6951 6952 6953
6954 6955 6956
6954 6956 6957
6958 6959 6960
6958 6961 6959
6961 6958 6962
6961 6962 6963
6962 6964 6963
6964 6965 6963
6966 6965 6964
6966 6967 6965
6968 6969 6970
6968 6970 6971
6972 6973 6974
6972 6975 6973
6972 6976 6975
6976 6977 6975
6976 6978 6977
6978 6979 6977
6979 6978 6980
6979 6980 6981
6982 6983 6984
6982 6984 6985
6984 6986 6985
6986 6987 6985
6986 6988 6987
6988 6989 6987
6989 6988 6990
6989 6990 6991
6992 6993 6994
6992 6994 6995
6995 6994 6996
6995 6996 6997
6998 6999 7000
6998 7000 7001
7001 7000 7002
7001 7002 7003
7004 7005 7006
7004 7006 7007
7004 7007 7008
7009 7004 7008
7010 7009 7008
7010 7011 7009
7011 7010 7012
7011 7012 7013
7014 7015 7016
7014 7016 7017
7018 7019 7020
7018 7021 7019
7021 7018 7022
7021 7022 7023
7022 7024 7023
7024 7025 7023
7026 7025 7024
7026 7027 7025
7028 7029 7030
7028 7030 7031
7032 7033 7034
7032 7035 7033
7032 7036 7035
7036 7037 7035
7036 7038 7037
7038 7039 7037
7039 7038 7040
7039 7040 7041
7042 7043 7044
7042 7044 7045
7044 7046 7045
7046 7047 7045
7046 7048 7047
7048 7049 7047
7049 7048 7050
7049 7050 7051
7052 7053 7054
7052 7054 7055
7055 7054 7056
7055 7056 7057
7058 7059 7060
7058 7060 7061
7061 7060 7062
7061 7062 7063
7064 7065 7066
7064 7066 7067
7064 7067 7068
7069 7064 7068
7070 7069 7068
7070 7071 7069
7071 7070 7072
7071 7072 7073
7074 7075 7076
7074 7076 7077
7078 7079 7080
7078 7081 7079
7081 7078 7082
7081 7082 7083
7082 7084 7083
7084 7085 7083
7086 7085 7084
7086 7087 7085
7088 7089 7090
7088 7090 7091
7092 7093 7094
7092 7095 7093
7092 7096 7095
7096 7097 7095
7096 7098 7097
7098 7099 7097
7099 7098 7100
7099 7100 7101
7102 7103 7104
7102 7104 7105
7104 7106 7105
7106 7107 7105
7106 7108 7107
7108 7109 7107
7109 7108 7110
7109 7110 7111
7112 7113 7114
7112 7114 7115
7112 7115 7116
7117 7112 7116
7118 7117 7116
7118 7119 7117
7119 7118 7120
7119 7120 7121
7122 7123 7124
7122 7124 7125
7126 7127 7128
7126 7129 7127
7129 7126 7130
7129 7130 7131
7130 7132 7131
7132 7133 7131
7134 7133 7132
7134 7135 7133
7136 7137 7138
7136 7138 7139
7140 7141 7142
7140 7143 7141
7140 7144 7143
7144 7145 7143
7144 7146 7145
7146 7147 7145
7147 7146 7148
7147 7148 7149
7150 7151 7152
7150 7152 7153
7152 7154 7153
7154 7155 7153
7154 7156 7155
7156 7157 7155
7157 7156 7158
7157 7158 7159
7160 7161 7162
7160 7162 7163
7163 7162 7164
7163 7164 7165
7166 7167 7168
7166 7168 7169
7166 7169 7170
7171 7166 7170
7172 7171 7170
7172 7173 7171
7173 7172 7174
7173 7174 7175
7176 7177 7178
7176 7178 7179
7180 7181 7182
7180 7183 7181
7183 7180 7184
7183 7184 7185
7184 7186 7185
7186 7187 7185
7188 7187 7186
7188 7189 7187
7190 7191 7192
7190 7192 7193
7194 7195 7196
7194 7197 7195
7194 7198 7197
7198 7199 7197
7198 7200 7199
7200 7201 7199
7201 7200 7202
7201 7202 7203
7204 7205 7206
7204 7206 7207
7206 7208 7207
7208 7209 7207
7208 7210 7209
7210 7211 7209
7211 7210 7212
7211 7212 7213
7214 7215 7216
7214 7216 7217
7217 7216 7218
7217 7218 7219
7220 7221 7222
7220 7222 7223
7220 7223 7224
7225 7220 7224
7226 7225 7224
7226 7227 7225
7227 7226 7228
7227 7228 7229
7230 7231 7232
7230 7232 7233
7234 7235 7236
7234 7237 7235
7237 7234 7238
7237 7238 7239
7238 7240 7239
7240 7241 7239
7242 7241 7240
7242 7243 7241
7244 7245 7246
7244 7246 7247
7248 7249 7250
7248 7251 7249
7248 7252 7251
7252 7253 7251
7252 7254 7253
7254 7255 7253
7255 7254 7256
7255 7256 7257
7258 7259 7260
7258 7260 7261
7260 7262 7261
7262 7263 7261
7262 7264 7263
7264 7265 7263
7265 7264 7266
7265 7266 7267
7268 7269 7270
7268 7270 7271
7268 7271 7272
7273 7268 7272
7274 7273 7272
7274 7275 7273
7275 7274 7276
7275 7276 7277
7278 7279 7280
7278 7280 7281
7282 7283 7284
7282 7285 7283
7285 7282 7286
7285 7286 7287
7286 7288 7287
7288 7289 7287
7290 7289 7288
7290 7291 7289
7292 7293 7294
7292 7294 7295
7296 7297 7298
7296 7299 7297
7296 7300 7299
7300 7301 7299
7300 7302 7301
7302 7303 7301
7303 7302 7304
7303 7304 7305
7306 7307 7308
7306 7308 7309
7308 7310 7309
7310 7311 7309
7310 7312 7311
7312 7313 7311
7313 7312 7314
7313 7314 7315
7316 7317 7318
7316 7318 7319
7319 7318 7320
7319 7320 7321
7322 7323 7324
7322 7324 7325
7322 7325 7326
7327 7322 7326
7328 7327 7326
7328 7329 7327
7329 7328 7330
7329 7330 7331
7332 7333 7334
7332 7334 7335
7336 7337 7338
7336 7339 7337
7339 7336 7340
7339 7340 7341
7340 7342 7341
7342 7343 7341
7344 7343 7342
7344 7345 7343
7346 7347 7348
7346 7348 7349
7350 7351 7352
7350 7353 7351
7350 7354 7353
7354 7355 7353
7354 7356 7355
7356 7357 7355
7357 7356 7358
7357 7358 7359
7360 7361 7362
7360 7362 7363
7362 7364 7363
7364 7365 7363
7364 7366 7365
7366 7367 7365
7367 7366 7368
7367 7368 7369
7370 7371 7372
7370 7372 7373
7373 7372 7374
7373 7374 7375
7376 7377 7378
7376 7378 7379
7376 7379 7380
7381 7376 7380
7382 7381 7380
7382 7383 7381
7383 7382 7384
7383 7384 7385
7386 7387 7388
7386 7388 7389
7390 7391 7392
7390 7393 7391
7393 7390 7394
7393 7394 7395
7394 7396 7395
7396 7397 7395
7398 7397 7396
7398 7399 7397
7400 7401 7402
7400 7402 7403
7404 7405 7406
7404 7407 7405
7404 7408 7407
7408 7409 7407
7408 7410 7409
7410 7411 7409
7411 7410 7412
7411 7412 7413
7414 7415 7416
7414 7416 7417
7416 7418 7417
7418 7419 7417
7418 7420 7419
7420 7421 7419
7421 7420 7422
7421 7422 7423
7424 7425 7426
7424 7426 7427
7427 7426 7428
7427 7428 7429
7430 7431 7432
7430 7432 7433
7430 7433 7434
7435 7430 7434
7436 7435 7434
7436 7437 7435
7437 7436 7438
7437 7438 7439
7440 7441 7442
7440 7442 7443
7444 7445 7446
7444 7447 7445
7447 7444 7448
7447 7448 7449
7448 7450 7449
7450 7451 7449
7452 7451 7450
7452 7453 7451
7454 7455 7456
7454 7456 7457
7458 7459 7460
7458 7461 7459
7458 7462 7461
7462 7463 7461
7462 7464 7463
7464 7465 7463
7465 7464 7466
7465 7466 7467
7468 7469 7470
7468 7470 7471
7470 7472 7471
7472 7473 7471
7472 7474 7473
7474 7475 7473
7475 7474 7476
7475 7476 7477
7478 7479 7480
7478 7480 7481
7481 7480 7482
7483 7481 7482
7484 7483 7482
7484 7485 7483
7486 7487 7488
7486 7488 7489
7490 7491 7492
7490 7493 7491
7493 7490 7494
7493 7494 7495
7494 7496 7495
7496 7497 7495
7498 7499 7500
7498 7501 7499
7501 7498 7502
7503 7501 7502
7503 7502 7504
7505 7503 7504
7506 7507 7508
7507 7509 7508
7507 7510 7509
7510 7511 7509
7511 7510 7512
7511 7512 7513
7514 7515 7516
7514 7516 7517
7517 7516 7518
7517 7518 7519
7520 7521 7522
7520 7522 7523
7520 7523 7524
7525 7520 7524
7526 7525 7524
7526 7527 7525
7527 7526 7528
7527 7528 7529
7530 7531 7532
7530 7532 7533
7534 7535 7536
7534 7537 7535
7537 7534 7538
7537 7538 7539
7538 7540 7539
7540 7541 7539
7542 7541 7540
7542 7543 7541
7544 7545 7546
7544 7546 7547
7548 7549 7550
7548 7551 7549
7548 7552 7551
7552 7553 7551
7552 7554 7553
7554 7555 7553
7555 7554 7556
7555 7556 7557
7558 7559 7560
7558 7560 7561
7560 7562 7561
7562 7563 7561
7562 7564 7563
7564 7565 7563
7565 7564 7566
7565 7566 7567
7568 7569 7570
7568 7570 7571
7568 7571 7572
7573 7568 7572
7574 7573 7572
7574 7575 7573
7575 7574 7576
7575 7576 7577
7578 7579 7580
7578 7580 7581
7582 7583 7584
7582 7585 7583
7585 7582 7586
7585 7586 7587
7586 7588 7587
7588 7589 7587
7590 7589 7588
7590 7591 7589
7592 7593 7594
7592 7594 7595
7596 7597 7598
7596 7599 7597
7596 7600 7599
7600 7601 7599
7600 7602 7601
7602 7603 7601
7603 7602 7604
7603 7604 7605
7606 7607 7608
7606 7608 7609
7608 7610 7609
7610 7611 7609
7610 7612 7611
7612 7613 7611
7613 7612 7614
7613 7614 7615
7616 7617 7618
7616 7618 7619
7619 7618 7620
7619 7620 7621
7622 7623 7624
7622 7624 7625
7622 7625 7626
7627 7622 7626
7628 7627 7626
7628 7629 7627
7629 7628 7630
7629 7630 7631
7632 7633 7634
7632 7634 7635
7636 7637 7638
7636 7639 7637
7639 7636 7640
7639 7640 7641
7640 7642 7641
7642 7643 7641
7644 7643 7642
7644 7645 7643
7646 7647 7648
7646 7648 7649
7650 7651 7652
7650 7653 7651
7650 7654 7653
7654 7655 7653
7654 7656 7655
7656 7657 7655
7657 7656 7658
7657 7658 7659
7660 7661 7662
7660 7662 7663
7662 7664 7663
7664 7665 7663
7664 7666 7665
7666 7667 7665
7667 7666 7668
7667 7668 7669
7670 7671 7672
7670 7672 7673
7673 7672 7674
7673 7674 7675
7676 7677 7678
7676 7678 7679
7679 7678 7680
7679 7680 7681
7682 7683 7684
7682 7684 7685
7686 7682 7685
7686 7687 7682
7686 7688 7687
7686 7689 7688
7690 7688 7689
7690 7691 7688
7692 7693 7694
7692 7694 7695
7694 7696 7695
7694 7697 7696
7698 7696 7697
7698 7699 7696
7700 7699 7698
7700 7698 7701
7702 7703 7704
7704 7703 7705
7704 7705 7706
7703 7707 7705
7706 7705 7708
7707 7708 7705
7707 7709 7708
7709 7710 7708
7711 7712 7713
7712 7714 7713
7712 7715 7714
7716 7713 7714
7714 7715 7717
7714 7718 7716
7714 7717 7718
7717 7719 7718
7720 7721 7722
7720 7723 7721
7723 7720 7724
7723 7724 7725
7724 7726 7725
7724 7727 7726
7728 7726 7727
7728 7727 7729
7730 7731 7732
7730 7733 7731
7733 7734 7731
7733 7735 7734
7736 7734 7735
7736 7737 7734
7737 7736 7738
7737 7738 7739
7740 7741 7742
7740 7743 7741
7744 7743 7740
7744 7745 7743
7746 7745 7744
7746 7747 7745
7748 7747 7746
7748 7749 7747
7750 7749 7748
7750 7751 7749
7752 7751 7750
7752 7753 7751
7754 7753 7752
7754 7755 7753
7756 7755 7754
7756 7757 7755
7758 7759 7760
7758 7761 7759
7762 7761 7758
7762 7763 7761
7764 7763 7762
7764 7765 7763
7766 7765 7764
7766 7767 7765
7768 7767 7766
7768 7769 7767
7770 7769 7768
7770 7771 7769
7772 7771 7770
7772 7773 7771
7774 7773 7772
7774 7775 7773
7776 7777 7778
7776 7779 7777
7780 7779 7776
7780 7781 7779
7782 7781 7780
7782 7783 7781
7784 7783 7782
7784 7785 7783
7786 7785 7784
7786 7787 7785
7788 7787 7786
7788 7789 7787
7790 7789 7788
7790 7791 7789
7792 7791 7790
7792 7793 7791
7794 7795 7796
7794 7796 7797
7798 7794 7797
7798 7797 7799
7800 7798 7799
7800 7799 7801
7802 7800 7801
7802 7801 7803
7804 7802 7803
7804 7803 7805
7806 7804 7805
7806 7805 7807
7808 7806 7807
7808 7807 7809
7810 7808 7809
7810 7809 7811
7812 7813 7814
7814 7815 7812
7814 7816 7815
7817 7815 7816
7817 7818 7815
7817 7819 7818
7820 7821 7822
7820 7822 7823
7823 7822 7824
7823 7824 7825
7825 7824 7826
7825 7826 7827
7827 7826 7828
7827 7828 7829
7829 7828 7830
7829 7830 7831
7831 7830 7832
7831 7832 7833
7833 7832 7834
7833 7834 7835
7835 7834 7836
7835 7836 7837
7838 7839 7840
7838 7840 7841
7841 7840 7842
7841 7842 7843
7843 7842 7844
7843 7844 7845
7845 7844 7846
7845 7846 7847
7847 7846 7848
7847 7848 7849
7849 7848 7850
7849 7850 7851
7851 7850 7852
7851 7852 7853
7853 7852 7854
7853 7854 7855
7856 7857 7858
7856 7858 7859
7859 7858 7860
7859 7860 7861
7861 7860 7862
7861 7862 7863
7863 7862 7864
7863 7864 7865
7865 7864 7866
7865 7866 7867
7867 7866 7868
7867 7868 7869
7869 7868 7870
7869 7870 7871
7871 7870 7872
7871 7872 7873
7874 7875 7876
7874 7876 7877
7877 7876 7878
7877 7878 7879
7879 7878 7880
7879 7880 7881
7881 7880 7882
7881 7882 7883
7883 7882 7884
7883 7884 7885
7885 7884 7886
7885 7886 7887
7887 7886 7888
7887 7888 7889
7889 7888 7890
7889 7890 7891
7892 7893 7894
7892 7894 7895
7895 7894 7896
7895 7896 7897
7897 7896 7898
7897 7898 7899
7899 7898 7900
7899 7900 7901
7901 7900 7902
7901 7902 7903
7903 7902 7904
7903 7904 7905
7905 7904 7906
7905 7906 7907
7907 7906 7908
7907 7908 7909
7910 7911 7912
7910 7912 7913
7913 7912 7914
7913 7914 7915
7915 7914 7916
7915 7916 7917
7917 7916 7918
7917 7918 7919
7919 7918 7920
7919 7920 7921
7921 7920 7922
7921 7922 7923
7923 7922 7924
7923 7924 7925
7925 7924 7926
7925 7926 7927
7928 7929 7930
7928 7931 7929
7931 7932 7929
7933 7931 7928
7931 7934 7932
7933 7935 7931
7935 7934 7931
7936 7935 7933
7935 7937 7934
7936 7938 7935
7938 7937 7935
7939 7938 7936
7938 7940 7937
7939 7941 7938
7941 7940 7938
7941 7942 7940
7943 7944 7945
7943 7946 7944
7946 7947 7944
7948 7946 7943
7946 7949 7947
7948 7950 7946
7950 7949 7946
7951 7950 7948
7950 7952 7949
7951 7953 7950
7953 7952 7950
7954 7953 7951
7953 7955 7952
7954 7956 7953
7956 7955 7953
7956 7957 7955
7958 7959 7960
7958 7961 7959
7961 7962 7959
7963 7961 7958
7961 7964 7962
7963 7965 7961
7965 7964 7961
7966 7965 7963
7965 7967 7964
7966 7968 7965
7968 7967 7965
7969 7968 7966
7968 7970 7967
7969 7971 7968
7971 7970 7968
7971 7972 7970
7973 7974 7975
7973 7975 7976
7976 7975 7977
7976 7977 7978
7978 7977 7979
7978 7979 7980
7980 7979 7981
7980 7981 7982
7982 7981 7983
7982 7983 7984
7984 7983 7985
7984 7985 7986
7986 7985 7987
7986 7987 7988
7988 7987 7989
7988 7989 7990
7991 7992 7993
7991 7993 7994
7994 7993 7995
7994 7995 7996
7996 7995 7997
7996 7997 7998
7998 7997 7999
7998 7999 8000
8000 7999 8001
8000 8001 8002
8002 8001 8003
8002 8003 8004
8004 8003 8005
8004 8005 8006
8006 8005 8007
8006 8007 8008
8009 8010 8011
8009 8011 8012
8012 8011 8013
8012 8013 8014
8014 8013 8015
8014 8015 8016
8016 8015 8017
8016 8017 8018
8018 8017 8019
8018 8019 8020
8020 8019 8021
8020 8021 8022
8022 8021 8023
8022 8023 8024
8024 8023 8025
8024 8025 8026
8027 8028 8029
8027 8030 8028
8031 8030 8027
8030 8032 8028
8031 8033 8030
8034 8033 8031
8030 8035 8032
8033 8035 8030
8035 8036 8032
8034 8037 8033
8038 8037 8034
8038 8039 8037
8033 8040 8035
8037 8040 8033
8035 8041 8036
8040 8041 8035
8041 8042 8036
8039 8043 8037
8037 8043 8040
8039 8044 8043
8043 8044 8045
8041 8046 8042
8046 8047 8042
8046 8048 8047
8040 8043 8049
8043 8045 8049
8040 8050 8041
8050 8046 8041
8040 8049 8050
8051 8048 8046
8050 8051 8046
8049 8051 8050
8051 8052 8048
8045 8053 8049
8049 8053 8051
8053 8052 8051
8045 8054 8053
8053 8055 8052
8054 8055 8053
8054 8056 8055
8057 8058 8059
8057 8059 8060
8060 8059 8061
8060 8061 8062
8062 8061 8063
8062 8063 8064
8064 8063 8065
8064 8065 8066
8066 8065 8067
8066 8067 8068
8068 8067 8069
8068 8069 8070
8070 8069 8071
8070 8071 8072
8072 8071 8073
8072 8073 8074
8075 8076 8077
8075 8077 8078
8078 8077 8079
8078 8079 8080
8080 8079 8081
8080 8081 8082
8082 8081 8083
8082 8083 8084
8084 8083 8085
8084 8085 8086
8086 8085 8087
8086 8087 8088
8088 8087 8089
8088 8089 8090
8090 8089 8091
8090 8091 8092
8093 8094 8095
8093 8095 8096
8096 8095 8097
8096 8097 8098
8098 8097 8099
8098 8099 8100
8100 8099 8101
8100 8101 8102
8102 8101 8103
8102 8103 8104
8104 8103 8105
8104 8105 8106
8106 8105 8107
8106 8107 8108
8108 8107 8109
8108 8109 8110
8111 8112 8113
8111 8113 8114
8111 8114 8115
8115 8114 8116
8115 8116 8117
8118 8117 8116
8119 8118 8116
8116 8120 8119
8121 8119 8120
8121 8120 8122
8123 8121 8122
8123 8124 8121
8124 8123 8125
8125 8126 8124
8126 8125 8127
8125 8128 8127
8125 8129 8128
8129 8130 8128
8129 8131 8130
8130 8131 8132
8133 8134 8135
8136 8134 8133
8136 8133 8137
8138 8136 8137
8138 8137 8139
8138 8139 8140
8138 8140 8141
8141 8142 8138
8142 8141 8143
8142 8143 8144
8143 8145 8144
8143 8146 8145
8147 8145 8146
8146 8148 8147
8148 8149 8147
8150 8147 8149
8150 8151 8147
8152 8151 8150
8152 8153 8151
8152 8154 8153
8155 8156 8157
8155 8158 8156
8159 8158 8155
8159 8155 8160
8161 8159 8160
8161 8160 8162
8163 8161 8162
8163 8162 8164
8165 8163 8164
8165 8166 8163
8167 8168 8169
8167 8170 8168
8171 8170 8167
8171 8172 8170
8173 8172 8171
8173 8174 8172
8175 8174 8173
8175 8176 8174
8175 8177 8176
8175 8178 8177
8179 8177 8178
8179 8180 8177
8181 8182 8183
8181 8184 8182
8181 8185 8184
8181 8186 8185
8187 8185 8186
8187 8186 8188
8189 8190 8191
8189 8191 8192
8192 8191 8193
8192 8193 8194
8194 8193 8195
8194 8195 8196
8197 8196 8195
8197 8195 8198
8197 8198 8199
8197 8199 8200
8201 8202 8203
8201 8204 8202
8205 8202 8204
8205 8206 8202
8207 8206 8205
8207 8208 8206
8209 8210 8211
8212 8209 8211
8212 8211 8213
8214 8212 8213
8215 8216 8217
8215 8217 8218
8215 8218 8219
8215 8219 8220
8220 8219 8221
8220 8221 8222
8223 8224 8225
8223 8225 8226
8227 8226 8225
8227 8228 8226
8229 8228 8227
8229 8230 8228
8231 8232 8233
8231 8233 8234
8231 8234 8235
8235 8234 8236
8235 8236 8237
8238 8237 8236
8239 8238 8236
8236 8240 8239
8241 8239 8240
8241 8240 8242
8243 8241 8242
8243 8244 8241
8244 8243 8245
8245 8246 8244
8246 8245 8247
8245 8248 8247
8245 8249 8248
8249 8250 8248
8249 8251 8250
8250 8251 8252
8253 8254 8255
8256 8254 8253
8256 8253 8257
8258 8256 8257
8258 8257 8259
8258 8259 8260
8258 8260 8261
8261 8262 8258
8262 8261 8263
8262 8263 8264
8263 8265 8264
8263 8266 8265
8267 8265 8266
8266 8268 8267
8268 8269 8267
8270 8267 8269
8270 8271 8267
8272 8271 8270
8272 8273 8271
8272 8274 8273
8275 8276 8277
8275 8278 8276
8279 8278 8275
8279 8275 8280
8281 8279 8280
8281 8280 8282
8283 8281 8282
8283 8282 8284
8285 8283 8284
8285 8286 8283
8287 8288 8289
8287 8290 8288
8291 8290 8287
8291 8292 8290
8293 8292 8291
8293 8294 8292
8295 8294 8293
8295 8296 8294
8295 8297 8296
8295 8298 8297
8299 8297 8298
8299 8300 8297
8301 8302 8303
8301 8304 8302
8301 8305 8304
8301 8306 8305
8307 8305 8306
8307 8306 8308
8309 8310 8311
8309 8311 8312
8312 8311 8313
8312 8313 8314
8314 8313 8315
8314 8315 8316
8317 8316 8315
8317 8315 8318
8317 8318 8319
8317 8319 8320
8321 8322 8323
8321 8324 8322
8325 8322 8324
8325 8326 8322
8327 8326 8325
8327 8328 8326
8329 8330 8331
8332 8329 8331
8332 8331 8333
8334 8332 8333
8335 8336 8337
8335 8337 8338
8335 8338 8339
8335 8339 8340
8340 8339 8341
8340 8341 8342
8343 8344 8345
8343 8345 8346
8347 8346 8345
8347 8348 8346
8349 8348 8347
8349 8350 8348
8351 8352 8353
8351 8353 8354
8351 8354 8355
8355 8354 8356
8355 8356 8357
8358 8357 8356
8359 8358 8356
8356 8360 8359
8361 8359 8360
8361 8360 8362
8363 8361 8362
8363 8364 8361
8364 8363 8365
8365 8366 8364
8366 8365 8367
8365 8368 8367
8365 8369 8368
8369 8370 8368
8369 8371 8370
8370 8371 8372
8373 8374 8375
8376 8374 8373
8376 8373 8377
8378 8376 8377
8378 8377 8379
8378 8379 8380
8378 8380 8381
8381 8382 8378
8382 8381 8383
8382 8383 8384
8383 8385 8384
8383 8386 8385
8387 8385 8386
8386 8388 8387
8388 8389 8387
8390 8387 8389
8390 8391 8387
8392 8391 8390
8392 8393 8391
8392 8394 8393
8395 8396 8397
8395 8398 8396
8399 8398 8395
8399 8395 8400
8401 8399 8400
8401 8400 8402
8403 8401 8402
8403 8402 8404
8405 8403 8404
8405 8406 8403
8407 8408 8409
8407 8410 8408
8411 8410 8407
8411 8412 8410
8413 8412 8411
8413 8414 8412
8415 8414 8413
8415 8416 8414
8415 8417 8416
8415 8418 8417
8419 8417 8418
8419 8420 8417
8421 8422 8423
8421 8424 8422
8421 8425 8424
8421 8426 8425
8427 8425 8426
8427 8426 8428
8429 8430 8431
8429 8431 8432
8432 8431 8433
8432 8433 8434
8434 8433 8435
8434 8435 8436
8437 8436 8435
8437 8435 8438
8437 8438 8439
8437 8439 8440
8441 8442 8443
8441 8444 8442
8445 8442 8444
8445 8446 8442
8447 8446 8445
8447 8448 8446
8449 8450 8451
8452 8449 8451
8452 8451 8453
8454 8452 8453
8455 8456 8457
8455 8457 8458
8455 8458 8459
8455 8459 8460
8460 8459 8461
8460 8461 8462
8463 8464 8465
8463 8465 8466
8467 8466 8465
8467 8468 8466
8469 8468 8467
8469 8470 8468
8471 8472 8473
8471 8473 8474
8471 8474 8475
8475 8474 8476
8475 8476 8477
8478 8477 8476
8479 8478 8476
8476 8480 8479
8481 8479 8480
8481 8480 8482
8483 8481 8482
8483 8484 8481
8484 8483 8485
8485 8486 8484
8486 8485 8487
8485 8488 8487
8485 8489 8488
8489 8490 8488
8489 8491 8490
8490 8491 8492
8493 8494 8495
8496 8494 8493
8496 8493 8497
8498 8496 8497
8498 8497 8499
8498 8499 8500
8498 8500 8501
8501 8502 8498
8502 8501 8503
8502 8503 8504
8503 8505 8504
8503 8506 8505
8507 8505 8506
8506 8508 8507
8508 8509 8507
8510 8507 8509
8510 8511 8507
8512 8511 8510
8512 8513 8511
8512 8514 8513
8515 8516 8517
8515 8518 8516
8519 8518 8515
8519 8515 8520
8521 8519 8520
8521 8520 8522
8523 8521 8522
8523 8522 8524
8525 8523 8524
8525 8526 8523
8527 8528 8529
8527 8530 8528
8531 8530 8527
8531 8532 8530
8533 8532 8531
8533 8534 8532
8535 8534 8533
8535 8536 8534
8535 8537 8536
8535 8538 8537
8539 8537 8538
8539 8540 8537
8541 8542 8543
8541 8544 8542
8541 8545 8544
8541 8546 8545
8547 8545 8546
8547 8546 8548
8549 8550 8551
8549 8551 8552
8552 8551 8553
8552 8553 8554
8554 8553 8555
8554 8555 8556
8557 8556 8555
8557 8555 8558
8557 8558 8559
8557 8559 8560
8561 8562 8563
8561 8564 8562
8565 8562 8564
8565 8566 8562
8567 8566 8565
8567 8568 8566
8569 8570 8571
8572 8569 8571
8572 8571 8573
8574 8572 8573
8575 8576 8577
8575 8577 8578
8575 8578 8579
8575 8579 8580
8580 8579 8581
8580 8581 8582
8583 8584 8585
8583 8585 8586
8587 8586 8585
8587 8588 8586
8589 8588 8587
8589 8590 8588
8591 8592 8593
8591 8593 8594
8591 8594 8595
8595 8594 8596
8595 8596 8597
8598 8597 8596
8599 8598 8596
8596 8600 8599
8601 8599 8600
8601 8600 8602
8603 8601 8602
8603 8604 8601
8604 8603 8605
8605 8606 8604
8606 8605 8607
8605 8608 8607
8605 8609 8608
8609 8610 8608
8609 8611 8610
8610 8611 8612
8613 8614 8615
8616 8614 8613
8616 8613 8617
8618 8616 8617
8618 8617 8619
8618 8619 8620
8618 8620 8621
8621 8622 8618
8622 8621 8623
8622 8623 8624
8623 8625 8624
8623 8626 8625
8627 8625 8626
8626 8628 8627
8628 8629 8627
8630 8627 8629
8630 8631 8627
8632 8631 8630
8632 8633 8631
8632 8634 8633
8635 8636 8637
8635 8638 8636
8639 8638 8635
8639 8635 8640
8641 8639 8640
8641 8640 8642
8643 8641 8642
8643 8642 8644
8645 8643 8644
8645 8646 8643
8647 8648 8649
8647 8650 8648
8651 8650 8647
8651 8652 8650
8653 8652 8651
8653 8654 8652
8655 8654 8653
8655 8656 8654
8655 8657 8656
8655 8658 8657
8659 8657 8658
8659 8660 8657
8661 8662 8663
8661 8664 8662
8661 8665 8664
8661 8666 8665
8667 8665 8666
8667 8666 8668
8669 8670 8671
8669 8671 8672
8672 8671 8673
8672 8673 8674
8674 8673 8675
8674 8675 8676
8677 8676 8675
8677 8675 8678
8677 8678 8679
8677 8679 8680
8681 8682 8683
8681 8684 8682
8685 8682 8684
8685 8686 8682
8687 8686 8685
8687 8688 8686
8689 8690 8691
8692 8689 8691
8692 8691 8693
8694 8692 8693
8695 8696 8697
8695 8697 8698
8695 8698 8699
8695 8699 8700
8700 8699 8701
8700 8701 8702
8703 8704 8705
8703 8705 8706
8707 8706 8705
8707 8708 8706
8709 8708 8707
8709 8710 8708
8711 8712 8713
8711 8713 8714
8711 8714 8715
8715 8714 8716
8715 8716 8717
8718 8717 8716
8719 8718 8716
8716 8720 8719
8721 8719 8720
8721 8720 8722
8723 8721 8722
8723 8724 8721
8724 8723 8725
8725 8726 8724
8726 8725 8727
8725 8728 8727
8725 8729 8728
8729 8730 8728
8729 8731 8730
8730 8731 8732
8733 8734 8735
8736 8734 8733
8736 8733 8737
8738 8736 8737
8738 8737 8739
8738 8739 8740
8738 8740 8741
8741 8742 8738
8742 8741 8743
8742 8743 8744
8743 8745 8744
8743 8746 8745
8747 8745 8746
8746 8748 8747
8748 8749 8747
8750 8747 8749
8750 8751 8747
8752 8751 8750
8752 8753 8751
8752 8754 8753
8755 8756 8757
8755 8758 8756
8759 8758 8755
8759 8755 8760
8761 8759 8760
8761 8760 8762
8763 8761 8762
8763 8762 8764
8765 8763 8764
8765 8766 8763
8767 8768 8769
8767 8770 8768
8771 8770 8767
8771 8772 8770
8773 8772 8771
8773 8774 8772
8775 8774 8773
8775 8776 8774
8775 8777 8776
8775 8778 8777
8779 8777 8778
8779 8780 8777
8781 8782 8783
8781 8784 8782
8781 8785 8784
8781 8786 8785
8787 8785 8786
8787 8786 8788
8789 8790 8791
8789 8791 8792
8792 8791 8793
8792 8793 8794
8794 8793 8795
8794 8795 8796
8797 8796 8795
8797 8795 8798
8797 8798 8799
8797 8799 8800
8801 8802 8803
8801 8804 8802
8805 8802 8804
8805 8806 8802
8807 8806 8805
8807 8808 8806
8809 8810 8811
8812 8809 8811
8812 8811 8813
8814 8812 8813
8815 8816 8817
8815 8817 8818
8815 8818 8819
8815 8819 8820
8820 8819 8821
8820 8821 8822
8823 8824 8825
8823 8825 8826
8827 8826 8825
8827 8828 8826
8829 8828 8827
8829 8830 8828
8831 8832 8833
8831 8833 8834
8831 8834 8835
8835 8834 8836
8835 8836 8837
8838 8837 8836
8839 8838 8836
8836 8840 8839
8841 8839 8840
8841 8840 8842
8843 8841 8842
8843 8844 8841
8844 8843 8845
8845 8846 8844
8846 8845 8847
8845 8848 8847
8845 8849 8848
8849 8850 8848
8849 8851 8850
8850 8851 8852
8853 8854 8855
8856 8854 8853
8856 8853 8857
8858 8856 8857
8858 8857 8859
8858 8859 8860
8858 8860 8861
8861 8862 8858
8862 8861 8863
8862 8863 8864
8863 8865 8864
8863 8866 8865
8867 8865 8866
8866 8868 8867
8868 8869 8867
8870 8867 8869
8870 8871 8867
8872 8871 8870
8872 8873 8871
8872 8874 8873
8875 8876 8877
8875 8878 8876
8879 8878 8875
8879 8875 8880
8881 8879 8880
8881 8880 8882
8883 8881 8882
8883 8882 8884
8885 8883 8884
8885 8886 8883
8887 8888 8889
8887 8890 8888
8891 8890 8887
8891 8892 8890
8893 8892 8891
8893 8894 8892
8895 8894 8893
8895 8896 8894
8895 8897 8896
8895 8898 8897
8899 8897 8898
8899 8900 8897
8901 8902 8903
8901 8904 8902
8901 8905 8904
8901 8906 8905
8907 8905 8906
8907 8906 8908
8909 8910 8911
8909 8911 8912
8912 8911 8913
8912 8913 8914
8914 8913 8915
8914 8915 8916
8917 8916 8915
8917 8915 8918
8917 8918 8919
8917 8919 8920
8921 8922 8923
8921 8924 8922
8925 8922 8924
8925 8926 8922
8927 8926 8925
8927 8928 8926
8929 8930 8931
8932 8929 8931
8932 8931 8933
8934 8932 8933
8935 8936 8937
8935 8937 8938
8935 8938 8939
8935 8939 8940
8940 8939 8941
8940 8941 8942
8943 8944 8945
8943 8945 8946
8947 8946 8945
8947 8948 8946
8949 8948 8947
8949 8950 8948
8951 8952 8953
8951 8953 8954
8951 8954 8955
8955 8954 8956
8955 8956 8957
8958 8957 8956
8959 8958 8956
8956 8960 8959
8961 8959 8960
8961 8960 8962
8963 8961 8962
8963 8964 8961
8964 8963 8965
8965 8966 8964
8966 8965 8967
8965 8968 8967
8965 8969 8968
8969 8970 8968
8969 8971 8970
8970 8971 8972
8973 8974 8975
8976 8974 8973
8976 8973 8977
8978 8976 8977
8978 8977 8979
8978 8979 8980
8978 8980 8981
8981 8982 8978
8982 8981 8983
8982 8983 8984
8983 8985 8984
8983 8986 8985
8987 8985 8986
8986 8988 8987
8988 8989 8987
8990 8987 8989
8990 8991 8987
8992 8991 8990
8992 8993 8991
8992 8994 8993
8995 8996 8997
8995 8998 8996
8999 8998 8995
8999 8995 9000
9001 8999 9000
9001 9000 9002
9003 9001 9002
9003 9002 9004
9005 9003 9004
9005 9006 9003
9007 9008 9009
9007 9010 9008
9011 9010 9007
9011 9012 9010
9013 9012 9011
9013 9014 9012
9015 9014 9013
9015 9016 9014
9015 9017 9016
9015 9018 9017
9019 9017 9018
9019 9020 9017
9021 9022 9023
9021 9024 9022
9021 9025 9024
9021 9026 9025
9027 9025 9026
9027 9026 9028
9029 9030 9031
9029 9031 9032
9032 9031 9033
9032 9033 9034
9034 9033 9035
9034 9035 9036
9037 9036 9035
9037 9035 9038
9037 9038 9039
9037 9039 9040
9041 9042 9043
9041 9044 9042
9045 9042 9044
9045 9046 9042
9047 9046 9045
9047 9048 9046
9049 9050 9051
9052 9049 9051
9052 9051 9053
9054 9052 9053
9055 9056 9057
9055 9057 9058
9055 9058 9059
9055 9059 9060
9060 9059 9061
9060 9061 9062
9063 9064 9065
9063 9065 9066
9067 9066 9065
9067 9068 9066
9069 9068 9067
9069 9070 9068
9071 9072 9073
9071 9073 9074
9071 9074 9075
9075 9074 9076
9075 9076 9077
9078 9077 9076
9079 9078 9076
9076 9080 9079
9081 9079 9080
9081 9080 9082
9083 9081 9082
9083 9084 9081
9084 9083 9085
9085 9086 9084
9086 9085 9087
9085 9088 9087
9085 9089 9088
9089 9090 9088
9089 9091 9090
9090 9091 9092
9093 9094 9095
9096 9094 9093
9096 9093 9097
9098 9096 9097
9098 9097 9099
9098 9099 9100
9098 9100 9101
9101 9102 9098
9102 9101 9103
9102 9103 9104
9103 9105 9104
9103 9106 9105
9107 9105 9106
9106 9108 9107
9108 9109 9107
9110 9107 9109
9110 9111 9107
9112 9111 9110
9112 9113 9111
9112 9114 9113
9115 9116 9117
9115 9118 9116
9119 9118 9115
9119 9115 9120
9121 9119 9120
9121 9120 9122
9123 9121 9122
9123 9122 9124
9125 9123 9124
9125 9126 9123
9127 9128 9129
9127 9130 9128
9131 9130 9127
9131 9132 9130
9133 9132 9131
9133 9134 9132
9135 9134 9133
9135 9136 9134
9135 9137 9136
9135 9138 9137
9139 9137 9138
9139 9140 9137
9141 9142 9143
9141 9144 9142
9141 9145 9144
9141 9146 9145
9147 9145 9146
9147 9146 9148
9149 9150 9151
9149 9151 9152
9152 9151 9153
9152 9153 9154
9154 9153 9155
9154 9155 9156
9157 9156 9155
9157 9155 9158
9157 9158 9159
9157 9159 9160
9161 9162 9163
9161 9164 9162
9165 9162 9164
9165 9166 9162
9167 9166 9165
9167 9168 9166
9169 9170 9171
9172 9169 9171
9172 9171 9173
9174 9172 9173
9175 9176 9177
9175 9177 9178
9175 9178 9179
9175 9179 9180
9180 9179 9181
9180 9181 9182
9183 9184 9185
9183 9185 9186
9187 9186 9185
9187 9188 9186
9189 9188 9187
9189 9190 9188
9191 9192 9193
9194 9191 9193
9194 9193 9195
9195 9196 9194
9195 9197 9196
9198 9196 9197
9198 9199 9196
9200 9199 9198
9201 9202 9203
9201 9203 9204
9205 9201 9204
9205 9204 9206
9207 9208 9209
9207 9210 9208
9210 9211 9208
9210 9212 9211
9213 9214 9215
9215 9214 9216
9215 9216 9217
9216 9218 9217
9216 9219 9218
9219 9220 9218
9219 9221 9220
9221 9222 9220
9223 9224 9225
9223 9226 9224
9226 9227 9224
9226 9228 9227
9229 9230 9231
9231 9230 9232
9231 9232 9233
9232 9234 9233
9232 9235 9234
9235 9236 9234
9235 9237 9236
9238 9239 9240
9238 9241 9239
9241 9242 9239
9241 9243 9242
9244 9245 9246
9246 9245 9247
9246 9247 9248
9247 9249 9248
9247 9250 9249
9250 9251 9249
9250 9252 9251
9253 9254 9255
9253 9256 9254
9256 9257 9254
9256 9258 9257
9259 9260 9261
9261 9260 9262
9261 9262 9263
9262 9264 9263
9262 9265 9264
9265 9266 9264
9265 9267 9266
9268 9269 9270
9268 9271 9269
9271 9272 9269
9271 9273 9272
9274 9275 9276
9276 9275 9277
9276 9277 9278
9277 9279 9278
9277 9280 9279
9280 9281 9279
9280 9282 9281
9282 9283 9281
9284 9285 9286
9284 9287 9285
9287 9288 9285
9287 9289 9288
9290 9291 9292
9292 9291 9293
9292 9293 9294
9293 9295 9294
9293 9296 9295
9296 9297 9295
9296 9298 9297
9298 9299 9297
9300 9301 9302
9300 9303 9301
9303 9304 9301
9303 9305 9304
9306 9307 9308
9308 9307 9309
9308 9309 9310
9309 9311 9310
9309 9312 9311
9312 9313 9311
9312 9314 9313
9314 9315 9313
9316 9317 9318
9316 9319 9317
9319 9320 9317
9321 9319 9316
9321 9316 9322
9321 9322 9323
9321 9323 9324
9324 9323 9325
9324 9325 9326
9326 9325 9327
9326 9327 9328
9329 9328 9327
9329 9330 9328
9330 9329 9331
9330 9331 9332
9332 9331 9333
9332 9333 9334
9334 9333 9335
9334 9335 9336
9335 9337 9336
9335 9338 9337
9336 9337 9339
9337 9338 9340
9339 9337 9341
9337 9340 9341
9339 9341 9342
9341 9340 9343
9344 9342 9341
9341 9343 9345
9344 9341 9345
9345 9343 9346
9347 9344 9345
9345 9346 9347
9347 9346 9348
9347 9348 9349
9348 9350 9349
9348 9351 9350
9350 9352 9349
9353 9354 9355
9353 9356 9354
9353 9357 9356
9358 9354 9356
9358 9359 9354
9360 9359 9358
9360 9361 9359
9362 9361 9360
9362 9363 9361
9364 9363 9362
9364 9365 9363
9366 9365 9364
9366 9367 9365
9367 9366 9368
9367 9368 9369
9370 9369 9368
9370 9371 9369
9372 9371 9370
9372 9373 9371
9374 9373 9372
9375 9374 9372
9373 9374 9376
9377 9374 9375
9376 9374 9378
9377 9378 9374
9376 9378 9379
9380 9378 9377
9381 9379 9378
9380 9382 9378
9381 9378 9382
9383 9382 9380
9384 9381 9382
9383 9384 9382
9385 9384 9383
9385 9386 9384
9385 9387 9386
9385 9388 9387
9387 9389 9386
9390 9391 9392
9390 9393 9391
9393 9394 9391
9393 9390 9395
9393 9395 9396
9396 9395 9397
9396 9397 9398
9398 9397 9399
9398 9399 9400
9400 9399 9401
9400 9401 9402
9403 9402 9401
9403 9404 9402
9404 9403 9405
9404 9405 9406
9406 9405 9407
9406 9407 9408
9407 9409 9408
9407 9410 9409
9410 9411 9409
9410 9412 9411
9411 9413 9409
9411 9412 9414
9415 9413 9411
9411 9414 9415
9415 9416 9413
9415 9414 9417
9415 9418 9416
9415 9417 9419
9415 9419 9418
9419 9417 9420
9419 9421 9418
9419 9420 9421
9421 9420 9422
9421 9422 9423
9422 9424 9423
9422 9425 9424
9424 9426 9423
9427 9428 9429
9427 9430 9428
9430 9431 9428
9430 9427 9432
9430 9432 9433
9433 9432 9434
9433 9434 9435
9435 9434 9436
9435 9436 9437
9437 9436 9438
9437 9438 9439
9440 9439 9438
9440 9441 9439
9441 9440 9442
9441 9442 9443
9443 9442 9444
9443 9444 9445
9444 9446 9445
9444 9447 9446
9447 9448 9446
9447 9449 9448
9448 9450 9446
9448 9449 9451
9452 9450 9448
9448 9451 9452
9452 9453 9450
9452 9451 9454
9452 9455 9453
9452 9454 9456
9452 9456 9455
9456 9454 9457
9456 9458 9455
9456 9457 9458
9458 9457 9459
9458 9459 9460
9459 9461 9460
9459 9462 9461
9461 9463 9460
9464 9465 9466
9464 9467 9465
9464 9468 9467
9468 9469 9467
9470 9465 9467
9470 9471 9465
9472 9471 9470
9472 9473 9471
9474 9473 9472
9474 9475 9473
9476 9475 9474
9476 9477 9475
9478 9477 9476
9478 9479 9477
9479 9478 9480
9479 9480 9481
9482 9481 9480
9482 9483 9481
9484 9483 9482
9484 9485 9483
9485 9484 9486
9487 9486 9484
9486 9488 9485
9489 9486 9487
9490 9488 9486
9489 9490 9486
9490 9491 9488
9492 9490 9489
9490 9493 9491
9492 9494 9490
9490 9494 9493
9494 9495 9493
9496 9494 9492
9496 9495 9494
9496 9497 9495
9496 9498 9497
9498 9499 9497
9498 9500 9499
9499 9501 9497
9502 9503 9504
9502 9505 9503
9505 9506 9503
9505 9502 9507
9505 9507 9508
9508 9507 9509
9508 9509 9510
9510 9509 9511
9510 9511 9512
9512 9511 9513
9512 9513 9514
9515 9514 9513
9515 9516 9514
9516 9515 9517
9516 9517 9518
9518 9517 9519
9518 9519 9520
9520 9519 9521
9520 9521 9522
9522 9521 9523
9521 9524 9523
9522 9523 9525
9526 9523 9524
9525 9523 9527
9526 9527 9523
9525 9527 9528
9529 9527 9526
9530 9528 9527
9529 9531 9527
9530 9527 9531
9532 9530 9531
9533 9531 9529
9533 9532 9531
9534 9532 9533
9534 9533 9535
9535 9536 9534
9535 9537 9536
9536 9538 9534
9539 9540 9541
9539 9542 9540
9543 9540 9542
9543 9542 9544
9545 9543 9544
9545 9544 9546
9547 9545 9546
9547 9546 9548
9547 9548 9549
9547 9549 9550
9549 9551 9550
9549 9552 9551
9552 9553 9551
9552 9554 9553
9554 9555 9553
9554 9556 9555
9556 9557 9555
9556 9558 9557
9558 9559 9557
9558 9560 9559
9560 9561 9559
9560 9562 9561
9563 9561 9562
9563 9564 9561
9565 9564 9563
9565 9563 9566
9567 9565 9566
9567 9566 9568
9569 9567 9568
9569 9568 9570
9570 9571 9569
9570 9572 9571
9572 9573 9571
9572 9574 9573
9575 9576 9577
9575 9578 9576
9579 9578 9575
9579 9575 9580
9581 9579 9580
9581 9580 9582
9583 9581 9582
9583 9582 9584
9585 9583 9584
9585 9584 9586
9587 9585 9586
9587 9588 9585
9589 9588 9587
9589 9587 9590
9591 9589 9590
9591 9590 9592
9592 9593 9591
9592 9594 9593
9595 9593 9594
9595 9594 9596
9596 9597 9595
9596 9598 9597
9599 9597 9598
9599 9598 9600
9600 9601 9599
9600 9602 9601
9602 9603 9601
9602 9604 9603
9605 9603 9604
9605 9604 9606
9605 9606 9607
9608 9605 9607
9608 9607 9609
9610 9611 9612
9610 9613 9611
9614 9611 9613
9614 9613 9615
9616 9614 9615
9616 9615 9617
9618 9616 9617
9618 9617 9619
9620 9618 9619
9620 9619 9621
9622 9620 9621
9622 9621 9623
9624 9622 9623
9624 9623 9625
9626 9624 9625
9626 9625 9627
9628 9626 9627
9628 9627 9629
9630 9628 9629
9630 9629 9631
9631 9632 9630
9631 9633 9632
9632 9633 9634
9632 9634 9635
9636 9635 9634
9636 9637 9635
9636 9638 9637
9636 9639 9638
9640 9638 9639
9640 9639 9641
9642 9640 9641
9642 9643 9640
9644 9645 9646
9644 9646 9647
9647 9648 9644
9649 9647 9646
9649 9650 9647
9651 9650 9649
9651 9652 9650
9653 9652 9651
9653 9654 9652
9655 9654 9653
9655 9656 9654
9657 9656 9655
9657 9658 9656
9658 9657 9659
9658 9659 9660
9661 9660 9659
9661 9662 9660
9663 9662 9661
9663 9664 9662
9664 9663 9665
9663 9666 9665
9665 9667 9664
9668 9665 9666
9669 9667 9665
9668 9669 9665
9669 9670 9667
9669 9671 9670
9668 9672 9669
9669 9672 9671
9668 9673 9672
9672 9674 9671
9675 9672 9673
9675 9674 9672
9675 9676 9674
9675 9677 9676
9677 9678 9676
9677 9679 9678
9678 9680 9676
9681 9682 9683
9681 9684 9682
9682 9684 9685
9686 9682 9685
9687 9686 9685
9687 9688 9686
9689 9688 9687
9689 9690 9688
9691 9692 9693
9691 9693 9694
9695 9696 9697
9695 9697 9698
9698 9697 9699
9698 9699 9700
9699 9701 9700
9701 9702 9700
9702 9701 9703
9702 9703 9704
9705 9706 9707
9705 9707 9708
9709 9710 9711
9709 9711 9712
9711 9713 9712
9713 9714 9712
9713 9715 9714
9715 9716 9714
9717 9716 9715
9717 9718 9716
9719 9720 9721
9719 9722 9720
9719 9723 9722
9723 9724 9722
9723 9725 9724
9725 9726 9724
9727 9726 9725
9727 9728 9726
9729 9730 9731
9732 9729 9731
9732 9733 9729
9734 9732 9731
9734 9731 9735
9735 9736 9734
9735 9737 9736
9736 9738 9734
9737 9739 9736
9738 9736 9739
9737 9740 9739
9738 9739 9741
9742 9739 9740
9741 9739 9743
9742 9743 9739
9741 9743 9744
9745 9743 9742
9746 9744 9743
9745 9746 9743
9747 9746 9745
9747 9748 9746
9748 9747 9749
9748 9749 9750
9751 9750 9749
9751 9752 9750
9752 9751 9753
9752 9753 9754
9754 9753 9755
9754 9755 9756
9756 9755 9757
9756 9757 9758
9758 9757 9759
9758 9759 9760
9760 9759 9761
9760 9761 9762
9761 9763 9762
9761 9764 9763
9763 9765 9762
9766 9767 9768
9769 9767 9766
9769 9770 9767
9770 9769 9771
9770 9771 9772
9773 9772 9771
9773 9771 9774
9775 9773 9774
9776 9777 9778
9776 9779 9777
9780 9779 9776
9780 9781 9779
9782 9783 9784
9782 9784 9785
9785 9784 9786
9785 9786 9787
9788 9789 9790
9789 9791 9790
9789 9792 9791
9791 9792 9793
9791 9793 9794
9794 9793 9795
9794 9795 9796
9796 9795 9797
9798 9799 9800
9798 9800 9801
9801 9800 9802
9801 9802 9803
9804 9805 9806
9805 9807 9806
9805 9808 9807
9807 9808 9809
9807 9809 9810
9810 9809 9811
9810 9811 9812
9813 9814 9815
9813 9815 9816
9816 9815 9817
9816 9817 9818
9819 9820 9821
9820 9822 9821
9820 9823 9822
9822 9823 9824
9822 9824 9825
9825 9824 9826
9825 9826 9827
9828 9829 9830
9828 9830 9831
9831 9830 9832
9831 9832 9833
9834 9835 9836
9835 9837 9836
9835 9838 9837
9837 9838 9839
9837 9839 9840
9840 9839 9841
9840 9841 9842
9843 9844 9845
9843 9845 9846
9846 9845 9847
9846 9847 9848
9849 9850 9851
9850 9852 9851
9850 9853 9852
9852 9853 9854
9852 9854 9855
9855 9854 9856
9855 9856 9857
9857 9856 9858
9859 9860 9861
9859 9861 9862
9862 9861 9863
9862 9863 9864
9865 9866 9867
9866 9868 9867
9866 9869 9868
9868 9869 9870
9868 9870 9871
9871 9870 9872
9871 9872 9873
9873 9872 9874
9875 9876 9877
9875 9877 9878
9878 9877 9879
9878 9879 9880
9881 9882 9883
9882 9884 9883
9882 9885 9884
9884 9885 9886
9884 9886 9887
9887 9886 9888
9887 9888 9889
9889 9888 9890
9891 9892 9893
9891 9893 9894
9894 9893 9895
9891 9894 9896
9891 9896 9897
9898 9897 9896
9898 9896 9899
9900 9898 9899
9900 9899 9901
9902 9900 9901
9902 9901 9903
9904 9902 9903
9904 9903 9905
9906 9904 9905
9906 9905 9907
9908 9906 9907
9908 9907 9909
9910 9908 9909
9910 9909 9911
9910 9911 9912
9910 9912 9913
9911 9914 9912
9912 9915 9913
9914 9916 9912
9912 9916 9915
9914 9917 9916
9916 9918 9915
9919 9916 9917
9916 9920 9918
9919 9920 9916
9920 9921 9918
9922 9920 9919
9920 9922 9921
9923 9921 9922
9923 9922 9924
9923 9924 9925
9923 9925 9926
9925 9924 9927
9928 9929 9930
9928 9930 9931
9928 9931 9932
9933 9931 9930
9933 9930 9934
9935 9933 9934
9935 9934 9936
9937 9935 9936
9937 9936 9938
9939 9937 9938
9939 9938 9940
9940 9941 9939
9940 9942 9941
9943 9941 9942
9943 9942 9944
9945 9943 9944
9945 9944 9946
9947 9945 9946
9947 9946 9948
9949 9947 9948
9950 9947 9949
9948 9951 9949
9952 9950 9949
9951 9953 9949
9952 9949 9953
9951 9954 9953
9955 9952 9953
9956 9953 9954
9955 9953 9957
9956 9957 9953
9958 9955 9957
9959 9957 9956
9958 9957 9959
9960 9958 9959
9960 9959 9961
9960 9961 9962
9960 9962 9963
9962 9961 9964
9965 9966 9967
9965 9967 9968
9968 9967 9969
9970 9965 9968
9970 9968 9971
9972 9970 9971
9972 9971 9973
9974 9972 9973
9974 9973 9975
9976 9974 9975
9976 9975 9977
9978 9976 9977
9978 9977 9979
9979 9980 9978
9979 9981 9980
9982 9980 9981
9982 9981 9983
9982 9983 9984
9982 9984 9985
9985 9984 9986
9985 9986 9987
9986 9984 9988
9986 9989 9987
9990 9986 9988
9986 9990 9989
9990 9988 9991
9990 9992 9989
9990 9991 9993
9990 9994 9992
9990 9993 9994
9994 9995 9992
9994 9993 9996
9994 9996 9995
9997 9995 9996
9997 9996 9998
9997 9998 9999
9997 9999 10000
9999 9998 10001
10002 10003 10004
10002 10004 10005
10005 10004 10006
10007 10002 10005
10007 10005 10008
10009 10007 10008
10009 10008 10010
10011 10009 10010
10011 10010 10012
10013 10011 10012
10013 10012 10014
10015 10013 10014
10015 10014 10016
10016 10017 10015
10016 10018 10017
10019 10017 10018
10019 10018 10020
10019 10020 10021
10019 10021 10022
10022 10021 10023
10022 10023 10024
10023 10021 10025
10023 10026 10024
10027 10023 10025
10023 10027 10026
10027 10025 10028
10027 10029 10026
10027 10028 10030
10027 10031 10029
10027 10030 10031
10031 10032 10029
10031 10030 10033
10031 10033 10032
10034 10032 10033
10034 10033 10035
10034 10035 10036
10034 10036 10037
10036 10035 10038
10039 10040 10041
10039 10041 10042
10039 10042 10043
10043 10042 10044
10045 10042 10041
10045 10041 10046
10047 10045 10046
10047 10046 10048
10049 10047 10048
10049 10048 10050
10051 10049 10050
10051 10050 10052
10053 10051 10052
10053 10052 10054
10055 10053 10054
10055 10054 10056
10057 10055 10056
10057 10056 10058
10059 10057 10058
10059 10058 10060
10060 10061 10059
10062 10059 10061
10061 10060 10063
10064 10062 10061
10065 10061 10063
10064 10061 10065
10065 10063 10066
10067 10064 10065
10065 10066 10068
10067 10065 10069
10065 10068 10069
10069 10068 10070
10071 10067 10069
10071 10069 10070
10071 10070 10072
10071 10072 10073
10073 10072 10074
10073 10074 10075
10074 10072 10076
10077 10078 10079
10077 10079 10080
10080 10079 10081
10080 10082 10077
10080 10083 10082
10083 10084 10082
10083 10085 10084
10085 10086 10084
10085 10087 10086
10087 10088 10086
10087 10089 10088
10089 10090 10088
10089 10091 10090
10092 10090 10091
10092 10091 10093
10093 10094 10092
10093 10095 10094
10095 10096 10094
10095 10097 10096
10097 10098 10096
10096 10098 10099
10097 10100 10098
10101 10099 10098
10100 10102 10098
10101 10098 10102
10100 10103 10102
10104 10101 10102
10105 10102 10103
10104 10102 10106
10105 10106 10102
10107 10106 10105
10108 10104 10106
10108 10106 10107
10109 10108 10107
10109 10110 10108
10110 10109 10111
10110 10111 10112
10111 10109 10113
10114 10115 10116
10114 10116 10117
10118 10117 10116
10118 10119 10117
10120 10119 10118
10120 10121 10119
10122 10121 10120
10122 10123 10121
10122 10124 10123
10122 10125 10124
10124 10125 10126
10124 10126 10127
10127 10126 10128
10127 10128 10129
10129 10128 10130
10129 10130 10131
10131 10130 10132
10131 10132 10133
10133 10132 10134
10133 10134 10135
10135 10134 10136
10135 10136 10137
10138 10137 10136
10138 10136 10139
10140 10138 10139
10140 10141 10138
10142 10141 10140
10142 10143 10141
10144 10143 10142
10144 10145 10143
10145 10144 10146
10145 10146 10147
10148 10147 10146
10148 10149 10147
10150 10151 10152
10150 10153 10151
10154 10151 10153
10154 10155 10151
10156 10155 10154
10156 10157 10155
10158 10157 10156
10158 10159 10157
10160 10159 10158
10160 10161 10159
10162 10161 10160
10162 10160 10163
10164 10162 10163
10164 10165 10162
10166 10165 10164
10166 10167 10165
10167 10166 10168
10167 10168 10169
10170 10169 10168
10170 10171 10169
10171 10170 10172
10171 10172 10173
10174 10173 10172
10174 10175 10173
10175 10174 10176
10175 10176 10177
10177 10176 10178
10177 10178 10179
10180 10179 10178
10180 10181 10179
10180 10182 10181
10183 10182 10180
10183 10184 10182
10185 10186 10187
10185 10187 10188
10189 10188 10187
10189 10190 10188
10191 10190 10189
10191 10192 10190
10193 10192 10191
10193 10194 10192
10195 10194 10193
10195 10196 10194
10197 10196 10195
10197 10198 10196
10199 10198 10197
10199 10200 10198
10201 10200 10199
10201 10202 10200
10203 10202 10201
10203 10204 10202
10205 10204 10203
10205 10206 10204
10206 10205 10207
10206 10207 10208
10207 10209 10208
10207 10210 10209
10211 10209 10210
10211 10210 10212
10211 10212 10213
10211 10213 10214
10215 10214 10213
10215 10216 10214
10217 10216 10215
10217 10215 10218
10219 10220 10221
10219 10222 10220
10222 10219 10223
10224 10220 10222
10224 10222 10225
10226 10224 10225
10226 10225 10227
10228 10226 10227
10228 10227 10229
10230 10228 10229
10230 10229 10231
10232 10230 10231
10232 10231 10233
10234 10232 10233
10234 10233 10235
10236 10234 10235
10236 10235 10237
10238 10236 10237
10238 10237 10239
10239 10240 10238
10238 10240 10241
10240 10239 10242
10243 10241 10240
10244 10240 10242
10243 10240 10244
10244 10242 10245
10244 10245 10246
10243 10244 10247
10244 10246 10247
10243 10247 10248
10247 10246 10249
10250 10248 10247
10250 10247 10249
10250 10249 10251
10250 10251 10252
10252 10251 10253
10252 10253 10254
10253 10251 10255
10256 10257 10258
10256 10258 10259
10260 10261 10262
10263 10261 10260
10263 10260 10264
10265 10261 10263
10265 10266 10261
10266 10265 10267
10266 10267 10268
10267 10265 10269
10268 10267 10270
10269 10270 10267
10268 10270 10271
10269 10272 10270
10273 10271 10270
10272 10274 10270
10273 10270 10274
10272 10275 10274
10276 10273 10274
10277 10274 10275
10276 10274 10277
10278 10276 10277
10278 10277 10279
10279 10280 10278
10279 10281 10280
10281 10282 10280
10281 10283 10282
10284 10282 10283
10284 10283 10285
10285 10286 10284
10285 10287 10286
10287 10288 10286
10287 10289 10288
10289 10290 10288
10289 10291 10290
10291 10292 10290
10291 10293 10292
10292 10293 10294
10292 10294 10295
10294 10293 10296
10297 10298 10299
10300 10298 10297
10300 10297 10301
10300 10301 10302
10300 10303 10298
10304 10300 10302
10305 10303 10300
10304 10305 10300
10305 10306 10303
10307 10305 10304
10306 10305 10308
10307 10308 10305
10306 10308 10309
10310 10308 10307
10310 10307 10311
10312 10310 10311
10312 10313 10310
10314 10313 10312
10308 10310 10315
10313 10315 10310
10309 10308 10316
10316 10308 10315
10316 10317 10309
10317 10318 10309
10314 10319 10313
10320 10319 10314
10321 10319 10320
10320 10314 10322
10323 10321 10320
10324 10313 10319
10321 10324 10319
10313 10325 10315
10325 10313 10324
10315 10325 10326
10324 10326 10325
10327 10316 10315
10326 10327 10315
10327 10326 10328
10316 10327 10329
10327 10328 10329
10329 10317 10316
10330 10317 10329
10328 10330 10329
10330 10331 10317
10317 10331 10318
10332 10318 10331
10318 10332 10333
10334 10333 10332
10335 10331 10330
10335 10332 10331
10334 10332 10336
10336 10332 10335
10337 10334 10336
10337 10336 10338
10339 10337 10338
10339 10338 10340
10338 10341 10340
10338 10336 10342
10336 10335 10342
10343 10341 10338
10338 10342 10343
10344 10341 10343
10335 10330 10345
10328 10345 10330
10342 10335 10346
10345 10346 10335
10343 10342 10347
10342 10346 10347
10344 10343 10348
10343 10347 10348
10349 10346 10345
10349 10347 10346
10344 10348 10350
10344 10350 10351
10352 10351 10350
10353 10348 10347
10353 10350 10348
10349 10353 10347
10350 10354 10352
10350 10353 10354
10349 10354 10353
10355 10352 10354
10355 10354 10356
10356 10354 10357
10349 10357 10354
10356 10357 10358
10357 10359 10358
10349 10345 10360
10360 10357 10349
10360 10345 10328
10357 10361 10359
10360 10361 10357
10361 10362 10359
10361 10363 10362
10364 10362 10363
10360 10365 10361
10361 10365 10363
10366 10364 10363
10365 10366 10363
10366 10367 10364
10360 10328 10368
10360 10368 10365
10367 10366 10323
10367 10323 10369
10366 10321 10323
10365 10370 10366
10370 10365 10368
10366 10370 10321
10368 10328 10371
10370 10368 10371
10371 10321 10370
10371 10328 10326
10371 10372 10321
10372 10324 10321
10324 10373 10326
10371 10326 10373
10372 10373 10324
10371 10373 10372
10374 10375 10376
10374 10376 10377
10377 10378 10374
10377 10376 10379
10377 10380 10378
10377 10381 10380
10382 10380 10381
10383 10378 10380
10383 10380 10382
10382 10384 10383
10385 10384 10382
10385 10386 10384
10387 10377 10379
10377 10387 10381
10387 10379 10388
10389 10387 10388
10381 10387 10389
10389 10388 10390
10391 10386 10385
10392 10386 10391
10389 10390 10393
10393 10390 10394
10395 10393 10394
10395 10396 10393
10397 10393 10396
10397 10389 10393
10397 10396 10398
10381 10389 10399
10397 10399 10389
10400 10397 10398
10400 10398 10401
10401 10402 10400
10401 10403 10402
10404 10402 10403
10397 10405 10399
10381 10399 10405
10397 10400 10405
10381 10405 10406
10382 10381 10406
10407 10405 10400
10406 10405 10407
10382 10406 10408
10406 10407 10408
10404 10409 10402
10409 10404 10410
10411 10400 10402
10407 10400 10411
10411 10402 10412
10412 10407 10411
10382 10408 10413
10413 10385 10382
10408 10407 10414
10412 10414 10407
10415 10412 10402
10415 10402 10409
10412 10415 10416
10412 10416 10414
10416 10415 10409
10409 10410 10417
10417 10410 10418
10419 10413 10408
10408 10414 10419
10385 10413 10420
10419 10420 10413
10421 10419 10414
10416 10421 10414
10416 10409 10422
10417 10422 10409
10417 10418 10423
10424 10423 10418
10424 10425 10423
10426 10423 10425
10417 10423 10427
10427 10423 10426
10419 10428 10420
10419 10421 10428
10429 10420 10428
10430 10428 10421
10428 10430 10429
10416 10431 10421
10430 10421 10431
10430 10431 10432
10416 10422 10431
10422 10432 10431
10417 10433 10422
10417 10427 10433
10432 10422 10433
10427 10432 10433
10434 10427 10426
10427 10434 10432
10434 10426 10435
10434 10435 10436
10434 10436 10437
10437 10432 10434
10438 10437 10436
10439 10437 10438
10439 10438 10440
10437 10439 10441
10437 10442 10432
10437 10441 10442
10443 10442 10441
10430 10432 10442
10443 10430 10442
10430 10443 10444
10429 10430 10444
10429 10444 10445
10446 10429 10445
10447 10446 10445
10447 10448 10446
10446 10448 10449
10448 10447 10450
10446 10451 10429
10449 10451 10446
10429 10451 10452
10452 10451 10449
10429 10452 10420
10385 10420 10452
10385 10452 10453
10452 10449 10453
10391 10385 10453
10453 10449 10391
10448 10450 10454
10454 10449 10448
10391 10449 10455
10454 10455 10449
10455 10454 10450
10392 10391 10455
10455 10450 10392
10456 10457 10458
10459 10458 10457
10458 10459 10460
10460 10459 10461
10460 10461 10462
10463 10464 10465
10465 10464 10466
10466 10464 10467
10466 10467 10468
10468 10467 10469
10470 10471 10472
10473 10470 10472
10473 10474 10470
10473 10475 10474
10476 10473 10472
10477 10475 10473
10478 10473 10476
10477 10473 10478
10478 10476 10479
10480 10477 10478
10479 10481 10478
10480 10478 10481
10479 10482 10481
10483 10480 10481
10483 10484 10480
10485 10484 10483
10485 10483 10486
10487 10485 10486
10481 10488 10483
10486 10483 10488
10482 10489 10481
10489 10488 10481
10489 10482 10490
10490 10482 10491
10487 10486 10492
10493 10487 10492
10494 10493 10492
10493 10495 10487
10496 10493 10494
10497 10492 10486
10494 10492 10497
10486 10488 10498
10486 10498 10497
10488 10499 10498
10497 10498 10499
10500 10488 10489
10499 10488 10500
10489 10501 10500
10501 10489 10490
10500 10501 10502
10500 10502 10499
10503 10501 10490
10502 10501 10503
10503 10490 10504
10490 10491 10504
10505 10504 10491
10491 10506 10505
10507 10505 10506
10508 10503 10504
10508 10504 10505
10507 10509 10505
10509 10508 10505
10510 10509 10507
10510 10511 10509
10512 10511 10510
10512 10513 10511
10511 10513 10514
10511 10515 10509
10509 10515 10508
10516 10511 10514
10511 10516 10515
10517 10516 10514
10508 10518 10503
10502 10503 10518
10515 10519 10508
10518 10508 10519
10517 10520 10516
10521 10520 10517
10516 10522 10515
10516 10520 10522
10515 10522 10519
10521 10523 10520
10522 10520 10523
10524 10523 10521
10522 10523 10525
10519 10522 10525
10523 10524 10526
10523 10526 10525
10527 10526 10524
10527 10528 10526
10519 10525 10529
10529 10525 10526
10528 10530 10526
10529 10526 10530
10528 10531 10530
10530 10531 10532
10519 10529 10533
10533 10529 10530
10519 10533 10518
10530 10532 10534
10533 10530 10534
10534 10532 10535
10518 10533 10536
10518 10536 10502
10533 10534 10537
10533 10537 10536
10534 10535 10538
10534 10538 10537
10539 10538 10535
10540 10538 10539
10537 10538 10540
10540 10539 10541
10536 10542 10502
10542 10499 10502
10543 10536 10537
10537 10540 10543
10543 10542 10536
10541 10496 10540
10541 10544 10496
10540 10496 10494
10540 10494 10543
10542 10543 10494
10542 10545 10499
10497 10499 10545
10546 10494 10497
10542 10494 10546
10546 10497 10545
10542 10546 10545
10547 10548 10549
10550 10549 10548
10548 10551 10550
10551 10552 10550
10551 10553 10552
10554 10555 10556
10557 10554 10556
10557 10556 10558
10559 10557 10558
10559 10558 10560
10561 10562 10563
10562 10564 10563
10565 10563 10564
10564 10566 10565
10564 10567 10566
10568 10567 10564
10569 10567 10568
10564 10562 10570
10568 10571 10569
10564 10570 10572
10572 10570 10573
10573 10570 10574
10572 10573 10575
10572 10575 10576
10577 10572 10576
10564 10572 10578
10577 10578 10572
10568 10564 10578
10568 10578 10579
10578 10577 10580
10578 10580 10581
10578 10581 10579
10579 10581 10582
10579 10582 10583
10579 10583 10584
10585 10584 10583
10585 10583 10586
10584 10585 10587
10579 10584 10588
10584 10587 10588
10587 10589 10588
10579 10588 10590
10590 10568 10579
10590 10588 10589
10568 10590 10591
10590 10589 10591
10587 10592 10589
10592 10587 10593
10592 10593 10594
10594 10595 10592
10595 10589 10592
10568 10591 10596
10597 10596 10591
10568 10596 10571
10597 10571 10596
10597 10598 10571
10597 10599 10598
10600 10599 10597
10600 10601 10599
10597 10602 10600
10597 10603 10602
10597 10591 10603
10603 10604 10602
10603 10605 10604
10605 10603 10606
10591 10606 10603
10591 10607 10606
10607 10591 10589
10607 10589 10608
10595 10608 10589
10595 10609 10608
10595 10610 10609
10594 10610 10595
10594 10611 10610
10612 10609 10610
10613 10610 10611
10612 10610 10613
10613 10611 10614
10615 10613 10614
10616 10612 10613
10616 10613 10615
10616 10617 10612
10616 10618 10617
10616 10619 10618
10616 10615 10620
10619 10616 10620
10621 10620 10615
10619 10620 10622
10621 10623 10620
10623 10622 10620
10621 10624 10623
10623 10625 10622
10623 10626 10625
10623 10624 10627
10623 10627 10626
10626 10627 10628
10628 10627 10629
10630 10631 10632
10632 10631 10633
10634 10633 10631
10633 10634 10635
10633 10635 10636
10637 10633 10636
10638 10637 10636
10633 10639 10632
10637 10638 10640
10633 10641 10639
10641 10642 10639
10642 10643 10639
10641 10644 10642
10641 10645 10644
10646 10645 10641
10633 10647 10641
10646 10641 10647
10637 10647 10633
10637 10648 10647
10647 10649 10646
10647 10650 10649
10647 10648 10650
10648 10651 10650
10648 10652 10651
10637 10640 10653
10654 10653 10640
10637 10653 10655
10654 10655 10653
10654 10640 10656
10654 10656 10657
10658 10654 10657
10658 10657 10659
10654 10658 10660
10654 10660 10661
10654 10661 10655
10661 10660 10662
10661 10662 10663
10663 10664 10661
10655 10661 10664
10655 10664 10665
10665 10666 10655
10665 10667 10666
10668 10655 10666
10637 10655 10668
10668 10648 10637
10648 10668 10669
10668 10666 10669
10648 10669 10670
10648 10670 10652
10671 10652 10670
10671 10672 10652
10670 10673 10671
10670 10669 10673
10666 10673 10669
10666 10667 10674
10674 10667 10675
10666 10676 10673
10666 10674 10676
10676 10677 10673
10676 10678 10677
10678 10676 10674
10674 10675 10679
10678 10674 10679
10678 10679 10680
10681 10679 10675
10682 10680 10679
10681 10682 10679
10682 10683 10680
10684 10683 10682
10685 10682 10681
10685 10684 10682
10685 10681 10686
10685 10686 10687
10685 10687 10688
10685 10689 10684
10688 10689 10685
10690 10684 10689
10688 10691 10689
10690 10689 10692
10692 10689 10691
10690 10692 10693
10692 10691 10694
10692 10694 10695
10692 10696 10693
10692 10695 10696
10695 10697 10696
10697 10698 10696
10699 10700 10701
10699 10701 10702
10703 10699 10702
10702 10701 10704
10703 10702 10705
10702 10704 10706
10705 10702 10706
10707 10703 10705
10707 10708 10703
10709 10708 10707
10709 10710 10708
10707 10711 10709
10705 10712 10707
10707 10712 10711
10706 10704 10713
10704 10714 10713
10713 10714 10715
10715 10714 10716
10713 10715 10717
10713 10717 10718
10706 10713 10718
10718 10717 10719
10719 10720 10718
10718 10720 10706
10719 10721 10720
10705 10706 10722
10720 10722 10706
10705 10722 10712
10721 10723 10720
10720 10723 10722
10721 10724 10723
10725 10723 10724
10726 10723 10725
10722 10723 10727
10726 10727 10723
10722 10727 10712
10728 10727 10726
10712 10727 10729
10728 10729 10727
10728 10730 10729
10712 10729 10711
10731 10729 10730
10731 10711 10729
10711 10731 10732
10733 10732 10731
10734 10732 10733
10735 10734 10733
10736 10737 10738
10736 10738 10739
10740 10736 10739
10740 10739 10741
10742 10740 10741
10742 10741 10743
10744 10742 10743
10744 10743 10745
10744 10745 10746
10744 10746 10747
10748 10747 10746
10748 10746 10749
10750 10748 10749
10750 10749 10751
10751 10752 10750
10751 10753 10752
10754 10752 10753
10754 10753 10755
10755 10756 10754
10755 10757 10756
10756 10757 10758
10756 10758 10759
10760 10759 10758
10760 10758 10761
10762 10760 10761
10762 10761 10763
10762 10763 10764
10762 10764 10765
10765 10764 10766
10765 10766 10767
10767 10766 10768
10767 10768 10769
10769 10768 10770
10769 10770 10771
10772 10773 10774
10772 10774 10775
10772 10775 10776
10772 10776 10777
10778 10777 10776
10779 10775 10774
10779 10776 10775
10779 10774 10780
10778 10776 10781
10778 10781 10782
10779 10783 10776
10783 10781 10776
10780 10784 10779
10780 10785 10784
10782 10781 10786
10787 10782 10786
10779 10788 10783
10779 10784 10788
10783 10789 10781
10789 10786 10781
10788 10789 10783
10790 10784 10785
10790 10785 10791
10790 10791 10792
10787 10786 10793
10794 10787 10793
10789 10795 10786
10786 10795 10793
10794 10793 10796
10795 10796 10793
10794 10796 10797
10795 10797 10796
10794 10797 10798
10798 10797 10799
10795 10789 10800
10788 10800 10789
10801 10797 10795
10795 10800 10801
10799 10797 10802
10801 10802 10797
10802 10803 10799
10804 10803 10802
10804 10802 10801
10805 10803 10804
10804 10806 10805
10807 10801 10800
10804 10801 10807
10808 10800 10788
10807 10800 10808
10804 10809 10806
10809 10804 10807
10810 10806 10809
10807 10810 10809
10811 10806 10810
10810 10807 10812
10811 10810 10812
10812 10807 10808
10811 10812 10813
10814 10813 10812
10812 10808 10814
10815 10813 10814
10816 10815 10814
10808 10788 10817
10814 10808 10817
10817 10788 10784
10817 10784 10790
10814 10817 10818
10816 10814 10818
10818 10817 10790
10816 10818 10819
10818 10790 10819
10816 10819 10820
10790 10792 10819
10820 10819 10792
10820 10792 10821
10822 10823 10824
10824 10825 10822
10824 10826 10825
10822 10825 10827
10825 10826 10828
10828 10827 10825
10829 10828 10826
10829 10830 10828
10830 10829 10831
10831 10832 10830
10830 10832 10833
10832 10834 10833
10830 10833 10835
10830 10835 10836
10837 10836 10835
10838 10828 10830
10830 10836 10838
10837 10839 10836
10838 10836 10839
10840 10839 10837
10840 10841 10839
10841 10842 10839
10838 10839 10842
10841 10843 10842
10844 10828 10838
10842 10844 10838
10828 10844 10827
10843 10845 10842
10842 10845 10844
10827 10844 10845
10843 10846 10845
10827 10845 10847
10845 10846 10848
10845 10848 10847
10849 10850 10851
10849 10851 10852
10853 10849 10852
10853 10854 10849
10855 10854 10853
10855 10856 10854
10857 10856 10855
10857 10855 10858
10859 10857 10858
10859 10860 10857
10860 10859 10861
10860 10861 10862
10863 10862 10861
10864 10865 10866
10864 10867 10865
10868 10867 10864
10867 10869 10865
10868 10870 10867
10867 10871 10869
10870 10871 10867
10872 10870 10868
10872 10868 10873
10874 10872 10873
10874 10873 10875
10872 10874 10876
10870 10872 10877
10872 10876 10877
10871 10878 10869
10869 10878 10879
10878 10880 10879
10880 10881 10879
10878 10882 10880
10878 10883 10882
10871 10883 10878
10883 10884 10882
10884 10883 10885
10883 10871 10885
10884 10885 10886
10870 10887 10871
10885 10871 10887
10870 10877 10887
10886 10885 10888
10885 10887 10888
10886 10888 10889
10890 10889 10888
10891 10890 10888
10887 10892 10888
10891 10888 10892
10887 10877 10892
10893 10891 10892
10877 10894 10892
10893 10892 10894
10893 10894 10895
10877 10876 10894
10896 10895 10894
10896 10894 10876
10876 10897 10896
10898 10896 10897
10899 10898 10897
10900 10898 10899
10901 10902 10903
10901 10904 10902
10905 10904 10901
10905 10906 10904
10907 10906 10905
10907 10908 10906
10909 10908 10907
10909 10910 10908
10909 10911 10910
10909 10912 10911
10913 10911 10912
10913 10914 10911
10915 10914 10913
10915 10916 10914
10916 10915 10917
10916 10917 10918
10919 10918 10917
10919 10920 10918
10920 10919 10921
10920 10921 10922
10921 10923 10922
10921 10924 10923
10925 10923 10924
10925 10926 10923
10927 10926 10925
10927 10928 10926
10927 10929 10928
10927 10930 10929
10930 10931 10929
10930 10932 10931
10932 10933 10931
10932 10934 10933
10934 10935 10933
10934 10936 10935
10937 10938 10939
10937 10940 10938
10937 10941 10940
10937 10942 10941
10943 10941 10942
10944 10938 10940
10944 10940 10941
10944 10945 10938
10943 10946 10941
10943 10947 10946
10944 10941 10948
10948 10941 10946
10945 10944 10949
10945 10949 10950
10947 10951 10946
10952 10951 10947
10944 10948 10953
10944 10953 10949
10948 10946 10954
10954 10946 10951
10953 10948 10954
10955 10950 10949
10955 10956 10950
10955 10957 10956
10952 10958 10951
10959 10958 10952
10954 10951 10960
10951 10958 10960
10959 10961 10958
10960 10958 10961
10959 10962 10961
10960 10961 10962
10959 10963 10962
10963 10964 10962
10960 10965 10954
10953 10954 10965
10964 10966 10962
10966 10964 10967
10968 10960 10962
10968 10962 10966
10960 10968 10965
10969 10966 10967
10969 10968 10966
10970 10969 10967
10969 10970 10971
10972 10965 10968
10969 10972 10968
10973 10953 10965
10972 10973 10965
10969 10971 10974
10974 10972 10969
10975 10974 10971
10972 10974 10975
10976 10975 10971
10975 10977 10972
10976 10977 10975
10977 10973 10972
10976 10978 10977
10979 10977 10978
10977 10979 10973
10980 10979 10978
10981 10979 10980
10973 10982 10953
10979 10982 10973
10982 10949 10953
10982 10955 10949
10979 10983 10982
10981 10983 10979
10983 10955 10982
10981 10984 10983
10983 10984 10955
10981 10985 10984
10955 10984 10957
10985 10957 10984
10985 10986 10957
10987 10988 10989
10988 10987 10990
10988 10990 10991
10987 10992 10990
10990 10993 10991
10993 10990 10992
10994 10991 10993
10994 10993 10995
10995 10996 10994
10996 10995 10997
10995 10998 10997
10997 10998 10999
10995 11000 10998
10995 11001 11000
11002 11000 11001
11003 10995 10993
10995 11003 11001
11002 11001 11004
11003 11004 11001
11005 11002 11004
11005 11004 11006
11006 11004 11007
11003 11007 11004
11006 11007 11008
11009 11003 10993
11007 11003 11009
10993 10992 11009
11008 11007 11010
11007 11009 11010
10992 11010 11009
11008 11010 11011
10992 11012 11010
11010 11013 11011
11010 11012 11013
11014 11015 11016
11014 11017 11015
11018 11017 11014
11018 11014 11019
11020 11018 11019
11020 11019 11021
11022 11020 11021
11022 11023 11020
11024 11023 11022
11024 11022 11025
11025 11026 11024
11025 11027 11026
11028 11026 11027
11029 11030 11031
11029 11031 11032
11033 11029 11032
11033 11032 11034
11035 11033 11034
11035 11034 11036
11037 11035 11036
11037 11036 11038
11039 11037 11038
11039 11038 11040
11041 11042 11043
11041 11043 11044
11045 11046 11047
11045 11047 11048
11049 11045 11048
11049 11048 11050
11051 11049 11050
11051 11050 11052
11053 11051 11052
11053 11052 11054
11055 11053 11054
11055 11054 11056
11057 11058 11059
11057 11059 11060
11061 11062 11063
11061 11063 11064
11065 11061 11064
11065 11064 11066
11067 11065 11066
11067 11066 11068
11069 11067 11068
11069 11068 11070
11071 11069 11070
11071 11070 11072
11073 11074 11075
11073 11075 11076
11077 11078 11079
11077 11079 11080
11081 11077 11080
11081 11080 11082
11083 11081 11082
11083 11082 11084
11085 11083 11084
11085 11084 11086
11087 11085 11086
11087 11086 11088
11089 11090 11091
11089 11091 11092
11093 11094 11095
11093 11095 11096
11097 11098 11099
11097 11099 11100
11101 11102 11103
11101 11103 11104
11105 11106 11107
11105 11107 11108
11109 11110 11111
11109 11111 11112
11112 11113 11109
11112 11114 11113
11115 11113 11114
11115 11116 11113
11116 11115 11117
11116 11117 11118
11119 11120 11121
11119 11122 11120
11122 11123 11120
11122 11124 11123
11125 11123 11124
11125 11126 11123
11127 11126 11125
11127 11128 11126
11129 11130 11131
11129 11131 11132
11133 11134 11135
11133 11135 11136
11137 11138 11139
11137 11140 11138
11141 11142 11143
11141 11143 11144
11145 11146 11147
11145 11147 11148
11149 11150 11151
11149 11151 11152
11153 11154 11155
11153 11155 11156
11157 11158 11159
11157 11159 11160
11161 11162 11163
11161 11163 11164
11165 11166 11167
11165 11167 11168
11168 11169 11165
11168 11167 11170
11171 11169 11168
11172 11169 11171
11172 11171 11173
11173 11171 11174
11173 11174 11175
11176 11175 11174
11168 11170 11177
11171 11168 11177
11178 11177 11170
11177 11179 11171
11178 11179 11177
11171 11179 11174
11180 11179 11178
11180 11181 11179
11174 11179 11181
11180 11182 11181
11182 11174 11181
11180 11183 11182
11176 11174 11184
11182 11184 11174
11185 11176 11184
11185 11184 11186
11183 11187 11182
11187 11184 11182
11183 11188 11187
11184 11189 11186
11184 11187 11189
11189 11187 11188
11186 11189 11190
11189 11188 11191
11190 11189 11191
11190 11191 11192
11193 11194 11195
11193 11196 11194
11196 11197 11194
11196 11198 11197
11199 11198 11196
11200 11196 11193
11199 11196 11200
11200 11193 11201
11202 11200 11201
11203 11199 11200
11204 11200 11202
11203 11200 11204
11204 11202 11205
11203 11204 11206
11204 11205 11206
11203 11206 11207
11207 11206 11208
11207 11208 11209
11206 11210 11208
11206 11205 11210
11211 11210 11205
11211 11205 11212
11212 11205 11213
11214 11211 11212
11212 11213 11215
11215 11213 11216
11214 11212 11217
11217 11212 11215
11215 11216 11218
11218 11216 11219
11217 11215 11220
11220 11215 11218
11220 11218 11221
11218 11219 11222
11221 11218 11222
11222 11219 11223
11221 11222 11224
11222 11223 11225
11224 11222 11225
11224 11225 11226
11214 11217 11227
11214 11227 11228
11217 11229 11227
11217 11230 11229
11228 11227 11231
11228 11231 11232
11230 11233 11229
11234 11233 11230
11235 11233 11234
11227 11229 11236
11227 11236 11231
11233 11236 11229
11233 11237 11236
11238 11237 11233
11235 11238 11233
11238 11239 11237
11240 11239 11238
11240 11238 11241
11241 11238 11235
11241 11235 11242
11243 11232 11231
11243 11244 11232
11245 11244 11243
11245 11246 11244
11247 11245 11243
11248 11243 11231
11247 11243 11248
11248 11231 11249
11250 11247 11248
11251 11248 11249
11250 11248 11251
11251 11249 11252
11253 11250 11251
11254 11251 11252
11253 11251 11254
11254 11255 11253
11254 11252 11256
11254 11257 11255
11256 11257 11254
11256 11258 11257
11259 11260 11261
11259 11262 11260
11263 11262 11259
11263 11264 11262
11265 11266 11267
11265 11267 11268
11265 11268 11269
11265 11269 11270
11271 11270 11269
11271 11269 11272
11271 11272 11273
11271 11273 11274
11275 11276 11277
11275 11277 11278
11275 11278 11279
11275 11279 11280
11279 11281 11280
11279 11282 11281
11283 11281 11282
11283 11284 11281
11285 11284 11283
11285 11283 11286
11285 11286 11287
11285 11287 11288
11289 11290 11291
11292 11289 11291
11292 11291 11293
11289 11292 11294
11292 11295 11294
11292 11296 11295
11297 11295 11296
11297 11298 11295
11297 11299 11298
11299 11297 11300
11299 11300 11301
11297 11302 11300
11303 11304 11305
11303 11305 11306
11307 11303 11306
11307 11306 11308
11309 11310 11311
11309 11312 11310
11309 11313 11312
11313 11314 11312
11313 11315 11314
11316 11314 11315
11317 11314 11316
11318 11314 11317
11318 11319 11314
11320 11319 11318
11320 11321 11319
11320 11322 11321
11320 11323 11322
11323 11324 11322
11323 11325 11324
11325 11326 11324
11326 11327 11324
11328 11324 11327
11328 11329 11324
11330 11329 11328
11330 11331 11329
11330 11332 11331
11333 11334 11335
11336 11333 11335
11336 11337 11333
11338 11337 11336
11338 11339 11337
11340 11339 11338
11338 11341 11340
11342 11341 11338
11342 11338 11343
11343 11344 11342
11343 11345 11344
11346 11344 11345
11346 11347 11344
11347 11346 11348
11347 11348 11349
11348 11350 11349
11350 11348 11351
11348 11352 11351
11348 11353 11352
11353 11354 11352
11353 11355 11354
11354 11355 11356
11357 11358 11359
11357 11359 11360
11361 11362 11363
11361 11363 11364
11365 11366 11367
11365 11367 11368
11369 11370 11371
11369 11371 11372
11373 11374 11375
11373 11375 11376
11377 11378 11379
11377 11379 11380
11381 11382 11383
11381 11383 11384
11385 11386 11387
11385 11387 11388
11389 11390 11391
11389 11391 11392
11393 11394 11395
11393 11395 11396
11397 11398 11399
11397 11399 11400
11401 11402 11403
11401 11403 11404
11405 11406 11407
11405 11407 11408
11409 11410 11411
11409 11411 11412
11413 11414 11415
11413 11415 11416
11417 11418 11419
11417 11419 11420
11421 11422 11423
11421 11423 11424
11425 11426 11427
11425 11427 11428
11429 11430 11431
11429 11431 11432
11433 11434 11435
11433 11435 11436
11437 11438 11439
11437 11439 11440
11441 11442 11443
11441 11443 11444
11445 11446 11447
11445 11447 11448
11449 11450 11451
11449 11451 11452
11453 11454 11455
11453 11455 11456
11456 11457 11453
11455 11458 11456
11456 11459 11457
11459 11460 11457
11461 11456 11458
11459 11456 11461
11459 11462 11460
11461 11462 11459
11460 11462 11463
11460 11463 11464
11465 11464 11463
11466 11463 11462
11461 11466 11462
11458 11467 11461
11458 11468 11467
11469 11467 11468
11465 11463 11470
11466 11470 11463
11461 11471 11466
11461 11467 11471
11472 11471 11467
11469 11473 11467
11472 11467 11473
11473 11469 11474
11473 11474 11475
11472 11473 11475
11472 11475 11476
11472 11476 11477
11478 11465 11470
11478 11479 11465
11480 11470 11466
11480 11466 11471
11480 11478 11470
11481 11479 11478
11478 11480 11481
11481 11482 11479
11482 11481 11483
11482 11483 11484
11483 11481 11485
11481 11480 11485
11480 11471 11486
11485 11480 11486
11472 11486 11471
11485 11486 11487
11488 11487 11486
11472 11489 11486
11488 11486 11489
11472 11477 11489
11489 11490 11488
11489 11477 11490
11491 11492 11493
11491 11493 11494
11494 11493 11495
11496 11491 11494
11496 11497 11491
11496 11498 11497
11496 11499 11498
11498 11499 11500
11498 11500 11501
11500 11499 11502
11503 11504 11505
11503 11505 11506
11506 11505 11507
11503 11506 11508
11503 11508 11509
11510 11509 11508
11510 11508 11511
11512 11510 11511
11513 11510 11512
11512 11511 11514
11515 11516 11517
11515 11518 11516
11516 11518 11519
11520 11521 11522
11521 11520 11523
11521 11523 11524
11525 11526 11527
11525 11528 11526
11528 11529 11526
11530 11528 11525
11530 11525 11531
11530 11531 11532
11530 11532 11533
11532 11534 11533
11532 11535 11534
11534 11536 11533
11537 11538 11539
11537 11540 11538
11540 11541 11538
11537 11542 11540
11537 11543 11542
11544 11542 11543
11544 11545 11542
11546 11545 11544
11547 11546 11544
11546 11548 11545
11549 11550 11551
11549 11551 11552
11551 11553 11552
11554 11555 11556
11556 11557 11554
11556 11558 11557
11559 11560 11561
11562 11560 11559
11562 11563 11560
11564 11563 11562
11564 11562 11565
11564 11565 11566
11567 11568 11569
11567 11570 11568
11571 11570 11567
11571 11567 11572
11570 11571 11573
11570 11573 11574
11574 11573 11575
11570 11576 11568
11570 11574 11576
11576 11577 11568
11578 11568 11577
11579 11578 11577
11574 11575 11580
11574 11581 11576
11574 11580 11581
11582 11577 11576
11576 11581 11582
11579 11577 11583
11583 11577 11582
11584 11580 11575
11584 11575 11585
11586 11581 11580
11586 11580 11584
11585 11587 11584
11585 11588 11587
11579 11583 11589
11579 11589 11590
11590 11589 11591
11590 11591 11592
11589 11583 11593
11591 11589 11593
11583 11582 11594
11593 11583 11594
11584 11595 11586
11584 11587 11595
11588 11596 11587
11588 11597 11596
11598 11592 11591
11598 11599 11592
11600 11595 11587
11600 11587 11596
11596 11597 11601
11602 11601 11597
11603 11601 11602
11604 11601 11603
11596 11601 11605
11604 11605 11601
11596 11605 11600
11606 11605 11604
11606 11607 11605
11607 11600 11605
11608 11607 11606
11599 11598 11609
11599 11609 11610
11607 11611 11600
11607 11612 11611
11611 11595 11600
11608 11613 11607
11607 11613 11612
11611 11614 11595
11614 11611 11612
11608 11615 11613
11616 11615 11608
11617 11615 11616
11595 11614 11618
11595 11618 11586
11613 11615 11619
11619 11612 11613
11617 11620 11615
11620 11619 11615
11620 11617 11621
11614 11612 11622
11622 11618 11614
11623 11586 11618
11623 11581 11586
11623 11624 11581
11582 11581 11624
11582 11624 11625
11624 11626 11625
11594 11582 11625
11623 11627 11624
11624 11627 11626
11628 11623 11618
11623 11628 11627
11594 11625 11629
11626 11629 11625
11622 11630 11618
11628 11618 11630
11631 11594 11629
11594 11631 11593
11631 11632 11593
11591 11593 11632
11633 11591 11632
11633 11598 11591
11631 11634 11632
11634 11633 11632
11635 11598 11633
11635 11609 11598
11631 11629 11636
11634 11631 11636
11636 11629 11637
11634 11636 11638
11634 11639 11633
11639 11634 11638
11639 11635 11633
11639 11638 11640
11637 11629 11641
11637 11641 11642
11643 11642 11641
11626 11641 11629
11640 11644 11639
11639 11644 11635
11635 11644 11645
11640 11646 11644
11646 11645 11644
11646 11647 11645
11645 11647 11648
11643 11641 11649
11649 11641 11626
11650 11643 11649
11650 11649 11651
11651 11652 11650
11649 11626 11653
11651 11649 11653
11651 11654 11652
11655 11652 11654
11656 11653 11626
11656 11626 11627
11651 11653 11657
11654 11651 11657
11657 11653 11656
11655 11654 11658
11659 11655 11658
11656 11627 11660
11628 11660 11627
11654 11657 11661
11658 11654 11661
11659 11658 11662
11662 11663 11659
11658 11661 11664
11662 11658 11664
11657 11665 11661
11665 11664 11661
11657 11656 11666
11657 11666 11665
11656 11660 11667
11667 11666 11656
11662 11668 11663
11669 11663 11668
11669 11668 11670
11671 11669 11670
11672 11668 11662
11670 11668 11672
11662 11664 11673
11672 11662 11673
11671 11670 11674
11674 11675 11671
11676 11673 11664
11665 11676 11664
11667 11677 11666
11677 11667 11660
11677 11660 11678
11679 11677 11678
11666 11677 11679
11666 11679 11680
11680 11665 11666
11680 11681 11665
11681 11676 11665
11679 11678 11682
11681 11683 11676
11678 11684 11682
11676 11685 11673
11683 11685 11676
11683 11686 11685
11672 11673 11685
11687 11685 11686
11672 11685 11687
11687 11686 11688
11687 11689 11672
11670 11672 11689
11674 11670 11689
11688 11690 11687
11687 11690 11689
11689 11690 11691
11688 11692 11690
11692 11691 11690
11692 11693 11691
11694 11691 11693
11674 11689 11695
11689 11691 11695
11674 11695 11696
11691 11696 11695
11694 11697 11691
11691 11697 11696
11698 11697 11694
11674 11696 11699
11674 11699 11675
11700 11675 11699
11698 11701 11697
11702 11701 11698
11700 11699 11703
11704 11700 11703
11702 11705 11701
11706 11705 11702
11706 11707 11705
11707 11708 11705
11705 11708 11701
11707 11709 11708
11701 11708 11710
11701 11710 11711
11701 11711 11697
11697 11711 11712
11697 11712 11696
11696 11712 11713
11714 11696 11713
11699 11696 11714
11699 11714 11715
11703 11699 11715
11703 11715 11716
11717 11703 11716
11718 11703 11717
11704 11703 11718
11718 11719 11704
11718 11720 11719
11720 11718 11717
11720 11717 11721
11722 11723 11724
11722 11724 11725
11726 11725 11724
11725 11727 11722
11726 11728 11725
11729 11728 11726
11725 11730 11727
11728 11730 11725
11731 11727 11730
11731 11732 11727
11731 11733 11732
11731 11734 11733
11733 11734 11735
11736 11731 11730
11734 11731 11736
11728 11737 11730
11736 11730 11737
11738 11735 11734
11734 11739 11738
11738 11740 11735
11740 11738 11741
11740 11741 11742
11742 11741 11743
11743 11741 11744
11743 11744 11745
11746 11745 11744
11741 11738 11747
11739 11747 11738
11741 11747 11748
11748 11744 11741
11734 11736 11749
11734 11749 11739
11746 11744 11750
11750 11751 11746
11752 11748 11747
11747 11739 11752
11752 11739 11753
11754 11753 11739
11739 11755 11754
11739 11749 11755
11749 11736 11756
11749 11756 11755
11750 11757 11751
11751 11757 11758
11757 11759 11758
11756 11736 11760
11760 11736 11737
11737 11761 11760
11728 11761 11737
11728 11762 11761
11729 11762 11728
11763 11762 11729
11761 11762 11763
11763 11729 11764
11765 11763 11764
11765 11764 11766
11767 11763 11765
11761 11763 11767
11767 11765 11768
11760 11761 11769
11769 11761 11767
11768 11770 11767
11769 11767 11770
11768 11771 11770
11772 11760 11769
11772 11769 11770
11772 11756 11760
11771 11773 11770
11772 11770 11773
11771 11774 11773
11775 11756 11772
11775 11755 11756
11774 11776 11773
11774 11777 11776
11778 11776 11777
11779 11772 11773
11775 11772 11779
11779 11773 11776
11775 11780 11755
11754 11755 11780
11778 11781 11776
11782 11781 11778
11783 11779 11776
11783 11776 11781
11784 11775 11779
11780 11775 11784
11784 11779 11783
11782 11785 11781
11785 11783 11781
11786 11785 11782
11786 11787 11785
11788 11787 11786
11785 11789 11783
11789 11785 11787
11784 11783 11790
11790 11783 11789
11788 11791 11787
11788 11792 11791
11791 11792 11793
11789 11787 11794
11790 11789 11795
11794 11795 11789
11787 11791 11796
11787 11796 11794
11797 11784 11790
11795 11798 11790
11797 11790 11798
11799 11784 11797
11780 11784 11799
11791 11793 11800
11791 11801 11796
11791 11800 11801
11802 11800 11793
11802 11793 11803
11804 11801 11800
11804 11800 11802
11805 11802 11803
11805 11803 11806
11807 11802 11805
11807 11805 11806
11807 11804 11802
11807 11806 11808
11807 11808 11809
11807 11809 11810
11804 11807 11810
11811 11810 11809
11804 11810 11812
11811 11812 11810
11801 11804 11812
11813 11812 11811
11801 11812 11814
11813 11814 11812
11814 11796 11801
11814 11813 11815
11814 11816 11796
11814 11815 11816
11816 11794 11796
11817 11816 11815
11816 11818 11794
11818 11816 11817
11794 11818 11795
11818 11817 11819
11820 11795 11818
11819 11820 11818
11819 11821 11820
11795 11820 11798
11821 11798 11820
11821 11822 11798
11823 11798 11822
11823 11797 11798
11797 11823 11824
11797 11824 11825
11826 11825 11824
11799 11797 11825
11826 11827 11825
11799 11825 11827
11827 11826 11828
11799 11827 11829
11780 11799 11829
11827 11828 11830
11830 11829 11827
11780 11829 11831
11754 11780 11831
11830 11828 11832
11832 11828 11833
11830 11834 11829
11831 11829 11834
11834 11830 11832
11832 11833 11835
11836 11835 11833
11834 11832 11837
11835 11837 11832
11831 11834 11838
11837 11838 11834
11836 11839 11835
11835 11839 11840
11841 11840 11839
11836 11842 11839
11841 11839 11842
11841 11842 11843
11844 11841 11843
11835 11845 11837
11835 11840 11845
11845 11846 11837
11837 11846 11838
11847 11841 11844
11847 11844 11848
11849 11845 11840
11845 11849 11846
11848 11850 11847
11848 11851 11850
11852 11850 11851
11852 11851 11853
11853 11854 11852
11853 11855 11854
11856 11850 11852
11856 11852 11854
11857 11854 11855
11856 11854 11857
11857 11855 11858
11859 11857 11858
11847 11850 11860
11856 11860 11850
11859 11861 11857
11862 11861 11859
11857 11861 11863
11862 11863 11861
11857 11863 11856
11863 11862 11864
11865 11856 11863
11863 11864 11865
11865 11860 11856
11866 11865 11864
11866 11867 11865
11867 11860 11865
11868 11867 11866
11869 11867 11868
11869 11868 11870
11871 11869 11870
11867 11872 11860
11869 11872 11867
11847 11860 11872
11872 11841 11847
11872 11873 11841
11869 11873 11872
11841 11873 11840
11840 11873 11869
11871 11874 11869
11840 11869 11874
11874 11871 11875
11849 11840 11874
11874 11875 11849
11849 11875 11876
11846 11849 11876
11846 11876 11877
11838 11846 11877
11878 11838 11877
11878 11877 11879
11878 11879 11880
11838 11878 11881
11878 11880 11881
11838 11881 11831
11880 11882 11881
11882 11880 11883
11831 11881 11884
11882 11884 11881
11884 11754 11831
11882 11883 11885
11886 11885 11883
11882 11887 11884
11887 11882 11885
11886 11888 11885
11889 11888 11886
11888 11889 11890
11884 11891 11754
11887 11891 11884
11887 11885 11892
11892 11885 11888
11888 11890 11893
11894 11893 11890
11887 11895 11891
11895 11887 11892
11892 11888 11896
11896 11888 11893
11897 11893 11894
11897 11894 11898
11899 11897 11898
11895 11892 11900
11900 11892 11896
11896 11893 11901
11897 11901 11893
11900 11896 11902
11902 11896 11901
11895 11900 11903
11904 11903 11900
11904 11900 11902
11895 11903 11905
11904 11902 11906
11895 11905 11891
11906 11902 11907
11902 11901 11907
11906 11907 11908
11907 11909 11908
11897 11910 11901
11910 11907 11901
11907 11911 11909
11910 11911 11907
11909 11911 11912
11911 11913 11912
11905 11914 11891
11905 11915 11914
11914 11915 11916
11917 11891 11914
11914 11916 11917
11917 11754 11891
11910 11897 11918
11899 11918 11897
11911 11910 11919
11910 11918 11919
11911 11920 11913
11911 11919 11920
11899 11921 11918
11899 11922 11921
11918 11923 11919
11923 11920 11919
11918 11921 11923
11924 11913 11920
11923 11924 11920
11924 11925 11913
11926 11921 11922
11923 11921 11926
11926 11922 11927
11923 11926 11928
11927 11928 11926
11928 11924 11923
11927 11929 11928
11930 11928 11929
11931 11930 11925
11931 11925 11924
11928 11931 11924
11930 11931 11928
11932 11933 11934
11932 11934 11935
11936 11932 11935
11936 11935 11937
11935 11934 11938
11937 11935 11938
11938 11934 11939
11937 11938 11940
11940 11938 11941
11938 11939 11942
11938 11942 11941
11940 11941 11943
11941 11942 11944
11941 11944 11945
11945 11944 11946
11941 11947 11943
11948 11945 11946
11941 11949 11947
11945 11949 11941
11949 11950 11947
11951 11945 11948
11951 11948 11952
11949 11953 11950
11954 11950 11953
11955 11951 11952
11955 11952 11956
11957 11955 11956
11945 11958 11949
11949 11959 11953
11949 11958 11959
11945 11960 11958
11945 11951 11960
11960 11959 11958
11954 11953 11961
11959 11961 11953
11954 11961 11962
11954 11962 11963
11964 11963 11962
11959 11965 11961
11965 11962 11961
11964 11962 11966
11966 11967 11964
11960 11968 11959
11968 11965 11959
11965 11969 11962
11969 11966 11962
11966 11970 11967
11971 11967 11970
11968 11972 11965
11972 11969 11965
11969 11973 11966
11973 11970 11966
11972 11974 11969
11974 11973 11969
11968 11975 11972
11974 11972 11975
11968 11976 11975
11968 11977 11976
11968 11960 11977
11960 11978 11977
11960 11951 11978
11979 11978 11951
11979 11951 11955
11974 11975 11980
11981 11979 11955
11982 11974 11980
11974 11982 11973
11982 11980 11983
11982 11983 11684
11981 11955 11984
11984 11985 11981
11984 11955 11957
11984 11986 11985
11986 11984 11957
11986 11957 11987
11988 11973 11982
11973 11988 11970
11982 11684 11989
11988 11982 11989
11678 11989 11684
11988 11989 11678
11990 11970 11988
11988 11678 11990
11990 11991 11970
11971 11970 11991
11678 11992 11990
11992 11991 11990
11678 11660 11992
11628 11992 11660
11993 11992 11628
11992 11993 11991
11993 11628 11630
11971 11991 11994
11971 11994 11995
11993 11630 11996
11996 11630 11622
11997 11991 11993
11997 11994 11991
11993 11996 11997
11995 11994 11998
11998 11994 11997
11998 11997 11996
11995 11998 11999
11999 11998 12000
11999 12000 12001
12002 11998 11996
12000 11998 12002
11996 11622 12003
12002 11996 12003
12004 12002 12003
12005 12003 11622
12004 12003 12005
12005 11622 11612
12001 12000 12006
12001 12006 12007
12008 12007 12006
12000 12002 12009
12004 12009 12002
12000 12010 12006
12000 12009 12010
12008 12006 12011
12010 12011 12006
12012 12008 12011
12012 12013 12008
12005 11612 12014
11619 12014 11612
12004 12015 12009
12015 12010 12009
12010 12016 12011
12016 12012 12011
12013 12012 12017
12013 12017 12018
12015 12019 12010
12019 12016 12010
12016 12020 12012
12017 12012 12020
12021 12018 12017
12021 12022 12018
12022 12021 12023
12021 12024 12023
12022 12023 12025
12026 12025 12023
12021 12017 12027
12017 12020 12027
12028 12020 12016
12019 12028 12016
12029 12019 12015
12029 12015 12004
12029 12030 12019
12019 12030 12031
12019 12031 12028
12029 12004 12032
12028 12031 12033
12028 12034 12020
12028 12033 12034
12034 12027 12020
12035 12032 12004
12035 12036 12032
12037 12036 12035
12035 12004 12005
12037 12038 12036
12033 12039 12034
12034 12039 12027
12033 12040 12039
12035 12005 12041
12041 12037 12035
12005 12014 12041
12041 12014 12037
12042 12039 12040
12027 12039 12042
12042 12040 12043
12043 12044 12042
12043 12045 12044
12046 12044 12045
12027 12042 12047
12021 12027 12047
12021 12047 12024
12042 12024 12047
12042 12044 12024
12014 12048 12037
12014 11619 12048
11620 12048 11619
12048 11620 12049
11620 11621 12049
12037 12048 12050
12048 12049 12050
12051 12049 11621
12051 11621 12052
12053 12051 12052
12037 12050 12054
12054 12038 12037
12054 12055 12038
12056 12055 12054
12050 12056 12054
12056 12057 12055
12058 12057 12056
12059 12050 12049
12050 12059 12056
12059 12049 12051
12053 12060 12051
12060 12053 12061
12058 12056 12062
12059 12062 12056
12063 12059 12051
12063 12051 12060
12059 12063 12062
12064 12058 12062
12064 12065 12058
12062 12063 12066
12066 12063 12060
12062 12066 12064
12067 12065 12064
12066 12067 12064
12067 12068 12065
12060 12061 12069
12066 12060 12069
12066 12070 12067
12069 12070 12066
12071 12068 12067
12071 12067 12070
12071 12072 12068
12072 12071 12073
12074 12073 12071
12072 12073 12075
12073 12076 12075
12061 12077 12069
12069 12077 12070
12061 12078 12077
12078 12079 12077
12079 12070 12077
12074 12079 12080
12078 12081 12079
12081 12080 12079
12081 12082 12080
12080 12082 12083
12071 12070 12084
12079 12084 12070
12074 12071 12084
12074 12084 12079
12073 12085 12076
12086 12076 12085
12080 12083 12087
12088 12087 12083
12086 12085 12089
12089 12090 12086
12089 12091 12090
12091 12089 12092
12091 12092 12093
12089 12094 12092
12089 12085 12094
12085 12095 12094
12085 12073 12095
12073 12096 12095
12073 12074 12096
12096 12074 12097
12074 12098 12097
12080 12098 12074
12080 12099 12098
12087 12099 12080
12087 12100 12099
12101 12100 12087
12088 12101 12087
12102 12101 12088
12101 12103 12100
12102 12104 12101
12104 12103 12101
12104 12105 12103
12106 12107 12108
12106 12109 12107
12110 12109 12106
12109 12111 12107
12110 12112 12109
12109 12113 12111
12113 12109 12112
12111 12113 12114
12113 12112 12115
12115 12116 12113
12113 12117 12114
12113 12116 12117
12115 12118 12116
12116 12119 12117
12116 12120 12119
12119 12120 12121
12122 12116 12118
12120 12123 12121
12122 12124 12116
12124 12120 12116
12124 12122 11610
12124 11610 11609
11609 12125 12124
12124 12125 12120
11609 11635 12125
11635 11645 12125
12120 12125 11645
12126 12123 12120
12120 11645 12126
11645 11648 12126
12126 12127 12123
12128 12126 11648
12129 12127 12126
12128 12129 12126
12129 12130 12127
12131 12129 12128
12129 12132 12130
12131 12133 12129
12133 12132 12129
12134 12133 12131
12133 12135 12132
12134 12136 12133
12136 12135 12133
12136 12137 12135
12138 12139 12140
12138 12141 12139
12139 12141 12142
12142 12141 12143
12141 12144 12143
12141 12145 12144
12138 12145 12141
12138 12146 12145
12147 12148 12149
12147 12150 12148
12148 12150 12151
12151 12150 12152
12150 12153 12152
12150 12154 12153
12147 12154 12150
12147 12155 12154
12156 12157 12158
12156 12158 12159
12159 12158 12160
12159 12160 12161
12162 12159 12161
12163 12159 12162
12156 12159 12163
12156 12163 12164
12165 12166 12167
12165 12167 12168
12168 12167 12169
12168 12169 12170
12171 12168 12170
12172 12168 12171
12165 12168 12172
12165 12172 12173
12174 12175 12176
12176 12175 12177
12177 12175 12178
12177 12178 12179
12180 12177 12179
12176 12177 12181
12182 12177 12180
12181 12177 12182
12181 12182 12183
12183 12182 12184
12185 12186 12187
12185 12187 12188
12189 12185 12188
12189 12190 12185
12188 12191 12189
12188 12192 12191
12192 12193 12191
12188 12187 12194
12188 12194 12192
12194 12187 12195
12196 12195 12187
12197 12195 12196
12192 12198 12193
12192 12194 12199
12192 12199 12198
12200 12194 12195
12194 12200 12199
12197 12201 12195
12201 12200 12195
12202 12193 12198
12202 12203 12193
12204 12198 12199
12204 12202 12198
12203 12202 12205
12203 12205 12206
12197 12207 12201
12197 12208 12207
12208 12209 12207
12208 12210 12209
12207 12211 12201
12209 12211 12207
12202 12204 12212
12202 12212 12205
12206 12205 12213
12206 12213 12214
12215 12209 12210
12215 12210 12216
12211 12217 12201
12201 12217 12200
12218 12205 12212
12218 12213 12205
12213 12219 12214
12220 12214 12219
12221 12220 12219
12222 12221 12219
12213 12223 12219
12222 12219 12223
12213 12218 12223
12224 12222 12223
12224 12223 12225
12225 12223 12218
12226 12224 12225
12227 12218 12212
12225 12218 12227
12228 12225 12227
12226 12225 12229
12228 12229 12225
12227 12212 12230
12230 12228 12227
12226 12229 12231
12232 12226 12231
12233 12232 12231
12212 12234 12230
12212 12204 12234
12229 12235 12231
12235 12229 12228
12233 12231 12236
12236 12231 12235
12236 12237 12233
12230 12238 12228
12238 12230 12234
12239 12234 12204
12239 12204 12199
12239 12199 12240
12200 12240 12199
12200 12241 12240
12240 12241 12242
12217 12241 12200
12239 12240 12243
12240 12242 12243
12244 12234 12239
12239 12243 12244
12217 12245 12241
12245 12242 12241
12238 12234 12246
12244 12246 12234
12247 12245 12217
12217 12211 12247
12247 12211 12248
12209 12248 12211
12249 12248 12209
12249 12209 12215
12247 12248 12250
12250 12248 12249
12247 12251 12245
12250 12251 12247
12251 12252 12245
12250 12253 12251
12254 12245 12252
12254 12252 12255
12256 12254 12255
12245 12254 12242
12257 12253 12250
12250 12249 12257
12257 12258 12253
12256 12259 12254
12259 12242 12254
12260 12259 12256
12257 12249 12261
12261 12249 12215
12258 12257 12262
12257 12261 12262
12261 12263 12262
12258 12262 12264
12264 12262 12263
12264 12263 12265
12263 12266 12265
12260 12267 12259
12267 12260 12268
12261 12215 12269
12216 12269 12215
12216 12270 12269
12269 12271 12261
12261 12271 12263
12272 12263 12271
12263 12273 12266
12272 12273 12263
12274 12266 12273
12275 12269 12270
12269 12275 12271
12275 12272 12271
12275 12276 12272
12275 12270 12277
12277 12276 12275
12277 12278 12276
12279 12276 12278
12274 12273 12280
12281 12274 12280
12279 12282 12276
12282 12279 12283
12281 12280 12284
12285 12281 12284
12285 12284 12286
12286 12284 12287
12286 12287 12288
12284 12289 12287
12284 12280 12289
12280 12290 12289
12280 12291 12290
12280 12273 12291
12273 12292 12291
12273 12272 12292
12272 12293 12292
12294 12293 12272
12276 12294 12272
12276 12295 12294
12282 12295 12276
12282 12296 12295
12297 12296 12282
12298 12297 12282
12282 12283 12298
12299 12298 12283
12298 12300 12297
12299 12301 12298
12301 12300 12298
12301 12302 12300
12303 12304 12305
12303 12306 12304
12307 12304 12306
12306 12303 12308
12307 12306 12309
12310 12307 12309
12306 12308 12311
12309 12306 12311
12312 12311 12308
12312 12308 12313
12312 12313 12314
12312 12314 12315
12314 12316 12315
12311 12312 12317
12315 12317 12312
12309 12311 12318
12311 12317 12318
12319 12315 12316
12315 12319 12320
12319 12316 12321
12321 12322 12319
12321 12323 12322
12323 12324 12322
12324 12325 12322
12324 12326 12325
12325 12326 12327
12322 12328 12319
12320 12319 12328
12322 12329 12328
12325 12329 12322
12315 12330 12317
12315 12320 12330
12325 12327 12331
12331 12327 12332
12333 12328 12329
12328 12333 12320
12333 12334 12320
12335 12320 12334
12336 12320 12335
12336 12330 12320
12330 12337 12317
12330 12336 12337
12331 12332 12338
12332 12339 12338
12338 12339 12340
12337 12341 12317
12341 12318 12317
12318 12341 12342
12342 12309 12318
12342 12343 12309
12310 12309 12343
12344 12310 12343
12344 12343 12342
12344 12345 12310
12346 12345 12344
12346 12347 12345
12348 12346 12344
12344 12342 12348
12348 12349 12346
12341 12350 12342
12350 12348 12342
12349 12348 12351
12350 12351 12348
12349 12351 12352
12353 12350 12341
12353 12351 12350
12353 12341 12337
12352 12351 12354
12353 12354 12351
12352 12354 12355
12356 12353 12337
12356 12337 12336
12355 12354 12357
12355 12357 12358
12359 12358 12357
12360 12354 12353
12356 12360 12353
12360 12357 12354
12356 12336 12361
12361 12336 12335
12359 12357 12362
12363 12359 12362
12364 12357 12360
12364 12362 12357
12360 12356 12365
12365 12356 12361
12360 12365 12364
12363 12362 12366
12366 12362 12364
12367 12363 12366
12367 12366 12368
12369 12367 12368
12366 12364 12370
12370 12368 12366
12365 12371 12364
12371 12370 12364
12369 12368 12372
12369 12372 12373
12372 12374 12373
12370 12375 12368
12371 12376 12370
12376 12375 12370
12368 12377 12372
12368 12375 12377
12378 12371 12365
12376 12371 12379
12378 12379 12371
12378 12365 12380
12365 12361 12380
12372 12381 12374
12372 12377 12382
12372 12382 12381
12383 12374 12381
12383 12384 12374
12385 12381 12382
12385 12383 12381
12386 12384 12383
12386 12387 12384
12388 12386 12383
12388 12387 12386
12388 12383 12385
12388 12389 12387
12388 12390 12389
12388 12391 12390
12385 12391 12388
12392 12390 12391
12385 12393 12391
12392 12391 12393
12382 12393 12385
12394 12392 12393
12382 12395 12393
12394 12393 12395
12395 12382 12377
12395 12396 12394
12395 12377 12397
12395 12397 12396
12397 12377 12375
12398 12396 12397
12397 12375 12399
12399 12398 12397
12376 12399 12375
12399 12400 12398
12401 12399 12376
12400 12399 12401
12400 12401 12402
12376 12379 12401
12402 12401 12379
12402 12379 12403
12404 12403 12379
12404 12379 12378
12378 12405 12404
12378 12406 12405
12407 12405 12406
12378 12380 12406
12407 12406 12408
12380 12408 12406
12408 12409 12407
12380 12410 12408
12361 12410 12380
12408 12411 12409
12411 12408 12410
12361 12412 12410
12361 12335 12412
12411 12413 12409
12414 12409 12413
12411 12410 12415
12412 12415 12410
12415 12413 12411
12414 12413 12416
12417 12414 12416
12415 12418 12413
12418 12416 12413
12412 12419 12415
12418 12415 12419
12417 12416 12420
12416 12421 12420
12421 12422 12420
12417 12420 12423
12422 12423 12420
12422 12424 12423
12425 12424 12422
12418 12426 12416
12416 12426 12421
12427 12426 12418
12418 12419 12427
12428 12425 12422
12428 12429 12425
12430 12421 12426
12427 12430 12426
12429 12428 12431
12429 12431 12432
12433 12432 12431
12433 12434 12432
12434 12433 12435
12434 12435 12436
12437 12433 12431
12437 12435 12433
12438 12436 12435
12437 12438 12435
12438 12439 12436
12440 12439 12438
12428 12441 12431
12437 12431 12441
12440 12438 12442
12443 12440 12442
12438 12444 12442
12443 12442 12444
12438 12437 12444
12444 12445 12443
12446 12444 12437
12444 12446 12445
12446 12437 12441
12447 12445 12446
12447 12446 12448
12448 12446 12441
12449 12447 12448
12450 12449 12448
12450 12451 12449
12452 12451 12450
12448 12441 12453
12450 12448 12453
12428 12453 12441
12453 12428 12422
12453 12422 12454
12450 12453 12454
12421 12454 12422
12450 12454 12421
12452 12450 12455
12450 12421 12455
12455 12456 12452
12430 12455 12421
12455 12430 12456
12430 12457 12456
12457 12430 12427
12457 12427 12458
12419 12458 12427
12459 12458 12419
12459 12460 12458
12459 12461 12460
12419 12462 12459
12459 12462 12461
12419 12412 12462
12461 12462 12463
12464 12461 12463
12412 12465 12462
12463 12462 12465
12465 12412 12335
12464 12463 12466
12467 12464 12466
12463 12465 12468
12466 12463 12468
12467 12466 12469
12470 12467 12469
12471 12470 12469
12465 12335 12472
12468 12465 12472
12466 12468 12473
12469 12466 12473
12471 12469 12474
12475 12471 12474
12468 12472 12476
12473 12468 12476
12469 12473 12477
12477 12474 12469
12478 12475 12474
12478 12479 12475
12480 12479 12478
12473 12476 12481
12481 12477 12473
12477 12482 12474
12478 12474 12482
12481 12483 12477
12483 12482 12477
12476 12484 12481
12485 12481 12484
12485 12483 12481
12476 12486 12484
12485 12487 12483
12476 12472 12486
12488 12483 12487
12483 12488 12482
12488 12487 12489
12488 12489 12490
12478 12482 12491
12491 12482 12488
12488 12490 12492
12491 12488 12492
12490 12493 12492
12492 12493 12494
12486 12472 12495
12486 12495 12496
12495 12497 12496
12498 12495 12472
12495 12498 12497
12498 12472 12335
12491 12499 12478
12480 12478 12499
12492 12500 12491
12491 12500 12499
12492 12494 12501
12492 12501 12500
12480 12499 12502
12480 12502 12503
12499 12500 12504
12504 12500 12501
12499 12504 12502
12505 12501 12494
12504 12501 12505
12505 12494 12506
12507 12503 12502
12504 12507 12502
12507 12508 12503
12504 12509 12507
12508 12507 12509
12509 12504 12505
12508 12509 12510
12511 12510 12509
12512 12505 12506
12512 12506 12511
12509 12505 12512
12511 12509 12512
12513 12514 12515
12513 12516 12514
12517 12516 12513
12517 12518 12516
12516 12519 12514
12518 12519 12516
12519 12520 12514
12518 12521 12519
12519 12522 12520
12521 12523 12519
12519 12523 12522
12521 12524 12523
12524 12525 12523
12525 12526 12523
12523 12527 12522
12523 12526 12527
12524 12528 12525
12526 12529 12527
12530 12525 12528
12531 12529 12526
12530 12532 12525
12533 12532 12530
12533 12534 12532
12534 12533 12535
12536 12525 12532
12534 12536 12532
12534 12535 12537
12538 12537 12535
12539 12531 12526
12539 12540 12531
12525 12541 12526
12536 12541 12525
12542 12526 12541
12542 12539 12526
12542 12541 12536
12534 12543 12536
12543 12534 12537
12538 12544 12537
12545 12544 12538
12546 12540 12539
12546 12547 12540
12548 12547 12546
12542 12536 12549
12549 12536 12543
12544 12550 12537
12543 12537 12550
12545 12551 12544
12552 12551 12545
12544 12553 12550
12551 12553 12544
12554 12543 12550
12554 12550 12553
12549 12543 12555
12554 12555 12543
12552 12556 12551
12556 12552 12557
12558 12542 12549
12542 12558 12559
12558 12549 12560
12560 12549 12555
12542 12559 12539
12560 12555 12561
12554 12561 12555
12562 12539 12559
12562 12546 12539
12554 12563 12561
12564 12546 12562
12563 12554 12565
12563 12565 12566
12554 12553 12565
12564 12567 12546
12567 12564 12568
12567 12548 12546
12567 12568 12569
12569 12548 12567
12569 12570 12548
12566 12565 12571
12566 12571 12268
12267 12268 12571
12565 12553 12572
12565 12572 12571
12551 12572 12553
12571 12572 12573
12551 12573 12572
12571 12573 12267
12551 12556 12573
12267 12573 12574
12267 12574 12259
12259 12574 12242
12573 12575 12574
12575 12242 12574
12573 12556 12575
12575 12243 12242
12575 12576 12243
12244 12243 12576
12577 12575 12556
12575 12577 12576
12577 12556 12578
12578 12576 12577
12556 12557 12578
12557 12579 12578
12578 12579 12576
12557 12580 12579
12581 12579 12580
12244 12576 12582
12579 12582 12576
12583 12244 12582
12583 12246 12244
12583 12584 12246
12584 12238 12246
12582 12585 12583
12579 12586 12582
12582 12586 12585
12583 12587 12584
12587 12583 12585
12581 12588 12579
12579 12589 12586
12579 12588 12589
12590 12588 12581
12589 12588 12590
12590 12581 12591
12590 12591 12592
12593 12586 12589
12593 12585 12586
12590 12592 12594
12594 12592 12595
12589 12590 12596
12596 12593 12589
12594 12596 12590
12587 12585 12597
12598 12585 12593
12598 12597 12585
12598 12593 12599
12598 12600 12597
12601 12587 12597
12600 12601 12597
12600 12602 12601
12601 12584 12587
12603 12599 12593
12596 12603 12593
12603 12604 12599
12594 12605 12596
12605 12603 12596
12604 12603 12606
12605 12606 12603
12604 12606 12607
12606 12608 12607
12602 12609 12601
12602 12610 12609
12611 12584 12601
12611 12601 12609
12612 12605 12594
12594 12595 12612
12613 12606 12605
12612 12613 12605
12614 12612 12595
12614 12613 12612
12614 12595 12615
12614 12615 12616
12613 12617 12606
12606 12617 12608
12614 12618 12613
12618 12617 12613
12614 12616 12619
12619 12618 12614
12619 12616 12620
12608 12617 12621
12618 12621 12617
12608 12621 12622
12623 12622 12621
12623 12621 12618
12623 12624 12622
12625 12624 12623
12626 12625 12623
12625 12627 12624
12628 12627 12625
12623 12618 12629
12619 12629 12618
12626 12623 12629
12626 12629 12619
12619 12620 12630
12626 12619 12630
12631 12630 12620
12628 12625 12632
12633 12628 12632
12631 12634 12630
12635 12634 12631
12633 12632 12636
12637 12633 12636
12637 12636 12638
12638 12636 12639
12636 12632 12639
12638 12639 12640
12632 12641 12639
12632 12642 12641
12632 12625 12642
12625 12643 12642
12625 12626 12643
12626 12644 12643
12645 12644 12626
12630 12645 12626
12630 12646 12645
12634 12646 12630
12634 12647 12646
12648 12647 12634
12649 12648 12634
12635 12649 12634
12649 12635 12650
12649 12650 12651
12651 12648 12649
12651 12652 12648
12653 12654 12655
12653 12655 12656
12656 12657 12653
12656 12655 12658
12656 12659 12657
12656 12658 12660
12659 12656 12660
12660 12658 12661
12660 12661 12662
12659 12660 12663
12662 12663 12660
12662 12664 12663
12662 12661 12665
12662 12665 12666
12665 12667 12666
12668 12664 12662
12666 12667 12669
12670 12666 12669
12670 12669 12671
12668 12662 12672
12666 12672 12662
12672 12673 12668
12674 12670 12671
12674 12671 12675
12672 12676 12673
12676 12677 12673
12678 12674 12675
12678 12675 12679
12680 12678 12679
12680 12679 12681
12682 12678 12680
12682 12683 12678
12683 12674 12678
12683 12684 12674
12670 12674 12684
12670 12684 12685
12686 12670 12685
12686 12687 12670
12688 12687 12686
12666 12670 12687
12688 12689 12687
12690 12689 12688
12666 12687 12691
12666 12691 12672
12687 12692 12691
12672 12691 12692
12687 12689 12692
12672 12692 12676
12690 12693 12689
12693 12692 12689
12694 12676 12692
12693 12694 12692
12695 12693 12690
12694 12693 12695
12695 12690 12696
12696 12697 12695
12696 12698 12697
12697 12698 12237
12694 12699 12676
12676 12699 12677
12699 12700 12677
12694 12695 12701
12701 12695 12697
12694 12702 12699
12699 12702 12700
12694 12701 12702
12697 12237 12703
12236 12703 12237
12701 12697 12704
12704 12702 12701
12704 12697 12703
12700 12702 12705
12704 12705 12702
12700 12705 12706
12705 12707 12706
12703 12236 12708
12236 12235 12708
12704 12703 12709
12709 12705 12704
12703 12708 12709
12709 12708 12710
12705 12711 12707
12709 12711 12705
12709 12710 12711
12712 12707 12711
12712 12711 12710
12710 12713 12712
12714 12708 12235
12714 12710 12708
12235 12228 12714
12710 12715 12713
12715 12716 12713
12715 12717 12716
12717 12718 12716
12719 12714 12228
12715 12719 12717
12719 12228 12238
12720 12715 12710
12720 12710 12714
12715 12720 12719
12719 12720 12714
12719 12238 12721
12717 12719 12721
12584 12721 12238
12611 12721 12584
12717 12721 12611
12717 12611 12722
12611 12609 12722
12717 12723 12718
12717 12722 12723
12609 12724 12722
12723 12722 12724
12718 12723 12725
12723 12724 12725
12718 12725 12726
12725 12727 12726
12725 12728 12727
12728 12729 12727
12609 12730 12724
12610 12730 12609
12610 12731 12730
12732 12730 12731
12725 12724 12733
12725 12733 12728
12724 12730 12734
12732 12734 12730
12724 12734 12733
12732 12735 12734
12733 12734 12735
12732 12736 12735
12728 12733 12737
12733 12735 12737
12736 12738 12735
12738 12737 12735
12736 12739 12738
12728 12737 12740
12728 12740 12729
12741 12738 12739
12741 12739 12742
12742 12743 12741
12741 12743 12744
12742 12745 12743
12746 12743 12745
12738 12747 12737
12740 12737 12747
12741 12747 12738
12729 12740 12748
12740 12747 12748
12729 12748 12749
12750 12749 12748
12747 12750 12748
12750 12744 12751
12750 12752 12749
12752 12750 12751
12752 12751 12753
12754 12753 12751
12741 12755 12747
12747 12755 12750
12741 12744 12755
12750 12755 12744
12754 12751 12756
12756 12757 12754
12756 12758 12757
12759 12757 12758
12759 12758 12760
12758 12761 12760
12758 12762 12761
12756 12762 12758
12756 12763 12762
12756 12764 12763
12756 12751 12764
12751 12765 12764
12751 12744 12765
12744 12766 12765
12767 12766 12744
12743 12767 12744
12743 12768 12767
12769 12768 12743
12746 12769 12743
12769 12770 12768
12769 12746 12771
12769 12772 12770
12769 12771 12773
12769 12773 12772
12774 12773 12771
12773 12775 12772
12774 12776 12773
12773 12776 12775
12777 12778 12779
12777 12779 12780
12779 12781 12780
12781 12782 12780
12780 12782 12783
12780 12783 12784
12777 12780 12784
12777 12784 12785
12786 12787 12788
12786 12788 12789
12788 12790 12789
12790 12791 12789
12789 12791 12792
12789 12792 12793
12786 12789 12793
12786 12793 12794
12795 12796 12797
12795 12798 12796
12798 12799 12796
12798 12800 12799
12801 12800 12798
12802 12801 12798
12795 12802 12798
12795 12803 12802
12804 12805 12806
12804 12807 12805
12807 12808 12805
12807 12809 12808
12810 12809 12807
12811 12810 12807
12804 12811 12807
12804 12812 12811
12813 12814 12815
12814 12816 12815
12816 12817 12815
12816 12818 12817
12819 12818 12816
12814 12820 12816
12821 12819 12816
12820 12821 12816
12820 12822 12821
12822 12823 12821
12824 12825 12826
12824 12826 12827
12824 12827 12828
12824 12828 12829
12829 12828 12830
12829 12830 12831
12830 12832 12831
12830 12833 12832
12834 12832 12833
12834 12833 12835
12836 12834 12835
12836 12835 12837
12837 12838 12836
12837 12839 12838
12838 12839 12840
12838 12840 12841
12842 12841 12840
12842 12843 12841
12842 12844 12843
12842 12845 12844
12845 12846 12844
12844 12846 12847
12848 12847 12846
12848 12846 12849
12850 12848 12849
12850 12851 12848
12851 12850 12852
12851 12852 12853
12853 12852 12854
12853 12854 12855
12856 12855 12854
12856 12854 12857
12858 12859 12860
12858 12861 12859
12858 12862 12861
12858 12863 12862
12863 12864 12862
12863 12865 12864
12864 12865 12866
12864 12866 12867
12868 12867 12866
12868 12869 12867
12868 12870 12869
12868 12871 12870
12870 12871 12872
12870 12872 12873
12872 12874 12873
12872 12875 12874
12876 12874 12875
12876 12875 12877
12876 12877 12878
12876 12878 12879
12879 12878 12880
12878 12881 12880
12882 12880 12881
12882 12883 12880
12884 12883 12882
12884 12882 12885
12885 12886 12884
12885 12887 12886
12887 12888 12886
12887 12889 12888
12890 12888 12889
12890 12891 12888
12892 12893 12894
12892 12894 12895
12894 12896 12895
12897 12896 12894
12897 12894 12898
12898 12899 12897
12900 12901 12902
12900 12903 12901
12901 12903 12904
12905 12901 12904
12905 12906 12901
12906 12905 12907
12908 12909 12910
12908 12910 12911
12912 12911 12910
12912 12913 12911
12913 12912 12914
12913 12914 12915
12916 12917 12918
12916 12918 12919
12920 12919 12918
12920 12921 12919
12921 12920 12922
12921 12922 12923
12924 12925 12926
12924 12926 12927
12927 12926 12928
12927 12928 12929
12930 12931 12932
12930 12932 12933
12932 12934 12933
12932 12935 12934
12934 12935 12936
12934 12936 12937
12938 12939 12940
12938 12941 12939
12942 12941 12938
12942 12943 12941
12944 12943 12942
12944 12945 12943
12946 12945 12944
12946 12947 12945
12948 12947 12946
12948 12949 12947
12950 12949 12948
12950 12951 12949
12952 12951 12950
12952 12953 12951
12954 12953 12952
12954 12955 12953
12956 12957 12958
12957 12956 12959
12957 12959 12960
12961 12960 12959
12961 12959 12962
12961 12962 12963
12964 12965 12966
12964 12967 12965
12968 12967 12964
12968 12969 12967
12970 12969 12968
12970 12971 12969
12972 12971 12970
12972 12973 12971
12974 12973 12972
12974 12975 12973
12976 12975 12974
12976 12977 12975
12978 12977 12976
12978 12979 12977
12980 12979 12978
12980 12981 12979
12982 12983 12984
12983 12982 12985
12983 12985 12986
12987 12986 12985
12987 12985 12988
12987 12988 12989
12990 12991 12992
12990 12993 12991
12994 12993 12990
12994 12995 12993
12996 12995 12994
12996 12997 12995
12998 12997 12996
12998 12999 12997
13000 12999 12998
13000 13001 12999
13002 13001 13000
13002 13003 13001
13004 13003 13002
13004 13005 13003
13006 13005 13004
13006 13007 13005
13008 13009 13010
13009 13008 13011
13009 13011 13012
13013 13012 13011
13013 13011 13014
13013 13014 13015
13016 13017 13018
13016 13018 13019
13020 13021 13022
13020 13022 13023
13024 13020 13023
13024 13023 13025
13026 13024 13025
13026 13027 13024
13028 13027 13026
13028 13029 13027
13030 13031 13032
13030 13033 13031
13030 13034 13033
13030 13035 13034
13034 13035 13036
13034 13036 13037
13036 13038 13037
13036 13039 13038
13040 13041 13042
13040 13043 13041
13043 13044 13041
13043 13045 13044
13044 13045 13046
13044 13046 13047
13047 13046 13048
13047 13048 13049
13050 13051 13052
13050 13052 13053
13054 13055 13056
13054 13056 13057
13058 13059 13060
13058 13060 13061
13062 13058 13061
13062 13061 13063
13064 13062 13063
13064 13063 13065
13066 13064 13065
13066 13065 13067
13068 13069 13070
13068 13070 13071
13072 13073 13074
13072 13075 13073
13072 13076 13075
13072 13077 13076
13078 13076 13077
13078 13079 13076
13080 13079 13078
13080 13081 13079
13082 13083 13084
13082 13085 13083
13086 13085 13082
13086 13087 13085
13088 13087 13086
13088 13089 13087
13090 13089 13088
13090 13091 13089
13092 13091 13090
13092 13093 13091
13094 13093 13092
13094 13095 13093
13096 13095 13094
13096 13097 13095
13098 13097 13096
13098 13099 13097
13100 13101 13102
13101 13100 13103
13101 13103 13104
13105 13104 13103
13105 13103 13106
13105 13106 13107
13108 13109 13110
13108 13111 13109
13112 13111 13108
13112 13113 13111
13114 13113 13112
13114 13115 13113
13116 13115 13114
13116 13117 13115
13118 13117 13116
13118 13119 13117
13120 13119 13118
13120 13121 13119
13122 13121 13120
13122 13123 13121
13124 13123 13122
13124 13125 13123
13126 13127 13128
13127 13126 13129
13127 13129 13130
13131 13130 13129
13131 13129 13132
13131 13132 13133
13134 13135 13136
13134 13136 13137
13138 13134 13137
13138 13137 13139
13140 13138 13139
13140 13139 13141
13142 13140 13141
13142 13141 13143
13144 13142 13143
13144 13143 13145
13146 13144 13145
13146 13145 13147
13148 13146 13147
13148 13147 13149
13150 13148 13149
13150 13149 13151
13152 13153 13154
13152 13154 13155
13156 13152 13155
13156 13155 13157
13158 13156 13157
13158 13157 13159
13160 13158 13159
13160 13159 13161
13162 13160 13161
13162 13161 13163
13164 13162 13163
13164 13163 13165
13166 13164 13165
13166 13165 13167
13168 13166 13167
13168 13167 13169
13170 13171 13172
13170 13172 13173
13174 13170 13173
13174 13173 13175
13176 13174 13175
13176 13175 13177
13178 13176 13177
13178 13177 13179
13180 13178 13179
13180 13179 13181
13182 13180 13181
13182 13181 13183
13184 13182 13183
13184 13183 13185
13186 13184 13185
13186 13185 13187
13188 13189 13190
13188 13190 13191
13192 13188 13191
13192 13191 13193
13194 13192 13193
13194 13193 13195
13196 13194 13195
13196 13195 13197
13198 13196 13197
13198 13197 13199
13200 13198 13199
13200 13199 13201
13202 13200 13201
13202 13201 13203
13204 13202 13203
13204 13203 13205
13206 13207 13208
13206 13208 13209
13210 13206 13209
13210 13209 13211
13212 13210 13211
13212 13211 13213
13214 13212 13213
13214 13213 13215
13216 13214 13215
13216 13215 13217
13218 13216 13217
13218 13217 13219
13220 13218 13219
13220 13219 13221
13222 13220 13221
13222 13221 13223
13224 13225 13226
13224 13226 13227
13228 13224 13227
13228 13227 13229
13230 13228 13229
13230 13229 13231
13232 13230 13231
13232 13231 13233
13234 13232 13233
13234 13233 13235
13236 13234 13235
13236 13235 13237
13238 13236 13237
13238 13237 13239
13240 13238 13239
13240 13239 13241
13242 13243 13244
13242 13244 13245
13246 13242 13245
13246 13245 13247
13248 13246 13247
13248 13247 13249
13250 13248 13249
13250 13249 13251
13252 13250 13251
13252 13251 13253
13254 13252 13253
13254 13253 13255
13256 13254 13255
13256 13255 13257
13258 13256 13257
13258 13257 13259
13260 13261 13262
13260 13262 13263
13264 13260 13263
13264 13263 13265
13266 13264 13265
13266 13265 13267
13268 13266 13267
13268 13267 13269
13270 13268 13269
13270 13269 13271
13272 13270 13271
13272 13271 13273
13274 13272 13273
13274 13273 13275
13276 13274 13275
13276 13275 13277
13278 13279 13280
13278 13280 13281
13282 13278 13281
13282 13281 13283
13284 13282 13283
13284 13283 13285
13286 13284 13285
13286 13285 13287
13288 13286 13287
13288 13287 13289
13290 13288 13289
13290 13289 13291
13292 13290 13291
13292 13291 13293
13294 13292 13293
13294 13293 13295
13296 13297 13298
13296 13298 13299
13300 13299 13298
13300 13298 13301
13300 13301 13302
13300 13302 13303
13304 13303 13302
13304 13302 13305
13306 13307 13308
13306 13309 13307
13307 13309 13310
13307 13310 13311
13312 13311 13310
13312 13310 13313
13314 13312 13313
13314 13315 13312
13316 13317 13318
13318 13317 13319
13318 13319 13320
13321 13319 13317
13319 13322 13320
13319 13321 13323
13319 13323 13322
13322 13323 13324
13325 13326 13327
13325 13328 13326
13328 13329 13326
13328 13330 13329
13329 13330 13331
13329 13331 13332
13332 13331 13333
13332 13333 13334
13335 13336 13337
13335 13338 13336
13338 13335 13339
13338 13339 13340
13341 13340 13339
13341 13339 13342
13342 13343 13341
13342 13344 13343
13345 13346 13347
13345 13348 13346
13348 13349 13346
13348 13350 13349
13350 13351 13349
13350 13352 13351
13352 13353 13351
13352 13354 13353
13354 13355 13353
13354 13356 13355
13356 13357 13355
13356 13358 13357
13358 13359 13357
13358 13360 13359
13360 13361 13359
13360 13362 13361
13363 13364 13365
13363 13365 13366
13367 13368 13369
13367 13370 13368
13370 13371 13368
13370 13372 13371
13373 13374 13375
13373 13376 13374
13376 13377 13374
13376 13378 13377
13379 13380 13381
13379 13382 13380
13382 13383 13380
13382 13384 13383
13385 13386 13387
13385 13387 13388
13389 13390 13391
13389 13392 13390
13392 13393 13390
13392 13394 13393
13394 13395 13393
13394 13396 13395
13396 13397 13395
13396 13398 13397
13398 13399 13397
13398 13400 13399
13400 13401 13399
13400 13402 13401
13402 13403 13401
13402 13404 13403
13404 13405 13403
13404 13406 13405
13407 13408 13409
13407 13410 13408
13410 13411 13408
13410 13412 13411
13412 13413 13411
13412 13414 13413
13414 13415 13413
13414 13416 13415
13416 13417 13415
13416 13418 13417
13418 13419 13417
13418 13420 13419
13420 13421 13419
13420 13422 13421
13422 13423 13421
13422 13424 13423
13425 13426 13427
13425 13428 13426
13428 13429 13426
13428 13425 13430
13428 13431 13429
13431 13432 13429
13428 13430 13433
13431 13428 13433
13431 13434 13432
13435 13432 13434
13434 13436 13435
13434 13437 13436
13438 13436 13437
13437 13439 13438
13439 13437 13440
13440 13437 13441
13442 13433 13430
13442 13430 13443
13431 13433 13444
13444 13434 13431
13442 13444 13433
13445 13437 13434
13444 13445 13434
13441 13437 13446
13445 13446 13437
13441 13446 13447
13445 13448 13446
13449 13442 13443
13443 13450 13449
13442 13451 13444
13451 13445 13444
13451 13442 13449
13448 13445 13452
13451 13452 13445
13448 13452 13453
13452 13451 13454
13451 13449 13454
13455 13453 13452
13452 13454 13455
13455 13456 13453
13457 13456 13455
13454 13457 13455
13457 13458 13456
13457 13459 13458
13449 13460 13454
13454 13460 13457
13457 13461 13459
13460 13461 13457
13461 13462 13459
13449 13463 13460
13450 13463 13449
13460 13464 13461
13463 13464 13460
13461 13465 13462
13465 13461 13464
13466 13462 13465
13450 13467 13463
13463 13467 13464
13450 13468 13467
13469 13464 13467
13465 13464 13469
13470 13467 13468
13469 13467 13470
13469 13471 13465
13470 13471 13469
13466 13465 13472
13471 13472 13465
13470 13468 13473
13473 13468 13474
13473 13474 13475
13476 13475 13474
13477 13475 13476
13466 13472 13478
13466 13478 13479
13480 13479 13478
13470 13481 13471
13473 13481 13470
13471 13482 13472
13482 13478 13472
13482 13471 13481
13473 13483 13481
13483 13473 13475
13482 13481 13484
13483 13484 13481
13482 13485 13478
13484 13485 13482
13480 13478 13486
13486 13478 13485
13480 13486 13487
13480 13487 13488
13487 13486 13489
13486 13485 13489
13487 13489 13490
13489 13491 13490
13489 13485 13492
13491 13489 13492
13484 13492 13485
13492 13493 13491
13483 13494 13484
13494 13492 13484
13492 13495 13493
13494 13495 13492
13496 13493 13495
13494 13483 13497
13483 13475 13497
13498 13496 13495
13498 13499 13496
13494 13500 13495
13494 13497 13500
13500 13501 13495
13501 13500 13497
13501 13498 13495
13502 13497 13475
13501 13497 13502
13502 13475 13503
13477 13503 13475
13502 13504 13501
13503 13504 13502
13505 13503 13477
13504 13503 13505
13505 13477 13506
13506 13507 13505
13507 13508 13505
13504 13505 13508
13509 13504 13508
13504 13510 13501
13510 13498 13501
13510 13504 13509
13498 13510 13511
13509 13511 13510
13498 13511 13512
13498 13512 13499
13513 13499 13512
13514 13512 13511
13514 13513 13512
13509 13514 13511
13515 13513 13514
13514 13516 13515
13509 13516 13514
13515 13516 13517
13517 13516 13518
13509 13518 13516
13517 13518 13519
13519 13518 13520
13509 13521 13518
13508 13521 13509
13522 13520 13518
13522 13518 13521
13522 13523 13520
13522 13524 13523
13524 13525 13523
13525 13524 13526
13521 13508 13527
13521 13527 13522
13522 13528 13524
13522 13527 13528
13524 13529 13526
13529 13530 13526
13531 13527 13508
13507 13531 13508
13531 13507 13532
13530 13529 13533
13530 13533 13534
13533 13535 13534
13531 13536 13527
13531 13532 13537
13537 13536 13531
13538 13527 13536
13538 13528 13527
13532 13539 13537
13532 13540 13539
13537 13541 13536
13541 13538 13536
13537 13542 13541
13537 13539 13542
13540 13543 13539
13540 13544 13543
13543 13544 13545
13543 13545 13546
13546 13547 13543
13539 13543 13547
13546 13548 13547
13549 13547 13548
13549 13548 13550
13539 13547 13551
13542 13539 13551
13551 13547 13549
13552 13541 13542
13541 13552 13538
13553 13549 13550
13550 13554 13553
13553 13555 13549
13556 13549 13555
13556 13557 13549
13551 13549 13557
13558 13542 13551
13552 13542 13558
13559 13557 13556
13559 13556 13560
13561 13559 13560
13557 13562 13551
13557 13559 13562
13558 13551 13562
13559 13563 13562
13561 13563 13559
13563 13558 13562
13552 13558 13564
13563 13564 13558
13561 13565 13563
13564 13563 13565
13564 13565 13566
13565 13561 13567
13565 13567 13568
13566 13565 13568
13569 13566 13568
13566 13569 13570
13552 13564 13571
13566 13571 13564
13571 13538 13552
13566 13570 13572
13570 13573 13572
13572 13574 13566
13566 13574 13571
13572 13575 13574
13576 13574 13575
13571 13577 13538
13577 13571 13574
13528 13538 13577
13576 13578 13574
13577 13574 13578
13576 13579 13578
13576 13580 13579
13580 13581 13579
13579 13581 13582
13528 13577 13583
13578 13583 13577
13583 13524 13528
13578 13584 13583
13579 13584 13578
13583 13585 13524
13584 13585 13583
13524 13585 13529
13584 13586 13585
13529 13585 13586
13579 13587 13584
13586 13584 13587
13588 13579 13582
13588 13587 13579
13529 13586 13589
13529 13589 13533
13586 13587 13590
13590 13589 13586
13591 13533 13589
13591 13592 13533
13593 13591 13589
13593 13589 13594
13590 13594 13589
13593 13594 13595
13596 13595 13594
13590 13587 13597
13597 13594 13590
13597 13587 13588
13596 13594 13598
13597 13598 13594
13596 13598 13599
13600 13599 13598
13599 13600 13601
13598 13597 13602
13602 13600 13598
13597 13588 13603
13602 13597 13603
13603 13588 13604
13588 13582 13604
13582 13605 13604
13606 13604 13605
13606 13607 13604
13603 13604 13607
13607 13606 13608
13602 13603 13609
13603 13607 13609
13610 13600 13602
13610 13602 13609
13600 13611 13601
13610 13611 13600
13601 13611 13612
13610 13612 13611
13601 13612 13613
13612 13614 13613
13615 13609 13607
13607 13608 13615
13612 13610 13616
13612 13616 13614
13610 13609 13617
13616 13610 13617
13615 13617 13609
13614 13616 13618
13616 13617 13618
13614 13618 13619
13618 13620 13619
13617 13621 13618
13617 13615 13621
13618 13621 13620
13622 13621 13615
13622 13615 13608
13621 13622 13620
13623 13622 13608
13623 13620 13622
13623 13608 13624
13623 13625 13620
13626 13627 13628
13626 13628 13629
13630 13629 13628
13631 13626 13629
13631 13629 13632
13630 13633 13629
13633 13632 13629
13632 13634 13631
13633 13635 13632
13632 13636 13634
13637 13632 13635
13637 13635 13638
13638 13639 13637
13638 13640 13639
13640 13641 13639
13639 13641 13642
13632 13643 13636
13643 13632 13637
13643 13644 13636
13645 13643 13637
13643 13645 13644
13645 13637 13639
13645 13646 13644
13647 13646 13645
13647 13645 13648
13648 13645 13639
13649 13647 13648
13639 13642 13650
13648 13639 13650
13649 13648 13650
13651 13650 13642
13649 13650 13652
13651 13652 13650
13652 13653 13649
13652 13651 13654
13653 13652 13655
13652 13654 13655
13653 13655 13656
13655 13657 13656
13656 13658 13653
13658 13656 13657
13658 13657 13659
13659 13657 13660
13654 13661 13655
13655 13661 13657
13654 13662 13661
13663 13661 13662
13663 13664 13661
13657 13661 13664
13665 13664 13663
13660 13657 13666
13657 13664 13666
13665 13666 13664
13660 13666 13667
13666 13665 13668
13669 13667 13666
13666 13668 13669
13667 13669 13670
13669 13668 13671
13672 13670 13669
13669 13671 13672
13672 13673 13670
13674 13672 13671
13675 13673 13672
13674 13676 13672
13675 13672 13676
13677 13678 13679
13677 13679 13680
13680 13679 13681
13680 13682 13677
13680 13681 13683
13683 13681 13684
13680 13685 13682
13683 13685 13680
13683 13684 13686
13687 13686 13684
13686 13687 13688
13686 13688 13689
13690 13689 13688
13689 13690 13691
13691 13692 13689
13689 13692 13693
13694 13682 13685
13694 13695 13682
13683 13696 13685
13696 13683 13686
13694 13685 13696
13697 13686 13689
13696 13686 13697
13693 13698 13689
13697 13689 13698
13693 13699 13698
13697 13698 13700
13701 13695 13694
13695 13701 13702
13694 13696 13703
13703 13696 13697
13703 13701 13694
13700 13704 13697
13703 13697 13704
13700 13705 13704
13704 13706 13703
13703 13706 13701
13707 13704 13705
13704 13707 13706
13707 13705 13708
13709 13707 13708
13706 13707 13709
13709 13708 13710
13709 13710 13711
13701 13706 13712
13706 13709 13712
13709 13711 13713
13712 13709 13713
13713 13711 13714
13701 13712 13715
13702 13701 13715
13712 13713 13716
13715 13712 13716
13713 13714 13717
13717 13716 13713
13718 13717 13714
13702 13715 13719
13715 13716 13719
13702 13719 13720
13721 13719 13716
13717 13721 13716
13722 13720 13719
13721 13722 13719
13721 13717 13723
13722 13721 13723
13718 13724 13717
13723 13717 13724
13722 13725 13720
13725 13726 13720
13725 13727 13726
13728 13726 13727
13729 13728 13727
13718 13730 13724
13718 13731 13730
13732 13730 13731
13722 13723 13733
13725 13722 13733
13723 13724 13734
13734 13724 13730
13734 13733 13723
13725 13733 13735
13735 13727 13725
13734 13736 13733
13735 13733 13736
13734 13730 13737
13736 13734 13737
13732 13738 13730
13738 13737 13730
13732 13739 13738
13732 13740 13739
13739 13741 13738
13738 13741 13737
13739 13742 13741
13741 13742 13743
13741 13744 13737
13743 13744 13741
13736 13737 13744
13744 13743 13745
13735 13736 13746
13746 13736 13744
13744 13745 13747
13746 13744 13747
13748 13747 13745
13746 13749 13735
13735 13749 13727
13750 13747 13748
13750 13748 13751
13746 13747 13752
13746 13752 13749
13752 13747 13753
13753 13749 13752
13750 13753 13747
13754 13727 13749
13753 13754 13749
13754 13755 13727
13729 13727 13755
13754 13753 13756
13755 13754 13756
13757 13729 13755
13756 13757 13755
13757 13758 13729
13758 13757 13759
13759 13757 13760
13756 13760 13757
13761 13760 13756
13756 13753 13762
13762 13753 13750
13762 13761 13756
13750 13763 13762
13761 13762 13763
13750 13764 13763
13750 13751 13764
13765 13764 13751
13766 13763 13764
13766 13764 13765
13761 13763 13766
13767 13766 13765
13766 13767 13768
13761 13766 13768
13767 13769 13768
13769 13770 13768
13761 13768 13770
13769 13771 13770
13771 13772 13770
13761 13770 13773
13760 13761 13773
13774 13770 13772
13774 13773 13770
13774 13772 13775
13774 13775 13776
13776 13775 13777
13777 13778 13776
13773 13779 13760
13773 13774 13779
13780 13776 13778
13780 13778 13781
13782 13760 13779
13759 13760 13782
13782 13783 13759
13774 13776 13784
13774 13784 13779
13781 13785 13780
13781 13786 13785
13785 13786 13787
13782 13788 13783
13782 13779 13789
13788 13782 13789
13790 13789 13779
13790 13779 13784
13783 13788 13791
13783 13791 13792
13788 13789 13793
13793 13789 13790
13788 13793 13794
13788 13794 13791
13792 13791 13795
13792 13795 13796
13795 13797 13796
13795 13798 13797
13798 13795 13799
13791 13799 13795
13798 13799 13800
13801 13800 13799
13801 13802 13800
13791 13803 13799
13794 13803 13791
13803 13801 13799
13804 13794 13793
13793 13790 13804
13805 13802 13801
13802 13805 13806
13805 13801 13807
13808 13807 13801
13808 13801 13809
13803 13809 13801
13810 13803 13794
13804 13810 13794
13811 13808 13809
13811 13812 13808
13813 13812 13811
13809 13803 13814
13809 13814 13811
13810 13814 13803
13811 13814 13815
13813 13811 13815
13815 13814 13810
13804 13816 13810
13815 13810 13816
13813 13815 13817
13816 13817 13815
13816 13818 13817
13817 13819 13813
13817 13820 13819
13818 13820 13817
13821 13820 13818
13818 13822 13821
13804 13823 13816
13818 13816 13823
13823 13804 13790
13818 13824 13822
13822 13824 13825
13824 13818 13826
13818 13823 13826
13824 13826 13827
13828 13827 13826
13823 13790 13829
13829 13826 13823
13784 13829 13790
13828 13826 13830
13829 13830 13826
13828 13830 13831
13828 13831 13832
13832 13831 13833
13831 13834 13833
13784 13835 13829
13830 13829 13835
13835 13784 13776
13830 13835 13836
13831 13830 13836
13835 13776 13837
13836 13835 13837
13780 13837 13776
13836 13837 13838
13780 13838 13837
13831 13836 13839
13838 13839 13836
13840 13834 13831
13840 13831 13839
13780 13841 13838
13780 13785 13841
13838 13842 13839
13842 13838 13841
13843 13841 13785
13843 13785 13844
13845 13841 13843
13845 13846 13841
13842 13841 13846
13845 13847 13846
13848 13846 13847
13842 13849 13839
13849 13842 13846
13849 13840 13839
13848 13850 13846
13849 13846 13850
13848 13851 13850
13852 13850 13851
13851 13853 13852
13850 13854 13849
13854 13850 13852
13849 13855 13840
13854 13855 13849
13855 13856 13840
13840 13856 13834
13834 13856 13857
13858 13857 13856
13858 13856 13859
13855 13859 13856
13859 13860 13858
13854 13861 13855
13855 13861 13859
13862 13854 13852
13862 13861 13854
13852 13853 13863
13862 13852 13863
13853 13864 13863
13862 13863 13864
13853 13865 13864
13866 13864 13865
13867 13859 13861
13859 13867 13860
13864 13868 13862
13866 13868 13864
13862 13869 13861
13868 13869 13862
13867 13861 13869
13866 13870 13868
13868 13870 13869
13866 13871 13870
13870 13871 13872
13869 13870 13873
13869 13873 13867
13870 13872 13873
13874 13867 13873
13874 13860 13867
13873 13872 13874
13875 13860 13874
13875 13874 13872
13875 13876 13860
13875 13872 13877
13878 13879 13880
13878 13881 13879
13882 13879 13881
13883 13881 13878
13883 13884 13881
13882 13881 13885
13885 13881 13884
13884 13883 13886
13885 13884 13887
13884 13886 13888
13889 13887 13884
13889 13890 13887
13890 13889 13891
13890 13891 13892
13892 13891 13893
13891 13894 13893
13884 13888 13895
13895 13889 13884
13895 13888 13896
13897 13889 13895
13895 13896 13897
13897 13891 13889
13897 13896 13898
13899 13897 13898
13899 13900 13897
13900 13891 13897
13901 13900 13899
13891 13902 13894
13900 13902 13891
13901 13902 13900
13903 13894 13902
13901 13904 13902
13903 13902 13904
13904 13901 13905
13904 13906 13903
13907 13904 13905
13904 13907 13906
13907 13905 13908
13907 13908 13909
13908 13905 13910
13910 13909 13908
13910 13911 13909
13911 13912 13909
13906 13907 13913
13907 13909 13913
13906 13913 13914
13915 13914 13913
13915 13913 13916
13909 13916 13913
13917 13915 13916
13912 13918 13909
13909 13918 13916
13917 13916 13918
13912 13919 13918
13918 13920 13917
13921 13918 13919
13918 13921 13920
13919 13922 13921
13921 13923 13920
13924 13921 13922
13921 13924 13923
13924 13922 13925
13926 13923 13924
13927 13924 13925
13926 13924 13928
13927 13928 13924
13929 13930 13931
13929 13931 13932
13933 13929 13932
13933 13932 13934
13934 13935 13933
13936 13933 13935
13934 13937 13935
13935 13937 13938
13938 13937 13939
13940 13936 13935
13938 13939 13941
13942 13940 13935
13935 13938 13942
13942 13943 13940
13944 13943 13942
13945 13943 13944
13938 13941 13946
13946 13941 13947
13948 13942 13938
13944 13942 13948
13945 13944 13949
13950 13945 13949
13946 13951 13938
13948 13938 13951
13946 13947 13952
13952 13951 13946
13953 13944 13948
13953 13949 13944
13949 13954 13950
13954 13955 13950
13947 13956 13952
13952 13956 13957
13947 13958 13956
13958 13959 13956
13952 13960 13951
13952 13957 13960
13961 13948 13951
13953 13948 13961
13962 13951 13960
13962 13961 13951
13962 13960 13963
13957 13963 13960
13964 13961 13962
13964 13953 13961
13964 13962 13963
13956 13959 13965
13956 13966 13957
13956 13965 13966
13959 13967 13965
13959 13968 13967
13967 13968 13969
13967 13969 13970
13965 13967 13971
13965 13971 13966
13967 13970 13972
13972 13971 13967
13973 13972 13970
13974 13973 13970
13975 13973 13974
13972 13976 13971
13973 13976 13972
13973 13977 13976
13971 13978 13966
13971 13976 13978
13975 13979 13973
13979 13977 13973
13966 13978 13980
13978 13981 13980
13957 13966 13980
13976 13982 13978
13977 13982 13976
13978 13982 13981
13983 13979 13975
13983 13975 13984
13985 13983 13984
13985 13984 13986
13985 13986 13987
13979 13983 13988
13983 13985 13988
13979 13989 13977
13979 13988 13989
13990 13985 13987
13991 13990 13987
13991 13992 13990
13992 13991 13993
13992 13993 13994
13994 13993 13995
13994 13995 13996
13997 13990 13992
13998 13990 13997
13999 13990 13998
13990 13999 13985
14000 13999 13998
14001 13985 13999
14001 13988 13985
14002 13999 14000
14002 14001 13999
14003 14002 14000
14003 14004 14002
14005 14004 14003
14006 14001 14002
14006 14002 14004
14007 13988 14001
14006 14007 14001
14004 14005 14008
14008 14005 14009
14010 13988 14007
14010 13989 13988
14011 14010 14007
14011 14007 14006
14010 14012 13989
14011 14012 14010
13977 13989 14012
14006 14004 14013
14004 14008 14013
14008 14009 14014
14014 14009 14015
14014 14015 14016
14017 14014 14016
14017 14018 14014
14019 14018 14017
14018 14019 14020
14018 14020 14021
14014 14022 14008
14013 14008 14022
14014 14018 14022
14023 14006 14013
14013 14022 14023
14023 14011 14006
14018 14021 14024
14021 14025 14024
14026 14024 14025
14024 14026 14027
14027 14028 14024
14027 14029 14028
14028 14029 14030
14024 14031 14018
14018 14031 14022
14028 14031 14024
14023 14032 14011
14011 14032 14012
14033 14023 14022
14033 14022 14031
14023 14033 14032
14012 14032 14034
14034 14032 14033
14035 14033 14031
14028 14035 14031
14028 14030 14036
14030 14037 14036
14037 14038 14036
14039 14028 14036
14036 14038 14039
14039 14035 14028
14035 14040 14033
14034 14033 14040
14035 14041 14040
14035 14039 14041
14038 14042 14039
14038 14043 14042
14012 14034 14044
13977 14012 14044
13977 14044 14045
14045 14044 14034
13977 14045 13982
14046 14034 14040
14045 14034 14046
13982 14045 14046
14046 14040 14041
13982 14046 14047
14047 14046 14041
13982 14047 13981
14039 14048 14041
14047 14041 14048
14039 14042 14048
13981 14047 14048
14043 14049 14042
14043 14050 14049
14051 14049 14050
14042 14052 14048
14042 14049 14052
13981 14048 14052
14051 14053 14049
14053 14052 14049
14054 14053 14051
13981 14052 14055
14053 14055 14052
14054 14056 14053
14056 14055 14053
13981 14055 14057
13980 13981 14057
14057 14055 14058
14056 14058 14055
13980 14057 14059
14057 14058 14059
14060 14056 14054
14056 14060 14061
14062 14060 14054
14063 14060 14062
14061 14060 14063
14061 14063 14064
14065 14061 14064
14066 14058 14056
14056 14061 14066
14065 14067 14061
14067 14065 14068
14068 14069 14067
14070 14067 14069
14071 14067 14070
14071 14070 14072
14071 14072 14073
14073 14074 14071
14061 14067 14075
14061 14075 14066
14067 14071 14075
14066 14076 14058
14059 14058 14076
14074 14077 14071
14074 14078 14077
14077 14078 14079
14077 14079 13955
13954 14077 13955
14077 14080 14071
14075 14071 14080
14077 13954 14080
14066 14075 14081
14066 14081 14076
14081 14075 14080
14059 14076 14082
14082 14076 14081
14083 14080 13954
13949 14083 13954
13953 14083 13949
14083 14084 14080
14084 14083 13953
14081 14080 14084
14084 13953 13964
14084 14085 14081
14084 13964 14085
14082 14081 14085
13964 13963 14085
13963 14082 14085
14086 14059 14082
13980 14059 14086
13957 13980 14086
13957 14087 13963
13963 14087 14082
14086 14082 14087
13957 14086 14087
14088 14089 14090
14091 14088 14090
14091 14090 14092
14093 14091 14092
14093 14092 14094
14095 14093 14094
14095 14094 14096
14097 14095 14096
14097 14096 14098
14099 14097 14098
14099 14098 14100
14100 14101 14099
14100 14102 14101
14103 14101 14102
14104 14101 14103
14104 14103 14105
14104 14105 14106
14107 14108 14109
14107 14109 14110
14107 14110 14111
14107 14111 14112
14113 14112 14111
14113 14111 14114
14113 14114 14115
14113 14115 14116
14115 14117 14116
14115 14118 14117
14119 14117 14118
14119 14120 14117
14121 14120 14119
14121 14119 14122
14122 14123 14121
14122 14124 14123
14124 14125 14123
14124 14126 14125
14127 14125 14126
14127 14126 14128
14127 14128 14129
14127 14129 14130
14129 14131 14130
14129 14132 14131
14133 14131 14132
14133 14132 14134
14135 14136 14137
14135 14138 14136
14138 14135 14139
14138 14139 14140
14140 14139 14141
14140 14141 14142
14141 14143 14142
14141 14144 14143
14144 14145 14143
14144 14146 14145
14147 14145 14146
14147 14146 14148
14148 14149 14147
14148 14150 14149
14150 14151 14149
14150 14152 14151
14152 14153 14151
14152 14154 14153
14155 14156 14157
14155 14158 14156
14159 14156 14158
14159 14160 14156
14161 14160 14159
14161 14162 14160
14163 14162 14161
14163 14161 14164
14165 14163 14164
14165 14164 14166
14167 14165 14166
14167 14166 14168
14169 14167 14168
14169 14168 14170
14171 14169 14170
14171 14172 14169
14173 14172 14171
14173 14174 14172
14175 14176 14177
14175 14178 14176
14176 14178 14179
14176 14179 14180
14180 14179 14181
14180 14181 14182
14182 14181 14183
14182 14183 14184
14185 14184 14183
14185 14183 14186
14185 14186 14187
14185 14187 14188
14188 14187 14189
14188 14189 14190
14190 14189 14191
14190 14191 14192
14191 14193 14192
14194 14195 14196
14197 14195 14194
14197 14198 14195
14199 14198 14197
14199 14200 14198
14201 14200 14199
14201 14202 14200
14203 14202 14201
14203 14204 14202
14205 14204 14203
14205 14206 14204
14206 14205 14207
14206 14207 14208
14207 14209 14208
14210 14209 14207
14210 14211 14209
14210 14212 14211
14213 14214 14215
14213 14216 14214
14213 14217 14216
14213 14218 14217
14219 14217 14218
14219 14220 14217
14219 14221 14220
14219 14222 14221
14221 14222 14223
14221 14223 14224
14225 14224 14223
14225 14223 14226
14227 14225 14226
14227 14228 14225
14228 14227 14229
14228 14229 14230
14229 14231 14230
14229 14232 14231
14233 14231 14232
14233 14234 14231
14233 14235 14234
14233 14236 14235
14235 14236 14237
14235 14237 14238
14239 14238 14237
14239 14240 14238
14241 14242 14243
14241 14243 14244
14244 14245 14241
14244 14246 14245
14246 14247 14245
14246 14248 14247
14247 14248 14249
14247 14249 14250
14250 14249 14251
14250 14251 14252
14253 14252 14251
14253 14254 14252
14254 14253 14255
14254 14255 14256
14256 14255 14257
14256 14257 14258
14258 14257 14259
14258 14259 14260
14261 14262 14263
14261 14263 14264
14265 14264 14263
14265 14263 14266
14267 14265 14266
14267 14266 14268
14269 14267 14268
14269 14270 14267
14271 14270 14269
14271 14272 14270
14273 14272 14271
14273 14274 14272
14275 14274 14273
14275 14276 14274
14277 14276 14275
14277 14275 14278
14279 14277 14278
14279 14278 14280
14281 14282 14283
14281 14283 14284
14283 14285 14284
14283 14286 14285
14286 14287 14285
14286 14288 14287
14288 14289 14287
14288 14290 14289
14291 14289 14290
14291 14292 14289
14291 14293 14292
14291 14294 14293
14294 14295 14293
14294 14296 14295
14296 14297 14295
14296 14298 14297
14299 14297 14298
14300 14301 14302
14301 14303 14302
14301 14304 14303
14302 14303 14305
14302 14305 14306
14307 14306 14305
14304 14308 14303
14309 14308 14304
14305 14303 14310
14303 14308 14310
14310 14308 14311
14309 14312 14308
14308 14312 14311
14313 14312 14309
14313 14314 14312
14311 14312 14314
14315 14314 14313
14307 14305 14316
14305 14310 14316
14317 14307 14316
14318 14307 14317
14317 14316 14319
14316 14310 14320
14319 14316 14320
14310 14311 14320
14321 14319 14320
14321 14320 14322
14320 14311 14322
14323 14321 14322
14323 14322 14324
14311 14324 14322
14325 14323 14324
14311 14314 14326
14311 14326 14324
14325 14324 14327
14327 14324 14326
14328 14326 14314
14315 14328 14314
14325 14327 14329
14325 14329 14330
14327 14326 14331
14329 14327 14331
14328 14331 14326
14329 14331 14332
14333 14332 14331
14333 14331 14328
14315 14333 14328
14315 14334 14333
14335 14336 14337
14337 14336 14338
14339 14338 14336
14335 14340 14336
14339 14336 14340
14335 14341 14340
14340 14341 14342
14339 14340 14343
14340 14342 14343
14339 14343 14344
14342 14345 14343
14343 14345 14344
14346 14347 14348
14347 14348 14346
14346 14349 14347
14347 14346 14349
14350 14351 14352
14350 14353 14351
14354 14350 14352
14350 14355 14353
14355 14356 14353
14357 14350 14354
14357 14354 14358
14359 14355 14350
14359 14350 14357
14355 14360 14356
14359 14360 14355
14359 14357 14360
14360 14357 14358
14356 14360 14361
14360 14358 14362
14360 14362 14361
14363 14364 14365
14363 14366 14364
14367 14363 14365
14363 14368 14366
14368 14369 14366
14370 14363 14367
14370 14367 14371
14372 14368 14363
14372 14363 14370
14368 14373 14369
14372 14373 14368
14372 14370 14373
14373 14370 14371
14369 14373 14374
14373 14371 14375
14373 14375 14374
14376 14377 14378
14379 14378 14377
14376 14380 14377
14376 14381 14380
14380 14381 14382
14379 14377 14383
14383 14384 14379
14385 14384 14383
14377 14380 14386
14377 14386 14383
14386 14380 14387
14386 14387 14383
14387 14380 14382
14387 14385 14383
14387 14382 14388
14387 14388 14385
14382 14389 14388
14385 14388 14389
14382 14390 14389
14382 14391 14390
14390 14391 14392
14385 14389 14393
14393 14394 14385
14395 14394 14393
14396 14390 14392
14396 14395 14393
14396 14392 14397
14396 14397 14395
14389 14390 14398
14389 14398 14393
14398 14390 14396
14398 14396 14393
14399 14400 14401
14402 14401 14400
14399 14403 14400
14399 14404 14403
14403 14404 14405
14402 14400 14406
14406 14407 14402
14408 14407 14406
14400 14403 14409
14400 14409 14406
14409 14403 14410
14409 14410 14406
14410 14403 14405
14410 14408 14406
14410 14405 14411
14410 14411 14408
14405 14412 14411
14408 14411 14412
14405 14413 14412
14405 14414 14413
14413 14414 14415
14408 14412 14416
14416 14417 14408
14418 14417 14416
14419 14413 14415
14419 14418 14416
14419 14415 14420
14419 14420 14418
14412 14413 14421
14412 14421 14416
14421 14413 14419
14421 14419 14416
14422 14423 14424
14425 14424 14423
14422 14426 14423
14422 14427 14426
14426 14427 14428
14425 14423 14429
14429 14430 14425
14431 14430 14429
14423 14426 14432
14423 14432 14429
14432 14426 14433
14432 14433 14429
14433 14426 14428
14433 14431 14429
14433 14428 14434
14433 14434 14431
14428 14435 14434
14431 14434 14435
14428 14436 14435
14428 14437 14436
14436 14437 14438
14431 14435 14439
14439 14440 14431
14441 14440 14439
14442 14436 14438
14442 14441 14439
14442 14438 14443
14442 14443 14441
14435 14436 14444
14435 14444 14439
14444 14436 14442
14444 14442 14439
14445 14446 14447
14448 14447 14446
14445 14449 14446
14445 14450 14449
14449 14450 14451
14448 14446 14452
14452 14453 14448
14454 14453 14452
14446 14449 14455
14446 14455 14452
14455 14449 14456
14455 14456 14452
14456 14449 14451
14456 14454 14452
14456 14451 14457
14456 14457 14454
14451 14458 14457
14454 14457 14458
14451 14459 14458
14451 14460 14459
14459 14460 14461
14454 14458 14462
14462 14463 14454
14464 14463 14462
14465 14459 14461
14465 14464 14462
14465 14461 14466
14465 14466 14464
14458 14459 14467
14458 14467 14462
14467 14459 14465
14467 14465 14462
14468 14469 14470
14471 14470 14469
14468 14472 14469
14468 14473 14472
14472 14473 14474
14471 14469 14475
14475 14476 14471
14477 14476 14475
14469 14472 14478
14469 14478 14475
14478 14472 14479
14478 14479 14475
14479 14472 14474
14479 14477 14475
14479 14474 14480
14479 14480 14477
14474 14481 14480
14477 14480 14481
14474 14482 14481
14474 14483 14482
14482 14483 14484
14477 14481 14485
14485 14486 14477
14487 14486 14485
14488 14482 14484
14488 14487 14485
14488 14484 14489
14488 14489 14487
14481 14482 14490
14481 14490 14485
14490 14482 14488
14490 14488 14485
14491 14492 14493
14494 14493 14492
14491 14495 14492
14491 14496 14495
14495 14496 14497
14494 14492 14498
14498 14499 14494
14500 14499 14498
14492 14495 14501
14492 14501 14498
14501 14495 14502
14501 14502 14498
14502 14495 14497
14502 14500 14498
14502 14497 14503
14502 14503 14500
14497 14504 14503
14500 14503 14504
14497 14505 14504
14497 14506 14505
14505 14506 14507
14500 14504 14508
14508 14509 14500
14510 14509 14508
14511 14505 14507
14511 14510 14508
14511 14507 14512
14511 14512 14510
14504 14505 14513
14504 14513 14508
14513 14505 14511
14513 14511 14508
14514 14515 14516
14517 14516 14515
14514 14518 14515
14514 14519 14518
14518 14519 14520
14517 14515 14521
14521 14522 14517
14523 14522 14521
14515 14518 14524
14515 14524 14521
14524 14518 14525
14524 14525 14521
14525 14518 14520
14525 14523 14521
14525 14520 14526
14525 14526 14523
14520 14527 14526
14523 14526 14527
14520 14528 14527
14520 14529 14528
14528 14529 14530
14523 14527 14531
14531 14532 14523
14533 14532 14531
14534 14528 14530
14534 14533 14531
14534 14530 14535
14534 14535 14533
14527 14528 14536
14527 14536 14531
14536 14528 14534
14536 14534 14531
14537 14538 14539
14540 14539 14538
14537 14541 14538
14537 14542 14541
14541 14542 14543
14540 14538 14544
14544 14545 14540
14546 14545 14544
14538 14541 14547
14538 14547 14544
14547 14541 14548
14547 14548 14544
14548 14541 14543
14548 14546 14544
14548 14543 14549
14548 14549 14546
14543 14550 14549
14546 14549 14550
14543 14551 14550
14543 14552 14551
14551 14552 14553
14546 14550 14554
14554 14555 14546
14556 14555 14554
14557 14551 14553
14557 14556 14554
14557 14553 14558
14557 14558 14556
14550 14551 14559
14550 14559 14554
14559 14551 14557
14559 14557 14554
14560 14561 14562
14563 14562 14561
14560 14564 14561
14560 14565 14564
14564 14565 14566
14563 14561 14567
14567 14568 14563
14569 14568 14567
14561 14564 14570
14561 14570 14567
14570 14564 14571
14570 14571 14567
14571 14564 14566
14571 14569 14567
14571 14566 14572
14571 14572 14569
14566 14573 14572
14569 14572 14573
14566 14574 14573
14566 14575 14574
14574 14575 14576
14569 14573 14577
14577 14578 14569
14579 14578 14577
14580 14574 14576
14580 14579 14577
14580 14576 14581
14580 14581 14579
14573 14574 14582
14573 14582 14577
14582 14574 14580
14582 14580 14577
14583 14584 14585
14584 14586 14585
14587 14585 14586
14583 14585 14588
14587 14588 14585
14583 14588 14589
14588 14590 14589
14587 14591 14588
14588 14591 14590
14587 14592 14591
14590 14591 14593
14591 14592 14593
14594 14595 14596
14594 14596 14597
14598 14595 14594
14594 14597 14599
14599 14597 14600
14601 14598 14594
14601 14602 14598
14603 14594 14599
14603 14601 14594
14599 14600 14604
14603 14599 14604
14603 14604 14601
14604 14602 14601
14600 14605 14604
14604 14606 14602
14604 14605 14606
14607 14608 14609
14607 14609 14610
14611 14608 14607
14607 14610 14612
14612 14610 14613
14614 14611 14607
14614 14615 14611
14616 14607 14612
14616 14614 14607
14612 14613 14617
14616 14612 14617
14616 14617 14614
14617 14615 14614
14613 14618 14617
14617 14619 14615
14617 14618 14619
14620 14621 14622
14622 14621 14623
14620 14622 14624
14620 14624 14625
14624 14626 14625
14622 14623 14627
14627 14623 14628
14629 14627 14628
14622 14630 14624
14622 14627 14630
14630 14631 14624
14630 14627 14631
14626 14624 14631
14631 14627 14629
14626 14631 14632
14631 14629 14632
14626 14632 14633
14633 14632 14629
14626 14633 14634
14626 14634 14635
14634 14636 14635
14633 14629 14637
14637 14629 14638
14639 14637 14638
14636 14634 14640
14640 14637 14639
14636 14640 14641
14640 14639 14641
14633 14642 14634
14633 14637 14642
14642 14640 14634
14642 14637 14640
14643 14644 14645
14645 14644 14646
14643 14645 14647
14643 14647 14648
14647 14649 14648
14645 14646 14650
14650 14646 14651
14652 14650 14651
14645 14653 14647
14645 14650 14653
14653 14654 14647
14653 14650 14654
14649 14647 14654
14654 14650 14652
14649 14654 14655
14654 14652 14655
14649 14655 14656
14656 14655 14652
14649 14656 14657
14649 14657 14658
14657 14659 14658
14656 14652 14660
14660 14652 14661
14662 14660 14661
14659 14657 14663
14663 14660 14662
14659 14663 14664
14663 14662 14664
14656 14665 14657
14656 14660 14665
14665 14663 14657
14665 14660 14663
14666 14667 14668
14668 14667 14669
14666 14668 14670
14666 14670 14671
14670 14672 14671
14668 14669 14673
14673 14669 14674
14675 14673 14674
14668 14676 14670
14668 14673 14676
14676 14677 14670
14676 14673 14677
14672 14670 14677
14677 14673 14675
14672 14677 14678
14677 14675 14678
14672 14678 14679
14679 14678 14675
14672 14679 14680
14672 14680 14681
14680 14682 14681
14679 14675 14683
14683 14675 14684
14685 14683 14684
14682 14680 14686
14686 14683 14685
14682 14686 14687
14686 14685 14687
14679 14688 14680
14679 14683 14688
14688 14686 14680
14688 14683 14686
14689 14690 14691
14691 14690 14692
14689 14691 14693
14689 14693 14694
14693 14695 14694
14691 14692 14696
14696 14692 14697
14698 14696 14697
14691 14699 14693
14691 14696 14699
14699 14700 14693
14699 14696 14700
14695 14693 14700
14700 14696 14698
14695 14700 14701
14700 14698 14701
14695 14701 14702
14702 14701 14698
14695 14702 14703
14695 14703 14704
14703 14705 14704
14702 14698 14706
14706 14698 14707
14708 14706 14707
14705 14703 14709
14709 14706 14708
14705 14709 14710
14709 14708 14710
14702 14711 14703
14702 14706 14711
14711 14709 14703
14711 14706 14709
14712 14713 14714
14714 14713 14715
14712 14714 14716
14712 14716 14717
14716 14718 14717
14714 14715 14719
14719 14715 14720
14721 14719 14720
14714 14722 14716
14714 14719 14722
14722 14723 14716
14722 14719 14723
14718 14716 14723
14723 14719 14721
14718 14723 14724
14723 14721 14724
14718 14724 14725
14725 14724 14721
14718 14725 14726
14718 14726 14727
14726 14728 14727
14725 14721 14729
14729 14721 14730
14731 14729 14730
14728 14726 14732
14732 14729 14731
14728 14732 14733
14732 14731 14733
14725 14734 14726
14725 14729 14734
14734 14732 14726
14734 14729 14732
14735 14736 14737
14737 14736 14738
14735 14737 14739
14735 14739 14740
14739 14741 14740
14737 14738 14742
14742 14738 14743
14744 14742 14743
14737 14745 14739
14737 14742 14745
14745 14746 14739
14745 14742 14746
14741 14739 14746
14746 14742 14744
14741 14746 14747
14746 14744 14747
14741 14747 14748
14748 14747 14744
14741 14748 14749
14741 14749 14750
14749 14751 14750
14748 14744 14752
14752 14744 14753
14754 14752 14753
14751 14749 14755
14755 14752 14754
14751 14755 14756
14755 14754 14756
14748 14757 14749
14748 14752 14757
14757 14755 14749
14757 14752 14755
14758 14759 14760
14760 14759 14761
14758 14760 14762
14758 14762 14763
14762 14764 14763
14760 14761 14765
14765 14761 14766
14767 14765 14766
14760 14768 14762
14760 14765 14768
14768 14769 14762
14768 14765 14769
14764 14762 14769
14769 14765 14767
14764 14769 14770
14769 14767 14770
14764 14770 14771
14771 14770 14767
14764 14771 14772
14764 14772 14773
14772 14774 14773
14771 14767 14775
14775 14767 14776
14777 14775 14776
14774 14772 14778
14778 14775 14777
14774 14778 14779
14778 14777 14779
14771 14780 14772
14771 14775 14780
14780 14778 14772
14780 14775 14778
14781 14782 14783
14783 14782 14784
14781 14783 14785
14781 14785 14786
14785 14787 14786
14783 14784 14788
14788 14784 14789
14790 14788 14789
14783 14791 14785
14783 14788 14791
14791 14792 14785
14791 14788 14792
14787 14785 14792
14792 14788 14790
14787 14792 14793
14792 14790 14793
14787 14793 14794
14794 14793 14790
14787 14794 14795
14787 14795 14796
14795 14797 14796
14794 14790 14798
14798 14790 14799
14800 14798 14799
14797 14795 14801
14801 14798 14800
14797 14801 14802
14801 14800 14802
14794 14803 14795
14794 14798 14803
14803 14801 14795
14803 14798 14801
14804 14805 14806
14806 14805 14807
14804 14806 14808
14804 14808 14809
14808 14810 14809
14806 14807 14811
14811 14807 14812
14813 14811 14812
14806 14814 14808
14806 14811 14814
14814 14815 14808
14814 14811 14815
14810 14808 14815
14815 14811 14813
14810 14815 14816
14815 14813 14816
14810 14816 14817
14817 14816 14813
14810 14817 14818
14810 14818 14819
14818 14820 14819
14817 14813 14821
14821 14813 14822
14823 14821 14822
14820 14818 14824
14824 14821 14823
14820 14824 14825
14824 14823 14825
14817 14826 14818
14817 14821 14826
14826 14824 14818
14826 14821 14824
14827 14828 14829
14830 14829 14828
14831 14829 14830
14827 14829 14832
14831 14832 14829
14832 14833 14827
14831 14833 14832
14827 14833 14834
14831 14835 14833
14833 14836 14834
14835 14836 14833
14837 14834 14836
14835 14838 14836
14837 14836 14839
14838 14839 14836
14838 14840 14839
14837 14839 14841
14840 14842 14839
14841 14839 14842
14840 14843 14842
14841 14842 14844
14841 14844 14845
14845 14844 14846
14847 14842 14843
14847 14843 14848
14847 14848 14849
14850 14842 14847
14850 14844 14842
14847 14849 14851
14850 14847 14851
14852 14851 14849
14851 14852 14850
14852 14849 14853
14850 14852 14854
14854 14852 14853
14844 14850 14854
14854 14853 14855
14856 14854 14855
14844 14854 14857
14856 14857 14854
14857 14846 14844
14858 14857 14856
14857 14859 14846
14858 14859 14857
14846 14859 14860
14858 14861 14859
14861 14860 14859
14858 14862 14861
14861 14863 14860
14862 14864 14861
14861 14864 14863
14865 14866 14867
14868 14867 14866
14868 14866 14869
14865 14867 14870
14871 14868 14869
14867 14872 14870
14873 14870 14872
14874 14873 14872
14873 14874 14875
14867 14876 14872
14874 14872 14876
14867 14877 14876
14867 14868 14877
14875 14874 14878
14879 14875 14878
14878 14880 14879
14881 14879 14880
14874 14876 14882
14877 14882 14876
14882 14883 14874
14878 14874 14884
14880 14878 14884
14874 14883 14884
14877 14885 14882
14883 14882 14885
14877 14886 14885
14877 14868 14886
14885 14886 14887
14885 14887 14883
14888 14886 14868
14887 14886 14888
14881 14880 14889
14890 14881 14889
14890 14889 14891
14892 14891 14889
14880 14893 14889
14892 14889 14893
14880 14894 14893
14892 14893 14894
14880 14884 14894
14892 14894 14895
14884 14896 14894
14895 14894 14896
14883 14896 14884
14895 14896 14897
14897 14896 14898
14883 14898 14896
14897 14898 14899
14883 14900 14898
14900 14899 14898
14900 14901 14899
14883 14887 14900
14902 14901 14900
14887 14902 14900
14902 14903 14901
14887 14904 14902
14887 14888 14904
14905 14903 14902
14905 14906 14903
14907 14906 14905
14905 14908 14907
14909 14902 14904
14909 14905 14902
14909 14904 14888
14905 14910 14908
14910 14905 14909
14888 14910 14909
14871 14908 14910
14910 14888 14911
14871 14910 14911
14888 14868 14911
14871 14911 14868
14912 14913 14914
14912 14914 14915
14916 14915 14914
14916 14917 14915
14918 14917 14916
14914 14913 14919
14920 14919 14913
14921 14919 14920
14920 14922 14921
14914 14919 14923
14921 14923 14919
14914 14923 14924
14914 14924 14916
14922 14925 14921
14926 14925 14922
14925 14926 14927
14928 14927 14926
14921 14929 14923
14924 14923 14929
14929 14921 14930
14925 14931 14921
14927 14931 14925
14921 14931 14930
14924 14929 14932
14930 14932 14929
14933 14924 14932
14933 14916 14924
14932 14934 14933
14932 14930 14934
14935 14916 14933
14935 14933 14934
14928 14936 14927
14937 14936 14928
14937 14938 14936
14939 14936 14938
14927 14936 14940
14939 14940 14936
14927 14940 14941
14939 14941 14940
14927 14941 14931
14939 14942 14941
14931 14941 14943
14942 14943 14941
14930 14931 14943
14942 14944 14943
14944 14945 14943
14930 14943 14945
14944 14946 14945
14930 14945 14947
14947 14945 14946
14947 14946 14948
14930 14947 14934
14949 14947 14948
14934 14947 14949
14949 14948 14950
14934 14949 14951
14935 14934 14951
14952 14949 14950
14952 14950 14953
14954 14952 14953
14952 14954 14955
14956 14951 14949
14956 14949 14952
14956 14935 14951
14952 14955 14957
14957 14956 14952
14935 14956 14957
14918 14957 14955
14957 14958 14935
14918 14958 14957
14935 14958 14916
14918 14916 14958
14959 14960 14961
14962 14960 14959
14959 14961 14963
14963 14961 14964
14962 14959 14965
14966 14962 14965
14963 14964 14967
14968 14959 14963
14967 14968 14963
14969 14967 14964
14968 14967 14969
14969 14964 14970
14969 14970 14971
14969 14971 14972
14972 14968 14969
14973 14972 14971
14974 14959 14968
14974 14965 14959
14972 14974 14968
14973 14975 14972
14976 14975 14973
14977 14974 14972
14977 14972 14975
14977 14978 14974
14978 14979 14974
14965 14974 14979
14980 14977 14975
14976 14981 14975
14980 14975 14981
14982 14981 14976
14980 14981 14983
14965 14979 14984
14966 14965 14984
14979 14985 14984
14982 14986 14981
14986 14983 14981
14987 14986 14982
14988 14983 14986
14966 14984 14989
14989 14984 14985
14966 14989 14990
14989 14985 14991
14990 14989 14992
14989 14991 14992
14987 14993 14986
14993 14988 14986
14987 14994 14993
14988 14993 14994
14987 14995 14994
14988 14994 14996
14995 14996 14994
14997 14998 14999
14999 14998 15000
14999 15000 15001
15001 15000 15002
15001 15002 15003
15003 15002 15004
15003 15004 15005
15005 15006 15003
15007 15006 15005
15008 15006 15007
15009 15003 15006
15009 15006 15008
15009 15001 15003
15009 15008 15010
15011 15001 15009
15010 15011 15009
15011 14999 15001
15012 15011 15010
15013 15011 15012
15013 15014 15011
15014 14999 15011
15014 15013 15015
15014 15016 14999
15017 15016 15014
14997 14999 15016
15017 14997 15016
15017 15018 14997
15017 15019 15018
15017 15020 15019
15017 15021 15020
15014 15015 15022
15017 15014 15022
15017 15022 15021
15023 15022 15015
15021 15022 15023
15024 15025 15026
15025 15027 15026
15025 15028 15027
15028 15029 15027
15028 15030 15029
15030 15031 15029
15030 15032 15031
15032 15030 15033
15034 15032 15033
15035 15034 15033
15036 15033 15030
15036 15035 15033
15036 15030 15028
15036 15037 15035
15038 15036 15028
15037 15036 15038
15038 15028 15025
15039 15037 15038
15040 15039 15038
15040 15038 15041
15041 15038 15025
15041 15042 15040
15041 15025 15043
15044 15041 15043
15024 15043 15025
15044 15043 15024
15044 15024 15045
15044 15045 15046
15044 15046 15047
15044 15047 15048
15041 15049 15042
15044 15049 15041
15044 15048 15049
15050 15042 15049
15048 15050 15049
15051 15052 15053
15053 15052 15054
15051 15055 15052
15051 15056 15055
15052 15057 15054
15057 15058 15054
15059 15058 15057
15052 15060 15057
15055 15060 15052
15056 15061 15055
15056 15062 15061
15061 15062 15063
15060 15064 15057
15057 15064 15059
15055 15065 15060
15055 15061 15065
15065 15064 15060
15061 15066 15065
15065 15066 15064
15061 15063 15066
15066 15067 15064
15064 15067 15059
15066 15068 15067
15066 15063 15068
15067 15069 15059
15068 15069 15067
15068 15063 15070
15068 15070 15069
15069 15071 15059
15071 15072 15059
15073 15072 15071
15069 15074 15071
15070 15074 15069
15071 15075 15073
15074 15075 15071
15075 15076 15073
15063 15077 15070
15063 15078 15077
15077 15078 15079
15070 15080 15074
15080 15075 15074
15070 15077 15080
15081 15076 15075
15080 15081 15075
15077 15081 15080
15077 15079 15081
15081 15082 15076
15081 15079 15082
15083 15084 15085
15083 15085 15086
15083 15087 15084
15083 15086 15088
15083 15088 15087
15089 15090 15091
15089 15092 15090
15089 15091 15093
15089 15094 15092
15089 15093 15094
15095 15096 15097
15096 15098 15097
15095 15099 15096
15100 15099 15095
15096 15101 15098
15098 15101 15102
15100 15103 15099
15104 15103 15100
15105 15103 15104
15102 15101 15106
15102 15106 11916
11916 15106 11917
15107 15101 15096
15096 15099 15108
15096 15108 15107
15109 15099 15103
15109 15108 15099
15105 15110 15103
15109 15103 15110
15106 15101 15111
15107 15111 15101
15107 15112 15111
15106 15111 15113
11917 15106 15113
15112 15113 15111
15114 15107 15108
15107 15114 15112
15115 15110 15105
15115 15105 15116
11917 15113 15117
15117 11754 11917
11754 15117 11753
15117 15113 15118
15112 15118 15113
15117 15118 11753
15114 15108 15119
15109 15119 15108
15109 15110 15120
15115 15120 15110
15116 15121 15115
15116 15122 15121
15121 15123 15115
15115 15123 15120
15124 15121 15122
15121 15124 15123
15124 15122 15125
15124 15125 15126
15124 15126 15127
15123 15124 15127
15128 15127 15126
15128 15129 15127
15123 15127 15129
15129 15128 15130
15131 15123 15129
15131 15120 15123
15129 15130 15131
15132 15109 15120
15132 15120 15131
15132 15131 15130
15132 15130 15133
15134 15132 15133
15109 15132 15119
15119 15132 15134
15119 15134 15135
15136 15119 15135
15136 15114 15119
15137 15114 15136
15137 15112 15114
15138 15112 15137
15139 15112 15138
15139 15118 15112
15118 15139 11753
11753 15139 15140
11753 15140 15141
11752 11753 15141
15141 15140 15142
15141 15142 11752
15143 11752 15142
15143 15142 15144
15145 15143 15144
11752 15143 11748
15146 15143 15145
15146 11748 15143
15146 15145 15147
15146 15148 11748
11748 15148 11744
15147 15149 15146
15148 15146 15149
15147 15150 15149
15151 15149 15150
15152 11744 15148
15148 15149 15152
15152 11750 11744
15151 15153 15149
15153 15152 15149
15154 15153 15151
15155 15153 15154
15156 11750 15152
15153 15156 15152
15156 11757 11750
15155 15157 15153
15156 15153 15157
15158 11757 15156
15156 15157 15158
15155 15159 15157
15159 15158 15157
15155 15160 15159
15158 15161 11757
11757 15161 11759
15160 15162 15159
15160 15163 15162
15159 15164 15158
15161 15158 15164
15162 15164 15159
11759 15161 15165
15161 15164 15165
11759 15165 15166
15163 15167 15162
15162 15167 15164
15165 15164 15167
15163 15168 15167
15167 15168 15169
15166 15165 15170
15165 15167 15170
15166 15170 15169
15167 15169 15170
15171 15172 12026
12026 12023 15171
15171 15173 15172
15174 15172 15173
15174 15173 15175
15173 15176 15175
15173 15177 15176
15171 15177 15173
15171 15178 15177
15171 15179 15178
15171 12023 15179
12023 15180 15179
12023 12024 15180
15180 12024 15181
12024 15182 15181
12044 15182 12024
12044 15183 15182
15184 15183 12044
12046 15184 12044
15184 15185 15183
15184 12046 15186
15184 15187 15185
15184 15186 15188
15184 15188 15187
15189 15188 15186
15188 15190 15187
15189 15191 15188
15188 15191 15190
15192 15193 15194
15192 15195 15193
15193 15196 15194
15197 15193 15195
15198 15196 15193
15193 15197 15199
15200 15198 15193
15200 15193 15199
15200 15201 15198
15200 15199 15202
15200 15203 15201
15202 15204 15200
15203 15200 15205
15206 15200 15204
15205 15200 15207
15207 15200 15206
15208 15209 15210
15208 15211 15209
15209 15212 15210
15213 15209 15211
15214 15212 15209
15209 15213 15215
15214 15209 15216
15216 15209 15215
15214 15216 15217
15216 15215 15218
15216 15219 15217
15218 15220 15216
15219 15216 15221
15222 15216 15220
15221 15216 15223
15223 15216 15222
15224 15225 15226
15224 15226 15227
15228 15226 15225
15226 15229 15227
15226 15228 15230
15231 15229 15226
15232 15226 15230
15232 15231 15226
15232 15230 15233
15232 15234 15231
15233 15235 15232
15232 15236 15234
15237 15232 15235
15232 15238 15236
15239 15232 15237
15238 15232 15239
15240 15241 15242
15240 15242 15243
15244 15242 15241
15242 15245 15243
15242 15244 15246
15247 15245 15242
15248 15242 15246
15248 15247 15242
15248 15246 15249
15248 15250 15247
15251 15248 15249
15250 15248 15252
15253 15248 15251
15252 15248 15254
15253 15255 15248
15254 15248 15255
15256 15257 15258
15256 15258 15259
15260 15258 15257
15259 15258 15261
15262 15258 15260
15261 15258 15263
15263 15258 15264
15263 15264 15265
15258 15262 15266
15258 15266 15264
15264 15267 15265
15266 15268 15264
15267 15264 15269
15270 15264 15268
15269 15264 15271
15271 15264 15270
15272 15273 15274
15275 15272 15274
15273 15276 15274
15273 15277 15276
15277 15278 15276
15277 15279 15278
15278 15279 15280
15278 15280 15281
15280 15282 15281
15282 15283 15281
15282 12497 15283
12497 12498 15283
15275 15274 15284
15276 15285 15274
15285 15284 15274
15286 15276 15278
15276 15286 15285
15281 15287 15278
15286 15278 15287
15288 15281 15283
15281 15288 15287
15287 15288 15289
15288 15283 15290
12498 15290 15283
15289 15288 15290
15291 15275 15284
15291 15292 15275
15293 15286 15287
15287 15289 15293
12498 15294 15290
15294 12498 12335
12335 12334 15294
15294 15295 15290
15289 15290 15295
15294 12334 15295
15291 15284 15296
15285 15296 15284
15292 15291 15297
15292 15297 15298
15297 15291 15299
15291 15296 15299
15300 15298 15297
15297 15299 15300
15300 15301 15298
15300 15302 15301
15300 15303 15302
15299 15303 15300
15304 15302 15303
15304 15303 15305
15299 15305 15303
15305 15306 15304
15307 15305 15299
15307 15299 15296
15305 15307 15306
15308 15307 15296
15308 15306 15307
15308 15309 15306
15308 15296 15285
15310 15309 15308
15285 15311 15308
15311 15310 15308
15285 15286 15311
15311 15312 15310
15313 15312 15311
15293 15311 15286
15313 15311 15293
15314 15313 15293
15314 15293 15289
15315 15314 15289
15316 15315 15289
15316 15289 15295
15295 12334 15316
12334 15317 15316
12334 15318 15317
12333 15318 12334
15318 15319 15317
15318 12333 15319
15320 15319 12333
15320 15321 15319
15322 15321 15320
12333 12329 15320
15323 15322 15320
15323 15320 12329
15323 15324 15322
15323 12329 15325
12325 15325 12329
15326 15324 15323
15326 15323 15325
15326 15327 15324
15328 15327 15326
15329 15325 12325
15326 15325 15329
15329 12325 12331
15328 15326 15330
15330 15326 15329
15331 15328 15330
15332 15331 15330
12331 15333 15329
15330 15329 15333
12331 12338 15333
15332 15330 15334
15333 15334 15330
15335 15333 12338
15333 15335 15334
15332 15334 15336
15336 15334 15335
15332 15336 15337
15335 12338 15338
12338 12340 15338
15337 15336 15339
15337 15339 15340
15336 15335 15341
15338 15341 15335
15339 15336 15341
12340 15342 15338
15338 15342 15341
12340 15343 15342
15340 15339 15344
15339 15341 15344
15342 15344 15341
15340 15344 15345
15344 15346 15345
15343 15346 15347
15343 15347 15342
15342 15347 15344
15344 15347 15346
15348 15349 15350
15348 15350 15351
15350 15349 15352
15353 15351 15350
15354 15350 15352
15350 15355 15353
15356 15350 15354
15356 15355 15350
15356 15354 15357
15356 15358 15355
15356 15357 15359
15358 15356 15360
15359 15361 15356
15362 15360 15356
15361 15363 15356
15363 15362 15356
15364 15365 15366
15364 15366 15367
15366 15365 15368
15369 15367 15366
15370 15366 15368
15366 15371 15369
15370 15372 15366
15372 15371 15366
15370 15373 15372
15372 15374 15371
15372 15373 15375
15374 15372 15376
15375 15377 15372
15378 15376 15372
15377 15379 15372
15379 15378 15372
15380 15381 15382
15380 15383 15381
15384 15382 15381
15381 15383 15385
15381 15386 15384
15387 15381 15385
15388 15386 15381
15388 15381 15387
15388 15389 15386
15388 15387 15390
15389 15388 15391
15388 15390 15392
15393 15391 15388
15388 15392 15394
15395 15393 15388
15394 15395 15388
15396 15397 15398
15396 15399 15397
15400 15398 15397
15397 15399 15401
15397 15402 15400
15403 15397 15401
15402 15397 15404
15404 15397 15403
15402 15404 15405
15404 15403 15406
15407 15405 15404
15406 15408 15404
15409 15407 15404
15408 15410 15404
15409 15404 15411
15410 15411 15404
15412 15413 15414
15413 15415 15414
15416 15414 15415
15416 15417 15414
15417 15418 15414
15414 15419 15412
15414 15420 15419
15419 15420 15421
15418 15422 15414
15422 15420 15414
15423 15421 15420
15422 15424 15420
15425 15423 15420
15420 15424 15426
15427 15425 15420
15426 15427 15420
15428 15429 15430
15431 15429 15428
15430 15429 15432
15432 15429 15431
15433 15434 15435
15433 15435 15436
15433 15437 15434
15433 15436 15437
15438 15439 15440
15438 15440 15441
15438 15442 15439
15443 15438 15441
15438 15444 15442
15443 15445 15438
15438 15446 15444
15438 15445 15446
15447 15448 15449
15447 15449 15450
15449 15448 15451
15449 15452 15450
15449 15451 15453
15449 15454 15452
15455 15449 15453
15455 15454 15449
15456 15457 15458
15459 15456 15458
15457 15460 15458
15461 15459 15458
15460 15462 15458
15463 15461 15458
15462 15464 15458
15464 15463 15458
15465 15466 15467
15468 15465 15467
15466 15469 15467
15470 15468 15467
15469 15471 15467
15472 15470 15467
15471 15473 15467
15473 15472 15467
15474 15475 15476
15474 15476 15477
15476 15475 15478
15479 15477 15476
15476 15478 15480
15479 15476 15481
15482 15476 15480
15482 15481 15476
15483 15484 15485
15483 15485 15486
15485 15484 15487
15485 15488 15486
15485 15487 15489
15485 15490 15488
15485 15489 15491
15485 15491 15490
15492 15493 15494
15495 15493 15492
15494 15493 15496
15497 15493 15495
15496 15493 15498
15499 15493 15497
15498 15493 15500
15500 15493 15499
15501 15502 15503
15504 15502 15501
15503 15502 15505
15506 15502 15504
15505 15502 15507
15508 15502 15506
15507 15502 15509
15509 15502 15508
15510 15511 15512
15511 15510 15513
15514 15513 15510
15510 15512 15515
15515 15516 15510
15515 15512 15517
15514 15510 15518
15518 15510 15516
15519 15514 15518
15520 15515 15517
15515 15520 15516
15520 15517 15521
15522 15520 15521
15522 15523 15520
15523 15516 15520
15523 15522 15524
15525 15523 15524
15523 15525 15516
15525 15524 15526
15526 15527 15525
15528 15525 15527
15528 15529 15525
15529 15516 15525
15529 15528 15530
15518 15516 15531
15529 15531 15516
15531 15529 15530
15519 15518 15531
15531 15530 15532
15519 15531 15532
15532 15530 15533
15532 15533 15519
