byte offset: 0
first index: 0
index count: 21321
topology: trianglelist
format: DXGI_FORMAT_R16_UINT

0 1 2
3 4 5
6 7 8
9 10 11
12 13 14
15 16 17
18 19 20
21 22 23
24 25 26
27 28 29
30 31 32
33 34 35
36 37 38
39 38 37
39 37 40
39 40 41
42 43 44
42 44 45
46 45 44
46 47 45
48 49 50
51 50 49
51 49 52
51 52 53
54 55 56
54 56 57
58 57 56
58 59 57
60 61 62
60 63 61
61 63 64
61 64 65
66 65 64
65 66 67
65 67 68
69 70 71
69 71 72
73 74 75
73 75 76
77 78 79
77 79 80
81 82 83
81 83 84
85 81 84
85 84 86
87 88 89
87 89 90
91 92 93
91 94 92
95 94 91
95 91 96
97 95 96
96 98 97
96 99 98
100 101 102
100 102 103
104 105 106
104 106 107
108 109 110
108 110 111
112 113 114
112 114 115
116 112 115
116 115 117
118 119 120
118 121 119
121 122 119
121 123 122
124 125 126
124 126 127
128 129 130
128 131 129
131 132 129
131 133 132
134 135 136
134 136 137
138 139 140
141 140 139
142 140 141
143 144 145
144 146 145
147 146 144
148 149 150
148 150 151
151 150 152
151 152 153
153 152 154
153 154 155
154 156 155
154 157 156
157 158 156
157 159 158
159 160 158
159 161 160
160 161 162
160 162 163
163 162 164
163 164 165
165 164 166
165 166 167
166 168 167
166 169 168
169 170 168
169 171 170
171 172 170
171 173 172
174 175 176
174 176 177
178 174 177
178 177 179
180 181 182
183 182 181
183 184 182
185 182 184
185 186 182
181 187 183
188 187 181
187 188 189
187 189 190
186 185 191
190 189 192
186 191 193
190 192 194
195 193 191
196 193 195
197 196 195
197 195 198
195 191 199
199 198 195
200 198 199
200 199 201
202 200 201
194 192 202
202 192 203
202 201 204
202 204 194
205 206 207
205 207 208
209 205 208
209 210 205
211 212 213
211 213 214
215 216 217
215 217 218
219 220 221
220 222 221
220 223 222
224 222 223
224 225 222
224 226 225
227 228 229
227 229 230
227 230 231
232 231 230
232 230 233
234 232 233
235 236 237
235 238 236
239 238 235
240 239 235
240 235 241
240 242 239
240 241 243
243 241 244
243 244 245
240 246 242
242 246 247
247 246 248
248 249 247
248 250 249
242 247 251
242 251 252
251 253 252
251 254 253
255 256 257
255 258 256
256 258 259
256 259 260
261 262 263
261 263 264
265 266 267
265 268 266
269 266 268
269 270 266
271 272 273
271 273 274
275 276 277
275 277 278
279 280 281
279 281 282
283 284 285
283 285 286
287 288 289
287 289 290
291 287 290
291 290 292
293 294 295
293 295 296
297 293 296
297 296 298
299 300 301
299 301 302
303 304 305
303 305 306
306 307 303
306 308 307
309 310 311
309 311 312
313 314 315
313 316 314
317 314 316
317 316 318
319 320 321
319 322 320
320 322 323
320 323 324
325 324 323
324 325 326
324 326 327
328 329 330
328 330 331
332 333 334
332 334 335
336 337 338
336 338 339
340 341 342
340 342 343
344 340 343
344 343 345
346 347 348
346 348 349
350 351 352
350 353 351
354 353 350
354 350 355
356 354 355
355 357 356
355 358 357
359 360 361
359 361 362
363 364 365
363 365 366
367 368 369
367 369 370
371 372 373
371 373 374
375 371 374
375 374 376
377 378 379
377 380 378
380 381 378
380 382 381
383 384 385
383 385 386
387 388 389
387 390 388
390 391 388
390 392 391
393 394 395
393 395 396
397 398 399
397 400 398
400 401 398
400 402 401
403 404 405
403 405 406
407 406 405
407 408 406
409 410 411
409 412 410
413 410 412
413 414 410
415 416 417
415 417 418
419 415 418
419 420 415
421 422 423
421 424 422
425 424 421
425 426 424
427 428 429
427 430 428
430 431 428
430 432 431
433 434 435
433 436 434
436 437 434
436 438 437
439 440 441
439 441 442
441 443 442
441 444 443
445 443 444
444 446 445
444 447 446
448 449 450
448 450 451
452 453 454
452 454 455
456 457 458
456 458 459
460 461 462
460 463 461
464 463 460
464 465 463
466 467 468
466 468 469
470 471 472
470 472 473
474 470 473
474 475 470
476 475 474
475 476 477
475 477 478
479 480 481
479 481 482
483 484 485
483 485 486
487 488 489
487 489 490
491 492 493
491 494 492
495 494 491
495 496 494
497 498 499
497 499 500
500 499 501
500 501 502
503 504 505
503 505 506
507 508 509
507 509 510
510 509 511
510 511 512
513 514 515
513 515 516
517 518 519
520 519 518
521 520 518
522 523 524
524 523 525
526 524 525
527 528 529
527 530 528
531 528 530
531 530 532
532 533 531
532 534 533
533 534 535
533 535 536
537 536 535
537 538 536
538 537 539
538 539 540
539 541 540
539 542 541
543 541 542
543 542 544
544 545 543
544 546 545
545 546 547
545 547 548
549 548 547
549 550 548
550 549 551
550 551 552
553 554 555
553 556 554
557 556 553
557 558 556
559 560 561
562 561 560
562 560 563
564 563 560
564 560 565
561 562 566
567 561 566
568 567 566
568 566 569
565 570 564
569 571 568
565 572 570
569 573 571
574 570 572
575 574 572
576 574 575
576 577 574
574 578 570
578 574 577
579 578 577
579 580 578
581 580 579
573 581 571
581 582 571
581 583 580
581 573 583
584 585 586
584 587 585
588 587 584
588 584 589
590 591 592
590 592 593
594 595 596
594 596 597
598 599 600
600 599 601
600 601 602
603 602 601
603 601 604
603 604 605
606 607 608
606 609 607
606 610 609
611 609 610
611 612 609
613 612 611
614 615 616
614 616 617
618 614 617
614 618 619
614 619 620
619 618 621
619 622 620
622 623 620
622 624 623
619 621 625
621 626 625
626 627 625
627 626 628
627 628 629
621 630 626
621 631 630
630 631 632
630 632 633
634 635 636
634 636 637
636 638 637
636 639 638
640 641 642
640 642 643
644 645 646
644 647 645
648 647 644
648 644 649
650 651 652
650 652 653
654 655 656
654 656 657
658 659 660
658 660 661
662 663 664
662 664 665
666 667 668
666 669 667
670 669 666
670 671 669
672 673 674
672 675 673
676 675 672
676 677 675
678 679 680
678 680 681
682 683 684
682 685 683
685 682 686
685 686 687
688 689 690
688 690 691
692 693 694
692 694 695
696 695 694
696 697 695
698 699 700
698 700 701
700 702 701
700 703 702
704 702 703
703 705 704
703 706 705
707 708 709
707 709 710
711 712 713
711 713 714
715 716 717
715 717 718
719 720 721
719 722 720
723 722 719
723 724 722
725 726 727
725 727 728
729 730 731
729 731 732
733 729 732
733 734 729
735 734 733
734 735 736
734 736 737
738 739 740
738 740 741
742 743 744
742 744 745
746 747 748
746 748 749
750 751 752
750 753 751
754 753 750
754 755 753
756 757 758
756 758 759
759 758 760
759 760 761
762 763 764
762 764 765
766 767 768
766 768 769
769 768 770
769 770 771
772 773 774
772 774 775
776 777 778
776 778 779
779 778 780
779 780 781
782 783 784
782 784 785
786 782 785
786 785 787
788 789 790
788 790 791
792 791 790
792 790 793
794 795 796
794 797 795
798 797 794
798 794 799
800 801 802
800 802 803
804 800 803
804 803 805
806 807 808
806 808 809
809 808 810
809 810 811
812 813 814
812 814 815
815 814 816
815 816 817
818 819 820
821 819 818
818 822 821
821 822 823
821 824 819
821 823 825
826 819 824
827 825 823
827 826 824
827 823 828
827 828 826
829 830 831
832 830 829
832 829 833
832 833 834
832 835 830
832 834 836
835 837 830
838 836 834
838 837 835
838 834 839
838 839 837
840 841 842
842 843 840
840 843 844
843 845 844
842 846 843
843 847 845
848 846 842
849 845 847
849 846 848
849 850 845
849 848 850
851 852 853
853 854 851
854 855 851
854 856 855
853 857 854
854 858 856
857 853 859
860 856 858
860 857 859
860 861 856
860 859 861
862 863 864
862 864 865
866 865 864
862 865 867
862 867 868
865 869 867
866 870 865
865 870 869
870 866 871
870 871 869
872 873 874
872 875 873
876 875 872
876 877 875
875 878 873
875 877 879
875 880 878
875 879 880
881 878 880
881 880 879
882 883 884
884 883 885
886 885 883
886 887 885
883 888 886
889 887 886
886 888 889
890 891 892
892 891 893
894 893 891
895 892 893
894 896 893
894 897 896
895 893 898
898 893 896
899 896 897
898 896 899
895 898 900
895 900 901
902 901 900
900 898 903
903 902 900
904 898 899
904 903 898
903 905 902
906 902 905
906 905 907
903 908 905
908 907 905
903 904 908
908 909 907
910 909 908
911 909 910
907 909 911
911 910 912
913 908 904
910 908 913
914 904 899
913 904 914
915 912 910
916 915 910
917 912 915
915 916 917
910 913 918
918 913 914
914 899 919
899 897 919
920 914 919
918 914 920
921 919 897
920 919 921
910 922 916
918 922 910
923 922 918
916 922 923
920 924 918
918 924 923
916 925 917
925 926 917
927 926 925
928 926 927
927 925 929
929 925 916
927 929 930
916 931 929
923 931 916
929 931 930
931 923 932
931 932 930
923 924 932
932 933 930
932 924 933
924 934 933
920 935 924
935 934 924
935 920 921
935 936 934
934 936 937
936 938 937
936 939 938
935 939 936
940 938 939
935 921 941
935 941 939
942 940 939
941 942 939
943 941 921
943 942 941
921 897 943
943 897 944
942 943 944
942 944 945
945 940 942
940 945 946
947 948 949
947 949 950
947 950 951
947 951 952
953 952 951
953 954 952
953 955 954
953 956 955
957 955 956
957 956 958
957 958 959
959 958 960
961 962 963
964 961 963
964 965 961
966 965 964
966 964 967
966 967 968
966 968 969
966 970 965
969 970 966
969 971 970
972 970 971
973 974 975
973 975 976
976 975 977
978 976 977
978 977 979
979 977 980
981 979 980
981 982 979
982 981 983
983 981 984
983 985 982
983 984 986
987 985 983
986 987 983
988 985 987
986 989 987
986 990 989
988 987 991
991 987 989
991 992 988
990 993 989
993 990 994
991 989 995
995 989 993
991 996 992
991 995 996
997 992 996
994 998 993
998 995 993
999 996 995
998 999 995
1000 997 996
999 1000 996
1001 998 994
994 1002 1001
998 1003 999
1000 999 1003
998 1001 1003
997 1000 1004
1000 1003 1004
1004 1003 1005
997 1004 1006
1006 1004 1005
1006 1005 1007
1005 1008 1007
1005 1009 1008
1010 1009 1005
1011 1001 1002
1003 1001 1011
1011 1005 1003
1005 1011 1010
1002 1012 1011
1011 1012 1010
1013 1010 1012
1014 1015 1016
1014 1016 1017
1018 1014 1017
1018 1019 1014
1020 1019 1018
1020 1018 1021
1022 1020 1021
1022 1021 1023
1024 1020 1022
1025 1022 1023
1024 1022 1026
1026 1022 1025
1027 1024 1026
1028 1026 1025
1027 1026 1029
1029 1026 1028
1030 1027 1029
1029 1028 1031
1032 1030 1029
1031 1032 1029
1033 1030 1032
1032 1031 1034
1034 1033 1032
1034 1035 1033
1035 1034 1036
1035 1037 1033
1038 1035 1036
1039 1037 1035
1035 1038 1039
1039 1040 1037
1041 1039 1038
1039 1041 1040
1042 1043 1044
1043 1045 1044
1045 1046 1044
1045 1047 1046
1044 1046 1048
1049 1046 1047
1046 1049 1048
1050 1051 1052
1051 1053 1052
1054 1052 1053
1055 1053 1051
1054 1053 1056
1054 1056 1057
1055 1058 1053
1058 1056 1053
1059 1057 1056
1058 1059 1056
1055 1060 1058
1055 1061 1060
1062 1060 1061
1060 1063 1058
1063 1060 1062
1064 1059 1058
1064 1058 1063
1063 1062 1065
1066 1065 1062
1066 1067 1065
1063 1065 1068
1068 1065 1067
1063 1068 1064
1068 1067 1069
1070 1068 1069
1071 1070 1069
1067 1071 1069
1071 1072 1070
1073 1064 1068
1070 1073 1068
1074 1059 1064
1073 1074 1064
1075 1070 1072
1076 1070 1075
1077 1075 1072
1075 1077 1076
1070 1078 1073
1078 1074 1073
1074 1079 1059
1059 1079 1057
1080 1079 1074
1078 1080 1074
1081 1057 1079
1080 1081 1079
1076 1077 1082
1082 1077 1083
1082 1083 1084
1085 1084 1083
1082 1084 1086
1086 1076 1082
1084 1087 1086
1086 1087 1088
1076 1086 1088
1088 1087 1089
1089 1087 1090
1091 1076 1088
1088 1089 1091
1089 1090 1092
1091 1089 1092
1092 1090 1093
1076 1091 1094
1070 1076 1094
1078 1070 1094
1091 1078 1094
1078 1091 1092
1080 1078 1092
1080 1092 1095
1095 1092 1093
1095 1081 1080
1095 1093 1096
1093 1097 1096
1096 1097 1098
1096 1098 1099
1095 1096 1099
1100 1099 1098
1095 1101 1081
1095 1099 1101
1102 1099 1100
1101 1099 1102
1103 1081 1101
1103 1101 1102
1081 1103 1057
1103 1104 1057
1102 1104 1103
1102 1105 1104
1105 1102 1100
1100 1106 1105
1107 1108 1109
1107 1110 1108
1107 1111 1110
1107 1112 1111
1113 1111 1112
1113 1112 1114
1113 1114 1115
1113 1115 1116
1117 1116 1115
1117 1118 1116
1117 1119 1118
1119 1120 1118
1121 1122 1123
1124 1122 1121
1124 1121 1125
1124 1125 1126
1124 1126 1127
1126 1128 1127
1126 1129 1128
1126 1125 1130
1129 1126 1130
1129 1130 1131
1132 1131 1130
1133 1134 1135
1133 1136 1134
1136 1137 1134
1138 1137 1136
1138 1139 1137
1139 1140 1137
1141 1140 1139
1141 1139 1142
1142 1143 1141
1143 1144 1141
1143 1142 1145
1143 1146 1144
1147 1143 1145
1146 1143 1147
1148 1147 1145
1146 1147 1149
1146 1149 1150
1148 1151 1147
1151 1149 1147
1151 1148 1152
1150 1149 1153
1153 1154 1150
1151 1155 1149
1155 1153 1149
1151 1152 1156
1151 1156 1155
1157 1156 1152
1154 1153 1158
1158 1153 1155
1159 1155 1156
1158 1155 1159
1160 1156 1157
1159 1156 1160
1161 1154 1158
1154 1161 1162
1158 1159 1163
1160 1163 1159
1158 1163 1161
1157 1164 1160
1160 1164 1163
1164 1165 1163
1157 1166 1164
1166 1165 1164
1166 1167 1165
1165 1167 1168
1165 1168 1169
1170 1165 1169
1171 1162 1161
1163 1171 1161
1171 1163 1165
1165 1170 1171
1162 1171 1172
1171 1170 1172
1173 1172 1170
1174 1175 1176
1174 1177 1175
1174 1178 1177
1174 1179 1178
1178 1179 1180
1178 1180 1181
1182 1181 1180
1182 1183 1181
1184 1182 1180
1185 1183 1182
1184 1186 1182
1186 1185 1182
1187 1186 1184
1188 1185 1186
1187 1189 1186
1189 1188 1186
1190 1189 1187
1189 1191 1188
1192 1189 1190
1191 1189 1192
1193 1192 1190
1192 1194 1191
1194 1192 1193
1194 1193 1195
1195 1196 1194
1195 1193 1197
1198 1196 1195
1199 1195 1197
1195 1199 1198
1199 1197 1200
1201 1198 1199
1199 1200 1201
1202 1203 1204
1205 1202 1204
1205 1206 1202
1207 1205 1204
1206 1205 1208
1206 1208 1209
1210 1209 1208
1211 1208 1205
1207 1212 1205
1211 1205 1212
1207 1213 1212
1211 1212 1213
1214 1215 1216
1216 1215 1217
1218 1219 1220
1218 1220 1221
1222 1223 1224
1222 1225 1223
1222 1226 1225
1223 1225 1227
1225 1226 1227
1227 1226 1228
1228 1229 1227
1230 1228 1226
1229 1228 1231
1230 1231 1228
1232 1231 1230
1231 1233 1229
1232 1233 1231
1232 1230 1234
1232 1235 1233
1232 1236 1235
1232 1234 1237
1232 1238 1236
1232 1237 1238
1238 1237 1239
1240 1241 1242
1240 1243 1241
1243 1240 1244
1243 1244 1245
1244 1246 1245
1244 1247 1246
1247 1248 1246
1247 1249 1248
1250 1251 1252
1250 1252 1253
1254 1255 1256
1254 1256 1257
1258 1259 1260
1258 1260 1261
1262 1261 1260
1262 1263 1261
1264 1265 1266
1264 1266 1267
1268 1269 1270
1268 1270 1271
1268 1271 1272
1270 1273 1271
1271 1273 1272
1273 1274 1272
1274 1273 1275
1276 1272 1274
1275 1277 1274
1276 1274 1277
1278 1276 1277
1277 1275 1279
1278 1277 1279
1278 1280 1276
1278 1279 1281
1278 1281 1282
1278 1283 1280
1278 1282 1284
1278 1284 1283
1284 1285 1283
1286 1287 1288
1286 1288 1289
1289 1290 1286
1289 1291 1290
1290 1291 1292
1290 1292 1293
1293 1292 1294
1293 1294 1295
1296 1297 1298
1296 1298 1299
1300 1301 1302
1300 1302 1303
1304 1305 1306
1304 1307 1305
1308 1305 1307
1308 1307 1309
1310 1311 1312
1310 1312 1313
1314 1315 1316
1316 1315 1317
1318 1317 1315
1316 1317 1319
1316 1319 1320
1316 1320 1321
1322 1321 1320
1318 1323 1317
1319 1317 1324
1317 1323 1324
1325 1323 1318
1325 1318 1326
1325 1326 1327
1328 1325 1327
1328 1327 1329
1325 1330 1323
1330 1325 1328
1329 1331 1328
1329 1332 1331
1333 1328 1331
1330 1328 1333
1333 1331 1334
1331 1335 1334
1334 1336 1333
1336 1330 1333
1335 1337 1334
1334 1337 1336
1335 1338 1337
1339 1330 1336
1330 1339 1340
1330 1340 1323
1341 1323 1340
1341 1324 1323
1342 1324 1341
1342 1319 1324
1343 1319 1342
1343 1320 1319
1337 1344 1336
1320 1343 1345
1337 1346 1344
1338 1346 1337
1347 1344 1346
1320 1345 1348
1322 1320 1348
1349 1348 1345
1322 1348 1349
1349 1345 1350
1338 1351 1346
1351 1338 1352
1347 1346 1353
1353 1346 1351
1354 1347 1353
1354 1353 1355
1355 1356 1354
1357 1350 1356
1357 1349 1350
1355 1357 1356
1349 1358 1322
1322 1358 1359
1353 1351 1360
1353 1360 1355
1361 1351 1352
1360 1351 1361
1362 1358 1349
1362 1349 1357
1363 1359 1358
1358 1362 1363
1364 1357 1355
1364 1355 1360
1364 1365 1357
1365 1362 1357
1364 1360 1366
1366 1360 1361
1365 1367 1362
1363 1362 1367
1366 1361 1368
1369 1368 1361
1369 1361 1352
1369 1352 1370
1369 1370 1371
1363 1367 1372
1363 1372 1373
1359 1363 1373
1373 1372 1374
1359 1373 1375
1373 1374 1376
1375 1373 1376
1375 1376 1377
1378 1379 1380
1378 1381 1379
1382 1379 1381
1383 1382 1381
1383 1384 1382
1385 1384 1383
1385 1386 1384
1387 1386 1385
1388 1389 1390
1391 1390 1389
1391 1392 1390
1393 1394 1395
1395 1394 1396
1397 1398 1399
1398 1400 1399
1400 1401 1399
1398 1402 1400
1398 1403 1402
1398 1404 1403
1405 1403 1404
1400 1406 1401
1402 1407 1400
1400 1407 1406
1408 1401 1406
1408 1409 1401
1408 1410 1409
1411 1410 1408
1411 1412 1410
1408 1406 1413
1411 1408 1413
1414 1412 1411
1414 1415 1412
1414 1411 1416
1411 1413 1416
1414 1416 1417
1414 1417 1418
1419 1417 1416
1419 1416 1413
1418 1417 1420
1419 1420 1417
1418 1420 1421
1422 1419 1413
1413 1423 1422
1413 1406 1423
1424 1423 1406
1424 1406 1407
1425 1424 1407
1425 1407 1402
1426 1425 1402
1426 1402 1403
1427 1420 1419
1403 1428 1426
1427 1429 1420
1421 1420 1429
1430 1429 1427
1403 1431 1428
1405 1431 1403
1432 1428 1431
1405 1432 1431
1432 1433 1428
1421 1429 1434
1434 1435 1421
1430 1436 1429
1436 1434 1429
1436 1430 1437
1436 1437 1438
1438 1437 1439
1440 1439 1433
1440 1433 1432
1438 1439 1440
1432 1405 1441
1405 1442 1441
1436 1443 1434
1436 1438 1443
1444 1435 1434
1443 1444 1434
1445 1432 1441
1445 1440 1432
1446 1441 1442
1441 1446 1445
1447 1438 1440
1447 1443 1438
1447 1440 1448
1448 1440 1445
1447 1449 1443
1449 1444 1443
1448 1445 1450
1446 1450 1445
1449 1451 1444
1452 1444 1451
1452 1435 1444
1452 1453 1435
1452 1454 1453
1446 1455 1450
1446 1456 1455
1442 1456 1446
1456 1457 1455
1442 1458 1456
1456 1459 1457
1458 1459 1456
1458 1460 1459
1461 1462 1463
1461 1463 1464
1465 1464 1463
1466 1464 1465
1466 1465 1467
1468 1466 1467
1468 1467 1469
1470 1468 1469
1471 1472 1473
1474 1473 1472
1474 1472 1475
1476 1477 1478
1478 1477 1479
1480 1481 1482
1480 1482 1483
1484 1480 1483
1485 1483 1482
1484 1483 1486
1487 1484 1486
1485 1488 1483
1488 1486 1483
1487 1486 1489
1490 1487 1489
1485 1491 1488
1485 1492 1491
1488 1493 1486
1493 1489 1486
1491 1493 1488
1490 1489 1494
1494 1495 1490
1492 1496 1491
1492 1497 1496
1497 1498 1496
1497 1499 1498
1499 1500 1498
1499 1501 1500
1500 1501 1502
1500 1502 1503
1504 1500 1503
1504 1498 1500
1504 1503 1505
1506 1496 1498
1504 1506 1498
1507 1504 1505
1507 1506 1504
1507 1505 1508
1491 1496 1509
1506 1509 1496
1507 1510 1506
1510 1509 1506
1511 1507 1508
1511 1510 1507
1511 1508 1512
1491 1509 1513
1491 1513 1493
1510 1514 1509
1513 1509 1514
1511 1515 1510
1515 1514 1510
1516 1511 1512
1516 1515 1511
1516 1512 1517
1517 1518 1516
1517 1519 1518
1513 1520 1493
1493 1520 1489
1513 1514 1521
1513 1521 1520
1522 1489 1520
1521 1522 1520
1522 1494 1489
1521 1514 1523
1515 1523 1514
1516 1524 1515
1518 1524 1516
1521 1525 1522
1521 1523 1525
1526 1494 1522
1525 1526 1522
1527 1523 1515
1527 1515 1524
1528 1525 1523
1527 1528 1523
1528 1529 1525
1525 1529 1526
1530 1528 1527
1530 1529 1528
1531 1527 1524
1530 1527 1531
1518 1532 1524
1531 1524 1532
1533 1531 1532
1518 1533 1532
1526 1534 1494
1494 1534 1495
1535 1495 1534
1535 1536 1495
1537 1534 1526
1537 1535 1534
1538 1526 1529
1537 1526 1538
1539 1536 1535
1539 1540 1536
1541 1535 1537
1541 1537 1538
1541 1539 1535
1533 1542 1531
1542 1530 1531
1530 1543 1529
1538 1529 1543
1543 1530 1544
1542 1544 1530
1538 1543 1545
1543 1544 1545
1541 1538 1546
1538 1545 1546
1547 1544 1542
1547 1545 1544
1548 1539 1541
1541 1546 1548
1549 1539 1548
1546 1549 1548
1545 1550 1546
1546 1550 1549
1551 1542 1533
1547 1542 1551
1547 1552 1545
1545 1552 1550
1539 1549 1553
1553 1540 1539
1553 1554 1540
1553 1555 1554
1556 1553 1549
1553 1556 1555
1557 1549 1550
1557 1556 1549
1547 1551 1558
1552 1547 1558
1550 1552 1559
1557 1550 1559
1560 1552 1558
1560 1559 1552
1560 1558 1551
1561 1557 1559
1561 1559 1560
1555 1556 1562
1555 1562 1563
1562 1564 1563
1565 1556 1557
1561 1565 1557
1562 1566 1564
1566 1567 1564
1556 1568 1562
1565 1568 1556
1568 1566 1562
1569 1566 1568
1565 1569 1568
1566 1570 1567
1569 1570 1566
1570 1571 1567
1570 1572 1571
1572 1570 1569
1573 1571 1572
1573 1574 1571
1575 1573 1572
1572 1569 1575
1575 1576 1573
1577 1576 1575
1569 1577 1575
1577 1578 1576
1565 1579 1569
1577 1569 1579
1580 1578 1577
1580 1581 1578
1579 1565 1582
1565 1561 1582
1577 1579 1583
1580 1577 1583
1584 1581 1580
1584 1585 1581
1580 1586 1584
1580 1583 1586
1587 1585 1584
1584 1586 1587
1588 1585 1587
1583 1579 1589
1579 1582 1589
1582 1561 1590
1561 1560 1590
1583 1591 1586
1589 1591 1583
1592 1589 1582
1582 1590 1592
1589 1592 1593
1590 1593 1592
1590 1560 1594
1560 1551 1594
1589 1595 1591
1589 1593 1595
1596 1593 1590
1590 1594 1596
1595 1593 1597
1593 1596 1597
1591 1595 1598
1595 1597 1598
1599 1586 1591
1591 1598 1599
1600 1594 1551
1551 1533 1600
1601 1600 1533
1601 1533 1518
1600 1602 1594
1601 1602 1600
1594 1603 1596
1603 1594 1602
1597 1596 1604
1604 1596 1603
1598 1597 1605
1597 1604 1605
1603 1606 1604
1606 1605 1604
1607 1603 1602
1603 1607 1606
1598 1605 1608
1599 1598 1608
1518 1609 1601
1609 1518 1519
1610 1609 1519
1601 1611 1602
1607 1602 1611
1612 1601 1609
1611 1601 1612
1610 1613 1609
1612 1609 1613
1614 1613 1610
1614 1612 1613
1615 1614 1610
1616 1611 1612
1607 1611 1616
1614 1616 1612
1617 1614 1615
1617 1616 1614
1617 1615 1618
1619 1607 1616
1607 1619 1606
1617 1620 1616
1620 1619 1616
1618 1621 1617
1617 1621 1620
1618 1622 1621
1623 1619 1620
1621 1623 1620
1622 1624 1621
1621 1624 1623
1622 1625 1624
1606 1619 1626
1623 1626 1619
1625 1627 1624
1625 1628 1627
1629 1627 1628
1624 1630 1623
1624 1627 1630
1630 1626 1623
1629 1631 1627
1630 1627 1631
1631 1629 1632
1631 1632 1633
1606 1626 1634
1606 1634 1605
1634 1608 1605
1630 1635 1626
1634 1626 1635
1630 1631 1636
1635 1630 1636
1637 1631 1633
1636 1631 1637
1637 1633 1638
1634 1639 1608
1634 1635 1639
1635 1636 1640
1639 1635 1640
1641 1636 1637
1640 1636 1641
1642 1637 1638
1641 1637 1642
1642 1638 1643
1639 1644 1608
1599 1608 1644
1639 1640 1645
1645 1640 1641
1639 1645 1644
1645 1641 1646
1646 1641 1642
1646 1644 1645
1647 1642 1643
1646 1642 1647
1647 1643 1648
1647 1648 1649
1649 1646 1647
1649 1648 1650
1644 1651 1599
1599 1651 1586
1587 1586 1651
1646 1652 1644
1652 1646 1649
1644 1652 1651
1649 1650 1653
1652 1649 1653
1650 1588 1653
1588 1587 1654
1587 1651 1654
1654 1651 1652
1654 1652 1653
1588 1654 1653
1655 1656 1657
1655 1657 1658
1659 1655 1658
1660 1658 1657
1659 1658 1661
1661 1662 1659
1660 1663 1658
1661 1658 1663
1664 1663 1660
1664 1665 1663
1666 1665 1664
1661 1663 1667
1667 1663 1665
1666 1668 1665
1668 1666 1669
1661 1670 1662
1661 1667 1671
1661 1671 1670
1672 1662 1670
1672 1673 1662
1670 1671 1674
1670 1674 1672
1667 1675 1671
1674 1671 1675
1667 1665 1676
1667 1676 1675
1676 1677 1675
1678 1676 1665
1678 1665 1668
1676 1678 1677
1679 1678 1668
1679 1677 1678
1668 1669 1680
1679 1668 1680
1681 1673 1672
1681 1682 1673
1683 1680 1669
1683 1669 1684
1685 1675 1677
1674 1675 1685
1686 1672 1674
1686 1681 1672
1687 1682 1681
1687 1688 1682
1689 1688 1687
1689 1687 1690
1691 1687 1681
1691 1690 1687
1691 1681 1686
1691 1692 1690
1693 1692 1691
1693 1691 1686
1693 1694 1692
1695 1686 1674
1693 1686 1695
1695 1674 1685
1696 1694 1693
1696 1693 1695
1696 1697 1694
1698 1695 1685
1696 1695 1698
1699 1697 1696
1699 1696 1698
1699 1700 1697
1700 1699 1701
1700 1701 1702
1698 1685 1703
1685 1677 1703
1699 1698 1704
1701 1699 1704
1705 1698 1703
1705 1704 1698
1706 1703 1677
1705 1703 1706
1706 1677 1707
1679 1707 1677
1708 1705 1706
1707 1708 1706
1709 1704 1705
1708 1709 1705
1710 1702 1701
1711 1702 1710
1712 1707 1679
1707 1712 1708
1701 1704 1713
1709 1713 1704
1701 1713 1714
1714 1713 1709
1715 1709 1708
1714 1709 1715
1701 1716 1710
1716 1701 1714
1717 1708 1712
1715 1708 1717
1711 1710 1718
1719 1711 1718
1720 1711 1719
1721 1718 1710
1721 1710 1716
1719 1718 1721
1719 1722 1720
1722 1723 1720
1719 1721 1724
1724 1722 1719
1723 1722 1725
1723 1725 1726
1727 1721 1716
1724 1721 1727
1722 1724 1728
1722 1728 1725
1726 1725 1729
1726 1729 1730
1725 1728 1731
1725 1731 1729
1728 1724 1732
1731 1728 1732
1733 1724 1727
1732 1724 1733
1734 1727 1716
1733 1727 1734
1730 1729 1735
1730 1735 1736
1737 1736 1735
1729 1731 1738
1729 1738 1735
1737 1735 1739
1738 1739 1735
1739 1740 1737
1739 1741 1740
1731 1732 1742
1738 1731 1742
1733 1743 1732
1743 1742 1732
1744 1741 1739
1744 1745 1741
1738 1746 1739
1746 1744 1739
1738 1742 1747
1747 1746 1738
1748 1745 1744
1748 1749 1745
1750 1744 1746
1750 1748 1744
1751 1749 1748
1751 1752 1749
1753 1751 1748
1753 1748 1750
1751 1754 1752
1754 1751 1753
1754 1755 1752
1756 1750 1746
1747 1756 1746
1757 1747 1742
1743 1757 1742
1754 1758 1755
1755 1758 1759
1760 1750 1756
1760 1753 1750
1761 1756 1747
1761 1760 1756
1757 1761 1747
1762 1758 1754
1762 1754 1753
1753 1760 1763
1761 1763 1760
1753 1763 1762
1759 1758 1764
1764 1758 1762
1757 1765 1761
1761 1765 1763
1759 1764 1766
1759 1766 1767
1764 1762 1768
1763 1768 1762
1766 1764 1768
1766 1769 1767
1769 1770 1767
1763 1771 1768
1771 1763 1765
1766 1768 1772
1769 1766 1772
1771 1772 1768
1769 1773 1770
1773 1769 1772
1773 1774 1770
1757 1775 1765
1743 1775 1757
1771 1765 1776
1775 1776 1765
1771 1777 1772
1777 1771 1776
1773 1772 1778
1778 1772 1777
1773 1779 1774
1773 1778 1779
1779 1780 1774
1779 1781 1780
1782 1781 1779
1781 1783 1780
1784 1779 1778
1779 1784 1782
1785 1778 1777
1778 1785 1784
1777 1776 1786
1785 1777 1786
1781 1787 1783
1787 1781 1782
1786 1776 1788
1775 1788 1776
1783 1787 1789
1783 1789 1790
1791 1789 1787
1787 1782 1791
1791 1792 1789
1793 1792 1791
1782 1793 1791
1793 1794 1792
1795 1794 1793
1795 1796 1794
1797 1796 1795
1782 1798 1793
1798 1795 1793
1797 1795 1799
1799 1795 1798
1800 1798 1782
1800 1799 1798
1800 1782 1784
1797 1799 1801
1797 1801 1802
1801 1803 1802
1801 1804 1803
1804 1684 1803
1804 1683 1684
1799 1805 1801
1804 1801 1805
1800 1806 1799
1806 1805 1799
1784 1807 1800
1784 1785 1807
1808 1806 1800
1800 1807 1808
1809 1683 1804
1805 1810 1804
1810 1809 1804
1811 1810 1805
1811 1809 1810
1806 1812 1805
1811 1805 1812
1809 1813 1683
1813 1680 1683
1813 1679 1680
1809 1814 1813
1813 1814 1679
1811 1814 1809
1712 1679 1814
1815 1814 1811
1815 1712 1814
1815 1811 1812
1717 1712 1815
1806 1816 1812
1808 1816 1806
1817 1717 1815
1817 1715 1717
1812 1818 1815
1812 1816 1818
1817 1815 1818
1808 1819 1816
1818 1816 1819
1817 1820 1715
1820 1714 1715
1818 1821 1817
1818 1819 1821
1817 1821 1820
1820 1821 1819
1808 1822 1819
1807 1822 1808
1820 1823 1714
1716 1714 1823
1734 1716 1823
1820 1819 1824
1823 1820 1824
1823 1824 1734
1822 1824 1819
1825 1734 1824
1733 1734 1825
1825 1743 1733
1824 1826 1825
1822 1826 1824
1825 1827 1743
1826 1827 1825
1743 1827 1775
1788 1775 1827
1788 1827 1826
1828 1788 1826
1826 1822 1828
1786 1788 1828
1785 1786 1828
1822 1829 1828
1785 1828 1829
1807 1829 1822
1785 1829 1807
1830 1831 1832
1830 1832 1833
1832 1834 1833
1832 1835 1834
1836 1837 1838
1836 1838 1839
1836 1839 1840
1836 1840 1841
1842 1843 1844
1842 1845 1843
1845 1846 1843
1845 1842 1847
1845 1848 1846
1845 1847 1849
1849 1848 1845
1850 1849 1847
1849 1850 1848
1848 1850 1851
1850 1847 1852
1850 1853 1851
1852 1853 1850
1852 1854 1853
1855 1856 1857
1857 1856 1858
1857 1858 1859
1859 1858 1860
1860 1858 1861
1859 1860 1862
1860 1861 1863
1862 1860 1864
1860 1863 1864
1862 1864 1865
1866 1864 1863
1865 1864 1866
1865 1866 1867
1868 1867 1866
1868 1866 1869
1868 1869 1870
1865 1867 1871
1868 1871 1867
1865 1871 1872
1873 1872 1871
1868 1870 1874
1874 1870 1875
1875 1876 1874
1874 1876 1877
1877 1878 1874
1878 1868 1874
1877 1879 1878
1868 1880 1871
1878 1880 1868
1873 1871 1881
1881 1871 1880
1882 1878 1879
1882 1879 1883
1878 1884 1880
1881 1880 1884
1878 1882 1884
1885 1881 1884
1882 1885 1884
1873 1881 1886
1885 1886 1881
1873 1886 1887
1888 1887 1886
1882 1883 1889
1882 1889 1885
1890 1889 1883
1890 1885 1889
1890 1883 1891
1888 1886 1892
1885 1892 1886
1890 1893 1885
1885 1893 1892
1890 1891 1894
1894 1893 1890
1895 1894 1891
1888 1892 1896
1888 1896 1897
1898 1897 1896
1892 1893 1899
1894 1899 1893
1892 1899 1896
1895 1900 1894
1900 1895 1901
1902 1900 1901
1900 1902 1903
1904 1899 1894
1904 1894 1900
1904 1900 1903
1904 1896 1899
1904 1903 1905
1904 1906 1896
1905 1906 1904
1898 1896 1906
1905 1907 1906
1908 1898 1906
1908 1906 1907
1909 1898 1908
1907 1910 1908
1909 1908 1911
1911 1908 1910
1911 1910 1912
1913 1909 1911
1911 1912 1914
1913 1911 1914
1915 1913 1914
1915 1914 1916
1917 1915 1916
1918 1919 1920
1918 1921 1919
1922 1919 1921
1918 1923 1921
1918 1924 1923
1925 1923 1924
1925 1926 1923
1927 1926 1925
1927 1928 1926
1926 1928 1929
1923 1926 1930
1926 1929 1930
1923 1931 1921
1923 1930 1931
1922 1921 1932
1932 1921 1931
1933 1930 1929
1933 1929 1934
1933 1934 1935
1936 1931 1930
1936 1930 1933
1932 1931 1936
1922 1932 1937
1922 1937 1938
1933 1935 1939
1936 1933 1939
1932 1936 1940
1932 1940 1937
1936 1939 1940
1938 1937 1941
1938 1941 1942
1943 1937 1940
1941 1937 1943
1943 1940 1939
1941 1943 1944
1943 1945 1944
1946 1939 1935
1943 1939 1946
1943 1946 1945
1946 1935 1947
1948 1945 1946
1948 1946 1947
1949 1950 1951
1949 1952 1950
1953 1952 1949
1953 1949 1954
1955 1953 1954
1955 1954 1956
1956 1957 1955
1955 1957 1958
1958 1957 1959
1960 1961 1962
1962 1961 1963
1962 1963 1964
1965 1966 1967
1965 1967 1968
1969 1970 1971
1969 1971 1972
1973 1972 1971
1973 1971 1974
1975 1973 1974
1975 1974 1976
1975 1976 1977
1975 1977 1978
1979 1978 1977
1979 1977 1980
1981 1979 1980
1981 1980 1982
1983 1984 1985
1983 1985 1986
1987 1988 1989
1987 1990 1988
1990 1987 1991
1990 1991 1992
1993 1990 1992
1993 1994 1990
1994 1988 1990
1994 1995 1988
1996 1997 1998
1996 1999 1997
1997 1999 2000
1997 2000 2001
2002 2003 2004
2002 2004 2005
2006 2002 2005
2006 2007 2002
2007 2006 2008
2007 2008 2009
2009 2008 2010
2008 2011 2010
2011 2012 2010
2013 2014 2015
2014 2016 2015
2014 2017 2016
2018 2019 2020
2018 2020 2021
2022 2023 2024
2022 2024 2025
2026 2027 2028
2028 2027 2029
2030 2028 2029
2028 2030 2031
2031 2030 2032
2028 2031 2033
2028 2033 2034
2035 2036 2037
2036 2038 2037
2036 2039 2038
2036 2040 2039
2040 2041 2039
2036 2042 2040
2036 2043 2042
2044 2045 2046
2044 2046 2047
2046 2048 2047
2046 2049 2048
2050 2051 2052
2050 2052 2053
2054 2055 2056
2054 2056 2057
2058 2059 2060
2058 2061 2059
2061 2058 2062
2061 2062 2063
2063 2062 2064
2063 2064 2065
2066 2065 2064
2066 2067 2065
2068 2067 2066
2068 2066 2069
2070 2071 2072
2070 2073 2071
2071 2073 2074
2071 2074 2075
2076 2077 2078
2076 2078 2079
2080 2081 2082
2080 2082 2083
2084 2085 2086
2084 2086 2087
2087 2088 2084
2087 2089 2088
2089 2090 2088
2089 2091 2090
2092 2090 2091
2092 2091 2093
2092 2093 2094
2092 2094 2095
2096 2097 2098
2096 2098 2099
2099 2100 2096
2101 2099 2098
2099 2102 2100
2103 2100 2102
2101 2104 2099
2104 2102 2099
2105 2104 2101
2105 2101 2106
2105 2106 2107
2103 2102 2108
2104 2109 2102
2108 2102 2109
2110 2104 2105
2110 2109 2104
2103 2108 2111
2103 2111 2112
2113 2112 2111
2113 2114 2112
2114 2113 2115
2114 2115 2116
2117 2116 2115
2117 2115 2118
2118 2119 2117
2115 2120 2118
2115 2121 2120
2115 2113 2121
2118 2122 2119
2121 2113 2123
2123 2113 2111
2121 2123 2124
2123 2125 2124
2119 2122 2126
2119 2126 2127
2123 2111 2128
2128 2111 2108
2123 2129 2125
2128 2129 2123
2128 2108 2130
2108 2109 2130
2130 2131 2128
2128 2131 2129
2132 2130 2109
2130 2132 2131
2132 2109 2110
2131 2132 2133
2133 2132 2110
2122 2134 2126
2135 2134 2122
2134 2135 2136
2134 2136 2137
2126 2134 2138
2138 2134 2137
2129 2131 2139
2131 2133 2139
2139 2133 2140
2133 2110 2141
2141 2140 2133
2141 2110 2105
2141 2105 2142
2105 2107 2142
2142 2143 2141
2141 2143 2140
2144 2142 2107
2142 2144 2143
2144 2107 2145
2146 2144 2145
2146 2147 2144
2143 2144 2147
2147 2146 2148
2143 2147 2149
2149 2140 2143
2147 2148 2150
2149 2147 2150
2150 2148 2151
2150 2151 2152
2153 2150 2152
2149 2150 2153
2153 2152 2154
2154 2155 2153
2149 2153 2155
2154 2156 2155
2157 2155 2156
2149 2155 2158
2149 2158 2140
2157 2159 2155
2159 2158 2155
2160 2159 2157
2140 2158 2161
2159 2161 2158
2160 2162 2159
2163 2162 2160
2140 2161 2164
2139 2140 2164
2165 2161 2159
2165 2159 2162
2163 2166 2162
2167 2166 2163
2168 2139 2164
2129 2139 2168
2164 2161 2169
2165 2169 2161
2170 2165 2162
2170 2162 2166
2164 2169 2171
2168 2164 2171
2172 2169 2165
2172 2165 2170
2172 2171 2169
2173 2170 2166
2173 2172 2170
2167 2174 2166
2173 2166 2174
2172 2175 2171
2168 2171 2175
2176 2129 2168
2176 2125 2129
2176 2177 2125
2176 2178 2177
2176 2168 2179
2168 2175 2179
2179 2178 2176
2180 2174 2167
2180 2167 2181
2182 2180 2181
2175 2172 2183
2173 2183 2172
2184 2183 2173
2185 2173 2174
2185 2174 2180
2184 2173 2185
2182 2186 2180
2185 2180 2186
2186 2182 2187
2175 2183 2188
2188 2183 2184
2179 2175 2188
2185 2186 2189
2184 2185 2189
2186 2187 2190
2189 2186 2190
2191 2190 2187
2179 2188 2192
2179 2192 2178
2191 2193 2190
2193 2191 2194
2189 2190 2195
2193 2195 2190
2192 2188 2196
2188 2184 2196
2197 2178 2192
2192 2196 2197
2197 2198 2178
2193 2194 2199
2200 2199 2194
2184 2189 2201
2195 2201 2189
2202 2196 2184
2202 2197 2196
2202 2184 2201
2203 2198 2197
2202 2203 2197
2193 2204 2195
2199 2204 2193
2195 2205 2201
2204 2205 2195
2206 2202 2201
2206 2203 2202
2206 2201 2205
2203 2207 2198
2207 2208 2198
2208 2207 2209
2209 2207 2210
2206 2211 2203
2207 2203 2211
2212 2206 2205
2211 2206 2212
2213 2210 2207
2207 2211 2213
2204 2214 2205
2212 2205 2214
2211 2212 2215
2215 2213 2211
2213 2216 2210
2210 2216 2137
2138 2137 2216
2217 2212 2214
2215 2212 2217
2204 2218 2214
2217 2214 2218
2217 2218 2219
2204 2220 2218
2220 2219 2218
2199 2220 2204
2215 2221 2213
2216 2213 2221
2215 2217 2222
2222 2221 2215
2223 2220 2199
2200 2223 2199
2224 2223 2200
2224 2200 2225
2223 2224 2226
2223 2227 2220
2223 2226 2227
2227 2226 2228
2220 2227 2219
2227 2228 2219
2219 2228 2229
2219 2229 2230
2217 2219 2231
2219 2230 2231
2231 2230 2232
2231 2222 2217
2231 2232 2233
2231 2233 2222
2233 2232 2234
2233 2235 2222
2222 2235 2221
2233 2234 2236
2233 2236 2235
2236 2234 2237
2235 2238 2221
2216 2221 2238
2239 2235 2236
2235 2239 2238
2240 2236 2237
2239 2236 2240
2240 2237 2241
2240 2241 2242
2243 2216 2238
2239 2243 2238
2243 2138 2216
2244 2239 2240
2239 2244 2243
2240 2242 2245
2244 2240 2245
2246 2245 2242
2247 2138 2243
2126 2138 2247
2127 2126 2247
2127 2247 2248
2247 2243 2249
2249 2248 2247
2249 2243 2244
2249 2250 2248
2249 2244 2251
2251 2250 2249
2245 2251 2244
2251 2252 2250
2245 2253 2251
2253 2252 2251
2246 2253 2245
2253 2254 2252
2254 2253 2246
2254 2246 2255
2256 2257 2258
2256 2259 2257
2259 2256 2260
2259 2261 2257
2259 2260 2262
2263 2262 2260
2259 2264 2261
2264 2259 2262
2265 2261 2264
2265 2266 2261
2267 2266 2265
2263 2268 2262
2264 2262 2269
2268 2269 2262
2270 2265 2264
2270 2264 2269
2263 2271 2268
2263 2272 2271
2273 2271 2272
2273 2272 2274
2274 2275 2273
2274 2276 2275
2275 2276 2277
2275 2277 2278
2279 2278 2277
2275 2278 2280
2275 2280 2281
2275 2281 2273
2279 2282 2278
2281 2283 2273
2283 2271 2273
2281 2284 2283
2283 2284 2285
2279 2286 2282
2279 2287 2286
2283 2288 2271
2288 2268 2271
2283 2285 2289
2288 2283 2289
2288 2290 2268
2268 2290 2269
2290 2288 2291
2288 2289 2291
2292 2269 2290
2290 2291 2292
2292 2270 2269
2291 2293 2292
2293 2270 2292
2294 2282 2286
2295 2282 2294
2294 2296 2295
2294 2297 2296
2286 2298 2294
2298 2297 2294
2289 2299 2291
2291 2299 2293
2299 2300 2293
2293 2301 2270
2301 2293 2300
2301 2265 2270
2301 2302 2265
2267 2265 2302
2302 2301 2303
2301 2300 2303
2304 2267 2302
2302 2303 2304
2304 2305 2267
2304 2306 2305
2304 2307 2306
2303 2307 2304
2307 2308 2306
2303 2309 2307
2309 2303 2300
2307 2310 2308
2309 2310 2307
2310 2311 2308
2310 2312 2311
2313 2312 2310
2309 2313 2310
2313 2314 2312
2314 2313 2315
2309 2315 2313
2314 2315 2316
2317 2316 2315
2309 2318 2315
2309 2300 2318
2317 2315 2319
2319 2315 2318
2320 2317 2319
2300 2321 2318
2319 2318 2321
2320 2319 2322
2323 2320 2322
2300 2324 2321
2299 2324 2300
2325 2319 2321
2325 2322 2319
2323 2322 2326
2327 2323 2326
2328 2324 2299
2289 2328 2299
2324 2329 2321
2325 2321 2329
2330 2322 2325
2330 2326 2322
2324 2331 2329
2328 2331 2324
2325 2329 2332
2325 2332 2330
2332 2329 2331
2333 2326 2330
2332 2333 2330
2327 2326 2334
2333 2334 2326
2332 2331 2335
2328 2335 2331
2336 2328 2289
2336 2289 2285
2336 2285 2337
2338 2336 2337
2336 2339 2328
2328 2339 2335
2338 2339 2336
2340 2327 2334
2340 2341 2327
2342 2341 2340
2335 2343 2332
2332 2343 2333
2333 2343 2344
2345 2334 2333
2345 2340 2334
2333 2344 2345
2342 2340 2346
2345 2346 2340
2346 2347 2342
2335 2348 2343
2339 2348 2335
2348 2344 2343
2345 2349 2346
2344 2349 2345
2346 2350 2347
2349 2350 2346
2351 2347 2350
2339 2352 2348
2338 2352 2339
2351 2350 2353
2353 2354 2351
2349 2355 2350
2353 2350 2355
2352 2356 2348
2348 2356 2344
2357 2352 2338
2352 2357 2356
2357 2338 2358
2353 2359 2354
2360 2354 2359
2344 2361 2349
2355 2349 2361
2362 2344 2356
2362 2356 2357
2362 2361 2344
2363 2357 2358
2362 2357 2363
2353 2355 2364
2359 2353 2364
2360 2359 2365
2365 2366 2360
2365 2367 2366
2365 2368 2367
2355 2361 2369
2364 2355 2369
2370 2361 2362
2370 2362 2363
2370 2369 2361
2363 2358 2371
2371 2358 2372
2372 2373 2371
2373 2374 2371
2365 2375 2368
2375 2376 2368
2370 2363 2377
2371 2377 2363
2378 2369 2370
2377 2378 2370
2379 2371 2374
2371 2379 2377
2365 2380 2375
2365 2359 2380
2359 2364 2380
2375 2381 2376
2380 2381 2375
2376 2381 2382
2364 2369 2383
2378 2383 2369
2364 2384 2380
2364 2383 2384
2380 2384 2381
2385 2384 2383
2385 2383 2378
2385 2381 2384
2377 2386 2378
2386 2377 2379
2386 2385 2378
2382 2381 2387
2385 2387 2381
2382 2387 2388
2387 2389 2388
2386 2390 2385
2387 2385 2390
2387 2391 2389
2387 2390 2391
2391 2392 2389
2386 2379 2393
2390 2386 2393
2391 2390 2394
2390 2393 2394
2391 2395 2392
2391 2394 2395
2395 2396 2392
2397 2393 2379
2379 2374 2397
2374 2297 2397
2298 2397 2297
2394 2393 2398
2397 2398 2393
2399 2395 2394
2394 2398 2399
2400 2396 2395
2399 2400 2395
2400 2401 2396
2400 2402 2401
2403 2398 2397
2403 2397 2298
2399 2398 2403
2404 2400 2399
2399 2403 2404
2400 2405 2402
2404 2405 2400
2405 2406 2402
2407 2403 2298
2286 2407 2298
2287 2407 2286
2287 2408 2407
2407 2409 2403
2409 2407 2408
2409 2404 2403
2409 2408 2410
2409 2411 2404
2411 2409 2410
2405 2404 2411
2411 2410 2412
2405 2411 2413
2413 2411 2412
2405 2413 2406
2413 2412 2414
2414 2406 2413
2414 2415 2406
2416 2417 2418
2416 2418 2419
2416 2419 2420
2416 2420 2421
2422 2421 2420
2422 2420 2423
2424 2422 2423
2424 2423 2425
2424 2425 2426
2424 2426 2427
2427 2426 2428
2427 2428 2429
2429 2428 2430
2429 2430 2431
2432 2431 2430
2432 2433 2431
2433 2432 2434
2433 2434 2435
2436 2435 2434
2436 2434 2437
2436 2437 2438
2436 2438 2439
2440 2439 2438
2440 2438 2441
2442 2443 2444
2442 2444 2445
2446 2445 2444
2446 2444 2447
2446 2447 2448
2446 2448 2449
2449 2448 2450
2449 2450 2451
2451 2450 2452
2451 2452 2453
2452 2454 2453
2452 2455 2454
2455 2456 2454
2455 2457 2456
2457 2458 2456
2457 2459 2458
2459 2460 2458
2459 2461 2460
2460 2461 2462
2460 2462 2463
2462 2464 2463
2462 2465 2464
2466 2464 2465
2466 2467 2464
2468 2469 2470
2468 2471 2469
2472 2471 2468
2469 2471 2473
2472 2474 2471
2474 2472 2475
2476 2473 2471
2476 2477 2473
2476 2478 2477
2471 2479 2476
2471 2474 2479
2480 2478 2476
2480 2476 2479
2480 2481 2478
2482 2481 2480
2482 2483 2481
2483 2482 2484
2479 2485 2480
2480 2485 2482
2482 2486 2484
2484 2486 2487
2482 2485 2488
2488 2486 2482
2489 2487 2486
2489 2490 2487
2491 2489 2486
2491 2486 2488
2492 2489 2491
2492 2491 2493
2493 2494 2492
2495 2491 2488
2493 2491 2495
2496 2495 2488
2496 2493 2495
2485 2497 2488
2496 2488 2497
2497 2498 2496
2493 2496 2499
2493 2499 2494
2498 2499 2496
2499 2500 2494
2498 2500 2499
2494 2500 2501
2485 2502 2497
2485 2479 2502
2479 2503 2502
2503 2497 2502
2474 2503 2479
2497 2504 2498
2503 2504 2497
2474 2505 2503
2474 2475 2505
2503 2505 2506
2505 2475 2506
2504 2503 2506
2475 2507 2506
2504 2506 2508
2508 2498 2504
2506 2507 2509
2506 2509 2508
2510 2509 2507
2511 2510 2507
2508 2512 2498
2508 2509 2513
2512 2508 2513
2510 2514 2509
2509 2514 2513
2512 2515 2498
2498 2515 2500
2515 2516 2500
2500 2516 2501
2512 2517 2515
2516 2515 2517
2512 2513 2518
2518 2517 2512
2516 2519 2501
2501 2519 2520
2521 2516 2517
2519 2516 2521
2520 2519 2522
2522 2519 2521
2520 2522 2523
2520 2523 2524
2523 2522 2525
2526 2525 2522
2521 2526 2522
2527 2525 2526
2521 2517 2528
2518 2528 2517
2529 2518 2513
2529 2513 2514
2514 2530 2529
2526 2521 2531
2521 2528 2531
2527 2526 2532
2532 2526 2531
2527 2532 2533
2532 2531 2533
2527 2533 2534
2518 2529 2535
2518 2535 2528
2536 2531 2528
2533 2531 2536
2536 2528 2535
2533 2537 2534
2536 2537 2533
2538 2534 2537
2529 2539 2535
2529 2530 2539
2536 2535 2540
2540 2535 2539
2541 2538 2537
2541 2542 2538
2537 2536 2543
2541 2537 2543
2543 2536 2540
2544 2541 2543
2540 2544 2543
2539 2545 2540
2545 2544 2540
2530 2545 2539
2546 2544 2545
2547 2546 2545
2530 2547 2545
2548 2546 2547
2548 2549 2546
2530 2550 2547
2548 2547 2550
2551 2549 2548
2551 2552 2549
2550 2553 2548
2548 2553 2551
2550 2554 2553
2553 2554 2551
2555 2550 2530
2550 2555 2554
2551 2556 2552
2551 2554 2556
2552 2556 2557
2552 2557 2558
2559 2557 2556
2560 2559 2556
2554 2560 2556
2561 2559 2560
2560 2562 2561
2560 2554 2563
2563 2554 2555
2560 2564 2562
2564 2560 2563
2564 2565 2562
2564 2566 2565
2566 2567 2565
2566 2568 2567
2569 2564 2563
2564 2569 2566
2566 2570 2568
2570 2566 2569
2570 2571 2568
2571 2570 2572
2571 2572 2573
2570 2574 2572
2570 2575 2574
2570 2569 2575
2575 2511 2574
2563 2576 2569
2563 2555 2576
2577 2569 2576
2575 2569 2577
2555 2577 2576
2575 2578 2511
2575 2577 2578
2578 2510 2511
2578 2577 2510
2555 2579 2577
2579 2510 2577
2555 2530 2579
2579 2514 2510
2514 2579 2530
2580 2581 2582
2580 2583 2581
2584 2581 2583
2583 2580 2585
2580 2586 2585
2587 2584 2583
2585 2587 2583
2587 2588 2584
2586 2589 2585
2586 2590 2589
2587 2591 2588
2592 2588 2591
2592 2591 2593
2594 2592 2593
2591 2587 2595
2595 2593 2591
2596 2587 2585
2595 2587 2596
2585 2597 2596
2585 2589 2597
2597 2595 2596
2590 2598 2589
2590 2599 2598
2600 2598 2599
2600 2599 2601
2602 2600 2601
2602 2603 2600
2600 2603 2604
2605 2597 2589
2605 2589 2598
2606 2595 2597
2605 2606 2597
2606 2607 2595
2595 2607 2593
2600 2604 2608
2609 2600 2608
2610 2608 2604
2611 2598 2600
2611 2605 2598
2609 2611 2600
2612 2606 2605
2612 2607 2606
2613 2605 2611
2613 2611 2609
2612 2605 2613
2610 2614 2608
2609 2608 2614
2607 2615 2593
2594 2593 2615
2615 2616 2594
2617 2614 2610
2618 2614 2617
2617 2610 2619
2619 2620 2617
2618 2617 2620
2619 2621 2620
2622 2620 2621
2622 2623 2620
2620 2623 2624
2620 2624 2625
2626 2625 2624
2615 2627 2616
2616 2627 2628
2615 2629 2627
2627 2629 2628
2618 2620 2630
2630 2620 2625
2626 2631 2625
2632 2631 2626
2630 2625 2633
2633 2625 2631
2632 2634 2631
2635 2634 2632
2615 2636 2629
2607 2636 2615
2637 2636 2607
2637 2629 2636
2612 2637 2607
2637 2638 2629
2638 2628 2629
2639 2637 2612
2637 2639 2638
2640 2628 2638
2640 2641 2628
2642 2641 2640
2641 2642 2643
2640 2644 2642
2645 2640 2638
2644 2640 2645
2645 2638 2639
2644 2645 2646
2646 2645 2647
2645 2639 2647
2646 2647 2648
2649 2639 2612
2639 2649 2647
2649 2648 2647
2613 2649 2612
2613 2650 2649
2650 2613 2609
2651 2649 2650
2649 2651 2648
2652 2650 2609
2651 2650 2652
2652 2609 2653
2609 2614 2653
2618 2653 2614
2652 2653 2618
2651 2652 2654
2652 2618 2654
2655 2648 2651
2651 2654 2655
2654 2618 2656
2656 2655 2654
2656 2618 2630
2656 2630 2633
2655 2657 2648
2658 2648 2657
2656 2659 2655
2659 2656 2633
2658 2657 2660
2661 2658 2660
2662 2657 2655
2655 2659 2662
2660 2657 2662
2661 2660 2663
2663 2664 2661
2660 2662 2665
2663 2660 2665
2666 2664 2663
2667 2664 2666
2663 2668 2666
2663 2665 2668
2669 2665 2662
2662 2659 2669
2668 2665 2670
2669 2670 2665
2671 2668 2670
2672 2668 2671
2673 2672 2671
2673 2671 2670
2673 2674 2672
2669 2675 2670
2673 2670 2675
2669 2676 2675
2659 2676 2669
2676 2673 2675
2674 2673 2677
2676 2677 2673
2674 2677 2678
2659 2679 2676
2659 2633 2679
2678 2677 2680
2678 2680 2681
2682 2677 2676
2679 2682 2676
2682 2680 2677
2679 2633 2683
2679 2683 2682
2633 2631 2683
2634 2683 2631
2684 2681 2680
2680 2682 2684
2684 2685 2681
2682 2683 2686
2634 2686 2683
2682 2686 2684
2686 2634 2684
2684 2687 2685
2634 2687 2684
2685 2687 2688
2687 2634 2635
2635 2688 2687
2635 2689 2688
2690 2691 2692
2690 2692 2693
2694 2690 2693
2692 2695 2693
2692 2696 2695
2693 2697 2694
2697 2698 2694
2697 2699 2698
2700 2699 2697
2693 2701 2697
2693 2695 2701
2700 2697 2701
2696 2702 2695
2702 2701 2695
2696 2703 2702
2704 2702 2703
2705 2700 2701
2702 2705 2701
2705 2706 2700
2704 2707 2702
2707 2705 2702
2708 2707 2704
2709 2706 2705
2709 2710 2706
2709 2711 2710
2712 2711 2709
2713 2709 2705
2707 2713 2705
2713 2712 2709
2707 2708 2714
2707 2714 2713
2713 2714 2712
2708 2715 2714
2714 2716 2712
2714 2715 2716
2717 2718 2719
2720 2718 2717
2718 2720 2721
2720 2717 2722
2723 2720 2722
2721 2720 2724
2720 2723 2725
2720 2725 2724
2725 2723 2726
2724 2725 2727
2724 2727 2728
2729 2728 2727
2725 2726 2730
2725 2730 2727
2726 2731 2730
2729 2727 2732
2732 2727 2730
2731 2733 2730
2733 2731 2734
2733 2734 2735
2733 2736 2730
2736 2733 2735
2732 2730 2736
2736 2735 2737
2738 2729 2732
2736 2738 2732
2738 2736 2737
2738 2739 2729
2737 2740 2738
2741 2739 2738
2741 2738 2740
2741 2742 2739
2741 2740 2743
2741 2744 2742
2744 2741 2743
2744 2743 2745
2744 2745 2746
2747 2748 2749
2747 2750 2748
2750 2747 2751
2752 2748 2750
2752 2750 2751
2752 2751 2753
2754 2752 2753
2753 2751 2755
2755 2754 2753
2754 2755 2756
2757 2754 2756
2755 2758 2756
2759 2757 2756
2759 2756 2758
2760 2761 2762
2761 2760 2763
2764 2763 2760
2763 2764 2765
2765 2764 2766
2765 2766 2767
2765 2767 2768
2768 2767 2769
2770 2771 2772
2770 2773 2771
2774 2773 2770
2771 2773 2775
2771 2775 2776
2773 2774 2777
2777 2774 2778
2777 2778 2779
2780 2777 2779
2773 2777 2781
2773 2781 2775
2780 2781 2777
2776 2775 2782
2782 2775 2781
2776 2782 2783
2784 2783 2782
2785 2781 2780
2782 2781 2785
2785 2780 2786
2784 2782 2787
2787 2782 2785
2788 2784 2787
2789 2785 2786
2789 2786 2790
2789 2790 2791
2792 2789 2791
2793 2785 2789
2787 2785 2793
2793 2789 2792
2787 2794 2788
2787 2793 2794
2793 2792 2794
2788 2794 2795
2794 2792 2796
2794 2796 2795
2797 2798 2799
2797 2799 2800
2797 2800 2801
2799 2802 2800
2803 2801 2800
2802 2804 2800
2800 2805 2803
2800 2804 2805
2805 2806 2803
2804 2807 2805
2804 2808 2807
2809 2807 2808
2805 2810 2806
2805 2807 2810
2806 2810 2811
2809 2812 2807
2812 2810 2807
2811 2810 2813
2813 2814 2811
2813 2815 2814
2813 2810 2816
2816 2815 2813
2812 2816 2810
2816 2817 2815
2818 2812 2809
2816 2812 2818
2818 2817 2816
2818 2809 2819
2817 2818 2820
2821 2818 2819
2821 2820 2818
2821 2819 2822
2821 2823 2820
2821 2822 2824
2824 2823 2821
2824 2825 2823
2824 2826 2825
2827 2828 2829
2827 2829 2830
2830 2831 2827
2832 2830 2829
2832 2831 2830
2832 2833 2831
2834 2833 2832
2833 2835 2831
2835 2833 2834
2834 2836 2835
2837 2836 2834
2835 2836 2838
2839 2836 2837
2839 2838 2836
2840 2841 2842
2842 2843 2840
2844 2840 2843
2843 2845 2844
2845 2846 2844
2845 2847 2846
2845 2848 2847
2848 2849 2847
2850 2851 2852
2850 2853 2851
2854 2853 2850
2854 2850 2855
2856 2857 2858
2856 2859 2857
2860 2859 2856
2860 2856 2861
2862 2863 2864
2862 2864 2865
2864 2866 2865
2865 2866 2867
2868 2869 2870
2868 2870 2871
2871 2872 2868
2871 2873 2872
2874 2875 2876
2874 2876 2877
2878 2874 2877
2879 2877 2876
2878 2877 2880
2878 2880 2881
2879 2882 2877
2880 2877 2882
2879 2883 2882
2884 2881 2880
2880 2882 2884
2884 2885 2881
2884 2886 2885
2886 2884 2882
2886 2887 2885
2888 2887 2886
2883 2889 2882
2886 2882 2889
2888 2886 2889
2883 2890 2889
2889 2890 2891
2891 2888 2889
2891 2892 2888
2893 2894 2895
2893 2895 2896
2897 2898 2899
2897 2900 2898
2901 2900 2897
2901 2902 2900
2903 2904 2905
2903 2906 2904
2907 2904 2906
2907 2908 2904
2909 2910 2911
2909 2911 2912
2913 2914 2915
2913 2915 2916
2917 2918 2919
2917 2920 2918
2920 2921 2918
2920 2922 2921
2923 2924 2925
2923 2925 2926
2927 2928 2929
2927 2929 2930
2931 2932 2933
2931 2933 2934
2933 2935 2934
2933 2936 2935
2937 2938 2939
2937 2939 2940
2941 2942 2943
2941 2943 2944
2945 2946 2947
2945 2947 2948
2949 2950 2951
2949 2951 2952
2953 2954 2955
2953 2955 2956
2957 2958 2959
2957 2959 2960
2961 2962 2963
2961 2963 2964
2965 2966 2967
2965 2967 2968
2969 2970 2971
2969 2972 2970
2973 2970 2972
2973 2972 2974
2975 2976 2977
2975 2977 2978
2979 2978 2977
2979 2977 2980
2981 2982 2983
2981 2983 2984
2985 2986 2987
2985 2987 2988
2989 2990 2991
2989 2991 2992
2993 2994 2995
2993 2995 2996
2997 2998 2999
2999 2998 3000
2999 3000 3001
3002 3003 3004
3002 3004 3005
3002 3005 3006
3002 3006 3007
3008 3009 3010
3008 3010 3011
3008 3011 3012
3008 3012 3013
3014 3015 3016
3014 3017 3015
3015 3017 3018
3017 3019 3018
3020 3021 3022
3020 3023 3021
3023 3020 3024
3023 3024 3025
3026 3027 3028
3026 3029 3027
3030 3029 3026
3031 3027 3029
3030 3032 3029
3030 3033 3032
3031 3029 3034
3032 3034 3029
3031 3034 3035
3036 3032 3033
3032 3036 3034
3036 3033 3037
3036 3037 3038
3038 3034 3036
3038 3037 3039
3040 3038 3039
3035 3034 3041
3038 3041 3034
3040 3041 3038
3035 3041 3042
3041 3043 3042
3043 3041 3040
3043 3040 3044
3045 3046 3047
3045 3047 3048
3049 3050 3051
3049 3051 3052
3053 3049 3052
3053 3052 3054
3055 3056 3057
3055 3057 3058
3059 3058 3057
3059 3057 3060
3061 3062 3063
3061 3063 3064
3065 3066 3067
3065 3067 3068
3069 3070 3071
3069 3071 3072
3072 3071 3073
3072 3073 3074
3075 3076 3077
3075 3077 3078
3079 3080 3081
3079 3081 3082
3083 3084 3085
3083 3086 3084
3084 3086 3087
3084 3087 3088
3089 3090 3091
3089 3091 3092
3093 3094 3095
3093 3095 3096
3097 3098 3099
3097 3099 3100
3101 3102 3103
3101 3103 3104
3105 3106 3107
3105 3107 3108
3109 3110 3111
3109 3111 3112
3113 3114 3115
3113 3115 3116
3117 3118 3119
3117 3119 3120
3121 3122 3123
3121 3123 3124
3125 3124 3123
3125 3126 3124
3127 3128 3129
3127 3130 3128
3131 3128 3130
3131 3132 3128
3133 3134 3135
3133 3135 3136
3137 3138 3139
3137 3139 3140
3141 3142 3143
3141 3143 3144
3145 3146 3147
3145 3147 3148
3149 3150 3151
3150 3152 3151
3150 3153 3152
3154 3155 3156
3157 3156 3155
3157 3158 3156
3157 3159 3158
3158 3159 3160
3161 3160 3159
3161 3162 3160
3163 3162 3161
3163 3161 3164
3163 3164 3165
3165 3164 3166
3167 3165 3166
3167 3166 3168
3169 3167 3168
3170 3171 3172
3170 3173 3171
3173 3170 3174
3175 3171 3173
3176 3173 3174
3176 3174 3177
3175 3173 3178
3178 3179 3175
3175 3179 3180
3175 3180 3181
3180 3182 3181
3177 3183 3176
3177 3184 3183
3183 3184 3185
3183 3185 3186
3186 3185 3187
3186 3187 3188
3188 3187 3189
3188 3189 3190
3190 3189 3191
3190 3191 3192
3191 3193 3192
3193 3194 3192
3193 3195 3194
3194 3196 3192
3194 3197 3196
3197 3198 3196
3199 3198 3197
3199 3197 3200
3199 3200 3201
3202 3203 3204
3205 3203 3202
3205 3202 3206
3206 3207 3205
3206 3208 3207
3208 3209 3207
3210 3211 3212
3213 3212 3211
3213 3214 3212
3214 3213 3215
3214 3215 3216
3217 3216 3215
3217 3215 3218
3219 3217 3218
3219 3218 3220
3220 3221 3219
3220 3222 3221
3223 3221 3222
3223 3222 3224
3224 3225 3223
3226 3227 3228
3228 3229 3226
3228 3230 3229
3231 3229 3230
3231 3232 3229
3233 3232 3231
3233 3231 3234
3234 3235 3233
3234 3236 3235
3237 3235 3236
3237 3236 3238
3239 3237 3238
3239 3238 3240
3239 3240 3241
3242 3243 3244
3242 3245 3243
3245 3242 3246
3245 3246 3247
3247 3246 3248
3247 3248 3249
3248 3250 3249
3250 3248 3251
3252 3253 3254
3252 3255 3253
3253 3255 3256
3253 3256 3257
3258 3257 3256
3258 3256 3259
3260 3258 3259
3261 3260 3259
3262 3263 3259
3264 3263 3262
3265 3264 3262
3265 3266 3264
3267 3266 3265
3267 3268 3266
3269 3270 3271
3272 3271 3270
3272 3273 3271
3274 3273 3272
3274 3275 3273
3276 3277 3278
3276 3278 3279
3280 3276 3279
3280 3279 3281
3281 3282 3280
3281 3283 3282
3284 3282 3283
3284 3283 3285
3286 3287 3288
3286 3289 3287
3289 3290 3287
3289 3291 3290
3290 3291 3292
3290 3292 3293
3292 3294 3293
3292 3295 3294
3296 3294 3295
3296 3295 3297
3298 3299 3300
3298 3301 3299
3298 3302 3301
3298 3303 3302
3304 3302 3303
3304 3305 3302
3304 3306 3305
3304 3307 3306
3308 3309 3310
3308 3311 3309
3312 3309 3311
3312 3311 3313
3314 3312 3313
3314 3315 3312
3315 3314 3316
3315 3316 3317
3318 3319 3320
3318 3320 3321
3322 3318 3321
3322 3321 3323
3324 3322 3323
3324 3323 3325
3324 3325 3326
3324 3326 3327
3328 3329 3330
3330 3331 3328
3332 3328 3331
3333 3334 3335
3335 3336 3333
3336 3335 3337
3336 3337 3338
3338 3337 3339
3340 3341 3342
3343 3341 3340
3343 3344 3341
3343 3345 3344
3343 3346 3345
3347 3345 3346
3347 3346 3348
3348 3349 3347
3348 3350 3349
3351 3349 3350
3352 3353 3354
3354 3355 3352
3354 3356 3355
3356 3357 3355
3356 3358 3357
3357 3358 3359
3357 3359 3360
3359 3361 3360
3359 3362 3361
3361 3362 3363
3364 3365 3366
3364 3367 3365
3368 3365 3367
3367 3364 3369
3364 3370 3369
3369 3370 3371
3368 3367 3372
3372 3373 3368
3372 3374 3373
3374 3375 3373
3374 3376 3375
3377 3375 3376
3378 3369 3371
3367 3369 3379
3379 3369 3378
3380 3372 3367
3380 3367 3379
3371 3381 3378
3371 3382 3381
3381 3382 3383
3381 3383 3384
3385 3379 3378
3385 3380 3379
3378 3381 3385
3372 3380 3386
3380 3385 3386
3374 3372 3386
3387 3381 3384
3381 3387 3385
3387 3384 3388
3384 3389 3388
3388 3389 3390
3391 3385 3387
3388 3391 3387
3391 3386 3385
3386 3391 3392
3388 3393 3391
3388 3390 3393
3393 3392 3391
3394 3374 3386
3394 3386 3392
3395 3393 3390
3393 3395 3392
3394 3396 3374
3374 3396 3376
3397 3396 3394
3392 3397 3394
3376 3396 3398
3397 3398 3396
3377 3376 3398
3399 3377 3398
3399 3400 3377
3399 3401 3400
3395 3390 3402
3402 3390 3403
3404 3402 3403
3404 3395 3402
3404 3403 3405
3404 3405 3406
3404 3407 3395
3407 3392 3395
3404 3406 3408
3404 3408 3407
3408 3406 3409
3410 3408 3409
3410 3407 3408
3410 3409 3411
3407 3412 3392
3410 3412 3407
3392 3412 3397
3410 3411 3413
3411 3414 3413
3410 3415 3412
3415 3397 3412
3413 3415 3410
3416 3413 3414
3417 3416 3414
3417 3418 3416
3415 3419 3397
3419 3398 3397
3419 3399 3398
3413 3420 3415
3416 3420 3413
3420 3419 3415
3418 3421 3416
3418 3422 3421
3421 3422 3423
3422 3424 3423
3423 3424 3425
3416 3426 3420
3416 3421 3426
3420 3426 3419
3426 3421 3423
3426 3427 3419
3427 3399 3419
3423 3427 3426
3427 3428 3399
3428 3427 3423
3399 3428 3401
3423 3429 3428
3429 3401 3428
3423 3425 3429
3429 3430 3401
3430 3429 3425
3430 3425 3431
3432 3433 3434
3432 3435 3433
3436 3435 3432
3437 3436 3432
3437 3438 3436
3439 3433 3435
3439 3440 3433
3440 3439 3441
3440 3441 3442
3435 3443 3439
3435 3444 3443
3436 3444 3435
3444 3445 3443
3446 3444 3436
3447 3446 3436
3447 3448 3446
3444 3449 3445
3446 3449 3444
3449 3450 3445
3451 3449 3446
3452 3451 3446
3452 3453 3451
3449 3454 3450
3451 3454 3449
3455 3450 3454
3456 3454 3451
3455 3454 3456
3456 3451 3457
3458 3457 3451
3458 3459 3457
3460 3455 3456
3457 3460 3456
3460 3461 3455
3462 3461 3460
3457 3463 3460
3463 3457 3464
3463 3464 3465
3462 3460 3466
3463 3466 3460
3467 3462 3466
3467 3468 3462
3463 3469 3466
3469 3467 3466
3470 3469 3463
3470 3463 3471
3472 3468 3467
3472 3473 3468
3469 3474 3467
3474 3472 3467
3475 3474 3469
3475 3469 3476
3474 3477 3472
3478 3477 3474
3478 3474 3479
3480 3472 3477
3480 3481 3472
3481 3473 3472
3482 3481 3480
3482 3483 3481
3484 3483 3482
3481 3485 3473
3483 3485 3481
3486 3473 3485
3486 3487 3473
3484 3488 3483
3483 3489 3485
3488 3489 3483
3485 3489 3490
3485 3490 3491
3492 3488 3484
3492 3484 3493
3492 3493 3494
3492 3495 3488
3495 3496 3488
3488 3496 3489
3495 3497 3496
3489 3496 3498
3489 3498 3499
3500 3501 3502
3500 3502 3503
3504 3500 3503
3505 3503 3502
3505 3502 3506
3504 3503 3507
3505 3507 3503
3508 3505 3506
3508 3506 3509
3508 3510 3505
3505 3510 3507
3508 3511 3510
3512 3507 3510
3512 3504 3507
3512 3510 3513
3512 3514 3504
3504 3514 3515
3504 3515 3516
3517 3518 3519
3517 3520 3518
3521 3520 3517
3521 3517 3522
3523 3521 3522
3523 3524 3521
3525 3518 3520
3521 3525 3520
3525 3526 3518
3524 3527 3521
3521 3527 3525
3524 3528 3527
3529 3526 3525
3527 3529 3525
3529 3530 3526
3527 3531 3529
3532 3531 3527
3532 3527 3533
3534 3535 3536
3535 3537 3536
3535 3538 3537
3537 3538 3539
3538 3540 3539
3541 3539 3540
3541 3540 3542
3543 3541 3542
3543 3544 3541
3543 3545 3544
3545 3546 3544
3546 3545 3547
3546 3547 3548
3549 3548 3547
3550 3551 3552
3550 3553 3551
3553 3554 3551
3553 3550 3555
3556 3554 3553
3556 3557 3554
3553 3555 3558
3558 3555 3559
3555 3560 3559
3555 3561 3560
3560 3561 3562
3557 3556 3563
3557 3563 3564
3565 3564 3563
3565 3563 3566
3566 3567 3565
3566 3568 3567
3568 3569 3567
3568 3570 3569
3570 3571 3569
3570 3572 3571
3571 3572 3573
3573 3572 3574
3573 3574 3575
3574 3572 3576
3574 3576 3577
3577 3576 3578
3579 3577 3578
3579 3580 3577
3579 3581 3580
3582 3583 3584
3585 3582 3584
3585 3586 3582
3586 3585 3587
3586 3587 3588
3588 3587 3589
3590 3591 3592
3593 3592 3591
3593 3591 3594
3594 3595 3593
3594 3596 3595
3597 3595 3596
3597 3598 3595
3599 3598 3597
3599 3600 3598
3600 3599 3601
3600 3601 3602
3603 3602 3601
3603 3604 3602
3604 3603 3605
3606 3607 3608
3607 3606 3609
3607 3609 3610
3611 3610 3609
3611 3609 3612
3613 3611 3612
3613 3614 3611
3614 3613 3615
3614 3615 3616
3617 3616 3615
3617 3618 3616
3619 3618 3617
3619 3620 3618
3619 3621 3620
3622 3623 3624
3622 3624 3625
3625 3626 3622
3625 3627 3626
3627 3628 3626
3627 3629 3628
3628 3629 3630
3630 3631 3628
3632 3633 3634
3632 3634 3635
3634 3636 3635
3634 3637 3636
3638 3636 3637
3638 3639 3636
3640 3639 3638
3641 3639 3640
3642 3639 3643
3644 3642 3643
3645 3642 3644
3645 3644 3646
3647 3645 3646
3647 3646 3648
3649 3650 3651
3652 3651 3650
3652 3650 3653
3654 3652 3653
3654 3653 3655
3656 3657 3658
3656 3659 3657
3660 3659 3656
3660 3661 3659
3661 3660 3662
3661 3662 3663
3664 3663 3662
3664 3665 3663
3666 3667 3668
3666 3668 3669
3669 3668 3670
3669 3670 3671
3672 3671 3670
3672 3670 3673
3672 3673 3674
3672 3674 3675
3675 3674 3676
3675 3676 3677
3678 3679 3680
3678 3680 3681
3678 3681 3682
3678 3682 3683
3684 3683 3682
3684 3682 3685
3684 3685 3686
3684 3686 3687
3688 3689 3690
3688 3690 3691
3692 3691 3690
3692 3693 3691
3694 3693 3692
3694 3692 3695
3695 3696 3694
3695 3697 3696
3698 3699 3700
3698 3700 3701
3702 3701 3700
3702 3703 3701
3704 3703 3702
3704 3705 3703
3704 3706 3705
3704 3707 3706
3708 3709 3710
3709 3708 3711
3712 3711 3708
3713 3714 3715
3714 3713 3716
3716 3717 3714
3716 3718 3717
3718 3719 3717
3720 3721 3722
3723 3720 3722
3723 3722 3724
3725 3723 3724
3725 3726 3723
3727 3726 3725
3727 3728 3726
3728 3727 3729
3728 3729 3730
3731 3730 3729
3732 3733 3734
3733 3732 3735
3733 3735 3736
3736 3735 3737
3736 3737 3738
3739 3738 3737
3739 3737 3740
3739 3740 3741
3739 3741 3742
3741 3743 3742
3744 3745 3746
3744 3746 3747
3748 3747 3746
3747 3749 3744
3744 3749 3750
3749 3751 3750
3748 3752 3747
3752 3748 3753
3752 3753 3754
3755 3754 3753
3755 3756 3754
3757 3756 3755
3758 3751 3749
3747 3759 3749
3759 3758 3749
3760 3747 3752
3760 3759 3747
3761 3751 3758
3761 3762 3751
3761 3763 3762
3761 3764 3763
3765 3758 3759
3765 3759 3760
3758 3765 3761
3752 3766 3760
3760 3766 3765
3754 3766 3752
3767 3764 3761
3761 3765 3767
3767 3768 3764
3764 3768 3769
3768 3770 3769
3771 3767 3765
3768 3767 3771
3771 3765 3766
3766 3772 3771
3768 3771 3773
3768 3773 3770
3773 3771 3772
3774 3766 3754
3774 3772 3766
3775 3770 3773
3773 3772 3775
3774 3754 3776
3754 3756 3776
3777 3774 3776
3772 3774 3777
3756 3778 3776
3777 3776 3778
3757 3778 3756
3757 3779 3778
3757 3780 3779
3781 3779 3780
3775 3782 3770
3782 3783 3770
3784 3783 3782
3784 3782 3775
3784 3785 3783
3786 3785 3784
3784 3775 3787
3787 3775 3772
3786 3784 3788
3784 3787 3788
3788 3789 3786
3790 3789 3788
3790 3788 3787
3791 3789 3790
3787 3772 3792
3790 3787 3792
3772 3777 3792
3791 3790 3793
3791 3793 3794
3790 3792 3795
3795 3792 3777
3793 3790 3795
3796 3794 3793
3797 3794 3796
3797 3796 3798
3795 3777 3799
3799 3777 3778
3799 3778 3779
3793 3795 3800
3796 3793 3800
3799 3800 3795
3798 3796 3801
3798 3801 3802
3801 3803 3802
3802 3803 3804
3803 3805 3804
3796 3800 3806
3796 3806 3801
3799 3806 3800
3806 3803 3801
3806 3799 3807
3807 3799 3779
3803 3806 3807
3807 3779 3808
3808 3803 3807
3781 3808 3779
3803 3808 3809
3781 3809 3808
3803 3809 3805
3781 3810 3809
3805 3809 3810
3805 3810 3811
3812 3813 3814
3812 3814 3815
3816 3812 3815
3817 3812 3816
3817 3816 3818
3819 3815 3814
3819 3814 3820
3820 3821 3819
3820 3822 3821
3815 3819 3823
3815 3823 3824
3816 3815 3824
3824 3823 3825
3826 3816 3824
3827 3816 3826
3827 3826 3828
3824 3825 3829
3826 3824 3829
3829 3825 3830
3831 3826 3829
3832 3826 3831
3832 3831 3833
3829 3830 3834
3831 3829 3834
3835 3834 3830
3836 3831 3834
3835 3836 3834
3836 3837 3831
3838 3831 3837
3838 3837 3839
3840 3836 3835
3837 3836 3840
3840 3835 3841
3842 3840 3841
3837 3840 3843
3843 3844 3837
3843 3845 3844
3842 3846 3840
3843 3840 3846
3847 3846 3842
3847 3842 3848
3843 3846 3849
3849 3846 3847
3850 3843 3849
3850 3851 3843
3852 3847 3848
3852 3848 3853
3849 3847 3854
3854 3847 3852
3855 3849 3854
3855 3856 3849
3854 3852 3857
3858 3854 3857
3858 3859 3854
3860 3857 3852
3860 3852 3861
3861 3852 3853
3862 3860 3861
3862 3861 3863
3864 3862 3863
3861 3853 3865
3863 3861 3865
3866 3865 3853
3866 3853 3867
3864 3863 3868
3863 3865 3869
3868 3863 3869
3865 3870 3869
3865 3871 3870
3872 3864 3868
3873 3864 3872
3873 3872 3874
3872 3868 3875
3875 3868 3876
3868 3869 3876
3875 3876 3877
3869 3878 3876
3869 3879 3878
3880 3881 3882
3880 3883 3881
3884 3883 3880
3885 3881 3883
3885 3886 3881
3884 3887 3883
3885 3883 3887
3888 3886 3885
3888 3889 3886
3888 3885 3890
3885 3887 3890
3888 3890 3891
3892 3890 3887
3892 3887 3884
3892 3893 3890
3892 3884 3894
3884 3895 3894
3884 3896 3895
3897 3898 3899
3897 3899 3900
3901 3897 3900
3901 3902 3897
3901 3903 3902
3901 3904 3903
3905 3900 3899
3901 3900 3905
3905 3899 3906
3904 3901 3907
3901 3905 3907
3904 3907 3908
3909 3905 3906
3907 3905 3909
3909 3906 3910
3907 3909 3911
3912 3907 3911
3912 3913 3907
3914 3915 3916
3914 3917 3915
3914 3918 3917
3917 3918 3919
3914 3920 3918
3918 3920 3921
3915 3917 3922
3917 3919 3922
3915 3922 3923
3924 3918 3921
3919 3918 3924
3924 3921 3925
3925 3926 3924
3919 3924 3926
3925 3927 3926
3926 3927 3928
3926 3928 3929
3930 3926 3929
3926 3930 3919
3923 3922 3931
3923 3931 3932
3932 3931 3933
3932 3933 3934
3933 3935 3934
3929 3936 3930
3937 3930 3936
3929 3938 3936
3939 3936 3938
3940 3936 3939
3940 3937 3936
3940 3939 3941
3942 3940 3941
3940 3942 3937
3942 3941 3943
3943 3944 3942
3942 3944 3945
3942 3945 3946
3937 3942 3946
3946 3945 3947
3947 3945 3948
3947 3948 3949
3950 3947 3949
3937 3946 3951
3947 3951 3946
3952 3937 3951
3947 3953 3951
3953 3952 3951
3950 3954 3947
3947 3954 3953
3950 3955 3954
3954 3955 3953
3956 3953 3955
3950 3957 3955
3957 3958 3955
3959 3955 3958
3956 3955 3959
3959 3960 3956
3956 3960 3961
3956 3961 3962
3963 3953 3956
3953 3963 3952
3956 3962 3964
3963 3956 3964
3964 3962 3965
3964 3965 3966
3963 3964 3966
3967 3966 3965
3967 3965 3968
3968 3969 3967
3969 3970 3967
3969 3971 3970
3970 3971 3972
3963 3966 3973
3967 3973 3966
3963 3974 3952
3963 3973 3974
3967 3975 3973
3975 3967 3970
3970 3972 3976
3972 3977 3976
3977 3978 3976
3970 3976 3978
3977 3979 3978
3980 3978 3979
3980 3979 3981
3980 3981 3982
3978 3983 3970
3975 3970 3983
3980 3983 3978
3973 3975 3984
3973 3984 3974
3975 3983 3985
3985 3983 3980
3975 3985 3984
3980 3982 3986
3987 3986 3982
3987 3988 3986
3980 3989 3985
3980 3986 3989
3989 3984 3985
3990 3986 3988
3986 3990 3989
3990 3988 3991
3984 3989 3992
3992 3989 3990
3993 3990 3991
3992 3990 3993
3993 3991 3994
3994 3995 3993
3993 3995 3996
3993 3996 3992
3997 3996 3995
3984 3992 3998
3998 3974 3984
3992 3996 3933
3992 3933 3998
3998 3999 3974
3952 3974 3999
3931 3998 3933
3931 3999 3998
3922 3999 3931
3922 4000 3999
3952 3999 4000
4000 3922 3919
3952 4000 4001
4000 3919 4001
3952 4001 3937
3919 3930 4001
4001 3930 3937
3996 4002 3933
3933 4002 3935
3996 4003 4002
3997 4003 3996
3997 4004 4003
4004 4002 4003
3997 4005 4004
4004 4005 4006
4004 4006 4007
4008 3935 4002
4004 4008 4002
4008 4004 4007
4008 4009 3935
4008 4007 4010
4011 4009 4008
4011 4008 4010
4012 4013 4014
4013 4015 4014
4016 4015 4013
4015 4017 4014
4015 4018 4017
4019 4015 4016
4015 4020 4018
4019 4021 4015
4015 4021 4020
4021 4019 4022
4022 4019 4023
4024 4022 4023
4025 4022 4024
4026 4020 4021
4021 4022 4026
4025 4026 4022
4026 4027 4020
4028 4027 4026
4025 4028 4026
4028 4029 4027
4030 4029 4028
4030 4028 4031
4032 4030 4031
4032 4033 4030
4032 4034 4033
4032 4035 4034
4036 4031 4028
4032 4031 4036
4028 4025 4036
4035 4032 4037
4032 4036 4037
4035 4037 4038
4025 4039 4036
4040 4039 4025
4040 4025 4041
4042 4040 4041
4024 4041 4025
4042 4041 4043
4043 4041 4024
4043 4024 4044
4045 4046 4047
4045 4048 4046
4049 4048 4045
4049 4050 4048
4050 4049 4051
4052 4048 4050
4052 4053 4048
4050 4054 4052
4050 4055 4054
4050 4051 4055
4051 4056 4055
4051 4057 4056
4057 4058 4056
4059 4058 4057
4060 4061 4062
4060 4063 4061
4061 4063 4064
4061 4064 4065
4065 4064 4066
4067 4065 4066
4066 4068 4067
4066 4069 4068
4070 4068 4069
4071 4068 4070
4072 4068 4071
4073 4071 4070
4074 4073 4070
4074 4070 4075
4074 4075 4076
4074 4077 4073
4074 4076 4078
4077 4074 4079
4078 4079 4074
4077 4079 4080
4077 4080 4081
4080 4082 4081
4083 4079 4078
4080 4079 4083
4084 4083 4078
4084 4085 4083
4083 4085 4086
4083 4086 4087
4087 4080 4083
4086 4088 4087
4088 4080 4087
4086 4089 4088
4089 4090 4088
4091 4088 4090
4080 4092 4082
4092 4080 4088
4093 4082 4092
4091 4094 4088
4092 4088 4094
4093 4092 4095
4095 4092 4094
4096 4093 4095
4096 4097 4093
4096 4098 4097
4091 4099 4094
4095 4094 4099
4100 4099 4091
4100 4101 4099
4099 4101 4102
4099 4102 4103
4095 4099 4103
4104 4103 4102
4105 4095 4103
4104 4105 4103
4096 4095 4105
4106 4105 4104
4106 4107 4105
4105 4107 4108
4096 4105 4108
4108 4107 4109
4096 4108 4109
4109 4107 4110
4109 4110 4111
4109 4111 4112
4113 4096 4109
4096 4113 4098
4109 4112 4114
4114 4113 4109
4115 4114 4112
4115 4116 4114
4116 4113 4114
4117 4116 4115
4118 4116 4117
4118 4119 4116
4119 4113 4116
4120 4119 4118
4120 4121 4119
4098 4113 4122
4122 4113 4119
4121 4122 4119
4121 4123 4122
4098 4122 4124
4122 4123 4124
4124 4123 4125
4124 4125 4126
4127 4128 4129
4127 4129 4130
4130 4129 4131
4131 4129 4132
4131 4132 4133
4130 4134 4127
4135 4127 4134
4135 4136 4127
4134 4130 4137
4137 4130 4131
4135 4134 4137
4137 4131 4138
4138 4131 4133
4139 4137 4138
4133 4139 4138
4135 4137 4139
4135 4140 4136
4140 4141 4136
4140 4142 4141
4143 4142 4140
4143 4144 4142
4143 4145 4144
4146 4140 4135
4146 4143 4140
4143 4147 4145
4146 4147 4143
4135 4148 4146
4135 4139 4148
4133 4149 4139
4149 4133 4150
4151 4149 4150
4149 4152 4139
4152 4149 4151
4152 4148 4139
4151 4153 4152
4153 4154 4152
4154 4148 4152
4153 4155 4154
4154 4155 4156
4157 4145 4147
4157 4158 4145
4157 4159 4158
4154 4156 4160
4160 4156 4161
4154 4162 4148
4162 4154 4160
4163 4157 4147
4148 4162 4163
4163 4147 4146
4148 4163 4146
4157 4164 4159
4163 4164 4157
4162 4165 4163
4164 4163 4165
4159 4164 4166
4165 4166 4164
4167 4166 4165
4159 4166 4168
4166 4169 4168
4162 4170 4165
4162 4160 4170
4171 4165 4170
4160 4171 4170
4171 4167 4165
4166 4172 4169
4167 4172 4166
4173 4169 4172
4172 4167 4173
4173 4174 4169
4175 4173 4167
4175 4167 4176
4176 4177 4175
4176 4178 4177
4167 4179 4176
4179 4178 4176
4167 4171 4179
4178 4179 4180
4171 4180 4179
4178 4180 4181
4171 4182 4180
4171 4160 4182
4182 4183 4180
4161 4182 4160
4161 4183 4182
4184 4185 4186
4184 4186 4187
4184 4187 4188
4189 4188 4187
4190 4191 4192
4190 4193 4191
4190 4194 4193
4195 4191 4193
4195 4193 4196
4190 4197 4194
4198 4196 4193
4198 4193 4194
4194 4197 4199
4200 4198 4194
4200 4201 4198
4202 4201 4200
4200 4194 4203
4202 4200 4204
4205 4202 4204
4206 4202 4205
4206 4205 4207
4206 4207 4208
4194 4209 4203
4194 4199 4209
4210 4208 4207
4210 4211 4208
4211 4210 4212
4212 4210 4213
4209 4199 4214
4213 4214 4212
4209 4214 4215
4215 4214 4213
4216 4217 4218
4216 4218 4219
4220 4219 4218
4220 4221 4219
4219 4222 4216
4219 4221 4223
4219 4224 4222
4219 4223 4224
4224 4225 4222
4226 4224 4223
4224 4226 4225
4227 4228 4229
4227 4229 4230
4231 4232 4233
4231 4233 4234
4235 4236 4237
4235 4237 4238
4239 4240 4241
4239 4241 4242
4243 4244 4245
4243 4245 4246
4246 4247 4243
4248 4246 4245
4248 4245 4249
4246 4248 4250
4246 4250 4251
4246 4251 4247
4251 4250 4252
4253 4247 4251
4251 4252 4253
4253 4254 4247
4253 4252 4255
4256 4254 4253
4253 4255 4257
4256 4253 4257
4255 4258 4257
4258 4256 4257
4258 4259 4256
4255 4260 4258
4258 4261 4259
4262 4258 4260
4258 4262 4261
4262 4260 4263
4261 4262 4264
4261 4264 4265
4266 4265 4264
4267 4264 4262
4266 4264 4268
4269 4266 4268
4269 4268 4270
4269 4270 4271
4271 4270 4272
4271 4272 4273
4274 4273 4272
4274 4275 4273
4267 4262 4276
4263 4276 4262
4276 4275 4274
4276 4263 4277
4276 4277 4275
4278 4279 4280
4278 4280 4281
4281 4280 4282
4281 4282 4283
4281 4283 4284
4285 4278 4281
4281 4284 4285
4285 4286 4278
4285 4284 4287
4285 4288 4286
4285 4287 4289
4285 4289 4288
4290 4289 4287
4289 4291 4288
4290 4292 4289
4289 4292 4291
4290 4293 4292
4291 4292 4293
4290 4294 4293
4291 4293 4295
4296 4293 4294
4293 4297 4295
4296 4298 4293
4293 4298 4297
4299 4298 4296
4299 4296 4300
4299 4300 4301
4302 4298 4299
4299 4301 4303
4303 4301 4304
4303 4304 4305
4306 4305 4304
4306 4307 4305
4306 4308 4307
4308 4309 4307
4308 4310 4309
4311 4298 4302
4297 4298 4311
4310 4311 4309
4297 4311 4312
4310 4312 4311
4313 4314 4315
4313 4315 4316
4317 4313 4316
4317 4316 4318
4316 4315 4319
4316 4320 4318
4316 4319 4321
4321 4320 4316
4321 4322 4320
4323 4321 4319
4321 4324 4322
4323 4325 4321
4321 4325 4324
4323 4326 4325
4324 4325 4327
4326 4328 4325
4327 4325 4329
4329 4325 4328
4329 4330 4327
4328 4331 4329
4330 4329 4332
4332 4329 4331
4330 4332 4333
4334 4333 4332
4332 4331 4335
4334 4332 4335
4334 4336 4333
4334 4335 4337
4338 4336 4334
4339 4334 4337
4338 4334 4340
4339 4340 4334
4341 4338 4340
4340 4339 4341
4342 4343 4344
4342 4344 4345
4345 4346 4342
4345 4347 4346
4345 4348 4347
4349 4345 4344
4345 4349 4348
4349 4344 4350
4349 4350 4351
4349 4352 4348
4349 4351 4353
4349 4353 4352
4354 4353 4351
4355 4352 4353
4354 4355 4353
4355 4356 4352
4357 4356 4355
4358 4355 4354
4357 4355 4358
4358 4354 4359
4358 4360 4357
4361 4358 4359
4358 4361 4360
4361 4359 4362
4360 4361 4363
4360 4363 4364
4365 4364 4363
4363 4361 4366
4365 4363 4367
4368 4365 4367
4368 4367 4369
4370 4368 4369
4371 4370 4369
4371 4372 4370
4372 4371 4373
4372 4373 4374
4361 4375 4366
4361 4362 4375
4374 4373 4375
4375 4362 4376
4374 4375 4376
4377 4378 4379
4377 4380 4378
4381 4380 4377
4381 4382 4380
4380 4383 4378
4384 4383 4380
4385 4380 4382
4384 4380 4385
4384 4386 4383
4387 4384 4385
4388 4386 4384
4384 4387 4389
4388 4384 4390
4384 4389 4390
4390 4391 4388
4392 4390 4389
4390 4393 4391
4390 4392 4393
4393 4394 4391
4392 4395 4393
4396 4394 4393
4395 4396 4393
4396 4397 4394
4395 4398 4396
4397 4396 4399
4398 4399 4396
4397 4399 4400
4398 4401 4399
4400 4399 4402
4401 4402 4399
4400 4402 4403
4401 4404 4402
4403 4402 4405
4404 4405 4402
4406 4407 4408
4406 4408 4409
4409 4410 4406
4409 4411 4410
4411 4412 4410
4411 4413 4412
4414 4412 4413
4414 4413 4415
4416 4414 4415
4416 4417 4414
4418 4417 4416
4418 4419 4417
4418 4420 4419
4418 4421 4420
4422 4423 4424
4422 4425 4423
4426 4425 4422
4426 4422 4427
4426 4427 4428
4426 4428 4429
4428 4430 4429
4428 4431 4430
4430 4431 4432
4432 4433 4430
4434 4435 4436
4434 4437 4435
4437 4434 4438
4437 4438 4439
4438 4440 4439
4438 4441 4440
4442 4440 4441
4438 4443 4441
4444 4443 4438
4441 4443 4445
4441 4445 4446
4442 4441 4446
4446 4445 4447
4448 4442 4446
4446 4447 4448
4442 4448 4449
4448 4450 4449
4448 4451 4450
4447 4451 4448
4447 4452 4451
4453 4454 4455
4453 4456 4454
4457 4454 4456
4453 4458 4456
4453 4459 4458
4456 4458 4460
4457 4456 4461
4456 4460 4461
4457 4461 4462
4462 4461 4460
4457 4462 4463
4462 4460 4464
4465 4463 4462
4462 4464 4466
4465 4462 4467
4462 4466 4467
4468 4465 4467
4468 4467 4466
4468 4469 4465
4469 4468 4470
4468 4466 4471
4470 4468 4471
4469 4470 4472
4470 4471 4473
4470 4474 4472
4470 4473 4475
4476 4474 4470
4470 4475 4476
4476 4477 4474
4478 4476 4475
4476 4478 4477
4478 4475 4479
4478 4480 4477
4481 4478 4479
4478 4481 4480
4481 4479 4482
4483 4480 4481
4481 4482 4484
4483 4481 4485
4481 4484 4485
4485 4486 4483
4485 4487 4486
4487 4485 4484
4487 4484 4488
4489 4490 4491
4489 4491 4492
4489 4492 4493
4492 4494 4493
4489 4493 4495
4493 4496 4495
4491 4497 4492
4492 4497 4494
4491 4498 4497
4499 4496 4493
4494 4499 4493
4499 4500 4496
4500 4499 4501
4494 4501 4499
4500 4501 4502
4501 4503 4502
4501 4504 4503
4505 4504 4501
4501 4494 4505
4498 4506 4497
4498 4507 4506
4507 4508 4506
4507 4509 4508
4510 4508 4509
4504 4505 4511
4512 4511 4505
4504 4511 4513
4514 4513 4511
4515 4514 4511
4515 4511 4512
4515 4516 4514
4517 4516 4515
4515 4512 4517
4517 4518 4516
4518 4517 4519
4517 4520 4519
4517 4521 4520
4512 4521 4517
4521 4522 4520
4522 4523 4520
4522 4524 4523
4525 4524 4522
4512 4526 4521
4522 4521 4526
4527 4526 4512
4522 4526 4528
4528 4526 4527
4525 4522 4529
4522 4528 4529
4525 4529 4530
4529 4528 4530
4531 4530 4528
4525 4530 4532
4532 4530 4533
4534 4533 4530
4531 4534 4530
4534 4531 4535
4531 4536 4535
4531 4537 4536
4538 4531 4528
4528 4527 4538
4531 4539 4537
4538 4539 4531
4539 4540 4537
4539 4541 4540
4538 4541 4539
4542 4540 4541
4542 4543 4540
4543 4542 4544
4544 4542 4545
4544 4545 4546
4545 4547 4546
4538 4548 4541
4542 4541 4548
4538 4527 4549
4538 4549 4548
4542 4548 4550
4550 4545 4542
4545 4551 4547
4547 4551 4552
4552 4551 4553
4545 4553 4551
4552 4553 4554
4555 4554 4553
4555 4556 4554
4555 4557 4556
4553 4545 4558
4550 4558 4545
4555 4553 4558
4548 4559 4550
4548 4549 4559
4550 4560 4558
4560 4555 4558
4550 4559 4560
4555 4561 4557
4561 4562 4557
4561 4563 4562
4555 4560 4564
4555 4564 4561
4564 4560 4559
4565 4563 4561
4561 4564 4565
4565 4566 4563
4559 4567 4564
4567 4565 4564
4568 4566 4565
4567 4568 4565
4568 4569 4566
4569 4568 4570
4568 4571 4570
4568 4567 4571
4572 4570 4571
4559 4573 4567
4573 4559 4549
4567 4508 4571
4567 4573 4508
4573 4549 4574
4527 4574 4549
4506 4508 4573
4506 4573 4574
4497 4506 4574
4497 4574 4575
4527 4575 4574
4575 4494 4497
4527 4576 4575
4575 4576 4494
4527 4512 4576
4494 4576 4505
4576 4512 4505
4577 4571 4508
4510 4577 4508
4577 4578 4571
4572 4571 4578
4572 4578 4579
4579 4578 4577
4572 4579 4580
4579 4581 4580
4579 4582 4581
4583 4577 4510
4579 4577 4583
4583 4582 4579
4583 4510 4584
4583 4585 4582
4583 4584 4586
4583 4586 4585
4587 4588 4589
4589 4588 4590
4591 4589 4590
4590 4588 4592
4590 4592 4593
4594 4591 4590
4590 4593 4595
4594 4590 4596
4590 4595 4596
4596 4597 4594
4597 4598 4594
4599 4598 4597
4600 4599 4597
4601 4596 4595
4596 4601 4597
4600 4597 4601
4601 4595 4602
4603 4601 4602
4600 4601 4603
4603 4602 4604
4603 4604 4605
4603 4605 4606
4603 4606 4607
4607 4600 4603
4608 4606 4605
4608 4607 4606
4608 4605 4609
4608 4609 4610
4608 4610 4611
4608 4612 4607
4612 4608 4611
4612 4611 4613
4607 4614 4600
4615 4600 4614
4615 4616 4600
4616 4615 4617
4599 4600 4616
4616 4617 4618
4618 4599 4616
4618 4619 4599
4620 4621 4622
4620 4622 4623
4624 4620 4623
4624 4623 4625
4625 4626 4624
4627 4625 4623
4627 4623 4628
4625 4627 4629
4625 4629 4630
4625 4630 4626
4626 4630 4631
4626 4631 4632
4632 4631 4633
4634 4632 4633
4635 4636 4637
4635 4637 4638
4637 4639 4638
4637 4640 4639
4640 4641 4639
4642 4641 4640
4641 4642 4643
4641 4643 4644
4645 4644 4643
4646 4645 4643
4647 4646 4643
4648 4645 4646
4649 4645 4648
4649 4650 4645
4649 4651 4650
4649 4648 4652
4649 4653 4651
4652 4654 4649
4653 4649 4654
4655 4654 4652
4655 4652 4656
4657 4655 4656
4658 4653 4654
4655 4658 4654
4659 4653 4658
4659 4658 4660
4658 4661 4660
4658 4662 4661
4662 4658 4655
4661 4662 4663
4663 4662 4655
4661 4663 4664
4664 4663 4665
4666 4665 4663
4657 4667 4655
4667 4663 4655
4667 4657 4668
4666 4663 4669
4667 4669 4663
4667 4668 4670
4670 4669 4667
4668 4671 4670
4668 4672 4671
4673 4671 4672
4666 4669 4674
4670 4674 4669
4675 4666 4674
4675 4674 4676
4674 4677 4676
4674 4678 4677
4670 4678 4674
4679 4677 4678
4680 4678 4670
4679 4678 4680
4671 4680 4670
4681 4679 4680
4681 4680 4682
4680 4683 4682
4671 4683 4680
4683 4684 4682
4671 4684 4683
4684 4685 4682
4684 4686 4685
4684 4687 4686
4688 4684 4671
4673 4688 4671
4684 4689 4687
4689 4684 4688
4690 4687 4689
4690 4689 4691
4691 4689 4688
4692 4690 4691
4693 4692 4691
4693 4691 4694
4694 4691 4688
4694 4695 4693
4694 4696 4695
4673 4697 4688
4697 4694 4688
4697 4696 4694
4697 4698 4696
4673 4699 4697
4697 4699 4698
4699 4700 4698
4699 4701 4700
4702 4703 4704
4702 4705 4703
4705 4706 4703
4706 4707 4703
4706 4708 4707
4705 4702 4709
4710 4709 4702
4710 4702 4711
4709 4712 4705
4712 4706 4705
4710 4712 4709
4712 4713 4706
4713 4708 4706
4714 4713 4712
4708 4713 4714
4710 4714 4712
4710 4711 4715
4715 4711 4716
4715 4716 4717
4718 4715 4717
4718 4717 4719
4720 4718 4719
4721 4710 4715
4721 4715 4718
4720 4722 4718
4721 4718 4722
4710 4721 4723
4710 4723 4714
4708 4714 4724
4724 4725 4708
4726 4725 4724
4724 4714 4727
4727 4726 4724
4727 4714 4723
4726 4727 4728
4728 4727 4729
4729 4727 4723
4728 4729 4730
4729 4731 4730
4732 4722 4720
4732 4720 4733
4732 4733 4734
4729 4735 4731
4735 4736 4731
4729 4723 4737
4737 4735 4729
4738 4722 4732
4723 4738 4737
4738 4721 4722
4723 4721 4738
4732 4734 4739
4738 4732 4739
4737 4738 4740
4739 4740 4738
4734 4741 4739
4740 4739 4741
4742 4740 4741
4734 4743 4741
4741 4743 4744
4737 4740 4745
4737 4745 4735
4746 4745 4740
4735 4745 4746
4746 4740 4742
4741 4744 4747
4742 4741 4747
4748 4747 4744
4747 4748 4742
4748 4744 4749
4750 4742 4748
4750 4751 4742
4751 4750 4752
4751 4752 4753
4742 4751 4754
4754 4751 4753
4742 4754 4746
4753 4755 4754
4746 4754 4755
4753 4756 4755
4746 4755 4757
4746 4757 4735
4757 4755 4758
4736 4735 4757
4736 4757 4758
4759 4760 4761
4762 4760 4759
4762 4759 4763
4764 4762 4763
4765 4766 4767
4765 4767 4768
4769 4765 4768
4770 4768 4767
4770 4771 4768
4769 4772 4765
4768 4771 4773
4768 4773 4769
4769 4774 4772
4773 4775 4769
4773 4776 4775
4777 4775 4776
4775 4778 4769
4777 4779 4775
4780 4779 4777
4781 4780 4777
4781 4782 4780
4781 4783 4782
4769 4778 4784
4769 4784 4774
4783 4785 4782
4783 4786 4785
4786 4787 4785
4787 4788 4785
4784 4789 4774
4788 4787 4789
4784 4790 4789
4790 4788 4789
4791 4792 4793
4791 4794 4792
4795 4792 4794
4795 4794 4796
4794 4791 4797
4794 4798 4796
4794 4797 4799
4794 4799 4798
4799 4797 4800
4801 4798 4799
4799 4800 4801
4802 4803 4804
4802 4804 4805
4806 4807 4808
4806 4808 4809
4810 4811 4812
4810 4812 4813
4814 4815 4816
4814 4816 4817
4818 4819 4820
4818 4820 4821
4822 4821 4820
4823 4818 4821
4823 4824 4818
4821 4825 4823
4821 4826 4825
4822 4826 4821
4826 4827 4825
4822 4828 4826
4826 4828 4827
4822 4829 4828
4828 4830 4827
4828 4829 4831
4828 4832 4830
4828 4831 4832
4830 4832 4833
4831 4833 4832
4831 4834 4833
4830 4833 4835
4833 4834 4836
4837 4835 4833
4833 4836 4837
4837 4838 4835
4836 4839 4837
4836 4840 4839
4841 4839 4840
4842 4837 4839
4841 4843 4839
4844 4843 4841
4844 4845 4843
4844 4846 4845
4846 4847 4845
4846 4848 4847
4849 4847 4848
4849 4848 4850
4842 4851 4837
4851 4849 4850
4838 4837 4851
4851 4850 4852
4851 4852 4838
4853 4854 4855
4853 4855 4856
4857 4853 4856
4857 4856 4858
4859 4858 4856
4860 4856 4855
4859 4856 4860
4860 4855 4861
4860 4862 4859
4860 4861 4863
4860 4864 4862
4860 4863 4864
4865 4862 4864
4866 4864 4863
4865 4864 4867
4866 4867 4864
4865 4867 4868
4866 4868 4867
4865 4868 4869
4866 4870 4868
4871 4869 4868
4868 4870 4872
4871 4868 4873
4868 4872 4873
4874 4871 4873
4874 4875 4871
4874 4876 4875
4877 4874 4873
4874 4878 4876
4878 4879 4876
4878 4880 4879
4881 4879 4880
4881 4880 4882
4881 4882 4883
4883 4882 4884
4883 4884 4885
4886 4877 4873
4872 4886 4873
4885 4884 4886
4872 4887 4886
4885 4886 4887
4888 4889 4890
4888 4891 4889
4892 4891 4888
4892 4893 4891
4891 4894 4889
4891 4893 4895
4891 4896 4894
4896 4891 4895
4896 4895 4897
4898 4894 4896
4899 4896 4897
4900 4898 4896
4899 4900 4896
4900 4901 4898
4899 4902 4900
4901 4900 4903
4902 4904 4900
4904 4903 4900
4904 4902 4905
4903 4904 4906
4905 4907 4904
4906 4904 4907
4905 4908 4907
4909 4907 4908
4906 4907 4910
4909 4910 4907
4909 4908 4911
4909 4912 4910
4909 4911 4913
4914 4912 4909
4909 4913 4915
4914 4909 4915
4916 4915 4913
4915 4916 4914
4917 4918 4919
4917 4920 4918
4921 4920 4917
4921 4922 4920
4920 4922 4923
4918 4920 4924
4920 4923 4924
4918 4924 4925
4924 4926 4925
4924 4923 4927
4924 4928 4926
4924 4927 4928
4929 4926 4928
4930 4928 4927
4929 4928 4930
4930 4927 4931
4930 4931 4932
4929 4930 4933
4930 4932 4933
4929 4933 4934
4933 4932 4935
4934 4933 4936
4933 4935 4936
4934 4936 4937
4935 4938 4936
4935 4939 4938
4940 4938 4939
4938 4941 4936
4940 4942 4938
4943 4942 4940
4943 4944 4942
4945 4944 4943
4946 4944 4945
4946 4945 4947
4947 4948 4946
4947 4949 4948
4936 4941 4950
4936 4950 4937
4949 4950 4948
4950 4951 4937
4949 4951 4950
4952 4953 4954
4952 4955 4953
4955 4956 4953
4955 4957 4956
4955 4952 4958
4959 4955 4958
4960 4957 4955
4959 4960 4955
4959 4958 4961
4962 4960 4959
4959 4961 4963
4964 4962 4959
4959 4963 4965
4964 4959 4965
4965 4963 4966
4967 4964 4965
4965 4966 4968
4965 4968 4967
4968 4966 4969
4967 4968 4970
4971 4968 4969
4970 4968 4971
4971 4969 4972
4970 4971 4973
4972 4974 4971
4973 4971 4974
4972 4975 4974
4973 4974 4976
4977 4974 4975
4977 4976 4974
4977 4975 4978
4977 4979 4976
4978 4980 4977
4979 4977 4980
4981 4982 4983
4981 4984 4982
4984 4981 4985
4984 4985 4986
4986 4985 4987
4986 4987 4988
4989 4988 4987
4989 4990 4988
4991 4990 4989
4991 4989 4992
4993 4991 4992
4993 4992 4994
4993 4994 4995
4993 4995 4996
4997 4998 4999
4997 4999 5000
4997 5000 5001
4997 5001 5002
5001 5003 5002
5001 5004 5003
5003 5004 5005
5003 5005 5006
5005 5007 5006
5007 5005 5008
5009 5010 5011
5009 5011 5012
5012 5013 5009
5012 5014 5013
5013 5014 5015
5013 5015 5016
5017 5016 5015
5013 5016 5018
5019 5013 5018
5016 5020 5018
5016 5021 5020
5017 5021 5016
5022 5020 5021
5023 5021 5017
5022 5021 5023
5017 5024 5023
5023 5024 5025
5023 5025 5026
5022 5023 5026
5022 5026 5027
5028 5029 5030
5028 5030 5031
5032 5031 5030
5028 5031 5033
5028 5033 5034
5031 5035 5033
5032 5036 5031
5031 5036 5035
5032 5037 5036
5037 5035 5036
5032 5038 5037
5037 5039 5035
5040 5037 5038
5037 5041 5039
5040 5042 5037
5037 5042 5041
5043 5042 5040
5043 5041 5042
5043 5040 5044
5044 5045 5043
5043 5046 5041
5045 5046 5043
5044 5047 5045
5045 5048 5046
5045 5047 5049
5045 5050 5048
5051 5045 5049
5045 5051 5050
5051 5049 5052
5053 5050 5051
5051 5052 5053
5053 5054 5050
5053 5052 5055
5056 5054 5053
5053 5055 5056
5056 5057 5054
5058 5056 5055
5056 5059 5057
5058 5060 5056
5056 5060 5059
5060 5058 5061
5060 5061 5062
5062 5059 5060
5062 5063 5059
5064 5065 5066
5064 5066 5067
5068 5069 5070
5068 5070 5071
5072 5073 5074
5072 5074 5075
5076 5077 5078
5076 5078 5079
5080 5081 5082
5080 5082 5083
5084 5085 5086
5084 5086 5087
5088 5089 5090
5088 5090 5091
5092 5093 5094
5092 5094 5095
5096 5097 5098
5096 5098 5099
5100 5101 5102
5100 5102 5103
5104 5105 5106
5104 5106 5107
5108 5109 5110
5108 5110 5111
5112 5113 5114
5112 5114 5115
5116 5117 5118
5116 5118 5119
5120 5121 5122
5120 5122 5123
5124 5125 5126
5124 5126 5127
5128 5129 5130
5129 5131 5130
5131 5129 5132
5131 5132 5133
5133 5132 5134
5133 5134 5135
5135 5134 5136
5135 5136 5137
5137 5136 5138
5137 5138 5139
5140 5139 5138
5140 5141 5139
5141 5140 5142
5141 5142 5143
5143 5142 5144
5143 5144 5145
5145 5144 5146
5145 5146 5147
5147 5146 5148
5147 5148 5149
5150 5149 5148
5150 5151 5149
5150 5152 5151
5150 5153 5152
5154 5152 5153
5154 5153 5155
5156 5154 5155
5156 5155 5157
5158 5156 5157
5158 5157 5159
5160 5158 5159
5160 5159 5161
5161 5162 5160
5161 5163 5162
5163 5164 5162
5163 5165 5164
5165 5166 5164
5165 5167 5166
5168 5166 5167
5168 5169 5166
5170 5169 5168
5170 5171 5169
5170 5172 5171
5173 5174 5175
5173 5175 5176
5177 5173 5176
5178 5176 5175
5178 5175 5179
5176 5180 5177
5176 5178 5180
5180 5181 5177
5179 5182 5178
5179 5183 5182
5184 5180 5178
5184 5178 5182
5185 5181 5180
5185 5186 5181
5185 5187 5186
5185 5188 5187
5189 5185 5180
5189 5188 5185
5189 5180 5184
5189 5190 5188
5189 5191 5190
5191 5189 5184
5192 5190 5191
5183 5193 5182
5183 5194 5193
5195 5184 5182
5191 5184 5195
5195 5182 5193
5194 5196 5193
5194 5197 5196
5196 5197 5198
5199 5195 5193
5199 5193 5196
5191 5195 5200
5195 5199 5200
5201 5200 5199
5191 5200 5202
5192 5191 5202
5201 5202 5200
5192 5202 5203
5202 5201 5203
5192 5203 5204
5205 5199 5196
5201 5199 5205
5196 5198 5206
5205 5196 5206
5204 5203 5207
5208 5204 5207
5198 5209 5206
5198 5210 5209
5206 5211 5205
5206 5209 5211
5211 5201 5205
5210 5212 5209
5212 5211 5209
5210 5213 5212
5203 5201 5214
5207 5203 5214
5215 5208 5207
5216 5208 5215
5211 5217 5201
5201 5217 5214
5207 5214 5218
5207 5218 5215
5216 5215 5219
5219 5220 5216
5217 5211 5221
5212 5221 5211
5222 5221 5212
5223 5212 5213
5222 5212 5223
5223 5213 5224
5223 5224 5225
5214 5217 5226
5217 5221 5226
5214 5226 5218
5226 5221 5222
5215 5218 5227
5215 5227 5219
5223 5225 5228
5228 5222 5223
5218 5226 5229
5218 5229 5227
5230 5219 5227
5230 5227 5229
5229 5226 5231
5226 5222 5231
5232 5231 5222
5229 5231 5233
5230 5229 5233
5232 5233 5231
5234 5228 5225
5228 5234 5235
5234 5225 5236
5234 5236 5237
5228 5238 5222
5232 5222 5238
5228 5235 5238
5232 5238 5235
5234 5237 5239
5239 5235 5234
5240 5239 5237
5230 5233 5241
5232 5241 5233
5240 5242 5239
5243 5242 5240
5239 5242 5244
5243 5245 5242
5245 5244 5242
5246 5245 5243
5246 5243 5247
5248 5246 5247
5239 5249 5235
5239 5244 5249
5245 5250 5244
5246 5250 5245
5244 5250 5251
5248 5252 5246
5253 5252 5248
5246 5254 5250
5251 5250 5254
5254 5246 5252
5255 5249 5244
5244 5251 5255
5256 5235 5249
5255 5256 5249
5253 5257 5252
5258 5257 5253
5254 5252 5259
5259 5252 5257
5258 5260 5257
5260 5258 5261
5251 5254 5262
5254 5259 5262
5262 5259 5263
5259 5257 5264
5264 5257 5260
5263 5259 5264
5260 5261 5265
5266 5265 5261
5264 5260 5267
5265 5267 5260
5266 5268 5265
5269 5268 5266
5251 5262 5270
5262 5263 5270
5267 5271 5264
5263 5264 5271
5268 5272 5265
5265 5272 5267
5269 5273 5268
5274 5273 5269
5268 5275 5272
5273 5275 5268
5276 5267 5272
5275 5276 5272
5267 5277 5271
5276 5277 5267
5274 5278 5273
5279 5278 5274
5279 5280 5278
5273 5281 5275
5278 5281 5273
5278 5280 5282
5278 5282 5281
5282 5280 5283
5282 5283 5281
5281 5284 5275
5283 5284 5281
5275 5284 5276
5283 5285 5284
5276 5284 5285
5277 5276 5285
5285 5286 5277
5277 5286 5271
5286 5263 5271
5286 5287 5263
5263 5287 5288
5263 5288 5270
5288 5289 5270
5288 5290 5289
5270 5289 5251
5290 5291 5289
5292 5291 5290
5289 5293 5251
5289 5291 5293
5251 5293 5255
5293 5256 5255
5294 5291 5292
5295 5294 5292
5291 5296 5293
5293 5296 5256
5291 5294 5296
5295 5297 5294
5297 5295 5220
5294 5298 5296
5294 5297 5298
5296 5299 5256
5296 5298 5299
5297 5220 5300
5219 5300 5220
5300 5219 5230
5301 5298 5297
5300 5301 5297
5301 5299 5298
5300 5230 5302
5300 5302 5301
5230 5241 5302
5301 5302 5241
5301 5241 5303
5301 5303 5299
5232 5303 5241
5256 5299 5304
5304 5299 5303
5232 5304 5303
5256 5304 5235
5232 5235 5304
5305 5306 5307
5308 5305 5307
5308 5307 5309
5310 5308 5309
5305 5308 5311
5305 5311 5312
5310 5313 5308
5310 5314 5313
5311 5308 5315
5313 5315 5308
5312 5311 5316
5312 5316 5317
5314 5318 5313
5314 5319 5318
5318 5319 5320
5313 5321 5315
5318 5321 5313
5322 5315 5321
5321 5323 5322
5318 5323 5321
5315 5322 5324
5315 5324 5311
5324 5316 5311
5325 5318 5320
5323 5318 5325
5325 5320 5326
5327 5325 5326
5317 5316 5328
5317 5328 5329
5328 5330 5329
5331 5316 5324
5316 5331 5328
5324 5322 5331
5332 5330 5328
5332 5328 5331
5332 5333 5330
5334 5323 5325
5334 5322 5323
5335 5325 5327
5334 5325 5335
5335 5327 5336
5332 5331 5337
5322 5337 5331
5338 5333 5332
5338 5332 5337
5338 5339 5333
5339 5338 5340
5335 5341 5334
5334 5341 5322
5342 5335 5336
5335 5342 5341
5342 5336 5343
5344 5342 5343
5344 5345 5342
5345 5341 5342
5346 5345 5344
5337 5322 5347
5338 5337 5347
5340 5338 5348
5347 5348 5338
5346 5348 5345
5340 5348 5349
5348 5346 5349
5345 5350 5341
5350 5322 5341
5347 5322 5350
5350 5345 5348
5350 5348 5347
5351 5352 5353
5354 5353 5352
5351 5353 5355
5354 5356 5353
5357 5351 5355
5354 5358 5356
5357 5355 5359
5354 5360 5358
5361 5357 5359
5361 5359 5362
5363 5361 5362
5363 5362 5364
5365 5358 5360
5365 5360 5366
5367 5363 5364
5367 5364 5368
5369 5367 5368
5369 5370 5367
5371 5370 5369
5371 5372 5370
5373 5372 5371
5373 5374 5372
5375 5365 5366
5375 5376 5365
5374 5373 5377
5377 5376 5375
5374 5377 5378
5377 5375 5378
5379 5380 5381
5382 5381 5380
5379 5383 5380
5382 5380 5384
5385 5383 5379
5382 5384 5386
5385 5387 5383
5382 5386 5388
5389 5387 5385
5389 5390 5387
5391 5390 5389
5391 5392 5390
5388 5386 5393
5388 5393 5394
5395 5392 5391
5395 5396 5392
5397 5396 5395
5397 5395 5398
5399 5397 5398
5399 5398 5400
5401 5399 5400
5401 5400 5402
5393 5403 5394
5393 5404 5403
5405 5401 5402
5405 5403 5404
5405 5402 5406
5405 5406 5403
5407 5408 5409
5410 5407 5409
5409 5411 5410
5408 5411 5409
5408 5412 5411
5413 5412 5408
5411 5412 5414
5413 5415 5412
5414 5412 5415
5416 5415 5413
5417 5414 5415
5417 5415 5416
5418 5419 5420
5419 5418 5421
5421 5418 5422
5422 5418 5420
5422 5420 5423
5424 5422 5423
5420 5425 5423
5424 5423 5426
5425 5426 5423
5427 5424 5426
5428 5426 5425
5428 5427 5426
5429 5430 5431
5431 5430 5432
5433 5432 5430
5429 5434 5430
5434 5429 5435
5433 5430 5436
5434 5436 5430
5437 5433 5436
5438 5437 5436
5438 5436 5439
5434 5439 5436
5439 5440 5438
5439 5441 5440
5441 5439 5434
5441 5442 5440
5441 5443 5442
5434 5435 5444
5441 5434 5444
5444 5443 5441
5445 5444 5435
5444 5445 5443
5446 5447 5448
5446 5448 5449
5446 5449 5450
5446 5450 5451
5446 5451 5452
5446 5453 5447
5446 5452 5454
5454 5453 5446
5455 5454 5452
5454 5456 5453
5457 5453 5456
5458 5457 5456
5454 5459 5456
5458 5456 5459
5455 5460 5454
5454 5460 5459
5461 5458 5459
5461 5459 5460
5461 5462 5458
5462 5461 5463
5464 5460 5455
5461 5460 5464
5464 5463 5461
5464 5465 5463
5464 5455 5466
5466 5465 5464
5463 5465 5467
5466 5468 5465
5469 5467 5465
5470 5465 5468
5469 5465 5471
5470 5471 5465
5472 5473 5474
5472 5475 5473
5472 5476 5475
5472 5477 5476
5472 5478 5477
5472 5474 5479
5472 5480 5478
5479 5480 5472
5481 5478 5480
5479 5482 5480
5483 5482 5479
5484 5482 5483
5480 5482 5485
5484 5485 5482
5481 5480 5486
5480 5485 5486
5487 5485 5484
5487 5486 5485
5487 5484 5488
5488 5489 5487
5490 5481 5486
5487 5490 5486
5490 5487 5489
5490 5489 5491
5490 5492 5481
5492 5490 5491
5489 5493 5491
5492 5491 5494
5495 5491 5493
5496 5494 5491
5495 5497 5491
5496 5491 5497
5498 5499 5500
5500 5499 5501
5500 5501 5502
5503 5500 5502
5503 5502 5504
5505 5503 5504
5503 5505 5506
5505 5504 5507
5505 5507 5508
5506 5505 5508
5509 5500 5503
5503 5506 5509
5498 5500 5510
5509 5510 5500
5498 5510 5511
5509 5511 5510
5498 5511 5512
5511 5513 5512
5511 5514 5513
5509 5515 5511
5514 5511 5515
5506 5515 5509
5514 5515 5516
5515 5517 5516
5506 5517 5515
5517 5518 5516
5517 5519 5518
5519 5517 5506
5508 5520 5506
5506 5520 5519
5508 5521 5520
5521 5519 5520
5508 5522 5521
5521 5523 5519
5522 5524 5521
5523 5521 5524
5522 5525 5524
5523 5524 5526
5527 5525 5522
5527 5528 5525
5527 5529 5528
5527 5530 5529
5530 5531 5529
5530 5532 5531
5533 5531 5532
5533 5532 5534
5535 5533 5534
5535 5534 5536
5526 5537 5523
5526 5538 5537
5536 5539 5535
5538 5539 5537
5536 5540 5539
5539 5540 5537
5541 5542 5543
5544 5542 5541
5544 5541 5545
5545 5546 5544
5545 5547 5546
5547 5545 5541
5548 5546 5547
5548 5547 5549
5541 5549 5547
5549 5550 5548
5541 5543 5551
5541 5551 5549
5549 5552 5550
5551 5552 5549
5553 5551 5543
5551 5553 5552
5553 5543 5554
5550 5552 5555
5553 5555 5552
5550 5555 5556
5555 5557 5556
5554 5558 5553
5553 5558 5555
5554 5559 5558
5555 5560 5557
5560 5559 5557
5560 5555 5558
5560 5558 5559
5561 5562 5563
5564 5562 5561
5564 5561 5565
5566 5565 5561
5566 5567 5565
5568 5567 5566
5566 5569 5568
5568 5570 5567
5568 5571 5570
5569 5571 5568
5572 5566 5561
5566 5572 5569
5561 5563 5573
5572 5561 5573
5574 5573 5563
5572 5573 5574
5574 5563 5575
5574 5575 5576
5574 5576 5577
5572 5574 5578
5577 5578 5574
5569 5572 5578
5577 5579 5578
5578 5579 5580
5569 5578 5580
5580 5579 5581
5580 5581 5582
5582 5569 5580
5569 5582 5583
5571 5569 5583
5584 5583 5582
5571 5583 5584
5584 5582 5585
5571 5584 5586
5585 5587 5584
5586 5584 5587
5585 5588 5587
5586 5587 5589
5588 5585 5590
5588 5590 5591
5592 5586 5589
5592 5589 5593
5592 5593 5594
5592 5594 5595
5595 5594 5596
5595 5596 5597
5598 5597 5596
5598 5599 5597
5600 5599 5598
5600 5601 5599
5591 5590 5602
5601 5600 5602
5602 5590 5603
5601 5602 5603
5604 5605 5606
5607 5604 5606
5607 5608 5604
5608 5607 5609
5608 5609 5610
5610 5604 5608
5611 5610 5609
5611 5612 5610
5604 5610 5612
5612 5611 5613
5604 5614 5605
5604 5612 5614
5612 5613 5615
5614 5612 5615
5616 5605 5614
5614 5615 5616
5616 5617 5605
5613 5618 5615
5616 5615 5618
5613 5619 5618
5618 5619 5620
5617 5616 5621
5616 5618 5621
5617 5621 5622
5618 5620 5623
5623 5621 5618
5623 5620 5622
5623 5622 5621
5624 5625 5626
5627 5624 5626
5627 5628 5624
5629 5624 5628
5629 5630 5624
5631 5624 5630
5624 5632 5625
5631 5632 5624
5632 5633 5625
5634 5632 5631
5632 5634 5633
5635 5636 5637
5635 5638 5636
5635 5639 5638
5640 5639 5635
5640 5635 5641
5635 5642 5641
5635 5637 5643
5635 5643 5642
5644 5643 5637
5643 5645 5642
5643 5644 5645
5646 5647 5648
5647 5649 5648
5647 5650 5649
5651 5650 5647
5651 5647 5652
5647 5653 5652
5646 5654 5647
5647 5654 5653
5655 5654 5646
5654 5656 5653
5654 5655 5656
5657 5658 5659
5658 5660 5659
5658 5661 5660
5662 5661 5658
5662 5658 5663
5658 5664 5663
5657 5665 5658
5658 5665 5664
5666 5665 5657
5665 5667 5664
5665 5666 5667
5668 5669 5670
5668 5671 5669
5672 5671 5668
5673 5672 5668
5668 5670 5674
5673 5668 5674
5674 5670 5675
5673 5674 5676
5674 5675 5676
5673 5676 5677
5678 5677 5676
5679 5676 5675
5678 5676 5679
5679 5675 5680
5679 5681 5678
5682 5681 5679
5679 5680 5683
5679 5683 5682
5682 5684 5681
5682 5683 5685
5686 5684 5682
5687 5682 5685
5686 5682 5688
5687 5688 5682
5688 5689 5686
5690 5689 5688
5691 5688 5687
5691 5690 5688
5690 5692 5689
5693 5690 5691
5694 5692 5690
5695 5690 5693
5694 5690 5696
5695 5696 5690
5697 5698 5699
5697 5700 5698
5701 5700 5697
5701 5697 5702
5697 5699 5703
5697 5703 5704
5705 5702 5697
5704 5705 5697
5704 5703 5706
5707 5705 5704
5708 5704 5706
5704 5709 5707
5708 5710 5704
5704 5710 5709
5711 5710 5708
5710 5712 5709
5711 5713 5710
5710 5713 5712
5712 5713 5714
5715 5713 5711
5713 5716 5714
5717 5713 5715
5713 5717 5716
5717 5715 5718
5716 5717 5719
5719 5717 5718
5716 5719 5720
5719 5718 5721
5722 5720 5719
5722 5719 5721
5722 5723 5720
5722 5721 5724
5722 5725 5723
5722 5724 5725
5726 5727 5728
5726 5728 5729
5726 5729 5730
5726 5730 5731
5726 5731 5732
5726 5733 5727
5733 5726 5732
5733 5732 5734
5735 5727 5733
5736 5733 5734
5735 5733 5736
5737 5735 5736
5736 5734 5738
5737 5736 5738
5737 5739 5735
5737 5738 5740
5737 5741 5739
5737 5740 5742
5737 5743 5741
5737 5742 5743
5743 5744 5741
5745 5743 5742
5743 5745 5744
5745 5742 5746
5744 5745 5747
5744 5747 5748
5749 5748 5747
5747 5745 5750
5749 5747 5751
5750 5745 5752
5752 5745 5746
5752 5746 5753
5754 5749 5751
5749 5754 5755
5754 5756 5755
5752 5753 5757
5752 5757 5758
5759 5756 5754
5757 5759 5758
5760 5756 5759
5759 5757 5760
5761 5762 5763
5764 5762 5761
5764 5761 5765
5766 5765 5761
5766 5761 5767
5768 5767 5761
5761 5763 5769
5768 5761 5769
5769 5763 5770
5771 5768 5769
5769 5770 5771
5772 5773 5774
5772 5774 5775
5772 5775 5776
5777 5772 5776
5777 5778 5772
5772 5778 5779
5772 5780 5773
5772 5779 5780
5781 5773 5780
5780 5779 5782
5780 5782 5781
5783 5784 5785
5785 5784 5786
5785 5786 5787
5788 5785 5787
5788 5789 5785
5785 5789 5790
5783 5785 5791
5785 5790 5791
5792 5783 5791
5791 5790 5793
5791 5793 5792
5794 5795 5796
5796 5795 5797
5796 5797 5798
5799 5796 5798
5799 5800 5796
5796 5800 5801
5794 5796 5802
5796 5801 5802
5803 5794 5802
5802 5801 5804
5802 5804 5803
5805 5806 5807
5805 5807 5808
5809 5805 5808
5805 5809 5810
5805 5811 5806
5805 5810 5811
5811 5812 5806
5810 5813 5811
5811 5813 5812
5810 5814 5813
5813 5814 5815
5816 5812 5813
5813 5815 5816
5816 5817 5812
5816 5815 5818
5819 5816 5818
5816 5820 5817
5816 5819 5820
5819 5818 5821
5819 5822 5820
5819 5821 5823
5824 5822 5819
5819 5823 5825
5824 5819 5825
5825 5823 5826
5827 5825 5826
5828 5824 5825
5828 5825 5827
5827 5826 5829
5830 5828 5827
5827 5829 5831
5832 5830 5827
5827 5831 5833
5832 5827 5833
5834 5835 5836
5834 5837 5835
5835 5837 5838
5835 5838 5839
5835 5840 5836
5835 5841 5840
5842 5835 5839
5841 5835 5842
5841 5843 5840
5844 5841 5842
5845 5843 5841
5841 5844 5846
5845 5841 5847
5841 5846 5847
5848 5845 5847
5847 5846 5849
5848 5847 5850
5847 5849 5850
5849 5851 5850
5852 5848 5850
5850 5851 5853
5852 5850 5854
5850 5853 5854
5852 5854 5855
5853 5856 5854
5856 5855 5854
5853 5857 5856
5856 5858 5855
5859 5856 5857
5858 5856 5859
5859 5857 5860
5858 5859 5861
5859 5860 5862
5859 5862 5861
5863 5864 5865
5863 5866 5864
5863 5867 5866
5863 5868 5867
5863 5869 5868
5863 5865 5870
5869 5863 5870
5869 5870 5871
5870 5865 5872
5871 5870 5873
5870 5872 5873
5872 5874 5873
5871 5873 5875
5874 5875 5873
5872 5876 5874
5874 5877 5875
5874 5876 5878
5874 5879 5877
5874 5878 5880
5874 5880 5879
5880 5878 5881
5882 5879 5880
5880 5881 5882
5882 5883 5879
5881 5884 5882
5881 5885 5884
5886 5884 5885
5884 5887 5882
5886 5888 5884
5887 5889 5882
5889 5883 5882
5889 5890 5883
5891 5888 5886
5886 5892 5891
5891 5892 5893
5889 5894 5890
5889 5895 5894
5896 5891 5893
5894 5895 5896
5897 5896 5893
5896 5897 5894
5898 5899 5900
5901 5898 5900
5899 5902 5900
5903 5901 5900
5902 5904 5900
5905 5903 5900
5904 5906 5900
5906 5905 5900
5907 5908 5909
5910 5908 5907
5909 5908 5911
5912 5908 5910
5911 5908 5913
5914 5908 5912
5913 5908 5915
5915 5908 5914
5916 5917 5918
5918 5917 5919
5918 5919 5920
5916 5918 5921
5918 5922 5921
5923 5916 5921
5922 5923 5921
5918 5920 5924
5918 5924 5922
5925 5924 5920
5922 5924 5925
5925 5920 5926
5925 5926 5927
5928 5925 5927
5922 5925 5928
5928 5927 5929
5930 5928 5929
5922 5928 5930
5922 5931 5923
5922 5930 5931
5932 5923 5931
5932 5931 5930
5933 5934 5935
5936 5935 5934
5936 5937 5935
5936 5938 5937
5937 5938 5939
5937 5939 5940
5933 5935 5941
5941 5935 5937
5937 5940 5942
5942 5941 5937
5940 5943 5942
5943 5944 5942
5942 5944 5941
5933 5941 5945
5945 5941 5944
5933 5945 5946
5945 5944 5947
5948 5946 5945
5949 5945 5947
5949 5948 5945
5950 5951 5952
5953 5952 5951
5954 5953 5951
5954 5955 5953
5954 5956 5955
5954 5957 5956
5950 5958 5951
5958 5954 5951
5954 5959 5957
5959 5954 5958
5957 5959 5960
5960 5959 5961
5959 5958 5961
5962 5958 5950
5961 5958 5962
5962 5950 5963
5961 5962 5964
5965 5962 5963
5966 5964 5962
5966 5962 5965
5967 5968 5969
5967 5969 5970
5971 5967 5970
5972 5968 5967
5972 5967 5971
5971 5970 5973
5972 5971 5974
5971 5973 5975
5975 5973 5976
5975 5976 5977
5977 5978 5975
5978 5979 5975
5980 5979 5978
5980 5981 5979
5982 5979 5981
5982 5983 5979
5984 5974 5971
5983 5984 5979
5985 5974 5984
5984 5983 5986
5986 5985 5984
5971 5975 5987
5987 5975 5979
5984 5971 5987
5984 5987 5979
5988 5989 5990
5988 5991 5989
5992 5991 5988
5993 5988 5990
5993 5992 5988
5992 5994 5991
5993 5995 5992
5992 5996 5994
5996 5997 5994
5996 5998 5997
5998 5996 5999
5999 5996 6000
6001 5999 6000
6001 6000 6002
6003 6002 6000
6003 6000 6004
6005 5992 5995
6004 6000 6005
6006 6005 5995
6005 6007 6004
6007 6005 6006
5992 6008 5996
6008 6000 5996
6005 6008 5992
6005 6000 6008
6009 6010 6011
6009 6011 6012
6009 6013 6010
6014 6009 6012
6013 6015 6010
6016 6014 6012
6013 6017 6015
6016 6018 6014
6019 6015 6017
6018 6016 6020
6021 6019 6017
6018 6020 6022
6021 6023 6019
6020 6024 6022
6021 6025 6023
6025 6026 6023
6024 6027 6022
6026 6025 6028
6026 6028 6029
6030 6029 6028
6024 6031 6027
6030 6028 6032
6031 6033 6027
6027 6033 6034
6031 6035 6033
6036 6034 6033
6037 6030 6032
6032 6038 6037
6037 6039 6030
6040 6037 6038
6041 6033 6035
6036 6033 6041
6041 6035 6042
6043 6036 6041
6044 6041 6042
6039 6037 6045
6040 6045 6037
6039 6045 6046
6045 6040 6047
6045 6048 6046
6043 6041 6049
6049 6041 6044
6049 6044 6050
6051 6049 6050
6052 6043 6049
6045 6047 6053
6048 6045 6053
6053 6047 6052
6048 6053 6054
6054 6053 6055
6051 6055 6056
6051 6056 6049
6052 6049 6056
6053 6052 6056
6053 6056 6055
6057 6058 6059
6060 6057 6059
6058 6061 6059
6062 6060 6059
6061 6063 6059
6064 6062 6059
6063 6065 6059
6065 6064 6059
6066 6067 6068
6066 6069 6067
6066 6068 6070
6071 6069 6066
6070 6068 6072
6073 6069 6071
6070 6072 6074
6073 6071 6075
6076 6074 6072
6077 6073 6075
6078 6074 6076
6077 6075 6079
6078 6076 6080
6077 6079 6081
6078 6080 6082
6082 6080 6083
6081 6079 6084
6083 6085 6082
6083 6086 6085
6087 6085 6086
6081 6084 6088
6087 6089 6085
6088 6084 6090
6084 6091 6090
6088 6090 6092
6093 6090 6091
6094 6089 6087
6089 6094 6095
6094 6087 6096
6097 6095 6094
6098 6092 6090
6093 6098 6090
6098 6099 6092
6100 6098 6093
6101 6099 6098
6096 6102 6094
6097 6094 6102
6096 6103 6102
6102 6104 6097
6102 6103 6105
6100 6106 6098
6106 6101 6098
6106 6107 6101
6108 6107 6106
6109 6106 6100
6102 6110 6104
6105 6110 6102
6110 6109 6104
6105 6111 6110
6111 6112 6110
6108 6113 6112
6108 6106 6113
6109 6113 6106
6110 6113 6109
6110 6112 6113
6114 6115 6116
6117 6115 6114
6116 6115 6118
6119 6115 6117
6118 6115 6120
6121 6115 6119
6120 6115 6122
6122 6115 6121
6123 6124 6125
6124 6123 6126
6123 6125 6127
6124 6126 6128
6126 6129 6128
6126 6130 6129
6131 6123 6127
6126 6132 6130
6131 6133 6123
6133 6126 6123
6134 6133 6131
6126 6135 6132
6133 6135 6126
6134 6136 6133
6136 6135 6133
6132 6135 6137
6136 6137 6135
6132 6137 6138
6139 6138 6137
6134 6140 6136
6134 6141 6140
6140 6141 6142
6143 6137 6136
6139 6137 6143
6143 6136 6140
6139 6143 6144
6144 6143 6140
6139 6144 6145
6144 6146 6145
6144 6147 6146
6140 6142 6148
6144 6140 6148
6144 6148 6147
6148 6142 6147
6149 6150 6151
6152 6150 6149
6151 6150 6153
6154 6150 6152
6153 6150 6155
6156 6150 6154
6155 6150 6157
6158 6150 6156
6157 6150 6159
6160 6150 6158
6159 6150 6160
6161 6162 6163
6162 6164 6163
6161 6163 6165
6162 6166 6164
6164 6166 6167
6164 6167 6168
6169 6165 6163
6164 6168 6170
6169 6163 6171
6171 6163 6164
6172 6169 6171
6164 6170 6173
6171 6164 6173
6172 6171 6174
6174 6171 6173
6170 6175 6173
6174 6173 6175
6170 6176 6175
6177 6175 6176
6178 6172 6174
6178 6179 6172
6178 6180 6179
6174 6175 6181
6177 6181 6175
6174 6181 6178
6177 6182 6181
6178 6181 6182
6177 6183 6182
6182 6183 6184
6185 6182 6184
6178 6186 6180
6186 6185 6180
6178 6182 6186
6185 6186 6182
6187 6188 6189
6190 6187 6189
6188 6191 6189
6192 6190 6189
6191 6193 6189
6194 6192 6189
6193 6195 6189
6196 6194 6189
6195 6197 6189
6198 6196 6189
6197 6198 6189
6199 6200 6201
6199 6201 6202
6200 6203 6201
6204 6199 6202
6200 6205 6203
6204 6202 6206
6205 6207 6203
6208 6204 6206
6205 6209 6207
6208 6206 6210
6209 6211 6207
6212 6208 6210
6209 6213 6211
6212 6210 6214
6213 6212 6214
6213 6214 6211
6215 6216 6217
6215 6217 6218
6216 6219 6217
6220 6215 6218
6216 6221 6219
6220 6218 6222
6221 6223 6219
6224 6220 6222
6221 6225 6223
6224 6222 6226
6225 6227 6223
6228 6224 6226
6225 6229 6227
6228 6226 6230
6229 6228 6230
6229 6230 6227
6231 6232 6233
6231 6234 6232
6233 6232 6235
6236 6234 6231
6233 6235 6237
6236 6238 6234
6237 6235 6239
6240 6238 6236
6237 6239 6241
6240 6242 6238
6241 6239 6243
6244 6242 6240
6241 6243 6245
6244 6246 6242
6245 6243 6246
6245 6246 6244
6247 6248 6249
6247 6249 6250
6251 6248 6247
6250 6249 6252
6251 6253 6248
6250 6252 6254
6255 6253 6251
6254 6252 6256
6255 6257 6253
6254 6256 6258
6259 6257 6255
6258 6256 6260
6259 6261 6257
6258 6260 6262
6262 6261 6259
6262 6260 6261
6263 6264 6265
6265 6264 6266
6263 6265 6267
6268 6264 6263
6267 6265 6269
6269 6265 6266
6267 6269 6270
6268 6271 6264
6264 6271 6266
6272 6271 6268
6270 6269 6273
6273 6269 6266
6270 6273 6274
6272 6275 6271
6271 6275 6266
6276 6275 6272
6274 6273 6277
6277 6273 6266
6274 6277 6278
6276 6279 6275
6275 6279 6266
6279 6277 6266
6278 6277 6279
6278 6279 6276
6280 6281 6282
6280 6282 6283
6282 6284 6283
6285 6280 6283
6281 6286 6282
6286 6284 6282
6281 6287 6286
6285 6283 6288
6283 6284 6288
6289 6285 6288
6287 6290 6286
6290 6284 6286
6287 6291 6290
6289 6288 6292
6288 6284 6292
6293 6289 6292
6291 6294 6290
6294 6284 6290
6291 6295 6294
6293 6292 6296
6292 6284 6296
6295 6293 6296
6295 6296 6294
6296 6284 6294
