byte offset: 0
first index: 0
index count: 23577
topology: trianglelist
format: DXGI_FORMAT_R16_UINT

0 1 2
3 4 5
6 7 8
9 10 11
12 13 14
15 16 17
18 19 20
21 22 23
24 25 26
27 28 29
30 31 32
33 30 34
33 35 30
33 36 35
37 35 36
38 39 40
40 41 42
40 42 43
44 43 42
44 42 45
45 46 44
45 47 46
47 48 46
47 49 48
50 48 49
50 49 51
50 51 52
53 54 55
56 57 58
59 60 61
62 63 64
65 66 67
65 68 66
69 66 68
69 70 66
71 70 69
71 72 70
73 74 75
73 75 76
77 78 79
77 79 80
81 82 83
81 84 82
85 84 81
85 86 84
87 86 85
87 88 86
89 88 87
89 90 88
90 89 91
90 91 92
93 94 95
93 95 96
97 98 99
97 99 100
100 99 101
100 101 102
103 104 105
103 105 106
107 108 109
107 109 110
111 112 113
111 114 112
115 112 114
115 116 112
112 116 117
112 117 118
119 118 117
119 117 120
119 120 121
119 121 122
119 122 123
124 123 122
124 125 123
126 127 128
126 129 127
130 129 126
130 126 131
127 129 132
127 132 133
134 133 132
134 132 135
134 135 136
135 137 136
135 138 137
139 137 138
139 138 140
141 142 143
141 144 142
145 144 141
145 141 146
147 145 146
147 148 145
149 150 151
149 151 152
153 154 155
153 155 156
157 153 156
157 158 153
159 158 157
159 157 160
161 162 163
161 163 164
165 166 167
165 167 168
169 170 171
169 171 172
173 174 175
173 175 176
177 178 179
177 179 180
181 182 183
181 183 184
185 186 187
185 187 188
189 190 191
189 191 192
193 194 195
193 195 196
197 198 199
197 199 200
201 202 203
201 203 204
205 206 207
205 207 208
209 210 211
209 211 212
213 214 215
213 215 216
217 218 219
217 219 220
221 222 223
221 223 224
225 226 227
225 227 228
229 230 231
229 231 232
233 234 235
233 235 236
237 238 239
237 240 238
241 238 240
241 240 242
243 241 242
243 244 241
245 246 247
245 248 246
245 249 248
245 250 249
250 251 249
250 252 251
253 251 252
253 254 251
255 254 253
255 256 254
257 256 255
257 258 256
259 260 261
262 260 259
262 263 260
264 263 262
264 265 263
266 265 264
266 267 265
268 269 270
268 270 271
272 271 270
272 270 273
274 272 273
274 273 275
274 275 276
277 278 279
277 279 280
281 282 283
281 283 284
285 286 287
285 287 288
289 288 287
289 287 290
291 289 290
291 292 289
293 294 295
293 295 296
297 296 295
297 298 296
298 297 299
298 299 300
301 302 303
301 303 304
305 304 303
305 303 306
307 308 309
307 310 308
311 310 307
311 312 310
313 314 315
313 315 316
317 316 315
317 315 318
319 320 321
319 321 322
323 324 325
323 326 324
326 323 327
328 324 326
324 328 329
324 329 330
330 329 331
331 332 330
331 333 332
333 331 334
335 336 337
335 337 338
339 340 341
339 341 342
342 341 343
344 345 346
344 347 345
345 347 348
345 348 349
345 349 350
350 349 351
352 350 351
352 353 350
354 355 356
354 356 357
358 359 360
358 360 361
362 363 364
362 365 363
365 366 363
367 368 369
367 369 370
371 372 373
371 374 372
374 375 372
374 376 375
375 376 377
375 377 378
379 380 381
379 381 382
383 384 385
383 385 386
387 383 386
387 388 383
389 388 387
389 390 388
391 390 389
391 389 392
393 391 392
393 394 391
395 394 393
395 393 396
395 396 397
395 397 398
399 398 397
399 400 398
400 399 401
400 401 402
403 402 401
403 404 402
405 406 407
408 407 406
408 406 409
410 408 409
410 409 411
408 412 407
407 412 413
413 412 414
413 414 415
416 417 418
416 418 419
420 421 422
423 422 421
423 424 422
425 424 423
425 426 424
423 421 427
427 421 428
429 427 428
429 428 430
431 432 433
431 434 432
435 432 434
435 436 432
435 437 436
435 438 437
439 437 438
439 440 437
441 442 443
441 443 444
445 441 444
444 443 446
445 444 447
448 445 447
446 449 444
446 450 449
449 450 451
449 451 452
449 452 453
444 449 454
444 454 447
449 453 454
448 447 455
455 447 454
456 448 455
457 454 453
455 454 457
457 453 458
456 455 459
459 455 457
460 456 459
461 457 458
459 457 461
461 458 462
461 462 463
460 459 464
464 459 461
465 460 464
461 463 466
464 461 466
466 463 467
465 464 468
469 465 468
464 466 470
466 467 470
464 470 468
471 470 467
468 470 471
471 467 472
469 468 473
468 471 473
474 469 473
475 471 472
473 471 475
475 472 476
474 473 477
473 475 477
474 477 478
478 477 475
474 478 479
480 475 476
478 475 480
480 476 481
479 478 482
482 478 480
479 482 483
484 480 481
482 480 484
484 481 485
486 484 485
486 487 484
487 482 484
487 488 482
483 482 488
483 488 489
490 491 492
492 493 490
490 493 494
492 495 493
495 492 496
495 496 497
495 497 498
493 495 498
498 497 499
494 493 500
493 498 500
494 500 501
498 499 502
500 498 502
502 499 503
501 500 504
504 505 501
504 506 505
507 506 504
500 502 508
504 500 508
502 503 509
508 502 509
510 509 503
507 504 511
504 508 511
508 509 512
511 508 512
511 513 507
507 513 514
510 515 509
509 515 512
510 516 515
517 512 515
511 512 518
512 517 518
511 518 513
510 519 516
520 516 519
510 521 519
522 519 521
523 522 521
522 523 524
525 524 523
525 523 526
525 526 527
527 526 528
529 527 528
529 528 530
529 530 531
529 531 532
533 534 535
533 535 536
537 536 535
538 533 536
539 533 538
538 536 540
540 541 538
537 542 536
542 540 536
541 540 543
543 517 541
543 518 517
544 543 540
542 544 540
545 518 543
544 545 543
545 513 518
537 546 542
537 547 546
542 548 544
542 546 548
544 549 545
544 548 549
545 550 513
545 549 550
551 546 547
551 547 552
551 553 546
553 548 546
551 554 553
548 553 555
555 549 548
549 555 556
549 556 550
557 513 550
557 514 513
558 514 557
559 550 556
557 550 559
556 560 559
558 557 561
561 562 558
561 563 562
557 559 564
564 561 557
565 563 561
564 565 561
565 566 563
567 559 560
564 559 567
568 566 565
569 566 568
565 564 570
564 567 570
571 567 560
572 571 560
571 573 567
570 567 573
570 573 574
575 571 572
565 570 576
576 570 574
576 568 565
576 574 577
578 576 577
576 578 568
578 577 579
578 579 580
580 568 578
580 569 568
569 580 581
575 572 582
583 582 572
584 575 582
585 575 584
584 586 585
587 585 586
587 588 585
587 589 588
589 590 588
591 590 589
591 592 590
591 593 592
591 594 593
595 596 597
595 597 598
595 598 599
595 599 600
601 600 599
601 602 600
603 602 601
603 604 602
604 603 605
604 605 606
606 605 607
606 607 608
608 607 609
608 609 610
611 610 609
611 609 612
613 614 615
613 615 616
616 615 617
616 617 618
617 619 618
617 620 619
621 619 620
621 620 622
623 621 622
623 624 621
624 623 625
624 625 626
626 625 627
626 627 628
629 628 627
629 630 628
630 629 631
630 631 632
632 631 633
632 633 634
633 635 634
633 636 635
637 635 636
637 638 635
638 637 639
638 639 640
641 642 643
641 643 644
645 641 644
646 644 643
645 644 647
648 645 647
646 649 644
649 647 644
650 649 646
649 650 651
651 652 649
649 652 647
651 653 652
648 647 654
652 654 647
655 648 654
653 656 652
652 656 654
653 657 656
655 654 658
658 654 656
658 659 655
657 660 656
658 656 660
657 661 660
658 662 659
662 658 660
663 659 662
661 664 660
662 660 664
663 662 665
664 665 662
666 663 665
666 665 667
668 666 667
668 667 669
667 670 669
671 670 667
671 667 672
667 665 673
664 673 665
667 674 672
667 673 674
674 675 672
661 676 664
661 677 676
678 676 677
664 676 679
664 679 673
679 676 678
673 680 674
674 680 675
673 679 680
679 678 681
681 680 679
682 681 678
683 675 680
681 683 680
683 684 675
685 684 683
686 684 685
686 685 687
685 688 687
685 689 688
685 690 689
682 691 681
691 683 681
691 685 683
690 685 691
691 682 692
690 691 692
693 694 695
694 693 696
697 696 693
697 698 696
699 698 697
699 700 698
700 701 698
701 700 702
703 704 705
704 703 706
704 706 707
708 706 703
707 706 709
708 709 706
707 709 710
711 710 709
709 708 712
712 708 713
714 709 712
711 709 714
711 714 715
716 717 718
716 718 719
720 721 722
720 722 723
724 720 723
724 725 720
726 725 724
726 727 725
728 727 726
728 729 727
730 729 728
730 731 729
732 731 730
732 733 731
734 733 732
734 735 733
736 735 734
736 737 735
738 737 736
738 739 737
740 741 742
740 743 741
744 743 740
744 745 743
746 745 744
746 747 745
748 747 746
748 749 747
750 749 748
750 751 749
752 751 750
752 750 753
754 752 753
754 753 755
756 754 755
756 757 754
758 757 756
758 759 757
758 760 759
758 761 760
762 760 761
762 761 763
762 763 764
764 763 765
764 765 766
766 765 767
768 766 767
768 769 766
769 768 770
769 770 771
772 773 774
774 775 772
776 772 775
776 775 777
778 776 777
778 777 779
779 777 780
780 781 779
782 783 784
784 785 782
784 786 785
787 782 785
786 788 785
787 785 788
786 789 788
790 788 789
788 791 787
791 792 787
793 791 788
790 793 788
790 794 793
795 796 797
795 797 798
799 800 801
799 801 802
802 801 803
802 803 804
804 803 805
804 805 806
806 805 807
806 807 808
808 807 809
808 809 810
810 809 811
810 811 812
812 811 813
812 813 814
814 813 815
814 815 816
816 815 817
816 817 818
819 820 821
819 822 820
820 822 823
820 823 824
824 823 825
824 825 826
826 825 827
826 827 828
828 827 829
828 829 830
830 829 831
830 831 832
832 831 833
832 833 834
834 833 835
834 835 836
836 835 837
836 837 838
838 837 839
840 838 839
841 840 839
841 842 840
841 843 842
843 844 842
843 845 844
845 846 844
845 847 846
845 848 847
849 847 848
849 848 850
851 852 853
851 853 854
855 856 857
857 856 858
856 859 858
857 858 860
861 857 860
862 863 864
864 863 865
866 865 863
864 865 867
864 867 868
869 870 871
869 871 872
872 873 869
872 871 874
872 875 873
875 876 873
873 876 877
878 877 876
879 877 878
878 876 880
880 876 875
878 880 881
882 881 880
882 880 883
880 875 883
884 882 883
884 883 875
884 885 882
886 885 884
872 887 875
884 875 887
886 884 888
888 884 887
888 889 886
872 890 887
872 874 890
888 887 891
891 887 890
892 890 874
892 874 893
892 894 890
891 890 894
894 892 895
891 896 888
896 891 894
888 896 889
894 895 897
896 894 897
897 895 898
889 896 899
897 899 896
897 898 900
897 900 899
901 900 898
901 899 900
901 898 902
903 889 899
901 903 899
903 904 889
903 905 904
906 901 902
906 903 901
906 902 907
906 908 903
908 905 903
909 905 908
909 908 910
911 909 910
911 910 912
913 911 912
913 914 911
914 913 915
914 915 916
917 915 913
918 919 920
919 918 921
921 922 919
921 923 922
923 924 922
925 924 923
926 925 923
925 926 927
928 929 930
931 929 928
931 928 932
931 933 929
934 931 932
934 933 931
934 932 935
934 935 936
933 934 937
933 937 938
934 939 937
934 936 939
939 936 940
941 942 943
941 943 944
944 945 941
946 944 943
944 947 945
948 945 947
948 947 949
949 950 948
949 951 950
951 952 950
946 953 944
944 954 947
944 953 954
955 949 947
955 947 954
956 949 955
956 951 949
957 955 954
955 957 956
953 946 958
946 959 958
960 958 959
961 960 959
960 962 958
953 958 962
960 963 962
964 962 963
965 954 953
957 954 965
953 962 966
964 966 962
965 953 966
964 965 966
964 967 965
968 965 967
968 957 965
957 968 969
957 969 956
969 970 956
971 970 969
951 956 970
971 972 970
972 971 973
951 970 974
951 974 952
975 974 970
952 974 975
975 970 972
952 975 976
977 976 975
977 975 972
977 978 976
977 972 979
979 972 973
980 979 973
980 981 979
982 981 980
982 983 981
984 983 982
984 982 985
985 986 984
985 987 986
988 984 986
989 990 991
991 992 989
992 991 993
992 993 994
994 993 995
996 994 995
997 994 996
996 998 997
999 1000 1001
1002 999 1001
1002 1003 999
1002 1001 1004
1005 1003 1002
1005 1002 1004
1005 1006 1003
1005 1007 1006
1004 1008 1005
1004 1009 1008
1005 1008 1010
1005 1010 1007
1010 1011 1007
1012 1013 1014
1012 1015 1013
1015 1012 1016
1015 1017 1013
1015 1016 1018
1018 1016 1019
1015 1020 1017
1018 1020 1015
1020 1021 1017
1020 1022 1021
1020 1023 1022
1020 1024 1023
1018 1024 1020
1024 1025 1023
1018 1026 1024
1024 1026 1025
1018 1019 1027
1018 1027 1026
1028 1025 1026
1028 1026 1027
1028 1029 1025
1028 1030 1029
1030 1031 1029
1032 1027 1019
1028 1027 1032
1032 1030 1028
1032 1019 1033
1034 1032 1033
1032 1034 1030
1034 1033 1035
1036 1034 1035
1036 1030 1034
1036 1035 1037
1036 1037 1038
1036 1038 1039
1039 1038 1040
1039 1040 1041
1039 1041 1042
1042 1043 1039
1044 1036 1039
1036 1044 1030
1045 1039 1043
1044 1039 1045
1045 1043 1046
1047 1044 1045
1045 1046 1047
1048 1030 1044
1047 1048 1044
1049 1047 1046
1049 1046 1050
1049 1050 1051
1052 1051 1050
1051 1052 1053
1051 1053 1054
1051 1054 1055
1051 1055 1056
1047 1049 1057
1047 1057 1048
1057 1049 1051
1048 1058 1030
1058 1048 1057
1030 1058 1031
1058 1059 1031
1058 1057 1059
1060 1051 1056
1057 1051 1060
1059 1057 1060
1060 1056 1061
1059 1060 1061
1062 1063 1064
1065 1064 1063
1065 1066 1064
1067 1066 1065
1067 1068 1066
1069 1068 1067
1069 1070 1068
1071 1070 1069
1071 1072 1070
1073 1072 1071
1074 1075 1076
1077 1076 1075
1077 1075 1078
1079 1077 1078
1079 1078 1080
1081 1079 1080
1081 1080 1082
1083 1081 1082
1083 1082 1084
1085 1083 1084
1086 1087 1088
1086 1088 1089
1090 1091 1092
1091 1093 1092
1094 1093 1091
1094 1091 1095
1095 1096 1094
1095 1097 1096
1098 1096 1097
1098 1099 1096
1100 1099 1098
1100 1098 1101
1102 1103 1104
1102 1104 1105
1106 1105 1104
1106 1107 1105
1107 1106 1108
1107 1108 1109
1110 1109 1108
1110 1108 1111
1111 1112 1110
1111 1113 1112
1114 1115 1116
1115 1114 1117
1115 1117 1118
1118 1117 1119
1120 1121 1122
1120 1122 1123
1123 1122 1124
1123 1124 1125
1124 1126 1125
1124 1127 1126
1128 1129 1130
1128 1130 1131
1132 1128 1131
1132 1133 1128
1134 1133 1132
1134 1132 1135
1134 1135 1136
1134 1136 1137
1137 1136 1138
1137 1138 1139
1140 1141 1142
1140 1142 1143
1140 1143 1144
1140 1144 1145
1144 1146 1145
1144 1147 1146
1147 1148 1146
1147 1149 1148
1149 1150 1148
1149 1151 1150
1152 1153 1154
1153 1155 1154
1153 1156 1155
1155 1156 1157
1158 1159 1160
1161 1158 1160
1161 1160 1162
1161 1162 1163
1161 1163 1164
1165 1166 1167
1165 1167 1168
1169 1170 1171
1169 1171 1172
1171 1173 1172
1171 1174 1173
1175 1173 1174
1175 1174 1176
1177 1175 1176
1177 1178 1175
1178 1177 1179
1177 1180 1179
1181 1182 1183
1184 1182 1181
1184 1185 1182
1186 1187 1188
1186 1188 1189
1190 1191 1192
1190 1192 1193
1192 1194 1193
1192 1195 1194
1196 1194 1195
1196 1197 1194
1198 1199 1200
1198 1200 1201
1202 1203 1204
1202 1204 1205
1204 1206 1205
1204 1207 1206
1206 1207 1208
1206 1208 1209
1210 1211 1212
1210 1213 1211
1210 1214 1213
1215 1216 1217
1215 1218 1216
1218 1219 1216
1220 1221 1222
1220 1222 1223
1224 1225 1226
1224 1226 1227
1228 1229 1230
1228 1230 1231
1232 1233 1234
1232 1234 1235
1236 1237 1238
1236 1238 1239
1240 1241 1242
1240 1242 1243
1244 1245 1246
1244 1246 1247
1246 1248 1247
1249 1250 1251
1249 1251 1252
1251 1253 1252
1254 1255 1256
1254 1256 1257
1258 1259 1260
1260 1259 1261
1260 1261 1262
1260 1262 1263
1263 1262 1264
1263 1264 1265
1266 1265 1264
1266 1264 1267
1266 1267 1268
1266 1268 1269
1270 1271 1272
1270 1273 1271
1274 1271 1273
1274 1273 1275
1275 1276 1274
1275 1277 1276
1278 1276 1277
1278 1279 1276
1280 1279 1278
1280 1281 1279
1282 1283 1284
1284 1285 1282
1284 1286 1285
1286 1287 1285
1288 1289 1290
1288 1291 1289
1292 1289 1291
1292 1291 1293
1294 1292 1293
1294 1295 1292
1296 1297 1298
1296 1299 1297
1296 1300 1299
1296 1301 1300
1300 1301 1302
1300 1302 1303
1302 1304 1303
1302 1305 1304
1305 1306 1304
1305 1307 1306
1308 1309 1310
1308 1310 1311
1310 1312 1311
1310 1313 1312
1312 1313 1314
1312 1314 1315
1316 1315 1314
1316 1317 1315
1318 1317 1316
1318 1319 1317
1320 1321 1322
1322 1321 1323
1322 1323 1324
1323 1325 1324
1326 1327 1328
1327 1326 1329
1327 1329 1330
1329 1331 1330
1329 1332 1331
1333 1334 1335
1333 1335 1336
1337 1338 1339
1337 1339 1340
1337 1340 1341
1337 1341 1342
1343 1342 1341
1343 1344 1342
1345 1344 1343
1345 1343 1346
1346 1347 1345
1345 1347 1348
1349 1350 1351
1352 1349 1351
1352 1351 1353
1354 1355 1356
1354 1356 1357
1358 1359 1360
1358 1361 1359
1359 1361 1362
1359 1362 1363
1364 1363 1362
1364 1362 1365
1366 1367 1368
1366 1368 1369
1370 1371 1372
1370 1373 1371
1371 1373 1374
1371 1374 1375
1376 1375 1374
1376 1374 1377
1378 1379 1380
1378 1380 1381
1378 1381 1382
1383 1384 1385
1383 1385 1386
1386 1385 1387
1388 1389 1390
1388 1390 1391
1392 1393 1394
1392 1394 1395
1396 1397 1398
1396 1398 1399
1400 1401 1402
1400 1402 1403
1404 1405 1406
1404 1406 1407
1408 1409 1410
1408 1410 1411
1412 1413 1414
1412 1415 1413
1413 1415 1416
1417 1418 1419
1417 1420 1418
1418 1420 1421
1422 1423 1424
1422 1425 1423
1426 1425 1422
1426 1427 1425
1428 1427 1426
1428 1429 1427
1430 1429 1428
1430 1431 1429
1432 1433 1434
1432 1434 1435
1436 1437 1438
1436 1438 1439
1440 1441 1442
1440 1442 1443
1444 1445 1446
1444 1447 1445
1447 1448 1445
1447 1449 1448
1449 1450 1448
1449 1451 1450
1452 1450 1451
1452 1453 1450
1454 1455 1456
1454 1457 1455
1457 1458 1455
1457 1459 1458
1459 1460 1458
1459 1461 1460
1460 1461 1462
1462 1463 1460
1464 1462 1461
1465 1466 1467
1465 1468 1466
1465 1469 1468
1465 1470 1469
1470 1471 1469
1470 1472 1471
1472 1473 1471
1472 1474 1473
1475 1476 1477
1478 1477 1476
1476 1479 1478
1480 1477 1478
1480 1481 1477
1482 1481 1480
1482 1483 1481
1484 1483 1482
1484 1485 1483
1486 1487 1488
1486 1488 1489
1490 1486 1489
1490 1489 1491
1492 1490 1491
1492 1491 1493
1494 1492 1493
1494 1493 1495
1496 1494 1495
1496 1495 1497
1498 1496 1497
1498 1497 1499
1500 1498 1499
1500 1499 1501
1502 1500 1501
1502 1501 1503
1504 1502 1503
1504 1503 1505
1506 1504 1505
1506 1505 1507
1508 1506 1507
1508 1507 1509
1510 1508 1509
1510 1509 1511
1512 1513 1514
1512 1514 1515
1516 1517 1518
1516 1518 1519
1520 1521 1522
1520 1522 1523
1524 1525 1526
1524 1526 1527
1527 1526 1528
1527 1528 1529
1529 1528 1530
1529 1530 1531
1532 1531 1530
1532 1530 1533
1534 1535 1536
1534 1536 1537
1537 1536 1538
1537 1538 1539
1539 1538 1540
1539 1540 1541
1540 1542 1541
1542 1540 1543
1544 1541 1542
1545 1546 1547
1545 1547 1548
1545 1548 1549
1545 1549 1550
1550 1549 1551
1550 1551 1552
1552 1551 1553
1552 1553 1554
1555 1556 1557
1558 1557 1556
1557 1558 1559
1560 1558 1556
1560 1556 1561
1562 1560 1561
1562 1561 1563
1564 1562 1563
1564 1563 1565
1566 1567 1568
1566 1569 1567
1570 1569 1566
1570 1571 1569
1572 1571 1570
1572 1573 1571
1574 1573 1572
1574 1575 1573
1576 1575 1574
1576 1577 1575
1578 1577 1576
1578 1579 1577
1580 1579 1578
1580 1581 1579
1582 1581 1580
1582 1583 1581
1584 1583 1582
1584 1585 1583
1586 1585 1584
1586 1587 1585
1588 1587 1586
1588 1589 1587
1590 1589 1588
1590 1591 1589
1592 1593 1594
1592 1594 1595
1596 1592 1595
1597 1595 1594
1597 1594 1598
1596 1595 1599
1600 1596 1599
1595 1597 1601
1601 1599 1595
1602 1597 1598
1602 1598 1603
1597 1602 1604
1597 1604 1601
1602 1605 1604
1606 1604 1605
1601 1604 1606
1606 1605 1607
1606 1607 1608
1600 1599 1609
1610 1600 1609
1601 1611 1599
1601 1606 1611
1611 1609 1599
1606 1608 1612
1611 1606 1612
1610 1609 1613
1614 1610 1613
1614 1613 1615
1612 1608 1616
1616 1608 1617
1611 1618 1609
1613 1609 1618
1619 1615 1613
1613 1618 1619
1619 1620 1615
1621 1611 1612
1621 1618 1611
1616 1621 1612
1618 1622 1619
1618 1621 1622
1620 1619 1623
1623 1619 1622
1620 1623 1624
1623 1625 1624
1623 1626 1625
1626 1623 1622
1626 1622 1627
1621 1628 1622
1616 1628 1621
1622 1628 1627
1616 1629 1628
1616 1617 1629
1627 1628 1630
1630 1628 1629
1631 1627 1630
1629 1617 1632
1632 1617 1633
1629 1634 1630
1632 1634 1629
1631 1630 1634
1632 1635 1634
1636 1634 1635
1631 1634 1636
1636 1637 1631
1638 1639 1640
1638 1641 1639
1642 1641 1638
1643 1639 1641
1643 1644 1639
1642 1645 1641
1646 1645 1642
1641 1647 1643
1647 1641 1645
1648 1644 1643
1648 1649 1644
1643 1650 1648
1643 1647 1650
1648 1650 1651
1652 1651 1650
1652 1650 1647
1652 1653 1651
1654 1653 1652
1646 1655 1645
1656 1655 1646
1647 1645 1657
1652 1647 1657
1657 1645 1655
1654 1652 1658
1657 1658 1652
1656 1659 1655
1660 1659 1656
1660 1661 1659
1658 1662 1654
1662 1663 1654
1657 1655 1664
1659 1664 1655
1665 1659 1661
1659 1665 1664
1665 1661 1666
1667 1658 1657
1667 1657 1664
1662 1658 1667
1664 1665 1668
1664 1668 1667
1669 1665 1666
1669 1668 1665
1669 1666 1670
1669 1670 1671
1669 1671 1672
1672 1668 1669
1672 1673 1668
1667 1668 1674
1662 1667 1674
1668 1673 1674
1662 1674 1675
1662 1675 1663
1673 1676 1674
1676 1675 1674
1677 1676 1673
1675 1678 1663
1678 1679 1663
1675 1676 1680
1678 1675 1680
1677 1680 1676
1678 1680 1681
1682 1681 1680
1677 1682 1680
1682 1677 1683
1684 1685 1686
1687 1685 1684
1688 1687 1684
1689 1685 1687
1690 1691 1692
1690 1692 1693
1694 1690 1693
1694 1693 1695
1696 1694 1695
1696 1695 1697
1698 1699 1700
1701 1698 1700
1702 1698 1701
1703 1701 1700
1704 1705 1706
1704 1706 1707
1707 1706 1708
1707 1708 1709
1709 1708 1710
1709 1710 1711
1712 1713 1714
1712 1715 1713
1716 1715 1712
1716 1712 1717
1716 1717 1718
1716 1718 1719
1720 1719 1718
1720 1718 1721
1722 1720 1721
1722 1721 1723
1724 1722 1723
1724 1723 1725
1726 1724 1725
1726 1725 1727
1728 1726 1727
1728 1729 1726
1730 1731 1732
1730 1732 1733
1734 1735 1736
1734 1736 1737
1738 1739 1740
1738 1741 1739
1742 1741 1738
1743 1739 1741
1743 1744 1739
1742 1745 1741
1746 1745 1742
1747 1741 1745
1747 1743 1741
1746 1748 1745
1748 1747 1745
1749 1748 1746
1750 1744 1743
1750 1751 1744
1750 1752 1751
1750 1753 1752
1754 1750 1743
1754 1753 1750
1754 1743 1747
1754 1755 1753
1756 1755 1754
1756 1754 1747
1756 1757 1755
1758 1757 1756
1749 1759 1748
1760 1759 1749
1748 1761 1747
1756 1747 1761
1759 1761 1748
1758 1756 1762
1762 1756 1761
1763 1758 1762
1760 1764 1759
1765 1764 1760
1759 1766 1761
1762 1761 1766
1764 1766 1759
1763 1762 1767
1767 1762 1766
1765 1768 1764
1769 1768 1765
1764 1770 1766
1767 1766 1770
1768 1770 1764
1771 1763 1767
1771 1767 1770
1771 1772 1763
1773 1772 1771
1769 1774 1768
1775 1774 1769
1768 1776 1770
1771 1770 1776
1774 1776 1768
1773 1771 1777
1777 1771 1776
1778 1773 1777
1778 1779 1773
1777 1776 1780
1774 1780 1776
1778 1777 1780
1775 1781 1774
1782 1781 1775
1783 1780 1774
1778 1780 1783
1783 1774 1781
1784 1779 1778
1784 1778 1783
1784 1785 1779
1782 1786 1781
1787 1786 1782
1788 1783 1781
1788 1781 1786
1784 1783 1788
1789 1785 1784
1789 1790 1785
1791 1790 1789
1791 1789 1792
1793 1789 1784
1792 1789 1793
1793 1784 1788
1792 1793 1794
1795 1794 1793
1795 1787 1796
1787 1797 1786
1797 1788 1786
1797 1793 1788
1795 1797 1787
1795 1793 1797
1798 1799 1800
1801 1799 1798
1801 1798 1802
1802 1798 1803
1803 1798 1804
1801 1802 1805
1801 1805 1806
1801 1806 1807
1808 1807 1806
1808 1809 1807
1810 1807 1809
1811 1801 1807
1801 1811 1799
1810 1812 1807
1811 1807 1812
1813 1812 1810
1813 1814 1812
1815 1814 1813
1816 1811 1812
1816 1812 1814
1811 1817 1799
1811 1816 1817
1799 1817 1818
1799 1818 1819
1815 1820 1814
1821 1820 1815
1822 1816 1814
1822 1814 1820
1816 1823 1817
1816 1822 1823
1817 1823 1824
1824 1823 1825
1821 1826 1820
1827 1826 1821
1827 1828 1826
1829 1826 1828
1830 1820 1826
1830 1822 1820
1829 1830 1826
1822 1831 1823
1822 1830 1831
1829 1831 1830
1823 1831 1832
1829 1833 1831
1831 1833 1834
1831 1834 1835
1836 1837 1838
1836 1838 1839
1840 1836 1839
1841 1839 1838
1841 1838 1842
1840 1839 1843
1844 1840 1843
1845 1843 1839
1845 1839 1841
1844 1843 1846
1846 1843 1845
1847 1844 1846
1848 1841 1842
1848 1842 1849
1848 1849 1850
1848 1850 1851
1852 1841 1848
1852 1848 1851
1852 1845 1841
1852 1851 1853
1854 1852 1853
1854 1845 1852
1854 1853 1855
1856 1854 1855
1847 1846 1857
1858 1847 1857
1846 1845 1859
1854 1859 1845
1857 1846 1859
1856 1860 1854
1860 1859 1854
1861 1860 1856
1858 1857 1862
1863 1858 1862
1857 1859 1864
1860 1864 1859
1862 1857 1864
1861 1865 1860
1865 1864 1860
1863 1862 1866
1867 1863 1866
1862 1864 1868
1865 1868 1864
1866 1862 1868
1869 1865 1861
1869 1868 1865
1869 1861 1870
1871 1869 1870
1867 1866 1872
1873 1867 1872
1866 1868 1874
1869 1874 1868
1872 1866 1874
1871 1875 1869
1875 1874 1869
1876 1875 1871
1876 1871 1877
1875 1878 1874
1872 1874 1878
1876 1878 1875
1873 1872 1879
1880 1873 1879
1881 1872 1878
1876 1881 1878
1881 1879 1872
1882 1876 1877
1882 1881 1876
1882 1877 1883
1880 1879 1884
1885 1880 1884
1886 1879 1881
1886 1884 1879
1882 1886 1881
1887 1882 1883
1887 1883 1888
1889 1887 1888
1889 1890 1887
1891 1882 1887
1890 1891 1887
1891 1886 1882
1890 1892 1891
1891 1892 1893
1893 1894 1885
1885 1884 1895
1895 1884 1886
1895 1886 1891
1893 1885 1895
1891 1893 1895
1896 1897 1898
1898 1899 1896
1899 1900 1896
1900 1901 1896
1901 1902 1896
1899 1903 1900
1899 1904 1903
1899 1905 1904
1905 1906 1904
1905 1907 1906
1908 1907 1905
1909 1905 1899
1898 1909 1899
1908 1905 1910
1909 1910 1905
1911 1908 1910
1911 1910 1912
1913 1911 1912
1914 1910 1909
1914 1912 1910
1915 1909 1898
1915 1914 1909
1898 1916 1915
1898 1917 1916
1913 1912 1918
1919 1913 1918
1920 1912 1914
1920 1918 1912
1921 1914 1915
1921 1920 1914
1915 1922 1921
1922 1923 1921
1919 1918 1924
1925 1919 1924
1925 1924 1926
1927 1926 1924
1928 1924 1918
1928 1918 1920
1927 1924 1928
1929 1920 1921
1929 1928 1920
1927 1928 1929
1921 1930 1929
1927 1929 1931
1929 1932 1931
1929 1933 1932
1934 1935 1936
1934 1936 1937
1937 1938 1934
1937 1939 1938
1937 1936 1940
1937 1940 1941
1942 1941 1940
1942 1940 1943
1941 1942 1944
1941 1944 1945
1945 1944 1946
1945 1946 1947
1948 1945 1947
1948 1949 1945
1949 1948 1950
1949 1950 1951
1951 1950 1952
1951 1952 1953
1954 1955 1956
1954 1957 1955
1957 1958 1955
1957 1959 1958
1960 1958 1959
1960 1959 1961
1962 1960 1961
1962 1963 1960
1963 1964 1960
1963 1965 1964
1966 1964 1965
1966 1965 1967
1966 1968 1964
1966 1969 1968
1969 1970 1968
1969 1971 1970
1972 1968 1970
1972 1973 1968
1971 1974 1970
1971 1975 1974
1974 1975 1976
1977 1974 1976
1977 1976 1978
1978 1979 1977
1978 1980 1979
1981 1982 1983
1981 1983 1984
1985 1984 1983
1985 1986 1984
1987 1981 1984
1987 1984 1988
1987 1988 1989
1987 1989 1990
1991 1989 1988
1991 1988 1992
1993 1991 1992
1993 1992 1994
1992 1995 1994
1992 1996 1995
1997 1995 1996
1997 1996 1998
1999 1997 1998
1999 1998 2000
2001 2002 2003
2001 2004 2002
2005 2004 2001
2005 2006 2004
2006 2005 2007
2006 2007 2008
2007 2009 2008
2007 2010 2009
2011 2010 2007
2011 2012 2010
2012 2011 2013
2012 2013 2014
2015 2013 2011
2015 2016 2013
2017 2016 2015
2017 2018 2016
2015 2019 2017
2015 2020 2019
2021 2018 2017
2021 2022 2018
2022 2021 2023
2023 2021 2024
2023 2024 2025
2025 2024 2026
2025 2026 2027
2028 2029 2030
2028 2030 2031
2028 2031 2032
2031 2033 2032
2034 2035 2036
2034 2036 2037
2038 2034 2037
2039 2037 2036
2039 2036 2040
2041 2039 2040
2041 2040 2042
2043 2039 2041
2037 2039 2044
2043 2044 2039
2038 2037 2045
2037 2044 2045
2046 2044 2043
2046 2045 2044
2046 2043 2047
2046 2048 2045
2038 2045 2048
2038 2048 2049
2050 2051 2052
2050 2052 2053
2053 2054 2050
2053 2055 2054
2056 2054 2055
2056 2057 2054
2058 2057 2056
2058 2059 2057
2059 2058 2060
2059 2060 2061
2061 2060 2062
2061 2062 2063
2064 2065 2066
2064 2066 2067
2068 2069 2070
2068 2070 2071
2072 2068 2071
2072 2071 2073
2072 2073 2074
2072 2074 2075
2075 2074 2076
2075 2076 2077
2078 2079 2080
2078 2080 2081
2082 2083 2084
2082 2084 2085
2086 2087 2088
2086 2088 2089
2086 2089 2090
2089 2091 2090
2092 2093 2094
2092 2094 2095
2096 2092 2095
2096 2097 2092
2096 2098 2097
2096 2099 2098
2099 2100 2098
2099 2101 2100
2102 2100 2101
2102 2101 2103
2104 2102 2103
2104 2103 2105
2106 2107 2108
2106 2108 2109
2110 2111 2112
2110 2112 2113
2113 2112 2114
2113 2114 2115
2116 2115 2114
2116 2114 2117
2118 2116 2117
2118 2119 2116
2120 2121 2122
2123 2121 2120
2123 2120 2124
2125 2123 2124
2125 2124 2126
2127 2125 2126
2127 2126 2128
2129 2127 2128
2129 2128 2130
2130 2131 2129
2132 2133 2134
2134 2133 2135
2134 2135 2136
2136 2135 2137
2136 2137 2138
2138 2137 2139
2138 2139 2140
2140 2139 2141
2140 2141 2142
2141 2143 2142
2144 2145 2146
2147 2146 2145
2147 2148 2146
2148 2147 2149
2150 2146 2148
2148 2149 2151
2151 2149 2152
2150 2148 2153
2153 2154 2150
2148 2151 2155
2148 2155 2153
2153 2156 2154
2157 2154 2156
2158 2153 2155
2158 2156 2153
2155 2159 2158
2156 2158 2160
2160 2158 2159
2157 2156 2161
2156 2160 2161
2157 2161 2162
2157 2162 2163
2151 2164 2155
2155 2164 2159
2165 2164 2151
2165 2159 2164
2161 2160 2166
2161 2166 2162
2163 2162 2167
2163 2167 2168
2169 2168 2167
2167 2162 2170
2170 2162 2166
2169 2167 2171
2170 2171 2167
2165 2151 2172
2151 2152 2172
2152 2173 2172
2152 2174 2173
2175 2169 2171
2175 2176 2169
2175 2177 2176
2178 2165 2172
2178 2172 2173
2179 2173 2174
2179 2174 2180
2179 2180 2181
2182 2173 2179
2182 2183 2173
2178 2173 2183
2183 2182 2184
2175 2185 2177
2186 2177 2185
2183 2184 2187
2188 2187 2184
2186 2185 2189
2190 2186 2189
2190 2189 2191
2192 2191 2189
2192 2193 2191
2194 2189 2185
2194 2192 2189
2195 2185 2175
2195 2194 2185
2193 2192 2196
2193 2196 2197
2198 2192 2194
2198 2196 2192
2188 2199 2187
2200 2199 2188
2200 2201 2199
2201 2200 2202
2187 2199 2203
2201 2203 2199
2175 2204 2195
2175 2171 2204
2194 2195 2205
2194 2205 2198
2171 2206 2204
2170 2206 2171
2195 2204 2207
2195 2207 2205
2206 2207 2204
2170 2208 2206
2170 2166 2208
2206 2209 2207
2208 2209 2206
2210 2205 2207
2209 2210 2207
2198 2205 2211
2210 2211 2205
2198 2211 2212
2196 2198 2212
2196 2212 2213
2196 2213 2197
2211 2214 2212
2212 2214 2213
2215 2211 2210
2211 2215 2214
2210 2209 2216
2215 2210 2216
2208 2217 2209
2216 2209 2217
2218 2197 2213
2219 2197 2218
2218 2220 2219
2208 2221 2217
2208 2166 2221
2166 2222 2221
2166 2160 2222
2222 2223 2221
2223 2217 2221
2160 2224 2222
2222 2224 2223
2160 2225 2224
2160 2159 2225
2223 2226 2217
2227 2223 2224
2227 2226 2223
2225 2228 2224
2227 2224 2228
2225 2159 2229
2228 2225 2229
2230 2217 2226
2216 2217 2230
2231 2216 2230
2231 2215 2216
2230 2226 2232
2232 2231 2230
2227 2233 2226
2233 2232 2226
2228 2234 2227
2234 2233 2227
2229 2159 2235
2165 2235 2159
2228 2229 2236
2228 2236 2234
2229 2237 2236
2236 2237 2234
2229 2235 2237
2235 2238 2237
2235 2165 2239
2239 2238 2235
2178 2239 2165
2234 2240 2233
2240 2234 2241
2178 2242 2239
2242 2178 2183
2239 2243 2238
2242 2243 2239
2244 2233 2240
2233 2244 2232
2245 2240 2241
2244 2240 2245
2245 2241 2246
2242 2183 2247
2187 2247 2183
2187 2203 2247
2248 2242 2247
2242 2248 2243
2248 2247 2203
2238 2243 2249
2238 2249 2250
2244 2251 2232
2232 2251 2231
2248 2252 2243
2249 2243 2252
2253 2248 2203
2248 2253 2252
2244 2254 2251
2245 2254 2244
2253 2203 2255
2201 2255 2203
2255 2201 2256
2201 2202 2256
2245 2257 2254
2257 2245 2246
2257 2246 2258
2257 2258 2259
2257 2259 2260
2254 2257 2260
2261 2260 2259
2254 2260 2262
2261 2262 2260
2254 2262 2251
2263 2251 2262
2262 2261 2263
2263 2231 2251
2263 2261 2264
2265 2264 2261
2263 2266 2231
2263 2264 2266
2266 2215 2231
2266 2214 2215
2267 2214 2266
2267 2266 2264
2267 2213 2214
2265 2268 2264
2269 2268 2265
2264 2270 2267
2264 2268 2270
2267 2271 2213
2218 2213 2271
2267 2272 2271
2267 2270 2272
2218 2271 2272
2268 2273 2270
2272 2270 2273
2269 2274 2268
2268 2274 2273
2218 2272 2275
2218 2275 2220
2276 2275 2272
2276 2220 2275
2276 2272 2273
2276 2277 2220
2277 2276 2278
2279 2276 2273
2278 2276 2279
2279 2273 2274
2279 2280 2278
2269 2281 2274
2279 2274 2281
2279 2281 2280
2269 2282 2281
2280 2281 2283
2283 2281 2282
2283 2282 2284
2285 2286 2287
2285 2287 2288
2288 2287 2289
2288 2290 2285
2291 2285 2290
2288 2292 2290
2288 2289 2293
2293 2292 2288
2294 2293 2289
2293 2295 2292
2294 2296 2293
2296 2295 2293
2296 2294 2297
2296 2298 2295
2296 2297 2299
2298 2296 2299
2299 2297 2300
2298 2299 2301
2301 2299 2300
2302 2303 2304
2302 2305 2303
2302 2306 2305
2305 2307 2303
2306 2308 2305
2306 2309 2308
2305 2310 2307
2305 2308 2310
2310 2311 2307
2310 2312 2311
2313 2308 2309
2313 2309 2314
2315 2310 2308
2310 2315 2312
2315 2308 2313
2316 2313 2314
2316 2314 2317
2318 2316 2317
2316 2318 2319
2313 2316 2320
2319 2320 2316
2315 2313 2320
2319 2321 2320
2312 2315 2322
2315 2320 2322
2320 2321 2322
2312 2322 2323
2322 2321 2324
2322 2324 2323
2325 2326 2327
2328 2325 2327
2329 2325 2328
2328 2327 2330
2330 2327 2331
2328 2332 2329
2333 2329 2332
2331 2334 2330
2331 2335 2334
2336 2328 2330
2328 2336 2332
2333 2332 2337
2333 2337 2338
2339 2334 2335
2339 2335 2340
2334 2341 2330
2336 2330 2341
2342 2332 2336
2342 2337 2332
2343 2341 2334
2343 2334 2339
2341 2344 2336
2342 2336 2344
2341 2343 2344
2340 2345 2339
2340 2346 2345
2347 2343 2339
2347 2339 2345
2348 2344 2343
2348 2343 2347
2344 2349 2342
2344 2348 2349
2346 2350 2345
2346 2351 2350
2352 2347 2345
2352 2345 2350
2353 2348 2347
2353 2347 2352
2351 2354 2350
2351 2355 2354
2356 2354 2355
2357 2352 2350
2357 2350 2354
2342 2349 2358
2342 2358 2337
2348 2359 2349
2348 2353 2359
2360 2353 2352
2360 2352 2357
2361 2358 2349
2359 2361 2349
2362 2359 2353
2362 2353 2360
2363 2361 2359
2363 2359 2362
2361 2363 2364
2361 2365 2358
2361 2364 2365
2337 2358 2366
2366 2358 2365
2367 2363 2362
2364 2363 2367
2368 2362 2360
2367 2362 2368
2357 2369 2360
2368 2360 2369
2337 2366 2370
2337 2370 2338
2371 2338 2370
2366 2365 2372
2372 2370 2366
2372 2365 2364
2373 2371 2370
2372 2373 2370
2373 2374 2371
2357 2375 2369
2354 2375 2357
2376 2368 2369
2376 2369 2375
2377 2373 2372
2372 2364 2377
2378 2374 2373
2377 2378 2373
2378 2379 2374
2354 2380 2375
2356 2380 2354
2381 2379 2378
2381 2382 2379
2383 2378 2377
2383 2381 2378
2382 2381 2384
2384 2381 2383
2382 2384 2385
2385 2384 2386
2385 2386 2387
2388 2387 2386
2389 2375 2380
2376 2375 2389
2389 2390 2376
2377 2391 2383
2377 2364 2391
2384 2383 2392
2386 2384 2392
2383 2393 2392
2383 2391 2393
2386 2392 2393
2388 2386 2394
2388 2394 2395
2396 2395 2394
2391 2364 2397
2364 2367 2397
2393 2398 2386
2394 2386 2398
2396 2394 2399
2399 2394 2398
2400 2396 2399
2391 2401 2393
2391 2397 2401
2393 2401 2398
2402 2397 2367
2402 2401 2397
2403 2398 2401
2399 2398 2403
2403 2401 2402
2404 2402 2367
2403 2402 2404
2404 2367 2368
2376 2404 2368
2405 2399 2403
2400 2399 2405
2403 2404 2405
2404 2376 2406
2404 2406 2405
2400 2405 2406
2400 2406 2407
2406 2376 2390
2406 2390 2407
2390 2408 2407
2390 2409 2408
2409 2390 2410
2408 2409 2411
2408 2411 2412
2412 2411 2413
2410 2390 2414
2389 2414 2390
2389 2415 2414
2416 2415 2389
2416 2389 2380
2356 2416 2380
2356 2417 2416
2418 2419 2420
2418 2421 2419
2422 2421 2418
2422 2423 2421
2424 2419 2421
2423 2425 2421
2424 2421 2425
2423 2426 2425
2426 2427 2425
2426 2428 2427
2424 2425 2429
2425 2427 2429
2430 2427 2428
2430 2428 2431
2427 2430 2432
2427 2432 2429
2431 2433 2430
2432 2430 2433
2431 2434 2433
2424 2429 2435
2435 2436 2424
2435 2437 2436
2438 2429 2432
2438 2435 2429
2435 2439 2437
2438 2439 2435
2439 2440 2437
2441 2438 2432
2432 2433 2441
2442 2433 2434
2442 2434 2443
2444 2439 2438
2441 2444 2438
2439 2445 2440
2444 2445 2439
2445 2446 2440
2447 2441 2433
2447 2433 2442
2448 2442 2443
2448 2443 2449
2450 2444 2441
2441 2447 2450
2451 2445 2444
2450 2451 2444
2445 2452 2446
2451 2452 2445
2452 2453 2446
2454 2442 2448
2454 2447 2442
2455 2448 2449
2454 2448 2455
2455 2449 2456
2457 2450 2447
2454 2457 2447
2451 2450 2458
2457 2458 2450
2452 2451 2459
2451 2458 2459
2452 2460 2453
2452 2459 2460
2461 2453 2460
2461 2460 2462
2459 2462 2460
2461 2462 2463
2462 2464 2463
2462 2465 2464
2459 2465 2462
2465 2466 2464
2467 2465 2459
2465 2467 2466
2467 2459 2458
2467 2468 2466
2469 2468 2467
2470 2467 2458
2469 2467 2470
2470 2458 2457
2470 2471 2469
2472 2470 2457
2470 2472 2471
2472 2457 2454
2473 2471 2472
2472 2454 2474
2473 2472 2474
2454 2455 2474
2473 2474 2455
2473 2455 2475
2473 2475 2476
2456 2475 2455
2475 2477 2476
2456 2477 2475
2478 2479 2480
2481 2479 2478
2481 2482 2479
2481 2483 2482
2481 2484 2483
2481 2485 2484
2486 2485 2481
2487 2488 2489
2490 2488 2487
2491 2490 2487
2490 2492 2488
2492 2493 2488
2490 2491 2494
2495 2494 2491
2496 2493 2492
2496 2497 2493
2492 2490 2498
2490 2494 2498
2495 2499 2494
2495 2500 2499
2496 2492 2501
2492 2498 2501
2502 2497 2496
2502 2503 2497
2498 2494 2504
2504 2494 2499
2496 2501 2505
2496 2505 2502
2501 2498 2506
2498 2504 2506
2501 2506 2505
2507 2503 2502
2507 2508 2503
2509 2502 2505
2509 2507 2502
2505 2506 2510
2505 2510 2509
2506 2504 2511
2506 2511 2510
2508 2507 2512
2508 2512 2513
2507 2509 2514
2507 2514 2512
2509 2510 2515
2509 2515 2514
2516 2513 2512
2516 2517 2513
2518 2517 2516
2519 2512 2514
2519 2516 2512
2504 2520 2511
2504 2499 2520
2510 2511 2521
2510 2521 2515
2522 2514 2515
2522 2519 2514
2523 2511 2520
2521 2511 2523
2515 2521 2524
2515 2524 2522
2521 2523 2525
2521 2525 2524
2516 2519 2526
2519 2522 2527
2519 2527 2526
2528 2522 2524
2528 2527 2522
2529 2524 2525
2529 2528 2524
2523 2530 2525
2529 2525 2530
2523 2520 2531
2523 2531 2530
2532 2527 2528
2526 2527 2532
2516 2526 2533
2518 2516 2533
2534 2531 2520
2499 2534 2520
2535 2533 2526
2526 2532 2535
2535 2532 2536
2518 2533 2537
2537 2533 2535
2518 2537 2538
2537 2535 2539
2535 2540 2539
2535 2536 2540
2541 2540 2536
2542 2541 2536
2534 2543 2531
2530 2531 2543
2544 2542 2536
2545 2542 2544
2545 2544 2546
2546 2547 2545
2544 2536 2548
2549 2548 2536
2549 2536 2532
2549 2550 2548
2549 2532 2551
2532 2528 2551
2551 2528 2529
2549 2552 2550
2549 2551 2552
2553 2550 2552
2553 2554 2550
2555 2552 2551
2552 2555 2553
2551 2529 2556
2555 2551 2556
2557 2554 2553
2557 2558 2554
2559 2558 2557
2560 2559 2557
2560 2561 2559
2560 2562 2561
2553 2563 2557
2553 2555 2563
2557 2563 2560
2564 2563 2555
2564 2555 2556
2564 2560 2563
2565 2556 2529
2565 2564 2556
2529 2530 2565
2560 2566 2562
2567 2562 2566
2564 2568 2560
2565 2568 2564
2560 2568 2566
2569 2565 2530
2530 2543 2569
2565 2570 2568
2566 2568 2570
2569 2570 2565
2567 2566 2571
2566 2570 2571
2572 2567 2571
2570 2573 2571
2572 2571 2573
2570 2569 2573
2574 2572 2573
2569 2575 2573
2574 2573 2575
2569 2543 2575
2575 2576 2574
2543 2577 2575
2575 2577 2576
2543 2534 2577
2576 2577 2500
2499 2577 2534
2499 2500 2577
2578 2579 2580
2578 2580 2581
2581 2582 2578
2581 2583 2582
2584 2581 2580
2585 2583 2581
2584 2585 2581
2585 2586 2583
2587 2586 2585
2587 2588 2586
2584 2589 2585
2585 2589 2587
2588 2587 2590
2588 2590 2591
2592 2590 2587
2592 2587 2589
2593 2591 2590
2592 2593 2590
2593 2594 2591
2584 2595 2589
2595 2584 2596
2595 2596 2597
2598 2592 2589
2598 2589 2595
2595 2597 2599
2598 2595 2599
2600 2599 2597
2601 2592 2598
2592 2601 2593
2602 2594 2593
2602 2603 2594
2600 2604 2599
2605 2604 2600
2599 2606 2598
2601 2598 2606
2599 2604 2606
2607 2593 2601
2607 2602 2593
2608 2603 2602
2608 2609 2603
2605 2610 2604
2610 2605 2611
2606 2612 2601
2601 2612 2607
2613 2606 2604
2613 2604 2610
2606 2613 2612
2614 2608 2602
2607 2614 2602
2609 2608 2615
2614 2615 2608
2609 2615 2616
2610 2611 2617
2617 2611 2618
2610 2619 2613
2610 2617 2619
2617 2618 2620
2619 2617 2620
2618 2621 2620
2620 2621 2622
2620 2622 2623
2619 2620 2623
2623 2622 2624
2623 2624 2625
2619 2623 2625
2625 2624 2626
2625 2626 2627
2613 2619 2628
2619 2625 2628
2613 2628 2612
2625 2627 2629
2629 2628 2625
2629 2627 2630
2612 2628 2631
2629 2631 2628
2612 2631 2607
2607 2631 2614
2629 2630 2632
2632 2631 2629
2632 2614 2631
2632 2630 2633
2632 2634 2614
2632 2633 2634
2614 2634 2615
2633 2615 2634
2633 2635 2615
2633 2636 2635
2616 2615 2635
2635 2636 2637
2616 2635 2637
2638 2639 2640
2641 2638 2640
2641 2640 2642
2641 2642 2643
2641 2643 2644
2641 2644 2645
2646 2641 2645
2647 2648 2649
2647 2649 2650
2651 2647 2650
2651 2650 2652
2652 2653 2651
2652 2654 2653
2653 2654 2655
2656 2657 2658
2659 2657 2656
2659 2660 2657
2659 2661 2660
2659 2662 2661
2662 2663 2661
2662 2664 2663
2664 2665 2663
2664 2666 2665
2667 2665 2666
2667 2668 2665
2669 2668 2667
2669 2670 2668
2671 2670 2669
2671 2672 2670
2672 2671 2673
2672 2673 2674
2675 2674 2673
2675 2676 2674
2676 2675 2677
2678 2679 2680
2681 2680 2679
2681 2682 2680
2683 2682 2681
2683 2684 2682
2684 2683 2685
2684 2685 2686
2686 2685 2687
2686 2687 2688
2688 2687 2689
2690 2691 2692
2690 2693 2691
2694 2693 2690
2693 2695 2691
2694 2696 2693
2694 2697 2696
2693 2698 2695
2696 2698 2693
2698 2699 2695
2697 2700 2696
2696 2700 2698
2697 2701 2700
2702 2700 2701
2698 2703 2699
2700 2703 2698
2704 2699 2703
2702 2705 2700
2700 2705 2703
2704 2703 2706
2706 2703 2705
2707 2704 2706
2708 2705 2702
2706 2705 2708
2708 2702 2709
2707 2706 2710
2708 2710 2706
2711 2707 2710
2712 2708 2709
2708 2712 2710
2712 2709 2713
2711 2710 2714
2712 2714 2710
2715 2711 2714
2716 2712 2713
2712 2716 2714
2716 2713 2717
2715 2714 2718
2718 2714 2716
2715 2718 2719
2717 2720 2716
2718 2716 2720
2718 2720 2719
2717 2721 2720
2720 2721 2719
2722 2723 2724
2722 2725 2723
2722 2726 2725
2727 2725 2726
2727 2726 2728
2729 2723 2725
2730 2727 2728
2729 2725 2731
2731 2725 2727
2731 2732 2729
2732 2731 2733
2732 2733 2734
2735 2733 2731
2731 2727 2735
2736 2733 2735
2736 2735 2737
2727 2737 2735
2737 2738 2736
2730 2739 2727
2727 2739 2737
2737 2740 2738
2740 2737 2739
2740 2741 2738
2730 2742 2739
2740 2739 2742
2730 2743 2742
2742 2743 2744
2740 2745 2741
2742 2745 2740
2745 2746 2741
2742 2744 2747
2742 2747 2745
2748 2747 2744
2748 2744 2749
2750 2748 2749
2750 2749 2751
2752 2750 2751
2752 2751 2753
2753 2754 2752
2753 2755 2754
2755 2756 2754
2755 2757 2756
2756 2757 2758
2759 2745 2747
2759 2760 2745
2745 2760 2746
2761 2746 2760
2762 2760 2759
2761 2760 2762
2762 2759 2763
2762 2764 2761
2762 2763 2765
2762 2766 2764
2762 2765 2766
2766 2767 2764
2766 2765 2768
2766 2769 2767
2766 2768 2769
2767 2769 2770
2768 2770 2769
2771 2772 2773
2774 2771 2773
2774 2775 2771
2776 2775 2774
2776 2774 2777
2778 2776 2777
2778 2777 2779
2780 2778 2779
2781 2782 2783
2781 2783 2784
2784 2783 2785
2784 2785 2786
2787 2786 2785
2787 2788 2786
2789 2788 2787
2789 2790 2788
2789 2791 2790
2789 2792 2791
2793 2791 2792
2793 2794 2791
2794 2793 2795
2796 2797 2798
2798 2799 2796
2798 2800 2799
2801 2799 2800
2801 2800 2802
2801 2802 2803
2801 2803 2804
2805 2804 2803
2805 2803 2806
2807 2808 2809
2807 2809 2810
2807 2810 2811
2811 2810 2812
2811 2812 2813
2812 2814 2813
2812 2815 2814
2815 2816 2814
2815 2817 2816
2816 2817 2818
2818 2819 2816
2819 2820 2816
2819 2821 2820
2822 2820 2821
2823 2819 2818
2823 2824 2819
2821 2819 2824
2823 2818 2825
2821 2824 2826
2818 2827 2825
2818 2817 2827
2828 2827 2817
2827 2829 2825
2826 2830 2821
2822 2821 2830
2826 2831 2830
2827 2832 2829
2832 2827 2828
2832 2833 2829
2834 2822 2830
2835 2822 2834
2834 2836 2835
2837 2830 2831
2834 2830 2837
2837 2831 2838
2834 2839 2836
2839 2840 2836
2839 2841 2840
2841 2842 2840
2841 2843 2842
2843 2844 2842
2845 2834 2837
2846 2837 2838
2845 2837 2846
2846 2838 2847
2846 2848 2845
2847 2849 2846
2846 2849 2848
2847 2850 2849
2849 2851 2848
2850 2852 2849
2849 2852 2851
2850 2853 2852
2851 2852 2854
2852 2853 2854
2855 2856 2857
2858 2856 2855
2858 2855 2859
2860 2858 2859
2860 2859 2861
2862 2860 2863
2862 2864 2860
2864 2862 2865
2866 2867 2868
2869 2866 2868
2869 2870 2866
2870 2869 2871
2870 2872 2866
2870 2871 2873
2872 2870 2873
2874 2873 2871
2872 2873 2875
2874 2876 2873
2875 2873 2876
2877 2876 2874
2875 2876 2878
2877 2879 2876
2878 2876 2879
2877 2880 2879
2878 2879 2881
2879 2880 2881
2882 2883 2884
2884 2883 2885
2885 2883 2886
2887 2885 2886
2887 2888 2885
2888 2887 2889
2890 2888 2889
2890 2891 2888
2892 2891 2890
2892 2893 2891
2894 2893 2892
2894 2895 2893
2896 2895 2894
2896 2894 2897
2897 2898 2896
2897 2899 2898
2899 2900 2898
2899 2901 2900
2901 2902 2900
2901 2903 2902
2903 2904 2902
2903 2905 2904
2905 2906 2904
2905 2907 2906
2906 2908 2904
2908 2906 2909
2908 2909 2910
2911 2909 2906
2912 2910 2909
2912 2909 2911
2912 2913 2910
2912 2911 2914
2915 2913 2912
2915 2912 2914
2915 2914 2916
2915 2917 2913
2915 2916 2918
2917 2915 2919
2915 2918 2919
2917 2919 2920
2919 2918 2921
2922 2920 2919
2919 2921 2922
2922 2923 2920
2922 2921 2924
2925 2923 2922
2922 2924 2925
2925 2926 2923
2927 2925 2924
2926 2925 2928
2927 2928 2925
2926 2928 2929
2928 2927 2930
2931 2929 2928
2928 2930 2931
2931 2932 2929
2931 2930 2933
2932 2931 2933
2934 2935 2936
2934 2937 2935
2938 2937 2934
2938 2939 2937
2939 2938 2940
2939 2940 2941
2942 2941 2940
2942 2943 2941
2942 2944 2943
2945 2944 2942
2945 2946 2944
2947 2946 2945
2947 2948 2946
2948 2947 2949
2948 2949 2950
2950 2949 2951
2950 2951 2952
2951 2953 2952
2951 2954 2953
2955 2953 2954
2955 2956 2953
2955 2957 2956
2958 2959 2960
2958 2961 2959
2958 2962 2961
2963 2961 2962
2963 2962 2964
2965 2963 2964
2965 2964 2966
2967 2965 2966
2967 2966 2968
2969 2967 2968
2969 2968 2970
2969 2970 2971
2972 2973 2974
2972 2974 2975
2975 2976 2972
2975 2977 2976
2977 2978 2976
2977 2979 2978
2979 2980 2978
2979 2981 2980
2981 2982 2980
2981 2983 2982
2982 2983 2984
2985 2986 2987
2987 2986 2988
2987 2988 2989
2989 2988 2990
2989 2990 2991
2991 2990 2992
2991 2992 2993
2992 2994 2993
2995 2994 2992
2995 2996 2994
2997 2996 2995
2997 2998 2996
2997 2999 2998
3000 2992 2990
3001 2995 2992
3000 3001 2992
3002 3000 2990
3002 2990 3003
3003 3004 3002
3003 3005 3004
3005 3006 3004
3005 3007 3006
3008 3002 3004
3006 3008 3004
3009 3006 3007
3009 3007 3010
3006 3011 3008
3009 3011 3006
3010 3012 3009
3010 3013 3012
3013 3014 3012
3015 3009 3012
3009 3015 3011
3012 3014 3016
3015 3012 3016
3016 3014 3017
3018 3016 3017
3018 3015 3016
3019 3015 3018
3019 3011 3015
3020 3011 3019
3020 3008 3011
3021 3008 3020
3021 3022 3008
3023 3022 3021
3008 3022 3002
3023 3024 3022
3024 3002 3022
3024 3000 3002
3025 3024 3023
3026 3000 3024
3025 3026 3024
3027 3026 3025
3026 3001 3000
3001 3026 3027
3027 3025 3028
3029 3027 3028
3001 3027 3030
3001 3030 2995
2995 3030 3031
3027 3031 3030
2995 3031 2997
3029 3032 3027
3027 3032 3031
3033 3032 3029
3031 3034 2997
3032 3034 3031
2997 3034 2999
3033 3035 3032
3032 3035 3034
3033 3036 3035
3033 3037 3036
3035 3038 3034
3035 3036 3038
3039 3036 3037
3039 3037 3040
3036 3039 3041
3036 3041 3038
3040 3042 3039
3042 3041 3039
3040 3043 3042
3044 3034 3038
3044 2999 3034
3045 3038 3041
3045 3044 3038
3043 3046 3042
3043 3047 3046
3048 3046 3047
3042 3049 3041
3041 3049 3045
3049 3042 3046
3048 3050 3046
3051 3050 3048
3049 3046 3052
3052 3046 3050
3051 3053 3050
3054 3053 3051
3052 3050 3055
3055 3050 3053
3054 3056 3053
3057 3056 3054
3055 3053 3058
3056 3058 3053
3059 3052 3055
3058 3059 3055
3060 3049 3052
3059 3060 3052
3061 3045 3049
3060 3061 3049
3057 3062 3056
3063 3062 3057
3056 3064 3058
3062 3064 3056
3063 3065 3062
3065 3063 3066
3058 3067 3059
3064 3067 3058
3062 3068 3064
3065 3068 3062
3065 3066 3069
3070 3069 3066
3064 3071 3067
3068 3071 3064
3072 3059 3067
3072 3067 3071
3065 3073 3068
3073 3065 3069
3068 3074 3071
3074 3068 3073
3072 3075 3059
3075 3072 3076
3060 3059 3075
3060 3075 3077
3076 3077 3075
3061 3060 3077
3072 3071 3078
3078 3071 3074
3079 3076 3072
3078 3079 3072
3078 3080 3079
3079 3081 3076
3080 3078 3082
3078 3074 3082
3080 3082 3083
3074 3073 3084
3082 3074 3084
3085 3083 3082
3082 3084 3085
3085 3086 3083
3084 3073 3087
3073 3069 3087
3085 3084 3088
3084 3087 3088
3089 3086 3085
3085 3088 3089
3090 3086 3089
3090 3089 3088
3090 3091 3086
3090 3088 3092
3087 3092 3088
3093 3091 3090
3093 3090 3092
3093 3094 3091
3093 3095 3094
3096 3095 3093
3093 3092 3096
3096 3097 3095
3087 3069 3098
3070 3098 3069
3087 3099 3092
3087 3098 3099
3099 3096 3092
3100 3098 3070
3099 3098 3100
3100 3070 3101
3096 3102 3097
3097 3102 3103
3099 3104 3096
3099 3100 3104
3096 3104 3102
3101 3105 3100
3105 3104 3100
3105 3102 3104
3105 3103 3102
3101 3106 3105
3105 3107 3103
3107 3105 3106
3108 3109 3110
3109 3108 3111
3109 3111 3112
3113 3112 3111
3113 3114 3112
3115 3114 3113
3115 3116 3114
3115 3117 3116
3118 3119 3120
3121 3118 3120
3121 3120 3122
3123 3121 3122
3123 3124 3121
3124 3123 3125
3126 3127 3128
3126 3129 3127
3126 3130 3129
3130 3131 3129
3132 3133 3134
3133 3132 3135
3133 3135 3136
3136 3135 3137
3138 3136 3137
3138 3137 3139
2828 3138 3139
2828 3139 3140
3141 2828 3140
3136 3138 2817
2828 2817 3138
3141 3142 2828
3143 3142 3141
2832 2828 3142
3144 3142 3143
3136 2817 3145
3136 3145 3146
3147 3145 2817
3142 3148 2832
3144 3148 3142
2832 3148 2833
3149 3146 3145
3147 3149 3145
3147 3150 3149
3149 3151 3146
3152 3149 3150
3144 3153 3148
3148 3153 2833
3144 3154 3153
2833 3153 3155
2833 3155 3156
3154 3157 3153
3158 3151 3149
3152 3158 3149
3158 3159 3151
3160 3158 3152
3161 3159 3158
3160 3161 3158
3161 3162 3159
3160 3163 3161
3161 3163 3162
3164 3157 3154
3164 3165 3157
3165 3166 3157
3154 3167 3164
3154 3168 3167
3167 3168 3169
3167 3169 3170
3171 3170 3169
3171 3172 3170
3172 3171 3173
3172 3173 3174
3175 3174 3173
3175 3176 3174
3175 3177 3176
3175 3178 3177
3179 3177 3178
3180 3181 3182
3180 3183 3181
3183 3180 3184
3183 3184 3185
3186 3185 3184
3186 3187 3185
3187 3186 3188
3189 3190 3191
3189 3192 3190
3189 3193 3192
3192 3193 3194
3192 3194 3195
3195 3194 3196
3195 3196 3197
3198 3197 3196
3199 3200 3201
3201 3202 3199
3201 3203 3202
3202 3203 3204
3205 3199 3202
3206 3199 3205
3202 3204 3207
3207 3205 3202
2999 3206 3205
3208 3206 2999
3208 2999 3044
3209 3208 3044
3209 3044 3045
2999 3205 3210
3061 3209 3045
3211 3210 3205
3207 3211 3205
3211 3212 3210
3213 3209 3061
3213 3214 3209
3061 3077 3213
3213 3215 3214
3212 3211 3216
3212 3216 3217
3218 3211 3207
3218 3216 3211
3219 3213 3077
3076 3219 3077
3217 3216 3220
3217 3220 3221
3219 3222 3213
3213 3222 3215
3223 3219 3076
3223 3222 3219
3224 3218 3207
3224 3207 3204
3224 3204 3225
3224 3225 3226
3224 3226 3227
3218 3224 3227
3228 3227 3226
3218 3227 3229
3229 3216 3218
3229 3220 3216
3228 3230 3227
3229 3227 3230
3230 3228 3231
3220 3229 3232
3229 3230 3232
3230 3231 3233
3234 3233 3231
3233 3235 3230
3232 3230 3235
3234 3236 3233
3235 3233 3236
3237 3236 3234
3220 3232 3238
3238 3221 3220
3238 3239 3221
3232 3235 3240
3240 3238 3232
3239 3238 3241
3240 3241 3238
3239 3241 3242
3237 3243 3236
3243 3237 3244
3235 3236 3245
3240 3235 3245
3243 3245 3236
3242 3241 3246
3242 3246 3247
3248 3241 3240
3240 3245 3248
3248 3246 3241
3247 3246 3249
3249 3246 3248
3247 3249 3250
3248 3245 3251
3249 3248 3251
3243 3252 3245
3249 3251 3253
3243 3244 3254
3254 3252 3243
3255 3254 3244
3254 3256 3252
3257 3250 3249
3249 3253 3257
3257 3258 3250
3259 3257 3253
3255 3260 3254
3260 3256 3254
3260 3255 3261
3260 3262 3256
3262 3260 3261
3263 3258 3257
3259 3263 3257
3263 3264 3258
3265 3263 3259
3265 3264 3263
3266 3267 3268
3269 3266 3268
3269 3268 3270
3269 3270 3271
3271 3270 3272
3272 3270 3273
3272 3273 3274
3275 3274 3273
3275 3273 3276
3276 3277 3275
3276 3278 3277
3278 3279 3277
3278 3280 3279
3281 3279 3280
3281 3282 3279
3283 3282 3281
3283 3284 3282
3284 3283 3285
3284 3285 3286
3287 3286 3285
3287 3288 3286
3289 3288 3287
3289 3290 3288
3290 3289 3291
3290 3291 3292
3293 3291 3289
3293 3294 3291
3294 3295 3291
3293 3296 3294
3297 3295 3294
3298 3294 3296
3297 3294 3298
3298 3296 3299
3297 3298 3300
3299 3300 3298
3297 3300 3301
3299 3302 3300
3300 3303 3301
3304 3300 3302
3300 3304 3303
3304 3302 3305
3306 3303 3304
3307 3304 3305
3306 3304 3307
3307 3305 3308
3309 3306 3307
3308 3310 3307
3309 3307 3310
3308 3311 3310
3310 3312 3309
3311 3313 3310
3310 3313 3312
3311 3314 3313
3315 3312 3313
3316 3313 3314
3315 3313 3316
3316 3314 3317
3315 3316 3318
3316 3317 3318
3319 3320 3321
3322 3319 3321
3323 3319 3322
3323 3322 3324
3323 3325 3319
3326 3325 3323
3326 3327 3325
3328 3327 3326
3323 3324 3329
3329 3326 3323
3324 3330 3329
3331 3329 3330
3331 3330 3332
3331 3333 3329
3329 3333 3326
3334 3333 3331
3334 3326 3333
3334 3331 3335
3334 3335 3336
3328 3326 3337
3334 3337 3326
3334 3336 3338
3338 3337 3334
3338 3336 3339
3328 3337 3340
3338 3340 3337
3328 3340 3341
3340 3342 3341
3338 3339 3343
3340 3338 3343
3344 3343 3339
3340 3345 3342
3340 3343 3345
3346 3342 3345
3346 3347 3342
3347 3346 3348
3347 3348 3349
3350 3349 3348
3350 3351 3349
3351 3350 3352
3351 3352 3353
3354 3353 3352
3354 3355 3353
3355 3354 3356
3357 3345 3343
3357 3343 3358
3344 3358 3343
3359 3358 3344
3357 3358 3360
3359 3360 3358
3357 3360 3361
3362 3360 3359
3363 3361 3360
3362 3364 3360
3363 3360 3364
3364 3362 3365
3366 3363 3364
3364 3365 3367
3366 3364 3367
3367 3365 3368
3369 3366 3367
3367 3368 3369
3369 3370 3366
3369 3368 3371
3371 3370 3369
3372 3373 3374
3372 3375 3373
3372 3376 3375
3372 3377 3376
3377 3378 3376
3377 3379 3378
3379 3380 3378
3381 3380 3379
3381 3382 3380
3383 3380 3382
3383 3382 3384
3384 3385 3383
3384 3386 3385
3386 3387 3385
3386 3388 3387
3389 3387 3388
3389 3390 3387
3391 3390 3389
3392 3393 3394
3393 3392 3395
3393 3395 3396
3396 3395 3397
3396 3397 3398
3398 3397 3399
3398 3399 3400
3400 3399 3401
3402 3403 3404
3402 3404 3405
3405 3404 3406
3405 3406 3407
3407 3406 3408
3407 3408 3409
3410 3409 3408
3410 3411 3409
3411 3410 3412
3411 3412 3413
3413 3412 3414
3415 3416 3417
3418 3415 3417
3418 3417 3419
3420 3418 3419
3420 3419 3421
3422 3420 3421
3422 3421 3423
3424 3422 3423
3424 3423 3425
3426 3424 3425
3426 3427 3424
3428 3427 3426
3429 3427 3428
3429 3428 3430
3431 3429 3430
3424 3432 3422
3433 3424 3427
3424 3433 3432
3434 3422 3432
3434 3435 3422
3435 3434 3436
3435 3436 3437
3438 3437 3436
3438 3439 3437
3440 3439 3438
3438 3436 3441
3434 3441 3436
3440 3438 3442
3438 3441 3442
3440 3442 3443
3444 3443 3442
3444 3442 3441
3441 3445 3444
3441 3446 3445
3434 3446 3441
3446 3447 3445
3448 3446 3434
3446 3448 3447
3448 3434 3432
3448 3449 3447
3450 3448 3432
3448 3450 3449
3451 3449 3450
3450 3432 3433
3451 3450 3433
3451 3452 3449
3451 3453 3452
3451 3433 3454
3433 3427 3454
3455 3454 3427
3451 3454 3455
3455 3427 3429
3451 3456 3453
3451 3455 3456
3457 3453 3456
3458 3455 3429
3458 3456 3455
3431 3458 3429
3457 3456 3459
3458 3459 3456
3460 3457 3459
3460 3461 3457
3462 3459 3458
3462 3460 3459
3461 3460 3463
3461 3463 3464
3460 3465 3463
3460 3462 3465
3466 3464 3463
3466 3463 3465
3466 3467 3464
3458 3468 3462
3458 3431 3468
3462 3469 3465
3462 3468 3469
3466 3465 3470
3470 3465 3469
3471 3467 3466
3471 3466 3470
3471 3472 3467
3473 3472 3471
3468 3474 3469
3470 3469 3474
3475 3468 3431
3468 3475 3474
3473 3471 3476
3477 3473 3476
3471 3470 3478
3476 3471 3478
3477 3476 3479
3480 3477 3479
3475 3431 3481
3475 3481 3482
3481 3431 3483
3481 3483 3484
3485 3484 3483
3470 3474 3486
3486 3478 3470
3476 3478 3487
3487 3479 3476
3480 3479 3488
3489 3480 3488
3481 3490 3482
3481 3484 3490
3485 3491 3484
3492 3491 3485
3486 3493 3478
3493 3487 3478
3487 3494 3479
3488 3479 3494
3489 3488 3495
3495 3496 3489
3497 3490 3484
3497 3484 3491
3492 3498 3491
3499 3498 3492
3493 3500 3487
3500 3494 3487
3488 3494 3501
3501 3495 3488
3495 3502 3496
3502 3503 3496
3491 3504 3497
3491 3498 3504
3499 3505 3498
3505 3499 3506
3500 3507 3494
3501 3494 3507
3501 3508 3495
3508 3502 3495
3502 3509 3503
3509 3510 3503
3511 3504 3498
3511 3498 3505
3501 3507 3512
3508 3501 3512
3508 3513 3502
3509 3502 3513
3508 3512 3514
3513 3508 3514
3509 3515 3510
3509 3513 3516
3515 3509 3516
3517 3510 3515
3517 3518 3510
3515 3516 3519
3517 3515 3519
3518 3517 3520
3518 3520 3521
3521 3520 3522
3521 3522 3523
3522 3524 3523
3522 3525 3524
3525 3522 3526
3526 3522 3520
3526 3520 3527
3527 3520 3517
3527 3517 3528
3517 3519 3528
3528 3529 3527
3528 3519 3530
3528 3530 3529
3516 3530 3519
3530 3531 3529
3516 3532 3530
3532 3531 3530
3532 3516 3513
3533 3531 3532
3534 3532 3513
3533 3532 3534
3535 3533 3534
3513 3514 3534
3535 3534 3536
3536 3534 3514
3537 3535 3536
3514 3538 3536
3537 3536 3538
3514 3512 3538
3537 3538 3539
3512 3539 3538
3537 3539 3540
3512 3507 3539
3540 3539 3541
3541 3539 3507
3540 3541 3542
3541 3507 3500
3543 3542 3541
3543 3544 3542
3545 3541 3500
3543 3541 3545
3545 3500 3493
3544 3543 3546
3544 3546 3547
3548 3545 3493
3548 3493 3486
3549 3543 3545
3549 3546 3543
3548 3549 3545
3550 3546 3549
3550 3549 3548
3551 3547 3546
3550 3551 3546
3551 3552 3547
3553 3552 3551
3486 3554 3548
3550 3548 3554
3486 3474 3554
3474 3555 3554
3555 3550 3554
3474 3475 3555
3475 3482 3555
3553 3551 3556
3557 3553 3556
3555 3558 3550
3558 3555 3482
3551 3550 3559
3551 3559 3556
3550 3558 3560
3557 3556 3561
3561 3556 3559
3562 3557 3561
3563 3560 3558
3558 3482 3563
3563 3564 3560
3561 3559 3565
3559 3566 3565
3562 3561 3567
3565 3567 3561
3568 3562 3567
3569 3565 3566
3565 3569 3567
3569 3566 3570
3568 3567 3571
3571 3567 3569
3572 3568 3571
3570 3573 3569
3571 3569 3573
3570 3574 3573
3573 3574 3575
3571 3573 3576
3573 3575 3576
3572 3571 3576
3576 3575 3577
3572 3576 3578
3576 3577 3578
3572 3578 3579
3577 3580 3578
3579 3578 3580
3581 3582 3583
3584 3582 3581
3584 3581 3585
3585 3586 3584
3585 3587 3586
3588 3586 3587
3588 3587 3589
3590 3588 3589
3590 3589 3591
3592 3590 3591
3593 3594 3595
3595 3594 3596
3595 3596 3597
3598 3597 3596
3598 3599 3597
3600 3599 3598
3600 3601 3599
3601 3600 3602
3603 3604 3605
3603 3605 3606
3607 3603 3606
3607 3606 3608
3609 3607 3608
3609 3608 3610
3610 3611 3609
3612 3613 3614
3612 3615 3613
3612 3616 3615
3616 3617 3615
3616 3618 3617
3619 3617 3618
3619 3618 3620
3621 3619 3620
3621 3622 3619
3623 3622 3621
3623 3624 3622
3625 3624 3623
3625 3623 3626
3627 3625 3626
3627 3626 3628
3627 3628 3629
3630 3631 3632
3631 3630 3633
3631 3633 3634
3635 3634 3633
3635 3633 3636
3637 3635 3636
3637 3638 3635
3637 3639 3638
3637 3640 3639
3640 3641 3639
3640 3642 3641
3641 3642 3643
3641 3643 3644
3643 3645 3644
3643 3646 3645
3645 3646 3647
3648 3649 3650
3651 3648 3650
3651 3652 3648
3648 3652 3653
3652 3654 3653
3651 3655 3652
3652 3655 3654
3651 3656 3655
3655 3657 3654
3656 3658 3655
3655 3658 3657
3656 3659 3658
3660 3658 3659
3661 3657 3658
3660 3662 3658
3661 3658 3662
3662 3660 3663
3661 3662 3664
3662 3663 3664
3661 3664 3665
3666 3664 3663
3666 3665 3664
3667 3668 3669
3667 3669 3670
3669 3671 3670
3669 3672 3671
3672 3673 3671
3672 3674 3673
3675 3673 3674
3676 3677 3678
3679 3678 3677
3679 3680 3678
3681 3680 3679
3681 3682 3680
3682 3681 3683
3682 3683 3684
3685 3684 3683
3685 3683 3686
3687 3686 3683
3685 3688 3684
3687 3689 3686
3690 3689 3687
3690 3691 3689
3691 3690 3692
3693 3686 3689
3691 3693 3689
3693 3694 3686
3691 3695 3693
3696 3686 3694
3691 3692 3697
3695 3691 3697
3697 3692 3698
3695 3697 3699
3699 3697 3698
3696 3700 3686
3685 3686 3700
3701 3700 3696
3685 3700 3702
3701 3702 3700
3688 3685 3702
3701 3703 3702
3703 3701 3704
3688 3702 3705
3703 3705 3702
3703 3704 3706
3707 3706 3704
3705 3708 3688
3709 3688 3708
3709 3710 3688
3711 3710 3709
3703 3712 3705
3705 3712 3708
3712 3703 3713
3706 3713 3703
3708 3712 3714
3712 3713 3714
3711 3709 3715
3716 3711 3715
3709 3708 3717
3708 3714 3717
3716 3715 3718
3719 3716 3718
3719 3718 3720
3721 3719 3720
3721 3720 3722
3718 3722 3720
3718 3723 3722
3715 3723 3718
3715 3724 3723
3724 3715 3709
3709 3717 3725
3724 3709 3725
3714 3726 3717
3726 3725 3717
3714 3727 3726
3727 3714 3713
3726 3728 3725
3727 3713 3729
3730 3724 3725
3728 3730 3725
3730 3731 3724
3728 3732 3730
3733 3731 3730
3729 3713 3734
3729 3734 3735
3706 3734 3713
3732 3736 3730
3733 3730 3736
3732 3737 3736
3736 3738 3733
3736 3737 3738
3735 3734 3739
3735 3739 3740
3739 3741 3740
3734 3706 3742
3734 3742 3739
3707 3742 3706
3739 3743 3741
3739 3742 3743
3743 3742 3707
3743 3744 3741
3743 3707 3745
3743 3746 3744
3743 3745 3746
3745 3747 3746
3748 3749 3750
3751 3750 3749
3751 3749 3752
3753 3751 3752
3753 3752 3754
3754 3755 3753
3756 3757 3758
3759 3758 3757
3759 3760 3758
3760 3759 3761
3760 3761 3762
3761 3763 3762
3761 3764 3763
3764 3765 3763
3764 3766 3765
3766 3767 3765
3766 3768 3767
3769 3768 3766
3768 3770 3767
3770 3768 3769
3764 3771 3766
3769 3766 3771
3764 3772 3771
3773 3772 3764
3770 3769 3774
3770 3774 3775
3769 3776 3774
3774 3776 3777
3769 3778 3776
3779 3778 3769
3779 3769 3771
3772 3779 3771
3772 3780 3779
3773 3781 3772
3780 3772 3781
3781 3773 3782
3780 3781 3783
3781 3782 3784
3784 3783 3781
3782 3785 3784
3784 3786 3783
3785 3786 3784
3787 3788 3789
3787 3790 3788
3787 3791 3790
3787 3792 3791
3793 3791 3792
3793 3792 3794
3794 3795 3793
3796 3797 3798
3796 3799 3797
3799 3800 3797
3799 3801 3800
3802 3800 3801
3802 3801 3803
3803 3804 3802
3803 3805 3804
3805 3806 3804
3801 3807 3803
3805 3803 3807
3808 3801 3799
3801 3808 3807
3796 3809 3799
3808 3799 3809
3805 3810 3806
3810 3811 3806
3805 3807 3812
3810 3805 3812
3811 3810 3813
3810 3812 3813
3814 3811 3813
3814 3813 3812
3814 3812 3815
3812 3807 3816
3816 3815 3812
3808 3816 3807
3816 3817 3815
3808 3818 3816
3818 3817 3816
3818 3808 3809
3818 3819 3817
3819 3818 3820
3818 3809 3820
3819 3820 3821
3820 3809 3822
3796 3822 3809
3564 3822 3796
3564 3563 3822
3823 3821 3820
3820 3822 3823
3563 3823 3822
3563 3482 3823
3823 3824 3821
3823 3482 3824
3824 3482 3490
3825 3824 3490
3825 3826 3824
3825 3490 3497
3825 3827 3826
3828 3825 3497
3825 3828 3827
3828 3497 3504
3828 3829 3827
3504 3830 3828
3828 3830 3829
3830 3831 3829
3504 3511 3830
3830 3832 3831
3832 3830 3511
3833 3831 3832
3832 3511 3834
3834 3511 3505
3833 3832 3835
3834 3835 3832
3835 3836 3833
3834 3505 3837
3505 3506 3837
3834 3838 3835
3839 3834 3837
3835 3840 3836
3840 3835 3838
3841 3836 3840
3840 3838 3842
3506 3843 3837
3839 3837 3843
3506 3844 3843
3843 3845 3839
3841 3840 3846
3842 3846 3840
3847 3841 3846
3842 3848 3846
3847 3846 3848
3844 3849 3843
3843 3849 3845
3844 3850 3849
3849 3851 3845
3852 3849 3850
3849 3852 3851
3852 3850 3853
3852 3854 3851
3853 3854 3852
3855 3856 3857
3855 3857 3858
3859 3855 3858
3859 3858 3860
3861 3859 3860
3861 3860 3862
3863 3861 3862
3863 3864 3861
3864 3863 3865
3864 3865 3866
3866 3865 3867
3866 3867 3868
3869 3870 3871
3869 3872 3870
3873 3872 3869
3874 3870 3872
3873 3875 3872
3875 3873 3876
3874 3872 3877
3875 3877 3872
3878 3874 3877
3878 3877 3879
3879 3880 3878
3875 3881 3877
3881 3879 3877
3875 3876 3882
3881 3875 3882
3879 3883 3880
3884 3880 3883
3885 3882 3876
3885 3876 3886
3885 3886 3887
3881 3882 3888
3888 3882 3885
3881 3889 3879
3883 3879 3889
3888 3889 3881
3890 3884 3883
3890 3883 3889
3888 3890 3889
3890 3891 3884
3890 3892 3891
3888 3892 3890
3893 3891 3892
3894 3885 3887
3894 3887 3895
3896 3894 3895
3888 3885 3897
3888 3897 3892
3894 3897 3885
3896 3898 3894
3898 3896 3899
3894 3900 3897
3900 3892 3897
3898 3900 3894
3893 3892 3901
3900 3901 3892
3898 3899 3902
3902 3899 3903
3898 3904 3900
3904 3901 3900
3902 3904 3898
3905 3893 3901
3904 3905 3901
3905 3906 3893
3902 3907 3904
3903 3907 3902
3907 3905 3904
3906 3905 3908
3907 3908 3905
3906 3908 3909
3910 3909 3908
3911 3907 3903
3911 3908 3907
3910 3908 3911
3911 3903 3912
3912 3910 3911
3912 3913 3910
3914 3915 3916
3914 3917 3915
3917 3914 3918
3917 3918 3919
3919 3918 3920
3919 3920 3921
3922 3921 3920
3922 3923 3921
3922 3924 3923
3922 3925 3924
3926 3924 3925
3926 3927 3924
3928 3929 3930
3928 3930 3931
3932 3931 3930
3933 3931 3932
3934 3931 3933
3935 3931 3934
3936 3931 3935
3936 3935 3937
3938 3936 3937
3938 3939 3936
3940 3939 3938
3941 3939 3940
3941 3942 3939
3943 3939 3942
3944 3939 3943
3944 3943 3945
3946 3947 3948
3946 3949 3947
3949 3946 3950
3951 3947 3949
3949 3950 3952
3950 3953 3952
3951 3949 3954
3952 3954 3949
3955 3951 3954
3956 3952 3953
3952 3956 3954
3956 3953 3957
3957 3958 3956
3955 3954 3959
3956 3959 3954
3956 3958 3959
3959 3960 3955
3961 3959 3958
3959 3961 3960
3961 3958 3962
3963 3961 3962
3964 3960 3961
3960 3964 3965
3964 3966 3965
3963 3967 3961
3964 3961 3967
3968 3967 3963
3967 3969 3964
3964 3969 3966
3968 3970 3967
3967 3970 3969
3970 3968 3971
3972 3969 3970
3972 3970 3971
3966 3969 3972
3972 3971 3973
3966 3972 3974
3974 3975 3966
3972 3973 3976
3974 3972 3976
3976 3973 3977
3975 3974 3978
3974 3976 3978
3975 3978 3979
3980 3979 3978
3978 3976 3981
3976 3977 3981
3980 3978 3982
3978 3981 3982
3983 3980 3982
3983 3982 3984
3984 3985 3983
3982 3981 3986
3982 3986 3984
3984 3987 3985
3987 3988 3985
3989 3981 3977
3989 3986 3981
3990 3984 3986
3990 3987 3984
3987 3991 3988
3992 3988 3991
3986 3989 3993
3986 3993 3990
3994 3987 3990
3994 3991 3987
3992 3991 3995
3995 3996 3992
3990 3993 3997
3990 3997 3994
3998 3991 3994
3998 3995 3991
3999 3994 3997
3999 3998 3994
4000 3993 3989
4001 3997 3993
4001 3993 4000
3997 4002 3999
3997 4001 4002
4000 3989 4003
3977 4003 3989
4003 3977 4004
3977 4005 4004
3995 3998 4006
4007 3998 3999
4007 4006 3998
3999 4002 4008
3999 4008 4007
3995 4006 4009
3995 4009 3996
4009 4010 3996
4010 4011 3996
4012 4011 4010
4012 4010 4013
4014 4012 4013
4009 4015 4010
4015 4013 4010
4016 4009 4006
4016 4015 4009
4006 4007 4017
4006 4017 4016
4015 4018 4013
4016 4018 4015
4014 4013 4019
4019 4013 4018
4020 4014 4019
4020 4021 4014
4007 4022 4017
4007 4008 4022
4019 4018 4023
4020 4019 4023
4021 4020 4024
4021 4024 4025
4026 4025 4024
4026 4027 4025
4028 4027 4026
4028 4029 4027
4030 4029 4028
4030 4031 4029
4031 4030 4032
4031 4032 4033
4033 4032 4034
4033 4034 4035
4034 4036 4035
4034 4037 4036
4037 4038 4036
4039 4038 4037
4034 4039 4037
4039 4040 4038
4034 4041 4039
4040 4039 4041
4041 4034 4032
4040 4041 4042
4041 4032 4043
4043 4042 4041
4030 4043 4032
4043 4044 4042
4030 4045 4043
4045 4044 4043
4028 4045 4030
4045 4046 4044
4028 4047 4045
4046 4045 4047
4047 4028 4026
4046 4047 4048
4047 4026 4049
4048 4047 4049
4024 4049 4026
4048 4049 4050
4024 4051 4049
4051 4050 4049
4051 4024 4020
4051 4052 4050
4051 4020 4053
4020 4023 4053
4054 4051 4053
4054 4052 4051
4055 4053 4023
4055 4054 4053
4055 4023 4018
4055 4018 4056
4016 4056 4018
4016 4057 4056
4057 4055 4056
4016 4017 4057
4058 4054 4055
4057 4058 4055
4017 4059 4057
4017 4022 4059
4060 4057 4059
4060 4058 4057
4058 4060 4061
4058 4062 4054
4058 4061 4062
4062 4061 4063
4062 4052 4054
4062 4063 4064
4062 4064 4052
4064 4063 4065
4066 4052 4064
4064 4065 4066
4066 4067 4052
4068 4066 4065
4067 4066 4068
4068 4065 4069
4067 4068 4070
4069 4071 4068
4071 4070 4068
4071 4072 4070
4069 4073 4071
4074 4072 4071
4073 4075 4071
4074 4071 4075
4073 4076 4075
4077 4074 4075
4076 4078 4075
4077 4075 4078
4076 4079 4078
4080 4077 4078
4081 4078 4079
4080 4078 4081
4081 4079 4082
4080 4081 4083
4081 4082 4083
4084 4085 4086
4087 4086 4085
4087 4085 4088
4087 4088 4089
4087 4089 4090
4091 4090 4089
4091 4089 4092
4092 4093 4091
4092 4094 4093
4092 4095 4094
4096 4093 4094
4095 4097 4094
4096 4094 4097
4095 4098 4097
4097 4099 4096
4100 4097 4098
4097 4100 4099
4100 4101 4099
4100 4098 4102
4100 4103 4101
4102 4103 4100
4103 4104 4101
4103 4105 4104
4105 4106 4104
4102 4107 4103
4107 4105 4103
4108 4107 4102
4102 4109 4108
4105 4110 4106
4107 4111 4105
4110 4105 4111
4108 4112 4107
4112 4111 4107
4113 4106 4110
4113 4114 4106
4115 4114 4113
4115 4116 4114
4117 4116 4115
4117 4118 4116
4119 4118 4117
4119 4120 4118
4121 4120 4119
4121 4122 4120
4123 4122 4121
4123 4124 4122
4125 4124 4123
4125 4126 4124
4126 4125 4127
4126 4127 4128
4129 4128 4127
4129 4130 4128
4131 4130 4129
4131 4132 4130
4133 4132 4131
4133 4134 4132
4134 4133 4135
4134 4135 4136
4136 4135 4137
4136 4137 4138
4123 4139 4125
4140 4127 4125
4140 4125 4139
4141 4129 4127
4141 4127 4140
4142 4131 4129
4142 4129 4141
4131 4143 4133
4131 4142 4143
4133 4144 4135
4133 4143 4144
4135 4145 4137
4135 4144 4145
4123 4146 4139
4121 4146 4123
4121 4147 4146
4119 4147 4121
4119 4148 4147
4148 4119 4117
4148 4117 4149
4115 4149 4117
4115 4150 4149
4113 4150 4115
4113 4151 4150
4110 4151 4113
4110 4152 4151
4110 4111 4152
4146 4153 4139
4154 4146 4147
4146 4154 4153
4155 4147 4148
4154 4147 4155
4156 4148 4149
4155 4148 4156
4150 4157 4149
4156 4149 4157
4151 4158 4150
4150 4158 4157
4152 4159 4151
4151 4159 4158
4111 4160 4152
4152 4160 4159
4111 4161 4160
4112 4161 4111
4155 4162 4154
4163 4155 4156
4155 4163 4162
4164 4156 4157
4163 4156 4164
4165 4157 4158
4164 4157 4165
4166 4164 4165
4165 4158 4167
4158 4159 4167
4166 4165 4167
4168 4159 4160
4168 4167 4159
4169 4160 4161
4168 4160 4169
4170 4154 4162
4170 4153 4154
4166 4167 4171
4168 4171 4167
4168 4172 4171
4166 4171 4172
4169 4161 4173
4112 4173 4161
4169 4174 4168
4168 4174 4172
4112 4175 4173
4175 4112 4108
4173 4176 4169
4169 4176 4174
4177 4173 4175
4173 4177 4176
4175 4108 4178
4109 4178 4108
4177 4175 4179
4179 4175 4178
4109 4180 4178
4181 4180 4109
4179 4178 4182
4180 4182 4178
4181 4183 4180
4183 4181 4184
4180 4185 4182
4183 4185 4180
4183 4184 4186
4186 4184 4187
4183 4188 4185
4186 4188 4183
4189 4176 4177
4190 4177 4179
4189 4177 4190
4182 4191 4179
4190 4179 4191
4192 4182 4185
4182 4192 4191
4193 4185 4188
4192 4185 4193
4194 4176 4189
4194 4174 4176
4195 4174 4194
4195 4172 4174
4196 4189 4190
4196 4190 4197
4197 4190 4191
4198 4189 4196
4198 4194 4189
4197 4191 4199
4200 4199 4191
4200 4191 4192
4192 4201 4200
4192 4193 4201
4194 4198 4202
4194 4202 4195
4203 4201 4193
4203 4193 4204
4205 4203 4204
4193 4188 4204
4205 4204 4206
4207 4205 4206
4208 4204 4188
4208 4206 4204
4186 4208 4188
4207 4206 4209
4209 4210 4207
4211 4206 4208
4211 4208 4186
4211 4209 4206
4209 4212 4210
4211 4212 4209
4212 4213 4210
4211 4186 4214
4186 4187 4214
4211 4215 4212
4214 4215 4211
4187 4216 4214
4214 4216 4215
4187 4217 4216
4212 4218 4213
4218 4212 4215
4217 4219 4216
4217 4220 4219
4216 4221 4215
4218 4215 4221
4216 4219 4221
4213 4218 4222
4213 4222 4223
4224 4222 4218
4224 4218 4221
4224 4221 4219
4224 4219 4225
4220 4225 4219
4220 4226 4225
4227 4228 4229
4227 4230 4228
4230 4227 4231
4230 4232 4228
4230 4231 4233
4234 4233 4231
4230 4235 4232
4233 4235 4230
4236 4232 4235
4236 4235 4237
4237 4202 4236
4237 4195 4202
4233 4238 4235
4237 4235 4238
4237 4239 4195
4237 4238 4239
4238 4233 4240
4234 4240 4233
4195 4239 4241
4241 4172 4195
4239 4238 4242
4239 4242 4241
4238 4240 4242
4241 4243 4172
4242 4243 4241
4166 4172 4243
4244 4242 4240
4242 4244 4243
4243 4245 4166
4243 4244 4245
4244 4240 4246
4246 4240 4234
4166 4245 4247
4166 4247 4164
4244 4248 4245
4244 4246 4248
4248 4247 4245
4247 4249 4164
4163 4164 4249
4248 4250 4247
4247 4250 4249
4251 4163 4249
4251 4249 4250
4251 4162 4163
4246 4252 4248
4252 4250 4248
4246 4234 4253
4246 4253 4252
4251 4250 4254
4252 4254 4250
4255 4162 4251
4255 4251 4254
4255 4170 4162
4234 4256 4253
4234 4257 4256
4253 4258 4252
4253 4256 4258
4259 4254 4252
4255 4254 4259
4259 4252 4258
4260 4258 4256
4259 4258 4261
4257 4262 4256
4260 4256 4262
4257 4263 4262
4264 4260 4262
4265 4255 4259
4170 4255 4265
4259 4261 4266
4265 4259 4266
4267 4266 4261
4267 4265 4266
4267 4261 4268
4267 4268 4269
4262 4263 4270
4263 4271 4270
4264 4262 4272
4262 4270 4272
4273 4264 4272
4271 4274 4270
4272 4270 4274
4271 4275 4274
4274 4275 4276
4273 4272 4277
4272 4274 4277
4278 4273 4277
4274 4276 4279
4277 4274 4279
4280 4279 4276
4278 4277 4281
4277 4279 4281
4282 4278 4281
4282 4281 4283
4283 4281 4279
4284 4282 4283
4280 4285 4279
4283 4279 4285
4284 4283 4286
4285 4286 4283
4286 4287 4284
4280 4288 4285
4285 4288 4286
4280 4289 4288
4286 4290 4287
4288 4290 4286
4290 4291 4287
4289 4292 4288
4288 4292 4290
4289 4293 4292
4290 4294 4291
4294 4290 4292
4294 4295 4291
4296 4292 4293
4294 4292 4296
4296 4293 4297
4294 4298 4295
4298 4294 4296
4298 4299 4295
4300 4296 4297
4298 4296 4300
4300 4299 4298
4300 4297 4301
4299 4300 4301
4302 4303 4304
4302 4305 4303
4306 4305 4302
4306 4307 4305
4305 4308 4303
4309 4305 4307
4305 4309 4308
4309 4307 4310
4309 4311 4308
4311 4312 4308
4313 4309 4310
4309 4313 4311
4313 4310 4314
4313 4314 4315
4313 4315 4316
4311 4313 4316
4317 4316 4315
4318 4312 4311
4311 4316 4318
4318 4319 4312
4320 4319 4318
4316 4320 4318
4320 4321 4319
4321 4320 4322
4321 4322 4323
4324 4323 4322
4316 4325 4320
4317 4325 4316
4322 4320 4325
4326 4325 4317
4322 4325 4326
4326 4317 4327
4328 4326 4327
4328 4322 4326
4328 4327 4329
4324 4322 4330
4328 4330 4322
4331 4324 4330
4331 4330 4332
4328 4332 4330
4332 4333 4331
4334 4328 4329
4328 4334 4332
4334 4329 4335
4334 4335 4336
4332 4337 4333
4337 4332 4334
4337 4338 4333
4334 4336 4339
4337 4334 4339
4337 4340 4338
4339 4340 4337
4341 4338 4340
4342 4339 4336
4339 4342 4340
4342 4336 4343
4341 4340 4344
4342 4344 4340
4341 4344 4345
4346 4342 4343
4342 4346 4344
4344 4346 4345
4346 4343 4347
4345 4346 4347
4348 4349 4350
4350 4351 4348
4350 4352 4351
4352 4353 4351
4352 4354 4353
4354 4355 4353
4354 4356 4355
4356 4357 4355
4356 4358 4357
4358 4359 4357
4358 4360 4359
4361 4359 4360
4361 4360 4362
4362 4363 4361
4362 4364 4363
4363 4364 4365
4363 4365 4366
4364 4367 4365
4368 4366 4365
4368 4369 4366
4367 4370 4365
4368 4365 4370
4367 4371 4370
4372 4369 4368
4372 4368 4370
4372 4373 4369
4374 4370 4371
4372 4370 4374
4374 4371 4375
4374 4375 4376
4374 4376 4377
4372 4374 4377
4377 4376 4378
4379 4373 4372
4372 4377 4379
4379 4380 4373
4377 4378 4381
4379 4377 4381
4382 4381 4378
4380 4379 4383
4379 4381 4383
4380 4383 4384
4382 4385 4381
4383 4381 4385
4386 4385 4382
4387 4384 4383
4383 4385 4387
4387 4388 4384
4386 4389 4385
4387 4385 4389
4389 4386 4390
4388 4387 4391
4387 4389 4391
4388 4391 4392
4389 4390 4393
4393 4391 4389
4394 4393 4390
4395 4392 4391
4393 4395 4391
4395 4396 4392
4394 4397 4393
4395 4393 4397
4396 4395 4398
4395 4397 4398
4396 4398 4399
4400 4397 4394
4398 4397 4400
4400 4394 4401
4399 4398 4402
4398 4400 4402
4399 4402 4403
4404 4400 4401
4402 4400 4404
4404 4401 4405
4406 4404 4405
4407 4403 4402
4402 4404 4407
4407 4408 4403
4409 4408 4407
4406 4410 4404
4407 4404 4410
4410 4406 4411
4409 4407 4412
4407 4410 4412
4412 4413 4409
4410 4411 4414
4414 4412 4410
4414 4411 4415
4412 4416 4413
4414 4416 4412
4417 4413 4416
4414 4415 4418
4418 4416 4414
4418 4415 4419
4417 4416 4420
4418 4420 4416
4419 4417 4420
4420 4418 4419
4421 4422 4423
4423 4424 4421
4423 4425 4424
4425 4426 4424
4425 4427 4426
4428 4426 4427
4428 4427 4429
4430 4428 4429
4430 4429 4431
4430 4432 4428
4433 4430 4431
4432 4430 4433
4433 4431 4434
4432 4433 4005
4435 4433 4434
4005 4433 4435
4435 4434 4436
4005 4435 4004
4436 4437 4435
4004 4435 4437
4436 4438 4437
4437 4438 4439
4004 4437 4440
4003 4004 4440
4437 4439 4441
4440 4437 4441
4442 4441 4439
4003 4440 4443
4440 4441 4443
4003 4443 4000
4442 4444 4441
4443 4441 4444
4445 4444 4442
4446 4000 4443
4443 4444 4446
4446 4001 4000
4445 4447 4444
4447 4446 4444
4448 4447 4445
4001 4446 4449
4447 4449 4446
4001 4449 4002
4448 4450 4447
4450 4449 4447
4450 4448 4451
4002 4449 4452
4450 4452 4449
4002 4452 4008
4450 4451 4453
4453 4452 4450
4453 4451 4454
4455 4008 4452
4453 4455 4452
4455 4022 4008
4453 4454 4456
4456 4455 4453
4456 4454 4457
4022 4455 4458
4456 4458 4455
4022 4458 4459
4456 4457 4460
4460 4458 4456
4460 4457 4461
4459 4458 4462
4460 4462 4458
4459 4462 4463
4460 4461 4464
4462 4460 4464
4465 4464 4461
4466 4463 4462
4462 4464 4466
4466 4467 4463
4465 4468 4464
4466 4464 4468
4469 4468 4465
4470 4467 4466
4466 4468 4470
4470 4471 4467
4469 4472 4468
4470 4468 4472
4472 4469 4473
4474 4471 4470
4470 4472 4474
4474 4475 4471
4472 4473 4476
4474 4472 4476
4476 4473 4477
4478 4475 4474
4474 4476 4478
4478 4479 4475
4476 4477 4480
4480 4478 4476
4481 4479 4478
4480 4481 4478
4481 4482 4479
4482 4481 4483
4483 4481 4480
4482 4483 4484
4485 4480 4477
4483 4480 4485
4485 4477 4486
4484 4483 4487
4485 4487 4483
4484 4487 4488
4489 4485 4486
4485 4489 4487
4490 4489 4486
4488 4487 4491
4491 4487 4489
4488 4491 4492
4492 4491 4493
4494 4489 4490
4491 4489 4494
4493 4491 4494
4494 4490 4495
4496 4494 4495
4493 4494 4496
4496 4495 4497
4498 4496 4497
4498 4493 4496
4499 4493 4498
4500 4501 4502
4502 4501 4503
4502 4503 4504
4505 4504 4503
4504 4505 4506
4505 4503 4507
4508 4506 4505
4509 4505 4507
4508 4505 4509
4509 4507 4510
4511 4508 4509
4510 4512 4509
4511 4509 4512
4510 4513 4512
4514 4512 4513
4515 4511 4512
4514 4515 4512
4515 4516 4511
4517 4515 4514
4517 4516 4515
4517 4514 4518
4517 4519 4516
4517 4518 4520
4521 4519 4517
4517 4520 4521
4521 4522 4519
4523 4521 4520
4522 4521 4524
4523 4524 4521
4522 4524 4525
4526 4524 4523
4526 4525 4524
4527 4528 4529
4527 4530 4528
4527 4531 4530
4531 4532 4530
4531 4533 4532
4534 4532 4533
4535 4531 4527
4535 4527 4536
4536 4527 4537
4538 4531 4535
4538 4533 4531
4539 4533 4538
4539 4540 4533
4534 4533 4540
4541 4540 4539
4534 4540 4542
4541 4542 4540
4534 4542 4543
4542 4541 4544
4542 4544 4543
4545 4546 4547
4545 4548 4546
4545 4549 4548
4550 4548 4549
4550 4549 4551
4551 4552 4550
4551 4553 4552
4554 4552 4553
4554 4555 4552
4556 4555 4554
4556 4554 4557
4557 4558 4556
4557 4559 4558
4560 4558 4559
4560 4561 4558
4561 4560 4562
4561 4562 4563
4564 4563 4562
4564 4565 4563
4565 4564 4566
4567 4568 4569
4567 4570 4568
4570 4567 4571
4570 4571 4572
4573 4572 4571
4573 4574 4572
4574 4573 4575
4574 4575 4576
4577 4576 4575
4577 4578 4576
4578 4577 4579
4578 4579 4580
4580 4579 4581
4582 4583 4584
4585 4584 4583
4585 4586 4584
4587 4586 4585
4587 4588 4586
4587 4589 4588
4587 4590 4589
4589 4591 4588
4592 4589 4590
4592 4591 4589
4592 4590 4593
4592 4594 4591
4595 4592 4593
4595 4594 4592
4595 4596 4594
4595 4593 4597
4595 4598 4596
4597 4599 4595
4595 4599 4598
4597 4600 4599
4599 4600 4601
4598 4599 4602
4599 4601 4602
4598 4602 4603
4602 4601 4604
4605 4603 4602
4602 4604 4605
4605 4606 4603
4607 4605 4604
4607 4606 4605
4607 4604 4608
4607 4609 4606
4609 4607 4610
4611 4612 4613
4611 4613 4614
4614 4613 4615
4616 4611 4614
4617 4611 4616
4617 4618 4611
4619 4618 4617
4619 4620 4618
4620 4619 4621
4620 4621 4622
4623 4622 4621
4623 4624 4622
4624 4623 4625
4624 4625 4626
4625 4627 4626
4616 4614 4628
4614 4629 4628
4614 4630 4629
4614 4615 4630
4631 4629 4630
4631 4632 4629
4633 4630 4615
4633 4631 4630
4634 4633 4615
4633 4634 4635
4633 4635 4636
4636 4631 4633
4637 4636 4635
4638 4632 4631
4636 4638 4631
4638 4639 4632
4637 4640 4636
4640 4638 4636
4641 4640 4637
4639 4638 4642
4640 4642 4638
4639 4642 4643
4642 4644 4643
4641 4645 4640
4645 4642 4640
4646 4645 4641
4642 4647 4644
4645 4647 4642
4647 4648 4644
4647 4649 4648
4645 4649 4647
4650 4648 4649
4646 4651 4645
4645 4651 4649
4652 4651 4646
4652 4653 4651
4653 4649 4651
4652 4654 4653
4654 4650 4655
4650 4649 4655
4653 4655 4649
4654 4655 4653
4656 4657 4658
4659 4657 4656
4659 4656 4660
4660 4661 4659
4660 4662 4661
4663 4661 4662
4663 4662 4664
4664 4665 4663
4664 4666 4665
4667 4665 4666
4667 4668 4665
4669 4668 4667
4669 4670 4668
4670 4669 4671
4670 4671 4672
4672 4671 4673
4674 4675 4676
4674 4677 4675
4677 4678 4675
4677 4679 4678
4680 4678 4679
4680 4679 4681
4681 4682 4680
4681 4683 4682
4682 4683 4684
4685 4686 4687
4688 4687 4686
4688 4689 4687
4689 4688 4690
4689 4690 4691
4692 4691 4690
4692 4690 4693
4694 4692 4693
4694 4693 4695
4696 4694 4695
4696 4697 4694
4693 4698 4695
4698 4693 4699
4700 4695 4698
4700 4696 4695
4697 4696 4701
4697 4701 4702
4698 4703 4700
4698 4704 4703
4700 4703 4705
4706 4696 4700
4700 4705 4706
4706 4701 4696
4706 4705 4707
4706 4707 4708
4708 4701 4706
4709 4708 4707
4710 4702 4701
4708 4710 4701
4710 4711 4702
4709 4712 4708
4710 4708 4712
4713 4712 4709
4711 4710 4714
4710 4712 4714
4711 4714 4715
4713 4716 4712
4714 4712 4716
4717 4715 4714
4714 4716 4717
4717 4718 4715
4713 4719 4716
4717 4716 4719
4713 4720 4719
4718 4717 4721
4717 4719 4721
4718 4721 4722
4723 4722 4721
4719 4723 4721
4723 4724 4722
4720 4725 4719
4719 4725 4723
4720 4726 4725
4724 4723 4727
4727 4723 4725
4724 4727 4728
4729 4725 4726
4727 4725 4729
4729 4726 4730
4728 4727 4731
4731 4727 4729
4728 4731 4732
4731 4733 4732
4730 4734 4729
4731 4729 4734
4730 4735 4734
4731 4736 4733
4736 4731 4734
4735 4737 4734
4736 4734 4737
4735 4738 4737
4739 4737 4738
4736 4737 4739
4739 4738 4740
4733 4736 4741
4736 4739 4741
4733 4741 4742
4743 4739 4740
4741 4739 4743
4743 4740 4744
4745 4743 4744
4746 4742 4741
4741 4743 4746
4746 4747 4742
4745 4748 4743
4748 4746 4743
4749 4748 4745
4750 4747 4746
4748 4750 4746
4749 4750 4748
4750 4751 4747
4749 4751 4750
4752 4753 4754
4755 4754 4753
4755 4756 4754
4757 4756 4755
4757 4758 4756
4758 4757 4759
4757 4760 4759
4758 4759 4761
4762 4759 4760
4763 4761 4759
4762 4763 4759
4763 4764 4761
4765 4763 4762
4764 4763 4765
4765 4762 4766
4765 4766 4767
4765 4767 4768
4769 4768 4767
4764 4765 4770
4770 4765 4768
4769 4771 4768
4771 4769 4772
4770 4768 4773
4773 4768 4771
4771 4772 4774
4774 4772 4775
4773 4771 4776
4774 4776 4771
4774 4775 4777
4777 4775 4778
4774 4779 4776
4777 4779 4774
4777 4778 4780
4780 4778 4781
4777 4782 4779
4780 4782 4777
4780 4781 4783
4783 4781 4784
4780 4785 4782
4785 4780 4783
4783 4784 4786
4786 4784 4787
4785 4783 4788
4788 4783 4786
4786 4787 4789
4790 4789 4787
4788 4786 4791
4791 4786 4789
4790 4792 4789
4793 4792 4790
4791 4789 4794
4794 4789 4792
4793 4795 4792
4796 4795 4793
4794 4792 4797
4797 4792 4795
4796 4798 4795
4799 4798 4796
4797 4795 4800
4800 4795 4798
4791 4801 4788
4791 4802 4801
4794 4802 4791
4788 4801 4803
4794 4804 4802
4797 4804 4794
4788 4803 4785
4797 4805 4804
4805 4797 4800
4785 4803 4806
4785 4806 4782
4807 4782 4806
4807 4779 4782
4805 4800 4808
4779 4807 4809
4810 4808 4800
4800 4798 4810
4810 4811 4808
4779 4809 4812
4779 4812 4776
4812 4809 4813
4814 4776 4812
4812 4813 4814
4814 4773 4776
4814 4813 4815
4773 4814 4816
4814 4815 4816
4773 4816 4770
4817 4816 4815
4770 4816 4818
4817 4818 4816
4770 4818 4764
4818 4817 4819
4764 4818 4820
4818 4819 4820
4764 4820 4821
4819 4822 4820
4821 4820 4822
4819 4823 4822
4821 4822 4824
4823 4825 4822
4825 4824 4822
4823 4826 4825
4825 4827 4824
4828 4825 4826
4827 4825 4828
4828 4826 4829
4827 4828 4830
4831 4828 4829
4831 4830 4828
4831 4829 4832
4831 4833 4830
4832 4834 4831
4834 4833 4831
4832 4835 4834
4834 4836 4833
4834 4835 4837
4837 4836 4834
4838 4839 4840
4840 4841 4838
4840 4842 4841
4841 4842 4843
4841 4843 4844
4844 4843 4845
4844 4845 4846
4847 4844 4846
4846 4845 4848
4847 4846 4849
4846 4848 4850
4850 4849 4846
4850 4851 4849
4849 4851 4852
4853 4851 4850
4854 4850 4848
4853 4850 4854
4854 4848 4855
4856 4853 4854
4855 4857 4854
4856 4854 4857
4855 4858 4857
4859 4856 4857
4860 4857 4858
4859 4857 4860
4860 4858 4861
4862 4859 4860
4862 4860 4861
4863 4864 4865
4866 4864 4863
4867 4866 4863
4866 4868 4864
4869 4864 4868
4867 4870 4866
4871 4870 4867
4869 4868 4872
4873 4869 4872
4874 4873 4872
4871 4875 4870
4875 4871 4876
4875 4876 4877
4877 4876 4878
4877 4878 4879
4880 4879 4878
4880 4881 4879
4881 4880 4882
4882 4883 4881
4879 4881 4883
4882 4884 4883
4879 4883 4885
4885 4883 4884
4877 4879 4885
4885 4884 4886
4877 4885 4887
4886 4887 4885
4887 4875 4877
4886 4888 4887
4887 4889 4875
4888 4889 4887
4888 4890 4889
4870 4875 4889
4891 4889 4890
4870 4889 4891
4891 4890 4892
4893 4891 4892
4870 4891 4894
4893 4894 4891
4870 4894 4866
4894 4893 4895
4866 4894 4896
4894 4895 4896
4866 4896 4868
4896 4895 4897
4868 4896 4898
4896 4897 4898
4868 4898 4872
4898 4897 4899
4872 4898 4900
4898 4899 4900
4872 4900 4874
4901 4900 4899
4902 4874 4900
4901 4902 4900
4902 4903 4874
4902 4901 4904
4905 4903 4902
4902 4904 4905
4905 4906 4903
4907 4905 4904
4906 4905 4908
4907 4908 4905
4909 4908 4907
4906 4908 4910
4909 4911 4908
4910 4908 4911
4911 4909 4912
4911 4912 4913
4913 4912 4914
4910 4911 4915
4915 4911 4913
4910 4915 4916
4917 4910 4916
4917 4918 4910
4919 4918 4917
4919 4920 4918
4915 4913 4921
4922 4920 4919
4922 4923 4920
4924 4923 4922
4924 4922 4925
4926 4924 4925
4926 4925 4927
4928 4926 4927
4928 4929 4926
4930 4929 4928
4930 4931 4929
4931 4930 4932
4931 4932 4933
4934 4933 4932
4934 4935 4933
4935 4934 4936
4937 4938 4939
4938 4940 4939
4938 4941 4940
4942 4940 4941
4942 4941 4943
4942 4943 4944
4942 4944 4945
4945 4944 4946
4945 4946 4947
4948 4947 4946
4948 4949 4947
4950 4949 4948
4950 4951 4949
4952 4951 4950
4952 4953 4951
4954 4953 4952
4955 4956 4957
4957 4958 4955
4955 4958 4959
4958 4960 4959
4957 4961 4958
4962 4961 4957
4962 4963 4961
4958 4964 4960
4964 4958 4961
4965 4960 4964
4963 4966 4961
4964 4961 4966
4963 4967 4966
4967 4968 4966
4968 4964 4966
4967 4969 4968
4965 4964 4970
4968 4970 4964
4970 4799 4965
4970 4971 4799
4970 4968 4971
4799 4971 4798
4971 4810 4798
4969 4972 4968
4972 4971 4968
4971 4972 4810
4969 4973 4972
4811 4810 4972
4811 4972 4973
4974 4975 4976
4977 4976 4975
4977 4978 4976
4977 4979 4978
4979 4980 4978
4979 4981 4980
4982 4980 4981
4982 4981 4983
4982 4983 4984
4982 4984 4985
4986 4985 4984
4987 4988 4989
4987 4989 4990
4991 4987 4990
4991 4990 4992
4993 4991 4992
4993 4992 4994
4995 4993 4994
4995 4994 4996
4997 4995 4996
4998 4999 5000
5001 5000 4999
5001 5002 5000
5002 5001 5003
5002 5003 5004
5004 5003 5005
5004 5005 5006
5006 5005 5007
5006 5007 5008
5009 5008 5007
5010 5008 5009
5011 5012 5013
5014 5013 5012
5014 5012 5015
5014 5015 5016
5014 5016 5017
5017 5016 5018
5017 5018 5019
5017 5019 5020
5021 5019 5018
5020 5019 5021
5021 5018 5022
5020 5021 5023
5022 5024 5021
5023 5021 5024
5023 5024 5025
5026 5027 5028
5026 5028 5029
5029 5030 5026
5029 5031 5030
5032 5030 5031
5032 5031 5033
5034 5032 5033
5034 5033 5035
5036 5034 5035
5036 5037 5034
5038 5037 5036
5038 5039 5037
5038 5040 5039
5038 5041 5040
5040 5041 5042
5040 5042 5043
5043 5042 5044
5043 5044 5045
5045 5044 5046
5045 5046 5047
5047 5046 5048
5047 5048 5049
5050 5051 5052
5050 5052 5053
5050 5053 5054
5053 5055 5054
5053 5056 5055
5056 5053 5057
5056 5058 5055
5056 5057 5059
5056 5060 5058
5056 5059 5060
5058 5060 5061
5058 5061 5062
5063 5060 5059
5063 5061 5060
5062 5061 5064
5062 5064 5065
5066 5063 5059
5066 5059 5067
5066 5067 5068
5068 5067 5069
5066 5070 5063
5071 5061 5063
5071 5063 5070
5071 5064 5061
5071 5070 5072
5071 5072 5073
5071 5073 5074
5064 5071 5074
5074 5073 5075
5065 5064 5076
5064 5074 5076
5065 5076 5077
5074 5075 5078
5076 5074 5078
5078 5075 5079
5077 5076 5080
5076 5078 5080
5077 5080 5081
5078 5079 5082
5080 5078 5082
5082 5079 5083
5081 5080 5084
5080 5082 5084
5081 5084 5085
5082 5083 5086
5084 5082 5086
5086 5083 5087
5088 5085 5084
5084 5086 5088
5088 5089 5085
5086 5087 5090
5090 5088 5086
5091 5090 5087
5089 5088 5092
5090 5092 5088
5089 5092 5093
5091 5094 5090
5094 5092 5090
5094 5091 5095
5093 5092 5096
5094 5096 5092
5095 5096 5094
5093 5096 5097
5097 5096 5095
5098 5099 5100
5101 5098 5100
5101 5100 5102
5101 5102 5103
5101 5103 5104
5104 5103 5105
5104 5106 5101
5104 5105 5107
5104 5107 5106
5108 5107 5105
5108 5109 5107
5110 5109 5108
5110 5111 5109
5111 5110 5112
5113 5107 5109
5111 5113 5109
5113 5114 5107
5114 5106 5107
5114 5115 5106
5115 5116 5106
5115 5117 5116
5116 5117 5118
5111 5119 5113
5111 5112 5120
5119 5111 5120
5121 5120 5112
5119 5120 5122
5121 5123 5120
5122 5120 5123
5122 5123 5124
5123 5121 5125
5126 5124 5123
5123 5125 5127
5126 5123 5127
5127 5125 5128
5128 5126 5127
5128 5129 5126
5130 5129 5128
5130 5131 5129
5130 5132 5131
5133 5134 5135
5136 5133 5135
5136 5137 5133
5136 5138 5137
5136 5139 5138
5138 5140 5137
5141 5138 5139
5141 5139 5142
5143 5140 5138
5143 5138 5141
5144 5140 5143
5145 5141 5142
5143 5141 5145
5145 5142 5146
5147 5145 5146
5147 5148 5145
5149 5148 5147
5143 5145 5150
5148 5150 5145
5149 5151 5148
5152 5151 5149
5153 5143 5150
5153 5154 5143
5148 5155 5150
5155 5153 5150
5151 5155 5148
5155 5156 5153
5156 5155 5157
5151 5157 5155
5156 5157 5158
5152 5159 5151
5157 5151 5159
5160 5159 5152
5158 5157 5161
5157 5159 5161
5158 5161 5162
5160 5163 5159
5163 5161 5159
5163 5160 5164
5165 5162 5161
5163 5165 5161
5164 5165 5163
5165 5166 5162
5164 5166 5165
5167 5168 5169
5167 5170 5168
5171 5168 5170
5171 5170 5172
5173 5171 5172
5173 5172 5174
5174 5175 5173
5174 5176 5175
5176 5177 5175
5176 5178 5177
5179 5177 5178
5179 5178 5180
5181 5179 5180
5181 5180 5182
5183 5181 5182
5183 5182 5184
5185 5183 5184
5185 5184 5186
5187 5185 5186
5187 5186 5188
5189 5187 5188
5189 5188 5190
5191 5189 5190
5191 5190 5192
5192 5193 5191
5188 5194 5190
5192 5190 5194
5192 5195 5193
5196 5193 5195
5195 5197 5196
5195 5192 5198
5195 5198 5197
5192 5194 5198
5198 5199 5197
5199 5198 5194
5199 5194 5200
5200 5194 5201
5188 5201 5194
5200 5201 5202
5203 5201 5188
5203 5202 5201
5203 5188 5186
5203 5204 5202
5205 5203 5186
5204 5203 5205
5205 5186 5184
5204 5205 5206
5184 5207 5205
5207 5206 5205
5184 5182 5207
5207 5208 5206
5209 5207 5182
5208 5207 5209
5209 5182 5180
5208 5209 5210
5180 5211 5209
5211 5210 5209
5180 5178 5211
5211 5212 5210
5178 5213 5211
5213 5212 5211
5178 5176 5213
5213 5214 5212
5215 5213 5176
5214 5213 5215
5215 5176 5174
5214 5215 5216
5217 5215 5174
5216 5215 5217
5217 5174 5172
5216 5217 5218
5219 5217 5172
5219 5218 5217
5219 5172 5170
5219 5220 5218
5221 5219 5170
5220 5219 5221
5220 5221 5222
5221 5170 5167
5222 5221 5223
5167 5223 5221
5222 5223 5224
5167 5225 5223
5226 5225 5167
5226 5227 5225
5228 5224 5223
5228 5223 5225
5228 5229 5224
5230 5225 5227
5228 5225 5230
5230 5227 5231
5229 5228 5232
5230 5232 5228
5229 5232 5233
5231 5234 5230
5230 5234 5232
5231 5235 5234
5233 5232 5236
5234 5236 5232
5233 5236 5237
5235 5238 5234
5234 5238 5236
5235 5239 5238
5240 5237 5236
5238 5240 5236
5240 5241 5237
5240 5242 5241
5243 5238 5239
5238 5243 5240
5243 5239 5244
5243 5244 5245
5240 5246 5242
5246 5240 5243
5246 5243 5245
5242 5246 5247
5248 5246 5245
5248 5247 5246
5249 5250 5251
5252 5249 5251
5252 5251 5253
5254 5252 5253
5254 5253 5255
5256 5254 5255
5256 5255 5257
5257 5258 5256
5257 5259 5258
5259 5260 5258
5259 5261 5260
5262 5263 5264
5263 5265 5264
5263 5266 5265
5265 5266 5267
5265 5267 5268
5269 5268 5267
5269 5270 5268
5270 5269 5271
5270 5271 5272
5271 5273 5272
5271 5274 5273
5275 5273 5274
5275 5274 5276
5277 5278 5279
5277 5280 5278
5280 5277 5281
5280 5281 5282
5282 5281 5283
5282 5283 5284
5284 5283 5285
5284 5285 5286
5286 5285 5287
5286 5287 5288
5289 5288 5287
5289 5290 5288
5290 5289 5291
5290 5291 5292
5292 5291 5293
5294 5295 5296
5294 5296 5297
5298 5294 5297
5298 5297 5299
5299 5300 5298
5299 5301 5300
5302 5300 5301
5302 5301 5303
5304 5302 5303
5304 5303 5305
5304 5305 5306
5306 5305 5307
5303 5307 5305
5303 5308 5307
5308 5303 5301
5308 5301 5309
5309 5301 5299
5309 5299 5310
5297 5310 5299
5297 5311 5310
5296 5311 5297
5296 5312 5311
5313 5312 5296
5313 5314 5312
5314 5313 5315
5316 5317 5318
5318 5317 5319
5318 5319 5320
5321 5320 5319
5318 5320 5322
5318 5322 5323
5321 5324 5320
5325 5324 5321
5320 5324 5326
5320 5326 5322
5325 5327 5324
5327 5326 5324
5328 5327 5325
5328 5325 5329
5327 5330 5326
5330 5327 5328
5329 5331 5328
5329 5332 5331
5333 5331 5332
5333 5332 5334
5334 5335 5333
5334 5336 5335
5337 5335 5336
5337 5338 5335
5338 5333 5335
5339 5338 5337
5338 5340 5333
5340 5338 5339
5331 5333 5340
5340 5339 5341
5331 5340 5342
5342 5340 5341
5342 5328 5331
5342 5341 5343
5342 5344 5328
5343 5344 5342
5343 5345 5344
5330 5328 5344
5345 5330 5344
5345 5346 5330
5347 5330 5346
5347 5326 5330
5348 5326 5347
5348 5322 5326
5349 5322 5348
5349 5323 5322
5323 5349 5350
5323 5350 5351
5352 5351 5350
4138 5353 5354
5355 5353 4138
5355 5356 5353
5355 5357 5356
4138 5358 5355
4138 4137 5358
5355 5359 5357
5355 5358 5359
5359 5360 5357
4137 5361 5358
4137 4145 5361
5359 5362 5360
5363 5360 5362
5358 5364 5359
5358 5361 5364
5364 5362 5359
5363 5362 5365
5366 5363 5365
5364 5367 5362
5365 5362 5367
5366 5365 5368
5369 5366 5368
5365 5367 5370
5368 5365 5370
5364 5371 5367
5370 5367 5371
5364 5372 5371
5361 5372 5364
5361 5373 5372
5373 5361 4145
5373 4145 5374
5374 4145 4144
5374 4144 5375
5375 4144 4143
5375 4143 5376
4142 5376 4143
4142 5377 5376
4141 5377 4142
4141 5378 5377
4140 5378 4141
4140 5379 5378
4139 5379 4140
5380 5378 5379
4139 4153 5379
5380 5379 4153
5380 4153 4170
4170 5381 5382
4170 4265 5381
5383 5382 5381
5384 5381 4265
4267 5384 4265
5383 5381 5385
5384 5385 5381
5386 5384 4267
5386 5385 5384
5387 5383 5385
5386 5387 5385
5387 5388 5383
5389 5388 5387
5389 5387 5390
5391 5389 5390
5386 4267 5392
4267 4269 5392
5392 4269 5393
5392 5393 5394
5394 5386 5392
5395 5394 5393
5387 5386 5396
5394 5396 5386
5387 5396 5390
5395 5397 5394
5397 5396 5394
5398 5397 5395
5391 5390 5399
5400 5391 5399
5401 5390 5396
5397 5401 5396
5401 5399 5390
5398 5402 5397
5401 5397 5402
5403 5402 5398
5402 5403 5404
5404 5403 5405
5401 5402 5406
5406 5399 5401
5402 5404 5406
5400 5399 5407
5406 5407 5399
5407 5406 5404
5400 5407 5408
5407 5404 5408
5404 5409 5408
5404 5405 5410
5404 5410 5409
5410 5405 5411
5411 5409 5410
5412 5413 5414
5415 5412 5414
5415 5416 5412
5416 5415 5417
5416 5417 5418
5419 5418 5417
5419 5417 5420
5420 5421 5419
5422 5423 5424
5425 5424 5423
5425 5423 5426
5427 5425 5426
5427 5426 5428
5428 5429 5427
5430 5428 5426
5426 5431 5430
5428 5432 5429
5430 5433 5428
5433 5432 5428
5434 5430 5431
5434 5433 5430
5434 5431 5435
5431 5436 5435
5434 5437 5433
5437 5438 5433
5433 5438 5432
5437 5439 5438
5429 5432 5440
5438 5440 5432
5429 5440 5441
5439 5442 5438
5438 5442 5440
5439 5443 5442
5441 5440 5444
5442 5444 5440
5441 5444 5445
5445 5444 5446
5447 5442 5443
5442 5447 5444
5446 5444 5447
5447 5443 5448
5446 5447 5448
5449 5450 5451
5449 5452 5450
5453 5452 5449
5453 5454 5452
5454 5453 5455
5454 5455 5456
5457 5456 5455
5457 5458 5456
5459 5458 5457
5459 5460 5458
5461 5462 5463
5461 5463 5464
5464 5465 5461
5464 5463 5466
5464 5467 5465
5467 5468 5465
5464 5466 5469
5469 5467 5464
5469 5466 5470
5469 5470 5471
5469 5471 5467
5471 5470 5472
5471 5472 5467
5467 5472 5473
5467 5473 5468
5468 5473 5474
5475 5476 5477
5478 5475 5477
5478 5479 5475
5480 5479 5478
5480 5478 5481
5482 5480 5481
5482 5481 5483
5484 5482 5483
5484 5483 5485
5486 5484 5485
5486 5485 5487
5487 5488 5486
5487 5489 5488
5488 5489 5490
5488 5490 5491
5491 5490 5492
5491 5492 5493
5493 5492 5494
5493 5494 5495
5495 5494 5496
5495 5496 5497
5498 5497 5496
5498 5496 5499
5498 5499 5500
5501 5502 5503
5501 5504 5502
5505 5502 5504
5505 5504 5506
5507 5505 5506
5507 5508 5505
5509 5508 5507
5509 5507 5510
5509 5510 5511
5509 5511 5512
5512 5511 5513
5513 5511 5514
5512 5513 5515
5515 5516 5512
5517 5518 5519
5519 5518 5520
5519 5520 5521
5522 5521 5520
5522 5520 5523
5523 5520 5524
5525 5526 5527
5525 5528 5526
5529 5528 5525
5528 5530 5526
5529 5531 5528
5531 5529 5532
5528 5533 5530
5533 5528 5531
5533 5534 5530
5533 5535 5534
5533 5531 5535
5535 5536 5534
5535 5531 5536
5531 5537 5536
5531 5532 5537
5532 5538 5537
5539 5540 5541
5541 5540 5542
5540 5543 5542
5542 5543 5544
5542 5544 5545
5542 5545 5546
5547 5548 5549
5549 5548 5550
5548 5551 5550
5552 5551 5548
5552 5548 5553
5552 5553 5554
5555 5554 5553
5556 5555 5553
5557 5558 5559
5557 5559 5560
5561 5560 5559
5561 5562 5560
5563 5562 5561
5563 5561 5564
5565 5566 5567
5565 5567 5568
5569 5570 5571
5569 5571 5572
5573 5574 5575
5573 5575 5576
5577 5578 5579
5577 5579 5580
5577 5580 5581
5579 5582 5580
5583 5577 5581
5583 5581 5582
5579 5583 5582
5583 5584 5577
5579 5585 5583
5586 5587 5588
5586 5588 5589
5590 5591 5592
5590 5592 5593
5594 5595 5596
5594 5596 5597
5598 5599 5600
5598 5600 5601
5602 5603 5604
5602 5604 5605
5606 5607 5608
5606 5608 5609
5610 5611 5612
5610 5612 5613
5614 5610 5613
5614 5613 5615
5616 5614 5615
5616 5615 5617
5618 5616 5617
5618 5617 5619
5620 5618 5619
5620 5619 5621
5622 5620 5621
5622 5621 5623
5624 5622 5623
5624 5623 5625
5626 5624 5625
5626 5625 5627
5628 5626 5627
5628 5627 5629
5630 5628 5629
5630 5629 5631
5632 5633 5634
5632 5634 5635
5636 5637 5638
5636 5638 5639
5640 5641 5642
5640 5642 5643
5644 5645 5646
5644 5647 5645
5644 5648 5647
5645 5647 5649
5650 5648 5644
5650 5649 5648
5645 5649 5650
5650 5644 5651
5645 5650 5652
5653 5654 5655
5653 5655 5656
5657 5658 5659
5657 5659 5660
5661 5662 5663
5661 5663 5664
5665 5666 5667
5665 5667 5668
5669 5670 5671
5669 5671 5672
5673 5674 5675
5673 5675 5676
5677 5678 5679
5677 5680 5678
5681 5680 5677
5681 5682 5680
5683 5682 5681
5683 5684 5682
5685 5684 5683
5685 5686 5684
5687 5686 5685
5687 5688 5686
5689 5688 5687
5689 5690 5688
5691 5690 5689
5691 5692 5690
5693 5692 5691
5693 5694 5692
5695 5694 5693
5695 5696 5694
5697 5696 5695
5697 5698 5696
5699 5700 5701
5699 5701 5702
5701 5703 5702
5701 5704 5703
5703 5704 5705
5703 5705 5706
5705 5707 5706
5705 5708 5707
5709 5707 5708
5709 5710 5707
5709 5711 5710
5709 5712 5711
5713 5711 5712
5713 5714 5711
5713 5715 5714
5713 5716 5715
5717 5715 5716
5717 5718 5715
5719 5718 5717
5719 5717 5720
5721 5722 5723
5721 5723 5724
5721 5724 5725
5721 5725 5726
5727 5726 5725
5727 5725 5728
5729 5727 5728
5729 5728 5730
5730 5731 5729
5730 5732 5731
5733 5731 5732
5733 5734 5731
5735 5736 5737
5735 5737 5738
5739 5740 5741
5739 5741 5742
5743 5744 5745
5743 5746 5744
5743 5747 5746
5747 5748 5746
5747 5743 5749
5747 5750 5748
5748 5750 5751
5751 5750 5752
5751 5752 5753
5752 5754 5753
5750 5747 5755
5749 5755 5747
5755 5752 5750
5749 5756 5755
5757 5756 5749
5757 5758 5756
5756 5759 5755
5755 5759 5752
5758 5760 5756
5756 5760 5759
5752 5759 5761
5760 5761 5759
5752 5762 5754
5752 5761 5762
5758 5763 5760
5764 5763 5758
5754 5762 5765
5754 5765 5766
5762 5761 5767
5762 5767 5765
5760 5768 5761
5763 5768 5760
5767 5761 5768
5769 5766 5765
5769 5770 5766
5771 5769 5765
5771 5765 5767
5770 5769 5772
5770 5772 5773
5773 5772 5774
5773 5774 5775
5772 5776 5774
5772 5777 5776
5778 5775 5774
5778 5779 5775
5780 5774 5776
5780 5778 5774
5781 5779 5778
5781 5782 5779
5781 5783 5782
5784 5781 5778
5784 5778 5780
5781 5785 5783
5784 5785 5781
5785 5786 5783
5785 5787 5786
5787 5788 5786
5784 5789 5785
5789 5787 5785
5790 5784 5780
5790 5789 5784
5791 5780 5776
5790 5780 5791
5787 5792 5788
5792 5793 5788
5789 5794 5787
5792 5787 5794
5792 5795 5793
5795 5796 5793
5792 5794 5797
5795 5798 5796
5799 5798 5795
5798 5800 5796
5790 5801 5789
5801 5794 5789
5797 5794 5802
5801 5802 5794
5803 5801 5790
5803 5790 5791
5799 5797 5804
5797 5802 5804
5805 5802 5801
5803 5805 5801
5804 5802 5806
5805 5806 5802
5799 5807 5798
5798 5808 5800
5807 5808 5798
5809 5800 5808
5809 5810 5800
5809 5811 5810
5799 5804 5812
5812 5807 5799
5804 5806 5813
5813 5812 5804
5807 5814 5808
5814 5809 5808
5809 5815 5811
5816 5811 5815
5817 5816 5815
5817 5818 5816
5819 5815 5809
5815 5819 5817
5820 5818 5817
5820 5821 5818
5820 5822 5821
5817 5823 5820
5823 5817 5819
5819 5809 5824
5814 5824 5809
5823 5819 5825
5825 5819 5824
5826 5823 5825
5827 5824 5814
5825 5824 5827
5826 5825 5828
5828 5825 5827
5829 5826 5828
5827 5814 5830
5807 5830 5814
5829 5828 5831
5832 5829 5831
5828 5827 5833
5833 5827 5830
5831 5828 5833
5807 5834 5830
5812 5834 5807
5832 5831 5835
5835 5836 5832
5835 5837 5836
5833 5830 5838
5834 5838 5830
5831 5833 5839
5835 5831 5839
5839 5833 5838
5837 5835 5840
5835 5839 5840
5837 5840 5841
5842 5841 5840
5842 5840 5843
5839 5838 5844
5838 5845 5844
5834 5846 5838
5838 5846 5845
5846 5834 5812
5846 5812 5847
5813 5847 5812
5848 5847 5813
5845 5848 5849
5845 5849 5850
5848 5813 5851
5806 5851 5813
5848 5852 5849
5852 5853 5849
5852 5854 5853
5852 5855 5854
5856 5852 5848
5852 5856 5855
5851 5856 5848
5856 5857 5855
5856 5858 5857
5851 5858 5856
5858 5859 5857
5806 5860 5851
5858 5851 5860
5806 5805 5860
5858 5861 5859
5862 5859 5861
5858 5860 5863
5858 5863 5861
5805 5864 5860
5864 5863 5860
5862 5861 5865
5863 5865 5861
5866 5864 5805
5866 5805 5803
5867 5862 5865
5867 5868 5862
5867 5869 5868
5866 5803 5870
5803 5791 5870
5870 5791 5871
5791 5776 5871
5777 5871 5776
5777 5872 5871
5771 5872 5777
5870 5871 5873
5872 5873 5871
5771 5874 5872
5767 5874 5771
5872 5875 5873
5875 5872 5874
5767 5876 5874
5767 5768 5876
5876 5768 5877
5763 5877 5768
5878 5874 5876
5876 5877 5878
5878 5879 5874
5875 5874 5879
5875 5879 5880
5881 5878 5877
5881 5877 5882
5883 5882 5877
5883 5877 5763
5764 5883 5763
5884 5873 5875
5875 5880 5884
5885 5883 5764
5885 5886 5883
5887 5885 5764
5887 5764 5888
5885 5887 5889
5885 5889 5890
5890 5886 5885
5890 5891 5886
5886 5891 5892
5886 5892 5893
5884 5894 5873
5873 5894 5870
5870 5894 5895
5866 5870 5895
5895 5896 5866
5864 5866 5896
5864 5896 5897
5863 5864 5897
5863 5897 5898
5863 5898 5865
5898 5899 5865
5900 5865 5899
5895 5901 5896
5900 5867 5865
5902 5901 5895
5895 5894 5902
5902 5903 5901
5900 5904 5867
5900 5905 5904
5867 5904 5869
5906 5904 5905
5869 5904 5907
5906 5907 5904
5869 5907 5908
5907 5906 5909
5908 5907 5910
5907 5909 5910
5908 5910 5911
5842 5910 5909
5894 5912 5902
5894 5884 5912
5913 5912 5884
5913 5884 5880
5912 5914 5902
5915 5902 5914
5915 5903 5902
5903 5915 5916
5917 5916 5915
5912 5918 5914
5912 5919 5918
5913 5919 5912
5920 5914 5918
5920 5915 5914
5913 5921 5919
5922 5915 5920
5917 5915 5922
5922 5920 5923
5922 5923 5924
5925 5921 5913
5925 5926 5921
5925 5927 5926
5913 5880 5925
5925 5928 5927
5880 5928 5925
5881 5928 5880
5881 5929 5928
5917 5922 5930
5922 5924 5930
5917 5930 5931
5932 5931 5930
5924 5933 5930
5932 5930 5933
5924 5934 5933
5933 5935 5932
5934 5936 5933
5933 5936 5935
5934 5937 5936
5892 5935 5936
5938 5939 5940
5938 5940 5941
5942 5941 5940
5942 5940 5943
5943 5944 5942
5943 5945 5944
5945 5946 5944
5945 5947 5946
5947 5948 5946
5947 5949 5948
5949 5950 5948
5949 5951 5950
5952 5953 5954
5952 5955 5953
5955 5956 5953
5955 5957 5956
5955 5958 5957
5959 5958 5955
5959 5960 5958
5961 5958 5960
5961 5960 5962
5958 5961 5963
5958 5963 5957
5963 5964 5957
5963 5965 5964
5966 5967 5968
5966 5968 5969
5970 5971 5972
5970 5972 5973
5973 5974 5970
5973 5975 5974
5975 5976 5974
5975 5977 5976
5977 5978 5976
5977 5979 5978
5980 5978 5979
5980 5981 5978
5981 5980 5982
5981 5982 5983
5984 5983 5982
5984 5985 5983
5984 5986 5985
5986 5987 5985
5986 5988 5987
5988 5989 5987
5988 5990 5989
5990 5991 5989
5990 5992 5991
5993 5991 5992
5993 5994 5991
5995 5994 5993
5995 5996 5994
5997 5996 5995
5997 5998 5996
5999 5998 5997
5999 6000 5998
5999 6001 6000
6002 6000 6001
6002 6001 6003
6003 6004 6002
6003 6005 6004
6006 6004 6005
6006 6007 6004
6008 6007 6006
6008 6009 6007
6010 6009 6008
6010 6011 6009
6011 6010 6012
6011 6012 6013
6014 6015 6016
6014 6017 6015
6014 6018 6017
6014 6019 6018
6020 6018 6019
6020 6021 6018
6022 6021 6020
6022 6023 6021
6023 6022 6024
6023 6024 6025
6026 6025 6024
6026 6024 6027
6028 6029 6030
6028 6030 6031
6032 6033 6034
6032 6034 6035
6036 6037 6038
6036 6039 6037
6040 6037 6039
6040 6041 6037
6041 6040 6042
6041 6042 6043
6043 6042 6044
6043 6044 6045
6045 6044 6046
6045 6046 6047
6047 6046 6048
6047 6048 6049
6050 6051 6052
6050 6052 6053
6053 6054 6050
6052 6055 6053
6052 6056 6055
6055 6056 6057
6054 6053 6058
6055 6058 6053
6058 6059 6054
6058 6060 6059
6061 6060 6058
6055 6061 6058
6061 6062 6060
6061 6063 6062
6055 6057 6064
6061 6055 6064
6065 6064 6057
6065 6066 6064
6061 6064 6067
6067 6064 6066
6061 6067 6063
6067 6066 6068
6068 6063 6067
6068 6069 6063
6070 6071 6072
6070 6073 6071
6074 6071 6073
6074 6073 6075
6075 6076 6074
6075 6077 6076
6077 6078 6076
6077 6079 6078
6080 6081 6082
6080 6083 6081
6083 6080 6084
6081 6083 6085
6081 6085 6086
6085 6087 6086
6084 6088 6083
6085 6083 6088
6088 6084 6089
6088 6089 6090
6090 6091 6088
6085 6088 6091
6090 6092 6091
6093 6091 6092
6085 6094 6087
6091 6094 6085
6094 6095 6087
6094 6096 6095
6091 6097 6094
6096 6094 6097
6093 6097 6091
6096 6097 6098
6093 6098 6097
6093 6099 6098
6100 6101 6102
6100 6103 6101
6104 6103 6100
6104 6105 6103
6106 6105 6104
6106 6107 6105
6107 6106 6108
6107 6108 6109
6110 6111 6112
6110 6113 6111
6114 6113 6110
6114 6115 6113
6116 6115 6114
6116 6117 6115
6118 6117 6116
6118 6119 6117
6120 6118 6116
6120 6116 6121
6122 6120 6121
6122 6121 6123
6124 6122 6123
6124 6123 6125
6125 6126 6127
6128 6127 6126
6128 6126 6129
6130 6128 6129
6130 6129 6131
6132 6130 6131
6132 6131 6133
6134 6132 6133
6134 6133 6135
6136 6134 6135
6136 6135 6137
6137 6138 6136
6138 6139 6136
6138 6140 6139
6140 6141 6139
6140 6142 6141
6141 6142 6143
6141 6143 6144
6144 6143 6145
6144 6145 6146
6147 6148 6149
6147 6149 6150
6151 6147 6150
6151 6150 6152
6153 6151 6152
6153 6152 6154
6155 6153 6154
6155 6154 6156
6157 6153 6155
6157 6158 6153
6159 6158 6157
6159 6160 6158
6161 6160 6159
6161 6162 6160
6162 6163 6164
6165 6164 6163
6165 6166 6164
6167 6166 6165
6167 6168 6166
6169 6168 6167
6169 6170 6168
6171 6170 6169
6171 6172 6170
6173 6172 6171
6173 6174 6172
6174 6173 6175
6175 6173 6176
6175 6176 6177
6177 6176 6178
6177 6178 6179
6178 6180 6179
6178 6181 6180
6181 6182 6180
6181 6183 6182
6184 6185 6186
6184 6186 6187
6188 6187 6186
6187 6189 6184
6188 6190 6187
6187 6191 6189
6190 6191 6187
6189 6191 6192
6189 6192 6193
6190 6194 6191
6190 6195 6194
6196 6195 6190
6196 5839 6195
6197 6198 6199
6200 6199 6198
6200 6198 6201
6200 6201 6202
6200 6202 6203
6202 6204 6203
6202 6205 6204
6206 6204 6205
6206 6205 6207
6208 6209 6210
6211 6210 6209
6211 6212 6210
6211 6213 6212
6211 6214 6213
6213 6214 6215
6213 6215 6216
6217 6216 6215
6217 6218 6216
6219 4921 4913
6219 4913 6220
6219 6220 6221
4913 4914 6220
6221 6220 4914
5370 5371 6222
6223 5370 6222
5368 5370 6223
6223 6222 6224
6223 6225 5368
5369 5368 6225
6226 5369 6225
6227 6223 6224
6223 6227 6225
6226 6225 6227
6227 6224 6228
6226 6227 6228
6229 6230 6231
6230 6232 6231
6229 6233 6230
6230 6234 6232
6235 6233 6229
6235 6232 6234
6235 6236 6233
6235 6234 6236
6237 6238 6239
6237 6239 6240
6237 6241 6238
6237 6240 6242
6237 6243 6241
6237 6242 6244
6237 6245 6243
6237 6244 6246
6237 6247 6245
6237 6246 6248
6237 6249 6247
6237 6248 6249
6250 6251 6252
6250 6253 6251
6250 6252 6254
6250 6255 6253
6250 6254 6256
6250 6257 6255
6250 6256 6258
6250 6259 6257
6250 6258 6260
6250 6261 6259
6250 6260 6262
6250 6262 6261
6263 6264 6265
6264 6266 6265
6263 6267 6264
6268 6267 6263
6269 6266 6264
6269 6270 6266
6271 6269 6264
6269 6271 6270
6271 6264 6267
6272 6270 6271
6273 6267 6268
6267 6273 6274
6268 6274 6273
6267 6274 6271
6275 6274 6268
6276 6271 6274
6275 6276 6274
6276 6272 6271
6277 6276 6275
6276 6277 6272
6278 6277 6275
6272 6277 6279
6278 6279 6277
6279 6280 6272
6279 6278 6280
6281 6282 6283
6283 6282 6284
6281 6283 6285
6286 6281 6285
6287 6283 6284
6287 6284 6288
6289 6283 6287
6287 6288 6289
6289 6285 6283
6290 6289 6288
6291 6286 6285
6292 6291 6285
6286 6291 6292
6292 6285 6289
6293 6286 6292
6294 6292 6289
6293 6292 6294
6290 6294 6289
6295 6293 6294
6290 6295 6294
6296 6293 6295
6290 6297 6295
6296 6295 6297
6297 6290 6298
6297 6298 6296
6299 6300 6301
6299 6301 6302
6303 6301 6300
6302 6301 6304
6305 6301 6303
6304 6301 6306
6307 6301 6305
6306 6301 6308
6309 6301 6307
6308 6301 6309
6310 6311 6312
6310 6312 6313
6314 6312 6311
6313 6312 6315
6316 6312 6314
6315 6312 6317
6318 6312 6316
6317 6312 6319
6320 6312 6318
6319 6312 6320
6321 6322 6323
6321 6323 6324
6322 6321 6325
6322 6325 6326
6326 6327 6322
6326 6328 6327
6328 6329 6327
6328 6330 6329
6331 6329 6330
6331 6330 6332
6332 6333 6331
6332 6334 6333
6335 6334 6332
6335 6336 6334
6335 6337 6336
6332 6330 6338
6332 6338 6335
6330 6328 6339
6330 6339 6338
6340 6328 6326
6328 6340 6339
6326 6341 6340
6326 6325 6341
6340 6342 6339
6340 6341 6342
6335 6343 6337
6344 6335 6338
6344 6343 6335
6345 6338 6339
6345 6344 6338
6339 6346 6345
6339 6342 6346
6347 6346 6342
6344 6345 6348
6348 6343 6344
6348 6345 6346
6349 6342 6341
6347 6342 6349
6350 6341 6325
6349 6341 6350
6337 6343 6351
6337 6351 6352
2202 6352 6351
2202 6351 2256
6351 6343 6353
6348 6353 6343
6353 2256 6351
6354 6353 6348
2256 6353 6354
6348 6346 6355
6354 6348 6355
2256 6354 6356
2255 2256 6356
2253 2255 6356
6346 6357 6355
6346 6347 6357
6358 6354 6355
6356 6354 6358
6358 6355 6357
2253 6356 6359
6358 6359 6356
6360 6358 6357
6358 6360 6359
2253 6359 6361
6360 6361 6359
2253 6361 2252
6360 6357 6362
6347 6362 6357
6363 2252 6361
6363 2249 2252
6360 6364 6361
6362 6364 6360
6364 6363 6361
6364 6365 6363
2249 6363 6366
6363 6365 6366
2249 6366 2250
6362 6367 6364
6362 6347 6367
6365 6364 6367
6368 2250 6366
6368 6366 6365
2250 6368 6369
6370 6369 6368
6369 6370 6371
6368 6365 6372
6370 6368 6372
6373 6372 6365
6370 6372 6373
6365 6367 6374
6373 6365 6374
6375 6367 6347
6375 6374 6367
6371 6370 6376
6370 6373 6376
6374 6377 6373
6374 6375 6377
6376 6373 6377
6378 6375 6347
6375 6378 6377
6378 6347 6349
6378 6349 6350
6371 6376 6379
6379 6380 6371
6376 6377 6381
6381 6379 6376
6380 6379 6382
6381 6382 6379
6380 6382 6383
6378 6384 6377
6381 6377 6384
6378 6350 6385
6378 6385 6384
6381 6384 6386
6386 6382 6381
6386 6384 6385
6387 6383 6382
6386 6387 6382
6387 6388 6383
6389 6388 6387
6387 6386 6390
6386 6385 6390
6389 6387 6391
6387 6390 6391
6392 6389 6391
6392 6391 6393
6390 6393 6391
6393 6394 6392
6385 6350 6395
6350 6325 6395
6321 6395 6325
6396 6390 6385
6385 6395 6396
6321 6397 6395
6396 6395 6397
6321 6324 6397
6390 6398 6393
6396 6398 6390
6393 6399 6394
6393 6398 6399
6394 6399 6400
6399 6324 6400
6396 6397 6401
6401 6398 6396
6401 6399 6398
6397 6324 6401
6399 6401 6324
6402 3223 3076
6402 3076 3081
3081 6403 6402
6402 6403 6404
6405 3223 6402
6402 6404 6405
6405 6406 3223
3223 6406 3222
6404 6407 6405
6404 6408 6407
6405 6409 6406
6405 6407 6409
6406 6410 3222
6406 6409 6410
3215 3222 6410
6411 3215 6410
6411 6412 3215
6413 6412 6411
6409 6414 6410
6415 6411 6410
6409 6416 6414
6407 6416 6409
6416 6417 6414
6408 6418 6407
6407 6418 6416
6408 6419 6418
6420 6418 6419
6416 6421 6417
6421 6416 6418
6421 6418 6420
6421 6422 6417
6420 6423 6421
6421 6423 6422
6420 6424 6423
6423 6425 6422
6424 6426 6423
6423 6426 6425
6424 6427 6426
6425 6426 6428
6427 6428 6426
6425 6428 6429
6427 6430 6428
6429 6428 6431
6431 6428 6430
6429 6431 6432
6431 6430 6433
6432 6431 6434
6431 6433 6434
6435 6436 6437
6438 6435 6437
6438 6439 6435
6435 6440 6436
6441 6436 6440
6442 6435 6439
6440 6435 6442
6441 6440 6443
6444 6441 6443
6440 6442 6445
6443 6440 6445
6445 6442 6446
6443 6445 6447
6444 6443 6448
6447 6448 6443
6449 6444 6448
6447 6450 6448
6450 6449 6448
6446 6442 6451
6442 6439 6451
6446 6451 6452
6453 6451 6439
6454 6452 6451
6454 6451 6453
6455 6452 6454
6453 6456 6454
6454 6456 6455
6455 6457 6452
6458 6452 6457
6459 6455 6456
6457 6455 6459
6457 6459 6460
6459 6456 6461
6458 6457 6462
6462 6457 6460
6463 6458 6462
6462 6460 6464
6463 6462 6465
6464 6465 6462
6463 6465 6466
6464 6467 6465
6465 6467 6466
6461 6456 6468
6461 6468 6469
6468 6470 6469
6471 6468 6456
6453 6471 6456
6471 6453 6472
6453 6439 6472
6468 6473 6470
6471 6474 6468
6474 6473 6468
6471 6472 6475
6474 6471 6475
6476 6472 6439
6476 6475 6472
6476 6439 6477
6477 6439 6438
6438 6478 6477
6476 6479 6475
6438 6480 6478
6481 6475 6479
6474 6475 6481
6481 6479 6482
6482 6413 6481
6438 6483 6480
6438 6484 6483
6483 6485 6480
6481 6486 6474
6481 6413 6486
6474 6486 6473
6413 6411 6486
6411 6473 6486
6487 6483 6484
6483 6487 6485
6487 6484 6488
6489 6485 6487
6411 6490 6473
6415 6490 6411
6490 6470 6473
6490 6415 6491
6490 6491 6470
6492 6487 6488
6489 6487 6492
6492 6488 6493
6494 6489 6492
6495 6492 6493
6494 6492 6495
6495 6493 6496
6497 6494 6495
6496 6497 6495
6498 6499 6500
6498 6501 6499
6502 6498 6500
6502 6500 6503
6498 6504 6501
6505 6501 6504
6505 6504 6506
6506 6507 6505
6498 6508 6504
6508 6506 6504
6506 6509 6507
6507 6509 6510
6509 6506 6511
6508 6511 6506
6510 6509 6512
6509 6511 6512
6510 6512 6513
6514 6513 6512
6512 6515 6514
6512 6511 6515
6514 6515 6516
6511 6517 6515
6516 6515 6517
6511 6508 6517
6516 6517 6518
6519 6518 6517
6508 6519 6517
6519 6520 6518
6521 6520 6519
6508 6522 6519
6498 6522 6508
6498 6502 6522
6521 6519 6523
6523 6519 6522
6502 6524 6522
6523 6522 6524
6521 6523 6525
6521 6525 6526
6527 6526 6525
6528 6525 6523
6528 6523 6524
6525 6529 6527
6525 6528 6529
6527 6529 6530
6530 6529 6531
6531 6529 6528
6530 6531 6532
6502 6533 6524
6533 6502 6503
6533 6503 6534
6535 6533 6534
6528 6524 6536
6531 6528 6536
6536 6524 6533
6537 6532 6531
6536 6537 6531
6537 6538 6532
6538 6537 6539
6540 6535 6539
6535 6540 6533
6533 6540 6536
6536 6540 6537
6540 6539 6537
6541 6542 6543
6544 6543 6542
6541 6545 6542
6541 6546 6545
6541 6547 6546
6546 6547 6548
6546 6548 6549
6546 6549 6550
6545 6546 6550
6551 6550 6549
6550 6551 6552
6545 6550 6553
6550 6552 6553
6542 6545 6553
6552 6554 6553
6542 6553 6554
6552 6555 6554
6544 6542 6556
6554 6556 6542
6555 6557 6554
6554 6557 6556
6555 6558 6557
6559 6544 6556
6559 6556 6557
6559 6560 6544
6558 6561 6557
6559 6557 6561
6558 6562 6561
6563 6560 6559
6561 6563 6559
6563 6564 6560
6565 6564 6563
6566 6561 6562
6561 6566 6563
6566 6562 6567
6565 6563 6568
6566 6568 6563
6568 6569 6565
6570 6566 6567
6566 6570 6568
6569 6568 6570
6570 6567 6571
6570 6571 6569
6572 6573 6574
6573 6575 6574
6572 6576 6573
6576 6572 6577
6576 6577 6578
6579 6578 6577
6579 6580 6578
6581 6580 6579
6576 6578 6582
6583 6573 6576
6576 6582 6583
6584 6578 6580
6584 6582 6578
6573 6585 6575
6583 6586 6573
6586 6585 6573
6587 6575 6585
6587 6588 6575
6587 6589 6588
6587 6590 6589
6589 6590 6591
6590 6592 6591
6587 6592 6590
6591 6592 6593
6587 6594 6592
6594 6593 6592
6594 6587 6585
6594 6595 6593
6594 6585 6596
6595 6594 6596
6586 6596 6585
6595 6596 6597
6597 6596 6586
6597 6586 6598
6583 6598 6586
6583 6599 6598
6599 6583 6582
6599 6582 6600
6600 6582 6584
6600 6584 6601
6601 6584 6602
6601 6602 6603
6580 6602 6584
6602 6604 6603
6580 6605 6602
6581 6605 6580
6602 6606 6604
6605 6606 6602
6581 6607 6605
6605 6607 6606
6581 6608 6607
6604 6606 6609
6609 6606 6607
6604 6609 6610
6611 6607 6608
6609 6607 6611
6611 6608 6612
6613 6610 6609
6611 6613 6609
6613 6614 6610
6615 6614 6613
6612 6616 6611
6611 6616 6613
6612 6617 6616
6615 6613 6618
6616 6618 6613
6618 6619 6615
6620 6616 6617
6616 6620 6618
6620 6617 6621
6622 6619 6618
6622 6618 6620
6621 6622 6620
6623 6619 6622
6621 6624 6622
6623 6622 6625
6625 6622 6624
6626 6623 6625
6625 6624 6627
6628 6626 6625
6628 6625 6627
6629 6630 6631
6632 6629 6631
6630 6633 6631
6634 6632 6631
6633 6635 6631
6636 6634 6631
6635 6637 6631
6638 6636 6631
6637 6639 6631
6640 6638 6631
6639 6641 6631
6641 6640 6631
6642 6643 6644
6645 6643 6642
6644 6643 6646
6647 6643 6645
6646 6643 6648
6649 6643 6647
6648 6643 6650
6651 6643 6649
6650 6643 6652
6653 6643 6651
6652 6643 6654
6654 6643 6653
6655 6656 6657
6655 6658 6656
6659 6657 6656
6660 6656 6658
6659 6656 6661
6660 6661 6656
6662 6663 6664
6662 6664 6665
6666 6664 6663
6667 6665 6664
6666 6668 6664
6667 6664 6668
6669 6670 6671
6669 6671 6672
6669 6673 6670
6669 6672 6674
6669 6675 6673
6669 6674 6675
6676 6677 6678
6676 6679 6677
6676 6678 6680
6676 6681 6679
6676 6680 6682
6676 6682 6681
6683 6684 6685
6685 6684 6686
6687 6683 6685
6687 6685 6686
6687 6688 6683
6687 6686 6689
6690 6688 6687
6691 6688 6690
6690 6692 6691
6693 6687 6689
6690 6687 6693
6693 6689 6694
6690 6695 6692
6695 6690 6693
6695 6696 6692
6697 6693 6694
6695 6693 6697
6697 6694 6698
6695 6699 6696
6697 6699 6695
6700 6696 6699
6701 6697 6698
6697 6701 6699
6701 6698 6702
6701 6702 6703
6700 6699 6704
6701 6704 6699
6704 6705 6700
6701 6703 6706
6701 6706 6704
6704 6707 6705
6707 6704 6706
6707 6708 6705
6709 6706 6703
6707 6706 6709
6709 6703 6710
6709 6710 6711
6707 6712 6708
6712 6707 6709
6708 6712 6713
6714 6711 6713
6709 6711 6714
6712 6714 6713
6712 6709 6714
6715 6716 6717
6715 6717 6718
6715 6719 6716
6719 6720 6716
6719 6721 6720
6722 6715 6718
6719 6722 6721
6722 6718 6723
6722 6723 6721
6724 6725 6726
6727 6724 6726
6725 6728 6726
6729 6727 6726
6728 6730 6726
6731 6729 6726
6730 6732 6726
6733 6731 6726
6732 6734 6726
6734 6733 6726
6735 6736 6737
6738 6735 6737
6736 6739 6737
6740 6738 6737
6739 6741 6737
6742 6740 6737
6741 6743 6737
6744 6742 6737
6743 6745 6737
6745 6744 6737
6746 6747 6748
6746 6749 6747
6746 6748 6750
6750 6748 6751
6750 6751 6752
6753 6749 6746
6750 6752 6753
6753 6754 6749
6753 6752 6754
6755 6756 6757
6758 6756 6755
6757 6756 6759
6760 6756 6758
6759 6756 6761
6762 6756 6760
6761 6756 6763
6764 6756 6762
6763 6756 6765
6765 6756 6764
6766 6767 6768
6769 6767 6766
6768 6767 6770
6771 6767 6769
6770 6767 6772
6773 6767 6771
6772 6767 6774
6775 6767 6773
6774 6767 6776
6776 6767 6775
6777 6778 6779
6777 6779 6780
6778 6781 6779
6782 6777 6780
6778 6783 6781
6782 6780 6784
6783 6782 6784
6783 6784 6781
6785 6786 6787
6785 6787 6788
6789 6786 6785
6788 6787 6790
6789 6791 6786
6788 6790 6792
6792 6791 6789
6792 6790 6791
