byte offset: 0
first index: 0
index count: 21975
topology: trianglelist
format: DXGI_FORMAT_R16_UINT

0 1 2
3 4 5
6 7 8
9 10 11
12 13 14
15 16 17
18 19 20
21 22 23
24 25 26
27 28 29
30 31 32
33 34 35
33 35 36
37 36 35
37 38 36
38 37 39
38 39 40
41 42 43
41 43 44
45 44 43
45 46 44
46 45 47
46 47 48
49 50 51
49 51 52
53 54 55
53 55 56
57 58 59
57 60 58
61 60 57
61 62 60
63 62 61
63 64 62
65 64 63
65 66 64
67 66 65
67 68 66
69 68 67
69 70 68
71 70 69
71 72 70
73 72 71
73 74 72
75 76 77
76 75 78
76 78 79
80 79 78
80 78 81
80 81 82
83 84 85
83 86 84
87 86 83
87 88 86
89 88 87
89 90 88
91 90 89
91 92 90
93 92 91
93 94 92
95 94 93
95 96 94
97 96 95
97 98 96
99 98 97
99 100 98
101 102 103
102 101 104
102 104 105
106 105 104
106 104 107
106 107 108
109 110 111
109 112 110
113 112 109
113 114 112
115 114 113
115 116 114
117 116 115
117 118 116
119 118 117
119 120 118
121 120 119
121 122 120
123 122 121
123 124 122
125 124 123
125 126 124
127 128 129
128 127 130
128 130 131
132 131 130
132 130 133
132 133 134
135 136 137
135 137 138
139 140 141
139 141 142
143 139 142
143 142 144
145 143 144
145 146 143
147 146 145
147 148 146
149 150 151
149 152 150
149 153 152
149 154 153
153 154 155
153 155 156
155 157 156
155 158 157
159 160 161
159 162 160
162 163 160
162 164 163
163 164 165
163 165 166
166 165 167
166 167 168
169 170 171
169 171 172
173 174 175
173 175 176
177 173 176
177 176 178
179 177 178
179 178 180
181 182 183
183 182 184
185 186 187
185 188 186
185 189 188
185 190 189
191 189 190
191 192 189
193 194 195
193 196 194
197 196 193
197 198 196
199 198 197
199 200 198
201 200 199
201 202 200
203 202 201
203 204 202
205 204 203
205 206 204
207 206 205
207 208 206
209 208 207
209 210 208
211 212 213
212 211 214
212 214 215
216 215 214
216 214 217
216 217 218
219 220 221
219 222 220
223 222 219
223 224 222
225 224 223
225 226 224
227 226 225
227 228 226
229 228 227
229 230 228
231 230 229
231 232 230
233 232 231
233 234 232
235 234 233
235 236 234
237 238 239
238 237 240
238 240 241
242 241 240
242 240 243
242 243 244
245 246 247
245 247 248
249 245 248
249 248 250
251 249 250
251 250 252
253 251 252
253 252 254
255 253 254
255 254 256
257 255 256
257 256 258
259 257 258
259 258 260
261 259 260
261 260 262
263 264 265
263 265 266
267 263 266
267 266 268
269 267 268
269 268 270
271 269 270
271 270 272
273 271 272
273 272 274
275 273 274
275 274 276
277 275 276
277 276 278
279 277 278
279 278 280
281 282 283
281 283 284
285 281 284
285 284 286
287 285 286
287 286 288
289 287 288
289 288 290
291 289 290
291 290 292
293 291 292
293 292 294
295 293 294
295 294 296
297 295 296
297 296 298
299 300 301
299 301 302
303 299 302
303 302 304
305 303 304
305 304 306
307 305 306
307 306 308
309 307 308
309 308 310
311 309 310
311 310 312
313 311 312
313 312 314
315 313 314
315 314 316
317 318 319
317 319 320
321 317 320
321 320 322
323 321 322
323 322 324
325 323 324
325 324 326
327 325 326
327 326 328
329 327 328
329 328 330
331 329 330
331 330 332
333 331 332
333 332 334
335 336 337
335 337 338
339 335 338
339 338 340
341 339 340
341 340 342
343 341 342
343 342 344
345 343 344
345 344 346
347 345 346
347 346 348
349 347 348
349 348 350
351 349 350
351 350 352
353 354 355
353 355 356
357 356 355
357 355 358
357 358 359
357 359 360
361 360 359
361 359 362
363 364 365
363 366 364
364 366 367
364 367 368
369 368 367
369 367 370
371 369 370
371 372 369
373 374 375
374 376 375
374 377 376
376 377 378
376 378 379
379 378 380
381 382 383
381 384 382
384 385 382
384 386 385
385 386 387
385 387 388
388 387 389
388 389 390
391 392 393
391 394 392
394 391 395
394 395 396
397 396 395
397 395 398
398 399 397
398 400 399
401 402 403
401 403 404
404 403 405
404 405 406
403 407 405
403 408 407
409 410 411
409 411 412
413 414 415
413 415 416
416 415 417
416 417 418
415 419 417
415 420 419
421 422 423
421 423 424
425 426 427
425 427 428
429 425 428
429 428 430
431 429 430
431 430 432
433 434 435
433 435 436
437 438 439
437 439 440
441 437 440
441 440 442
443 441 442
443 442 444
445 446 447
445 447 448
449 450 451
449 451 452
453 449 452
453 452 454
455 453 454
455 454 456
457 458 459
457 459 460
461 462 463
461 463 464
465 461 464
465 464 466
467 465 466
467 466 468
469 470 471
469 471 472
473 474 475
473 475 476
473 476 477
477 476 478
478 476 479
479 480 478
476 475 481
476 481 479
481 475 482
481 482 479
475 483 482
475 484 483
482 483 485
482 485 486
482 486 479
486 487 479
488 489 490
488 490 491
488 491 492
493 494 495
493 496 494
496 493 497
498 499 500
498 500 501
502 503 504
502 504 505
506 507 508
506 508 509
510 511 512
510 512 513
514 515 516
514 516 517
517 518 514
517 519 518
520 518 519
520 521 518
521 520 522
521 522 523
524 525 526
524 527 525
527 528 525
527 529 528
530 528 529
530 531 528
532 531 530
532 533 531
534 535 536
534 536 537
538 539 540
538 540 541
542 543 544
542 545 543
546 547 548
546 548 549
550 551 552
550 552 553
554 555 556
554 556 557
558 559 560
558 560 561
562 563 564
562 564 565
566 567 568
566 568 569
570 571 572
570 573 571
571 573 574
571 574 575
576 577 578
576 579 577
576 580 579
576 581 580
582 583 584
582 584 585
585 584 586
585 586 587
588 589 590
588 590 591
592 588 591
592 593 588
594 595 596
594 597 595
597 598 595
597 599 598
600 597 594
601 599 597
601 597 602
602 597 600
601 602 603
601 603 604
602 605 603
602 600 605
606 605 600
606 600 607
607 600 608
609 606 607
607 608 610
610 608 611
610 611 612
613 610 612
613 612 614
615 610 613
615 607 610
609 607 615
609 615 616
609 616 617
615 618 616
619 618 615
617 616 620
618 620 616
617 620 621
622 618 619
622 619 623
624 618 622
624 625 618
618 625 620
626 621 620
626 627 621
628 627 626
628 629 627
630 628 626
631 626 620
630 626 631
631 632 630
631 620 633
631 634 632
633 634 631
633 635 634
636 637 638
636 639 637
640 639 636
640 641 639
642 643 644
642 644 645
642 645 646
642 646 647
648 647 646
648 646 649
648 649 650
648 650 651
652 653 654
652 654 655
652 655 656
652 656 657
656 658 657
656 659 658
660 658 659
660 661 658
662 661 660
662 660 663
662 663 664
662 664 665
666 667 668
669 666 668
669 668 670
666 669 671
669 672 671
669 673 672
674 672 673
674 675 672
674 676 675
676 674 677
676 677 678
674 679 677
680 681 682
680 682 683
684 680 683
684 683 685
686 687 688
686 689 687
686 690 689
691 689 690
692 689 691
692 693 689
692 694 693
692 695 694
695 696 694
697 694 696
697 698 694
697 699 698
700 701 702
703 700 702
703 704 700
705 704 703
703 706 705
703 707 706
708 706 707
708 709 706
709 708 710
708 711 710
708 712 711
711 712 713
714 715 716
714 716 717
718 719 720
718 720 721
722 723 724
722 724 725
726 727 728
726 728 729
730 731 732
730 732 733
734 735 736
734 736 737
738 739 740
738 740 741
742 743 744
742 744 745
746 747 748
746 748 749
750 751 752
750 752 753
754 755 756
754 756 757
758 759 760
758 760 761
762 763 764
762 764 765
766 767 768
766 768 769
770 771 772
770 773 771
770 774 773
770 775 774
774 775 776
777 778 779
777 780 778
777 781 780
777 782 781
781 782 783
784 785 786
784 786 787
784 787 788
784 788 789
788 790 789
791 792 793
791 793 794
791 794 795
791 795 796
795 797 796
798 799 800
798 801 799
799 801 802
799 802 803
804 803 802
804 802 805
806 807 808
806 809 807
810 809 806
810 806 811
812 810 811
812 813 810
814 815 816
814 817 815
814 818 817
814 819 818
818 819 820
818 820 821
822 823 824
822 824 825
826 825 824
826 827 825
826 828 827
826 829 828
830 831 832
831 830 833
834 835 836
834 836 837
838 834 837
837 836 839
836 840 839
839 840 841
841 840 842
839 841 843
839 843 844
837 839 844
844 843 845
844 846 837
845 846 844
838 837 847
846 847 837
845 848 846
846 848 847
845 849 848
850 848 849
851 838 847
851 852 838
847 848 853
850 853 848
847 853 851
850 854 853
851 853 854
850 855 854
856 854 855
857 852 851
851 854 857
857 858 852
854 859 857
856 859 854
860 859 856
861 862 863
861 863 864
865 861 864
865 864 866
867 865 866
867 866 868
867 868 869
867 869 870
871 870 869
871 869 872
872 873 871
872 874 873
874 875 873
874 876 875
877 875 876
877 876 878
879 877 878
879 878 880
879 880 881
879 881 882
882 881 883
882 883 884
884 883 885
884 885 886
887 888 889
887 889 890
887 890 891
887 891 892
892 891 893
894 893 891
895 894 891
896 890 889
896 891 890
896 889 897
895 891 898
896 898 891
895 898 899
896 899 898
895 899 900
897 901 896
896 901 899
897 902 901
903 900 899
903 899 901
903 904 900
905 904 903
906 901 902
903 901 906
906 902 907
906 907 908
905 903 909
909 903 906
905 909 910
911 910 909
909 906 912
911 909 912
906 908 912
911 912 913
913 912 908
913 908 914
915 916 917
917 918 915
915 918 919
920 919 918
919 920 921
922 915 919
922 923 915
922 924 923
922 925 924
926 925 922
926 922 927
927 922 919
927 919 928
921 928 919
921 929 928
929 930 928
931 932 933
932 931 934
932 934 935
934 936 935
934 937 936
936 937 938
936 938 939
939 938 940
939 940 941
940 942 941
940 943 942
944 945 946
944 946 947
947 946 948
948 946 949
950 948 949
950 949 951
950 951 952
952 951 953
954 952 953
955 950 952
956 952 954
956 954 957
956 957 958
959 958 957
960 958 959
960 959 961
960 961 962
963 952 956
955 952 963
963 956 964
965 955 963
965 963 964
965 966 955
966 965 967
965 964 968
967 965 968
966 967 969
967 968 970
967 971 969
972 967 970
967 973 971
972 973 967
974 971 973
975 971 974
973 972 976
976 972 977
974 978 975
974 979 978
976 977 980
981 978 979
974 973 982
973 976 982
976 980 983
984 983 980
981 979 985
985 986 981
987 974 982
976 987 982
985 988 986
979 989 985
988 985 989
988 989 990
979 991 989
992 991 979
992 993 991
988 990 994
992 995 993
986 988 996
988 994 996
986 996 997
998 997 996
999 996 994
998 996 999
999 994 1000
992 979 1001
974 1001 979
1001 974 1002
992 1001 1002
992 1002 1003
1002 974 987
1002 987 1004
1003 1002 1005
1002 1004 1005
1004 987 1006
976 1006 987
1007 1006 976
976 983 1007
1000 1008 999
1000 1009 1008
999 1008 1010
1011 1009 1000
1012 999 1010
1012 998 999
1013 998 1012
1014 998 1013
1009 1011 1015
1015 1011 1016
1017 1015 1016
1017 1018 1015
1014 1013 1019
1014 1019 1020
1021 1020 1019
1021 1019 1022
1023 1024 1025
1023 1025 1026
1026 1025 1027
1027 1025 1028
1027 1028 1029
1029 1028 1030
1029 1030 1031
1031 1030 1032
1033 1031 1032
1034 1029 1031
1033 1035 1031
1036 1035 1033
1037 1035 1036
1038 1037 1036
1039 1037 1038
1040 1039 1038
1040 1038 1041
1035 1042 1031
1034 1031 1042
1035 1043 1042
1034 1042 1044
1044 1042 1043
1034 1044 1045
1044 1043 1046
1044 984 1045
1047 1044 1046
1044 1047 984
1047 1046 1048
984 1047 983
1049 1047 1048
1049 983 1047
1007 983 1049
1007 1049 1050
1006 1007 1050
1006 1050 1051
1052 1006 1051
1052 1051 1053
1004 1006 1052
1054 1052 1053
1054 1053 1055
1056 1054 1055
1054 1056 1057
1058 1057 1056
1054 1059 1052
1059 1004 1052
1054 1057 1060
1060 1059 1054
1058 1061 1057
1062 1061 1058
1062 1058 1063
1062 1063 1064
1057 1061 1065
1062 1065 1061
1057 1065 1066
1057 1066 1067
1057 1067 1060
1062 1068 1065
1060 1067 1069
1062 1070 1068
1060 1069 1071
1060 1071 1059
1071 1069 1072
1062 1064 1073
1062 1073 1070
1074 1073 1064
1070 1073 1074
1074 1064 1075
1070 1074 1076
1071 1077 1059
1071 1072 1078
1078 1077 1071
1079 1059 1077
1059 1079 1004
1004 1079 1080
1004 1080 1005
1079 1077 1081
1081 1080 1079
1075 1082 1074
1075 1083 1082
1074 1082 1084
1085 1083 1075
1086 1074 1084
1085 1087 1083
1076 1074 1086
1088 1087 1085
1076 1086 1089
1088 1090 1087
1091 1090 1088
1091 1092 1090
1076 1089 1093
1093 1089 1094
1093 1094 1095
1095 1094 1096
1097 1095 1096
1097 1096 1098
1099 1100 1101
1099 1101 1102
1102 1101 1103
1103 1101 1104
1104 1105 1103
1106 1105 1104
1107 1105 1106
1107 1106 1108
1109 1107 1108
1105 1107 1110
1105 1110 1111
1107 1109 1112
1110 1107 1112
1112 1109 1113
1112 1113 1114
1115 1114 1113
1116 1114 1115
1117 1116 1115
1117 1115 1118
1110 1112 1119
1111 1110 1120
1120 1110 1119
1111 1120 1121
1120 1119 1122
1120 1123 1121
1124 1120 1122
1120 1124 1123
1124 1122 1125
1126 1123 1124
1126 1124 1125
1126 1125 995
1126 1127 1123
992 1126 995
1128 1127 1126
1128 1126 992
1128 1129 1127
992 1003 1128
1129 1128 1003
1129 1003 1130
1130 1003 1131
1131 1003 1132
1003 1005 1132
1131 1132 1133
1005 1133 1132
1131 1133 1134
1005 1080 1133
1134 1133 1135
1135 1133 1080
1134 1135 1136
1135 1080 1137
1081 1137 1080
1136 1135 1138
1136 1138 1139
1140 1139 1138
1140 1138 1141
1142 1141 1138
1135 1143 1138
1142 1138 1143
1135 1137 1143
1144 1142 1143
1145 1143 1137
1144 1143 1145
1145 1137 1081
1145 1146 1144
1081 1147 1145
1145 1147 1146
1081 1077 1147
1148 1146 1147
1148 1147 1077
1148 1149 1146
1148 1077 1078
1150 1149 1148
1150 1148 1078
1150 1151 1149
1150 1078 1072
1151 1150 1152
1152 1150 1072
1151 1152 1153
1152 1072 1154
1155 1156 1157
1155 1157 1158
1158 1159 1155
1158 1160 1159
1161 1158 1157
1160 1158 1161
1161 1157 1162
1160 1161 1163
1164 1159 1160
1164 1165 1159
1164 1166 1165
1163 1167 1160
1163 1168 1167
1164 1169 1166
1166 1169 1170
1171 1170 1169
1171 1172 1170
1173 1172 1171
1173 1174 1172
1175 1174 1173
1168 1176 1167
1168 1177 1176
1177 1178 1176
1176 1178 1179
1180 1179 1178
1181 1167 1176
1179 1181 1176
1180 1182 1179
1183 1182 1180
1181 1184 1167
1184 1160 1167
1185 1160 1184
1181 1185 1184
1185 1164 1160
1186 1164 1185
1181 1186 1185
1169 1164 1186
1187 1181 1179
1187 1186 1181
1169 1186 1188
1187 1188 1186
1171 1169 1188
1171 1188 1189
1190 1187 1179
1190 1179 1182
1191 1190 1182
1187 1192 1188
1189 1188 1192
1192 1187 1190
1191 1182 1193
1183 1193 1182
1193 1183 1194
1193 1194 1195
1195 1194 1196
1191 1193 1197
1195 1197 1193
1198 1191 1197
1197 1199 1198
1195 1199 1197
1198 1200 1191
1201 1191 1200
1202 1199 1195
1201 1203 1191
1191 1203 1190
1203 1201 1204
1195 1196 1205
1202 1195 1205
1206 1205 1196
1206 1202 1205
1206 1207 1202
1206 1196 1208
1209 1207 1206
1208 1210 1206
1209 1206 1210
1208 1211 1210
1209 1210 1212
1213 1210 1211
1212 1210 1214
1214 1210 1213
1203 1204 1215
1216 1215 1204
1217 1203 1215
1217 1190 1203
1192 1190 1217
1216 1218 1215
1217 1215 1218
1218 1216 1219
1192 1217 1220
1217 1218 1220
1218 1219 1221
1221 1220 1218
1219 1222 1221
1192 1220 1223
1189 1192 1223
1221 1224 1220
1223 1220 1224
1221 1222 1225
1224 1221 1226
1221 1225 1226
1223 1224 1227
1227 1224 1226
1228 1189 1223
1223 1227 1228
1227 1226 1229
1225 1229 1226
1227 1230 1228
1227 1229 1230
1225 1231 1229
1225 1232 1231
1230 1229 1233
1222 1234 1225
1225 1234 1232
1222 1235 1234
1236 1232 1234
1237 1234 1235
1236 1234 1237
1237 1235 1238
1239 1236 1237
1238 1240 1237
1239 1237 1240
1238 1241 1240
1242 1239 1240
1243 1240 1241
1242 1240 1243
1242 1243 1244
1243 1241 1245
1244 1243 1245
1242 1244 1246
1244 1245 1247
1248 1246 1244
1244 1247 1249
1248 1244 1250
1244 1249 1250
1251 1252 1253
1251 1253 1254
1251 1254 1255
1251 1255 1256
1257 1258 1259
1257 1259 1260
1257 1260 1261
1257 1261 1262
1263 1264 1265
1263 1265 1266
1263 1266 1267
1263 1267 1268
1269 1270 1271
1269 1271 1272
1269 1272 1273
1269 1273 1274
1275 1276 1277
1277 1276 1278
1278 1276 1279
1278 1279 1280
1278 1280 1281
1281 1280 1282
1283 1284 1285
1283 1286 1284
1287 1286 1283
1286 1288 1284
1284 1288 1289
1288 1290 1289
1290 1291 1289
1288 1292 1290
1288 1293 1292
1286 1293 1288
1293 1294 1292
1293 1286 1295
1294 1293 1295
1287 1296 1286
1295 1286 1296
1294 1295 1297
1295 1296 1297
1294 1297 1298
1299 1298 1297
1300 1296 1287
1300 1287 1301
1296 1302 1297
1299 1297 1302
1296 1300 1302
1299 1302 1303
1300 1303 1302
1299 1303 1304
1305 1304 1303
1306 1300 1301
1300 1306 1303
1306 1301 1307
1303 1306 1308
1305 1303 1308
1309 1305 1308
1310 1311 1312
1310 1313 1311
1314 1313 1310
1314 1315 1313
1316 1315 1314
1316 1317 1315
1316 1318 1317
1316 1319 1318
1320 1318 1319
1320 1321 1318
1321 1320 1322
1321 1322 1323
1323 1322 1324
1323 1324 1325
1326 1325 1324
1326 1327 1325
1328 1327 1326
1328 1329 1327
1328 1330 1329
1328 1331 1330
1331 1332 1330
1331 1333 1332
1333 1334 1332
1333 1335 1334
1336 1337 1338
1336 1339 1337
1336 1340 1339
1336 1341 1340
1341 1342 1340
1343 1340 1342
1344 1340 1343
1345 1337 1339
1345 1339 1340
1345 1346 1337
1344 1347 1340
1345 1340 1347
1344 1348 1347
1345 1347 1348
1344 1349 1348
1346 1345 1350
1345 1348 1350
1346 1350 1351
1349 1352 1348
1352 1350 1348
1349 1353 1352
1354 1352 1353
1355 1351 1350
1352 1355 1350
1355 1356 1351
1355 1357 1356
1354 1358 1352
1358 1355 1352
1354 1359 1358
1360 1358 1359
1358 1361 1355
1360 1361 1358
1355 1361 1357
1360 1362 1361
1362 1357 1361
1362 1363 1357
1364 1365 1366
1365 1364 1367
1364 1368 1367
1369 1367 1368
1368 1370 1369
1371 1368 1364
1371 1364 1372
1373 1371 1372
1373 1374 1371
1375 1371 1374
1375 1376 1371
1376 1368 1371
1376 1377 1368
1370 1368 1377
1370 1377 1378
1378 1377 1379
1380 1381 1382
1382 1383 1380
1382 1384 1383
1383 1384 1385
1383 1385 1386
1385 1387 1386
1385 1388 1387
1388 1389 1387
1388 1390 1389
1389 1390 1391
1389 1391 1392
1393 1394 1395
1393 1396 1394
1396 1397 1394
1397 1398 1394
1399 1398 1397
1399 1400 1398
1399 1401 1400
1401 1402 1400
1403 1402 1401
1401 1399 1404
1405 1403 1401
1405 1406 1403
1405 1407 1406
1408 1406 1407
1409 1408 1407
1409 1410 1408
1409 1411 1410
1405 1401 1412
1401 1404 1412
1405 1412 1413
1404 1414 1412
1414 1413 1412
1404 1415 1414
1416 1414 1415
1414 1417 1413
1417 1414 1416
1416 1415 1418
1417 1416 1419
1416 1418 1420
1416 1421 1419
1416 1420 1422
1416 1422 1421
1423 1422 1420
1424 1423 1420
1422 1425 1421
1425 1426 1421
1423 1424 1427
1423 1427 1428
1425 1429 1426
1428 1427 1430
1423 1431 1422
1422 1431 1425
1425 1432 1429
1432 1433 1429
1428 1430 1434
1434 1430 1435
1436 1431 1423
1425 1431 1436
1434 1435 1437
1438 1428 1434
1438 1434 1437
1438 1437 1439
1438 1440 1428
1441 1428 1440
1441 1440 1442
1443 1439 1437
1441 1442 1444
1445 1437 1435
1443 1437 1445
1445 1435 1446
1445 1446 1447
1443 1445 1448
1445 1447 1448
1443 1448 1449
1441 1450 1428
1423 1428 1450
1450 1451 1423
1441 1451 1450
1441 1452 1451
1451 1436 1423
1451 1453 1436
1452 1454 1451
1451 1454 1453
1455 1436 1453
1425 1436 1455
1456 1425 1455
1425 1456 1432
1449 1448 1457
1449 1457 1458
1448 1459 1457
1460 1449 1458
1461 1459 1448
1461 1448 1447
1462 1461 1447
1463 1462 1447
1458 1464 1460
1464 1465 1460
1466 1465 1464
1466 1464 1467
1463 1468 1462
1463 1469 1468
1470 1468 1469
1470 1471 1468
1472 1473 1474
1472 1475 1473
1475 1476 1473
1476 1477 1473
1476 1478 1477
1478 1479 1477
1478 1480 1479
1480 1481 1479
1482 1481 1480
1480 1478 1483
1482 1480 1484
1485 1482 1484
1486 1485 1484
1487 1485 1486
1488 1487 1486
1487 1488 1489
1487 1489 1490
1491 1484 1480
1480 1483 1491
1491 1492 1484
1493 1491 1483
1493 1492 1491
1493 1483 1494
1493 1495 1492
1493 1494 1433
1495 1493 1496
1493 1433 1496
1495 1496 1497
1432 1496 1433
1496 1498 1497
1496 1432 1498
1498 1432 1456
1498 1456 1499
1499 1456 1455
1499 1455 1500
1500 1455 1501
1500 1501 1502
1455 1453 1501
1503 1502 1501
1503 1504 1502
1505 1504 1503
1506 1505 1503
1507 1505 1506
1503 1501 1508
1508 1501 1453
1506 1503 1509
1509 1503 1508
1507 1506 1510
1507 1510 1511
1507 1511 1512
1511 1513 1512
1514 1510 1506
1511 1510 1514
1514 1506 1515
1506 1516 1515
1506 1509 1516
1511 1514 1517
1509 1518 1516
1511 1517 1519
1509 1520 1518
1509 1508 1520
1520 1521 1518
1511 1522 1513
1511 1519 1522
1513 1522 1523
1519 1523 1522
1513 1523 1524
1519 1525 1523
1520 1508 1526
1520 1527 1521
1527 1520 1526
1528 1526 1508
1508 1453 1528
1453 1529 1528
1453 1454 1529
1528 1530 1526
1529 1530 1528
1524 1523 1531
1524 1531 1532
1523 1533 1531
1534 1524 1532
1535 1533 1523
1534 1532 1536
1525 1535 1523
1537 1534 1536
1525 1538 1535
1537 1536 1539
1540 1537 1539
1540 1539 1541
1525 1542 1538
1542 1543 1538
1542 1544 1543
1544 1545 1543
1546 1545 1544
1546 1547 1545
1548 1549 1550
1548 1551 1549
1551 1552 1549
1552 1553 1549
1553 1552 1554
1555 1553 1554
1556 1555 1554
1556 1557 1555
1558 1557 1556
1559 1556 1554
1559 1554 1560
1556 1561 1558
1561 1556 1559
1561 1562 1558
1561 1563 1562
1564 1562 1563
1565 1564 1563
1564 1565 1566
1564 1566 1567
1561 1559 1568
1560 1569 1559
1568 1559 1569
1560 1570 1569
1568 1569 1571
1572 1569 1570
1573 1571 1569
1572 1573 1569
1573 1574 1571
1572 1575 1573
1575 1574 1573
1575 1444 1574
1572 1576 1575
1441 1444 1575
1577 1575 1576
1577 1441 1575
1577 1576 1578
1441 1577 1452
1578 1452 1577
1578 1579 1452
1579 1580 1452
1580 1581 1452
1452 1581 1454
1580 1582 1581
1582 1454 1581
1580 1583 1582
1582 1529 1454
1583 1584 1582
1529 1582 1584
1583 1585 1584
1529 1584 1586
1529 1586 1530
1585 1587 1584
1585 1588 1587
1587 1588 1589
1587 1589 1590
1591 1587 1590
1584 1587 1592
1591 1592 1587
1584 1592 1586
1593 1592 1591
1594 1586 1592
1593 1594 1592
1594 1530 1586
1594 1593 1595
1530 1594 1596
1594 1595 1596
1530 1596 1526
1597 1596 1595
1597 1526 1596
1597 1595 1598
1597 1527 1526
1599 1597 1598
1599 1527 1597
1599 1598 1600
1599 1521 1527
1600 1601 1599
1601 1521 1599
1600 1602 1601
1601 1603 1521
1604 1605 1606
1604 1607 1605
1607 1604 1608
1607 1608 1609
1610 1605 1607
1609 1610 1607
1610 1611 1605
1609 1612 1610
1613 1609 1608
1613 1608 1614
1613 1614 1615
1612 1609 1616
1612 1616 1617
1613 1615 1618
1615 1619 1618
1620 1618 1619
1620 1619 1621
1622 1620 1621
1622 1621 1623
1622 1623 1624
1617 1616 1625
1617 1625 1626
1626 1625 1627
1625 1628 1627
1629 1627 1628
1630 1625 1616
1628 1625 1630
1629 1628 1631
1632 1629 1631
1630 1616 1633
1633 1616 1609
1634 1633 1609
1630 1633 1634
1634 1609 1613
1635 1634 1613
1630 1634 1635
1618 1635 1613
1636 1628 1630
1636 1630 1635
1618 1637 1635
1636 1635 1637
1637 1618 1620
1637 1620 1638
1628 1636 1639
1628 1639 1631
1639 1640 1631
1636 1637 1641
1641 1637 1638
1639 1636 1641
1640 1642 1631
1632 1631 1642
1642 1643 1632
1642 1644 1643
1645 1643 1644
1640 1646 1642
1644 1642 1646
1647 1646 1640
1646 1647 1648
1644 1646 1648
1647 1640 1649
1650 1649 1640
1644 1648 1651
1650 1640 1652
1652 1653 1650
1639 1652 1640
1645 1644 1654
1644 1651 1654
1645 1654 1655
1655 1654 1651
1655 1651 1656
1645 1655 1657
1655 1656 1658
1659 1657 1655
1655 1658 1659
1659 1660 1657
1658 1661 1659
1662 1660 1659
1661 1663 1659
1663 1662 1659
1652 1639 1664
1639 1641 1664
1652 1664 1665
1652 1665 1653
1666 1653 1665
1666 1665 1667
1664 1667 1665
1667 1668 1666
1641 1669 1664
1664 1669 1667
1667 1670 1668
1670 1667 1669
1668 1670 1671
1641 1672 1669
1641 1638 1672
1670 1669 1673
1672 1673 1669
1670 1674 1671
1673 1675 1670
1670 1675 1674
1672 1676 1673
1676 1675 1673
1677 1672 1638
1672 1677 1676
1676 1678 1675
1674 1675 1678
1679 1676 1677
1679 1678 1676
1674 1678 1680
1681 1674 1680
1682 1678 1679
1671 1674 1683
1681 1683 1674
1671 1683 1684
1683 1681 1685
1686 1684 1683
1683 1685 1686
1686 1687 1684
1686 1685 1688
1689 1687 1686
1686 1688 1689
1689 1690 1687
1689 1688 1691
1690 1689 1692
1689 1691 1692
1691 1693 1692
1690 1692 1694
1693 1694 1692
1691 1695 1693
1693 1696 1694
1693 1695 1697
1693 1698 1696
1693 1697 1699
1693 1699 1698
1700 1701 1702
1700 1703 1701
1700 1704 1703
1700 1705 1704
1706 1707 1708
1706 1709 1707
1706 1710 1709
1706 1711 1710
1712 1713 1714
1712 1715 1713
1712 1716 1715
1712 1717 1716
1718 1719 1720
1718 1721 1719
1718 1722 1721
1718 1723 1722
1724 1725 1726
1725 1727 1726
1727 1728 1726
1727 1729 1728
1727 1730 1729
1730 1731 1729
1732 1733 1734
1732 1734 1735
1735 1736 1732
1735 1737 1736
1738 1739 1740
1738 1741 1739
1741 1742 1739
1741 1743 1742
1744 1745 1746
1744 1746 1747
1748 1749 1750
1748 1750 1751
1752 1753 1754
1752 1755 1753
1756 1755 1752
1756 1752 1757
1758 1759 1760
1758 1760 1761
1761 1762 1758
1761 1763 1762
1764 1765 1766
1764 1767 1765
1768 1767 1764
1768 1764 1769
1769 1770 1768
1769 1771 1770
1772 1770 1771
1772 1771 1773
1774 1775 1776
1774 1777 1775
1778 1775 1777
1778 1777 1779
1779 1780 1778
1779 1781 1780
1781 1782 1780
1781 1783 1782
1784 1785 1786
1784 1787 1785
1787 1788 1785
1787 1789 1788
1790 1791 1792
1793 1791 1790
1793 1790 1794
1791 1793 1795
1791 1795 1796
1796 1795 1797
1796 1797 1798
1797 1799 1798
1799 1797 1800
1798 1799 1801
1802 1803 1804
1802 1805 1803
1806 1803 1805
1806 1805 1807
1808 1809 1810
1808 1811 1809
1812 1811 1808
1812 1808 1813
1814 1815 1816
1814 1816 1817
1818 1819 1820
1818 1820 1821
1822 1823 1824
1822 1825 1823
1826 1825 1822
1826 1822 1827
1828 1829 1830
1828 1830 1831
1832 1833 1834
1832 1834 1835
1835 1836 1832
1835 1837 1836
1838 1836 1837
1838 1837 1839
1840 1838 1839
1840 1841 1838
1842 1843 1844
1842 1844 1845
1844 1846 1845
1844 1847 1846
1848 1846 1847
1848 1847 1849
1848 1849 1850
1848 1850 1851
1852 1853 1854
1852 1854 1855
1856 1857 1858
1856 1858 1859
1859 1858 1860
1859 1860 1861
1862 1863 1864
1865 1862 1864
1865 1866 1862
1864 1867 1865
1864 1868 1867
1868 1869 1867
1868 1870 1869
1869 1870 1871
1871 1872 1869
1870 1873 1871
1874 1875 1876
1874 1876 1877
1876 1878 1877
1876 1879 1878
1880 1877 1878
1881 1874 1877
1880 1881 1877
1881 1882 1874
1883 1881 1880
1883 1882 1881
1883 1884 1882
1883 1880 1885
1886 1884 1883
1887 1883 1885
1886 1883 1887
1887 1885 1888
1889 1886 1887
1888 1890 1887
1889 1887 1890
1891 1889 1890
1888 1892 1890
1891 1890 1893
1892 1893 1890
1892 1894 1893
1895 1896 1897
1898 1895 1897
1899 1900 1901
1899 1901 1902
1899 1902 1903
1899 1903 1904
1901 1905 1902
1903 1902 1905
1901 1906 1905
1907 1904 1903
1907 1908 1904
1909 1908 1907
1909 1907 1910
1906 1911 1905
1906 1912 1911
1911 1912 1913
1914 1911 1913
1903 1905 1915
1911 1915 1905
1907 1903 1915
1911 1914 1915
1910 1907 1916
1907 1915 1916
1916 1915 1914
1910 1916 1917
1916 1918 1917
1916 1914 1919
1916 1919 1918
1919 1914 1920
1918 1919 1920
1921 1922 1923
1921 1923 1924
1925 1921 1924
1925 1926 1921
1924 1927 1925
1923 1928 1924
1924 1928 1927
1923 1929 1928
1927 1928 1930
1929 1930 1928
1929 1931 1930
1927 1930 1932
1930 1931 1933
1932 1930 1934
1930 1933 1934
1932 1934 1935
1934 1933 1936
1937 1935 1934
1934 1936 1937
1937 1936 1938
1937 1939 1935
1937 1938 1940
1940 1939 1937
1940 1941 1939
1942 1943 1944
1942 1945 1943
1942 1946 1945
1947 1946 1942
1948 1946 1947
1948 1947 1949
1949 1950 1948
1949 1951 1950
1952 1953 1954
1952 1955 1953
1955 1956 1953
1957 1958 1959
1957 1959 1960
1957 1960 1961
1961 1960 1962
1961 1962 1963
1963 1962 1964
1964 1965 1963
1964 1966 1965
1967 1968 1969
1967 1970 1968
1967 1971 1970
1972 1971 1967
1973 1971 1972
1973 1972 1974
1974 1975 1973
1974 1976 1975
1977 1978 1979
1977 1980 1978
1980 1981 1978
1982 1983 1984
1982 1984 1985
1982 1985 1986
1986 1985 1987
1986 1987 1988
1988 1987 1989
1989 1990 1988
1989 1991 1990
1992 1993 1994
1992 1995 1993
1993 1995 1996
1997 1998 1999
1997 2000 1998
2000 2001 1998
2000 2002 2001
2003 2004 2005
2003 2006 2004
2003 2007 2006
2008 2007 2003
2009 2007 2008
2009 2008 2010
2010 2011 2009
2010 2012 2011
2013 2014 2015
2013 2016 2014
2016 2017 2014
2018 2019 2020
2018 2020 2021
2018 2021 2022
2022 2021 2023
2022 2023 2024
2024 2023 2025
2025 2026 2024
2025 2027 2026
2028 2029 2030
2028 2031 2029
2031 2032 2029
2031 2033 2032
2034 2035 2036
2034 2037 2035
2034 2038 2037
2039 2038 2034
2040 2038 2039
2040 2039 2041
2041 2042 2040
2041 2043 2042
2044 2045 2046
2044 2047 2045
2047 2048 2045
2049 2050 2051
2049 2051 2052
2049 2052 2053
2053 2052 2054
2053 2054 2055
2055 2054 2056
2056 2057 2055
2056 2058 2057
2059 2060 2061
2059 2062 2060
2062 2063 2060
2062 2064 2063
2065 2066 2067
2065 2068 2066
2065 2069 2068
2070 2069 2065
2071 2069 2070
2071 2070 2072
2072 2073 2071
2072 2074 2073
2075 2076 2077
2075 2078 2076
2078 2079 2076
2080 2081 2082
2080 2082 2083
2080 2083 2084
2084 2083 2085
2084 2085 2086
2086 2085 2087
2087 2088 2086
2087 2089 2088
2090 2091 2092
2090 2093 2091
2093 2094 2091
2093 2095 2094
2096 2097 2098
2096 2099 2097
2096 2100 2099
2101 2100 2096
2102 2100 2101
2102 2101 2103
2103 2104 2102
2103 2105 2104
2106 2107 2108
2106 2109 2107
2109 2110 2107
2111 2112 2113
2111 2113 2114
2111 2114 2115
2115 2114 2116
2115 2116 2117
2117 2116 2118
2118 2119 2117
2118 2120 2119
2121 2122 2123
2121 2124 2122
2124 2125 2122
2124 2126 2125
2127 2128 2129
2127 2130 2128
2127 2131 2130
2132 2131 2127
2133 2131 2132
2134 2135 2136
2134 2137 2135
2137 2138 2135
2139 2140 2141
2139 2141 2142
2139 2142 2143
2143 2142 2144
2143 2144 2145
2145 2144 2146
2146 2147 2145
2146 2148 2147
2149 2150 2151
2149 2152 2150
2152 2153 2150
2152 2154 2153
2155 2156 2157
2155 2158 2156
2155 2159 2158
2160 2159 2155
2161 2159 2160
2161 2160 2162
2162 2163 2161
2162 2164 2163
2165 2166 2167
2165 2168 2166
2168 2169 2166
2170 2171 2172
2170 2172 2173
2170 2173 2174
2174 2173 2175
2174 2175 2176
2176 2175 2177
2177 2178 2176
2177 2179 2178
2180 2181 2182
2180 2183 2181
2181 2183 2184
2185 2186 2187
2185 2188 2186
2185 2189 2188
2190 2189 2185
2191 2189 2190
2191 2190 2192
2192 2193 2191
2192 2194 2193
2195 2196 2197
2195 2198 2196
2198 2199 2196
2200 2201 2202
2200 2202 2203
2200 2203 2204
2204 2203 2205
2204 2205 2206
2206 2205 2207
2207 2208 2206
2207 2209 2208
2210 2211 2212
2210 2213 2211
2211 2213 2214
2215 2216 2217
2215 2218 2216
2215 2219 2218
2220 2219 2215
2221 2219 2220
2221 2220 2222
2222 2223 2221
2222 2224 2223
2225 2226 2227
2225 2228 2226
2228 2229 2226
2230 2231 2232
2230 2232 2233
2230 2233 2234
2234 2233 2235
2234 2235 2236
2236 2235 2237
2237 2238 2236
2237 2239 2238
2240 2241 2242
2240 2243 2241
2240 2244 2243
2245 2244 2240
2246 2244 2245
2246 2245 2247
2247 2248 2246
2247 2249 2248
2250 2251 2252
2250 2253 2251
2253 2254 2251
2255 2256 2257
2255 2257 2258
2255 2258 2259
2259 2258 2260
2259 2260 2261
2261 2260 2262
2262 2263 2261
2262 2264 2263
2265 2266 2267
2265 2268 2266
2266 2268 2269
2270 2271 2272
2270 2273 2271
2273 2274 2271
2273 2275 2274
2276 2277 2278
2276 2279 2277
2276 2280 2279
2281 2280 2276
2282 2280 2281
2282 2281 2283
2283 2284 2282
2283 2285 2284
2286 2287 2288
2286 2289 2287
2289 2290 2287
2291 2292 2293
2291 2293 2294
2291 2294 2295
2295 2294 2296
2295 2296 2297
2297 2296 2298
2298 2299 2297
2298 2300 2299
2301 2302 2303
2301 2304 2302
2304 2305 2302
2304 2306 2305
2307 2308 2309
2307 2310 2308
2310 2311 2308
2310 2312 2311
2313 2314 2315
2313 2316 2314
2316 2317 2314
2316 2318 2317
2319 2320 2321
2319 2322 2320
2322 2323 2320
2322 2324 2323
2325 2326 2327
2325 2328 2326
2328 2329 2326
2328 2330 2329
2331 2332 2333
2331 2334 2332
2331 2335 2334
2336 2335 2331
2337 2335 2336
2337 2336 2338
2338 2339 2337
2338 2340 2339
2341 2342 2343
2341 2344 2342
2344 2345 2342
2346 2347 2348
2346 2348 2349
2346 2349 2350
2350 2349 2351
2350 2351 2352
2352 2351 2353
2353 2354 2352
2353 2355 2354
2356 2357 2358
2356 2359 2357
2356 2360 2359
2361 2360 2356
2362 2360 2361
2362 2361 2363
2363 2364 2362
2363 2365 2364
2366 2367 2368
2366 2369 2367
2369 2370 2367
2371 2372 2373
2371 2373 2374
2371 2374 2375
2375 2374 2376
2375 2376 2377
2377 2376 2378
2378 2379 2377
2378 2380 2379
2381 2382 2383
2381 2384 2382
2381 2385 2384
2386 2385 2381
2387 2385 2386
2388 2389 2390
2388 2391 2389
2391 2392 2389
2393 2394 2395
2393 2395 2396
2393 2396 2397
2397 2396 2398
2397 2398 2399
2399 2398 2400
2400 2401 2399
2400 2402 2401
2403 2404 2405
2403 2406 2404
2403 2407 2406
2408 2407 2403
2409 2407 2408
2409 2408 2410
2410 2411 2409
2410 2412 2411
2413 2414 2415
2413 2416 2414
2416 2417 2414
2418 2419 2420
2418 2420 2421
2418 2421 2422
2422 2421 2423
2422 2423 2424
2424 2423 2425
2425 2426 2424
2425 2427 2426
2428 2429 2430
2428 2431 2429
2428 2432 2431
2433 2432 2428
2434 2432 2433
2434 2433 2435
2435 2436 2434
2435 2437 2436
2438 2439 2440
2438 2441 2439
2441 2442 2439
2443 2444 2445
2443 2445 2446
2443 2446 2447
2447 2446 2448
2447 2448 2449
2449 2448 2450
2450 2451 2449
2450 2452 2451
2453 2454 2455
2453 2456 2454
2453 2457 2456
2458 2457 2453
2459 2457 2458
2459 2458 2460
2460 2461 2459
2460 2462 2461
2463 2464 2465
2463 2466 2464
2466 2467 2464
2468 2469 2470
2468 2470 2471
2468 2471 2472
2472 2471 2473
2472 2473 2474
2474 2473 2475
2475 2476 2474
2475 2477 2476
2478 2479 2480
2478 2481 2479
2479 2481 2482
2483 2484 2485
2483 2486 2484
2486 2487 2484
2486 2488 2487
2489 2490 2491
2489 2492 2490
2489 2493 2492
2494 2493 2489
2495 2493 2494
2495 2494 2496
2496 2497 2495
2496 2498 2497
2499 2500 2501
2499 2502 2500
2502 2503 2500
2504 2505 2506
2504 2506 2507
2504 2507 2508
2508 2507 2509
2508 2509 2510
2510 2509 2511
2511 2512 2510
2511 2513 2512
2514 2515 2516
2514 2517 2515
2517 2518 2515
2517 2519 2518
2520 2521 2522
2520 2523 2521
2523 2524 2521
2523 2525 2524
2526 2527 2528
2526 2529 2527
2529 2530 2527
2529 2531 2530
2532 2533 2534
2532 2535 2533
2535 2536 2533
2535 2537 2536
2538 2539 2540
2538 2541 2539
2541 2542 2539
2541 2543 2542
2544 2545 2546
2544 2547 2545
2547 2548 2545
2547 2549 2548
2550 2551 2552
2550 2553 2551
2550 2554 2553
2555 2554 2550
2556 2554 2555
2556 2555 2557
2557 2558 2556
2557 2559 2558
2560 2561 2562
2560 2563 2561
2563 2564 2561
2565 2566 2567
2565 2567 2568
2565 2568 2569
2569 2568 2570
2569 2570 2571
2571 2570 2572
2572 2573 2571
2572 2574 2573
2575 2576 2577
2575 2578 2576
2576 2578 2579
2580 2581 2582
2580 2583 2581
2583 2584 2581
2583 2585 2584
2586 2587 2588
2586 2589 2587
2586 2590 2589
2591 2590 2586
2592 2590 2591
2592 2591 2593
2593 2594 2592
2593 2595 2594
2596 2597 2598
2596 2599 2597
2599 2600 2597
2601 2602 2603
2601 2603 2604
2601 2604 2605
2605 2604 2606
2605 2606 2607
2607 2606 2608
2608 2609 2607
2608 2610 2609
2611 2612 2613
2611 2614 2612
2612 2614 2615
2616 2617 2618
2616 2619 2617
2616 2620 2619
2621 2620 2616
2622 2620 2621
2623 2624 2625
2623 2625 2626
2623 2626 2627
2627 2626 2628
2627 2628 2629
2629 2628 2630
2630 2631 2629
2630 2632 2631
2633 2634 2635
2633 2636 2634
2633 2637 2636
2638 2637 2633
2639 2637 2638
2639 2638 2640
2640 2641 2639
2640 2642 2641
2643 2644 2645
2643 2646 2644
2646 2647 2644
2648 2649 2650
2648 2650 2651
2648 2651 2652
2652 2651 2653
2652 2653 2654
2654 2653 2655
2655 2656 2654
2655 2657 2656
2658 2659 2660
2658 2661 2659
2659 2661 2662
2663 2664 2665
2663 2666 2664
2666 2667 2664
2666 2668 2667
2669 2670 2671
2669 2672 2670
2669 2673 2672
2674 2673 2669
2675 2673 2674
2675 2674 2676
2676 2677 2675
2676 2678 2677
2679 2680 2681
2679 2682 2680
2682 2683 2680
2684 2685 2686
2684 2686 2687
2684 2687 2688
2688 2687 2689
2688 2689 2690
2690 2689 2691
2691 2692 2690
2691 2693 2692
2694 2695 2696
2694 2697 2695
2695 2697 2698
2699 2700 2701
2699 2702 2700
2702 2703 2700
2702 2704 2703
2705 2706 2707
2705 2708 2706
2708 2709 2706
2708 2710 2709
2711 2712 2713
2711 2714 2712
2714 2715 2712
2714 2716 2715
2717 2718 2719
2717 2720 2718
2717 2721 2720
2722 2721 2717
2723 2721 2722
2723 2722 2724
2724 2725 2723
2724 2726 2725
2727 2728 2729
2727 2730 2728
2730 2731 2728
2732 2733 2734
2732 2734 2735
2732 2735 2736
2736 2735 2737
2736 2737 2738
2738 2737 2739
2739 2740 2738
2739 2741 2740
2742 2743 2744
2742 2745 2743
2745 2746 2743
2745 2747 2746
2748 2749 2750
2748 2751 2749
2751 2752 2749
2751 2753 2752
2754 2755 2756
2754 2757 2755
2754 2758 2757
2759 2758 2754
2760 2758 2759
2761 2762 2763
2761 2764 2762
2764 2765 2762
2766 2767 2768
2766 2768 2769
2770 2771 2772
2770 2772 2773
2770 2773 2774
2774 2773 2775
2774 2775 2776
2776 2775 2777
2777 2778 2776
2777 2779 2778
2780 2781 2782
2780 2783 2781
2781 2783 2784
2785 2786 2787
2785 2788 2786
2788 2789 2786
2788 2790 2789
2791 2792 2793
2791 2794 2792
2791 2795 2794
2796 2795 2791
2797 2795 2796
2797 2796 2798
2798 2799 2797
2798 2800 2799
2801 2802 2803
2801 2804 2802
2804 2805 2802
2806 2807 2808
2806 2808 2809
2806 2809 2810
2810 2809 2811
2810 2811 2812
2812 2811 2813
2813 2814 2812
2813 2815 2814
2816 2817 2818
2816 2819 2817
2819 2820 2817
2819 2821 2820
2822 2823 2824
2822 2825 2823
2825 2826 2823
2825 2827 2826
2828 2829 2830
2828 2831 2829
2831 2832 2829
2831 2833 2832
2834 2835 2836
2834 2837 2835
2834 2838 2837
2839 2838 2834
2840 2838 2839
2840 2839 2841
2841 2842 2840
2841 2843 2842
2844 2845 2846
2844 2847 2845
2847 2848 2845
2849 2850 2851
2849 2851 2852
2849 2852 2853
2853 2852 2854
2853 2854 2855
2855 2854 2856
2856 2857 2855
2856 2858 2857
2859 2860 2861
2859 2862 2860
2859 2863 2862
2864 2863 2859
2865 2863 2864
2866 2867 2868
2866 2869 2867
2869 2870 2867
2871 2872 2873
2871 2873 2874
2871 2874 2875
2875 2874 2876
2875 2876 2877
2877 2876 2878
2878 2879 2877
2878 2880 2879
2881 2882 2883
2881 2884 2882
2882 2884 2885
2886 2887 2888
2886 2889 2887
2886 2890 2889
2891 2890 2886
2892 2890 2891
2892 2891 2893
2893 2894 2892
2893 2895 2894
2896 2897 2898
2896 2899 2897
2899 2900 2897
2901 2902 2903
2901 2903 2904
2901 2904 2905
2905 2904 2906
2905 2906 2907
2907 2906 2908
2908 2909 2907
2908 2910 2909
2911 2912 2913
2911 2914 2912
2912 2914 2915
2916 2917 2918
2916 2919 2917
2916 2920 2919
2921 2920 2916
2922 2920 2921
2922 2921 2923
2923 2924 2922
2923 2925 2924
2926 2927 2928
2926 2929 2927
2929 2930 2927
2931 2932 2933
2931 2933 2934
2931 2934 2935
2935 2934 2936
2935 2936 2937
2937 2936 2938
2938 2939 2937
2938 2940 2939
2941 2942 2943
2941 2944 2942
2942 2944 2945
2946 2947 2948
2946 2949 2947
2949 2950 2947
2949 2951 2950
2952 2953 2954
2952 2955 2953
2955 2956 2953
2955 2957 2956
2958 2959 2960
2958 2961 2959
2958 2962 2961
2963 2962 2958
2964 2962 2963
2964 2963 2965
2965 2966 2964
2965 2967 2966
2968 2969 2970
2968 2971 2969
2971 2972 2969
2973 2974 2975
2973 2975 2976
2973 2976 2977
2977 2976 2978
2977 2978 2979
2979 2978 2980
2980 2981 2979
2980 2982 2981
2983 2984 2985
2983 2986 2984
2983 2987 2986
2988 2987 2983
2989 2987 2988
2990 2991 2992
2990 2993 2991
2993 2994 2991
2995 2996 2997
2995 2997 2998
2995 2998 2999
2999 2998 3000
2999 3000 3001
3001 3000 3002
3002 3003 3001
3002 3004 3003
3005 3006 3007
3005 3008 3006
3006 3008 3009
3010 3011 3012
3010 3013 3011
3010 3014 3013
3015 3014 3010
3016 3014 3015
3016 3015 3017
3017 3018 3016
3017 3019 3018
3020 3021 3022
3020 3022 3023
3024 3025 3026
3024 3026 3027
3027 3028 3024
3029 3028 3027
3029 3030 3028
3031 3032 3033
3031 3034 3032
3032 3034 3035
3036 3037 3038
3036 3039 3037
3039 3040 3037
3039 3041 3040
3042 3043 3044
3042 3045 3043
3045 3046 3043
3045 3047 3046
3048 3049 3050
3048 3051 3049
3048 3052 3051
3053 3052 3048
3054 3052 3053
3054 3053 3055
3055 3056 3054
3055 3057 3056
3058 3059 3060
3060 3059 3061
3061 3059 3062
3063 3061 3062
3063 3062 3064
3065 3066 3067
3065 3067 3068
3065 3068 3069
3069 3068 3070
3069 3070 3071
3071 3070 3072
3072 3073 3071
3072 3074 3073
3075 3076 3077
3075 3078 3076
3076 3078 3079
3080 3081 3082
3080 3083 3081
3083 3084 3081
3083 3085 3084
3086 3087 3088
3086 3089 3087
3089 3090 3087
3089 3091 3090
3092 3093 3094
3092 3095 3093
3092 3096 3095
3097 3096 3092
3098 3096 3097
3098 3097 3099
3099 3100 3098
3099 3101 3100
3102 3103 3104
3102 3104 3105
3106 3107 3108
3108 3107 3109
3109 3107 3110
3111 3109 3110
3111 3110 3112
3113 3114 3115
3113 3115 3116
3113 3116 3117
3117 3116 3118
3117 3118 3119
3119 3118 3120
3120 3121 3119
3120 3122 3121
3123 3124 3125
3123 3126 3124
3123 3127 3126
3128 3127 3123
3129 3127 3128
3129 3128 3130
3130 3131 3129
3130 3132 3131
3133 3134 3135
3133 3136 3134
3136 3137 3134
3138 3139 3140
3138 3140 3141
3138 3141 3142
3142 3141 3143
3142 3143 3144
3144 3143 3145
3145 3146 3144
3145 3147 3146
3148 3149 3150
3148 3151 3149
3149 3151 3152
3153 3154 3155
3153 3156 3154
3156 3157 3154
3156 3158 3157
3159 3160 3161
3159 3162 3160
3159 3163 3162
3164 3163 3159
3165 3163 3164
3165 3164 3166
3166 3167 3165
3166 3168 3167
3169 3170 3171
3169 3171 3172
3173 3174 3175
3173 3175 3176
3176 3177 3173
3178 3177 3176
3178 3179 3177
3180 3181 3182
3180 3183 3181
3181 3183 3184
3185 3186 3187
3185 3188 3186
3188 3189 3186
3188 3190 3189
3191 3192 3193
3191 3194 3192
3191 3195 3194
3196 3195 3191
3197 3195 3196
3197 3196 3198
3198 3199 3197
3198 3200 3199
3201 3202 3203
3201 3204 3202
3204 3205 3202
3206 3207 3208
3206 3208 3209
3206 3209 3210
3210 3209 3211
3210 3211 3212
3212 3211 3213
3213 3214 3212
3213 3215 3214
3216 3217 3218
3216 3219 3217
3217 3219 3220
3221 3222 3223
3221 3224 3222
3221 3225 3224
3226 3225 3221
3227 3225 3226
3227 3226 3228
3228 3229 3227
3228 3230 3229
3231 3232 3233
3231 3234 3232
3234 3235 3232
3236 3237 3238
3236 3238 3239
3236 3239 3240
3240 3239 3241
3240 3241 3242
3242 3241 3243
3243 3244 3242
3243 3245 3244
3246 3247 3248
3246 3249 3247
3247 3249 3250
3251 3252 3253
3251 3254 3252
3254 3255 3252
3254 3256 3255
3257 3258 3259
3257 3260 3258
3257 3261 3260
3262 3261 3257
3263 3261 3262
3263 3262 3264
3264 3265 3263
3264 3266 3265
3267 3268 3269
3267 3270 3268
3270 3271 3268
3272 3273 3274
3272 3274 3275
3272 3275 3276
3276 3275 3277
3276 3277 3278
3278 3277 3279
3279 3280 3278
3279 3281 3280
3282 3283 3284
3282 3285 3283
3283 3285 3286
3287 3288 3289
3287 3290 3288
3290 3291 3288
3290 3292 3291
3293 3294 3295
3293 3296 3294
3293 3297 3296
3298 3297 3293
3299 3297 3298
3299 3298 3300
3300 3301 3299
3300 3302 3301
3303 3304 3305
3303 3306 3304
3306 3307 3304
3308 3309 3310
3308 3310 3311
3308 3311 3312
3312 3311 3313
3312 3313 3314
3314 3313 3315
3315 3316 3314
3315 3317 3316
3318 3319 3320
3318 3321 3319
3319 3321 3322
3323 3324 3325
3323 3326 3324
3326 3327 3324
3326 3328 3327
3329 3330 3331
3329 3332 3330
3329 3333 3332
3334 3333 3329
3335 3333 3334
3335 3334 3336
3336 3337 3335
3336 3338 3337
3339 3340 3341
3339 3342 3340
3342 3343 3340
3344 3345 3346
3344 3346 3347
3344 3347 3348
3348 3347 3349
3348 3349 3350
3350 3349 3351
3351 3352 3350
3351 3353 3352
3354 3355 3356
3354 3357 3355
3355 3357 3358
3359 3360 3361
3359 3362 3360
3362 3363 3360
3364 3365 3366
3364 3366 3367
3367 3368 3364
3367 3369 3368
3368 3369 3370
3370 3369 3371
3372 3373 3374
3372 3374 3375
3375 3376 3372
3377 3376 3375
3377 3378 3376
3379 3378 3377
3380 3381 3382
3380 3383 3381
3383 3384 3381
3383 3385 3384
3386 3387 3388
3386 3389 3387
3386 3390 3389
3391 3390 3386
3392 3390 3391
3393 3394 3395
3393 3395 3396
3393 3396 3397
3397 3396 3398
3397 3398 3399
3399 3398 3400
3400 3401 3399
3400 3402 3401
3403 3404 3405
3403 3406 3404
3404 3406 3407
3408 3409 3410
3408 3411 3409
3408 3412 3411
3413 3412 3408
3414 3412 3413
3414 3413 3415
3415 3416 3414
3415 3417 3416
3418 3419 3420
3418 3421 3419
3421 3422 3419
3423 3424 3425
3423 3425 3426
3423 3426 3427
3427 3426 3428
3427 3428 3429
3429 3428 3430
3430 3431 3429
3430 3432 3431
3433 3434 3435
3433 3436 3434
3434 3436 3437
3438 3439 3440
3438 3441 3439
3441 3442 3439
3441 3443 3442
3444 3445 3446
3444 3447 3445
3444 3448 3447
3449 3448 3444
3450 3448 3449
3450 3449 3451
3451 3452 3450
3451 3453 3452
3454 3455 3456
3454 3457 3455
3457 3458 3455
3459 3460 3461
3459 3461 3462
3459 3462 3463
3463 3462 3464
3463 3464 3465
3465 3464 3466
3466 3467 3465
3466 3468 3467
3469 3470 3471
3469 3472 3470
3470 3472 3473
3474 3475 3476
3474 3477 3475
3477 3478 3475
3477 3479 3478
3480 3481 3482
3480 3483 3481
3483 3484 3481
3483 3485 3484
3486 3487 3488
3486 3488 3489
3490 3489 3488
3490 3488 3491
3490 3491 3492
3490 3492 3493
3494 3493 3492
3494 3492 3495
3496 3497 3498
3496 3499 3497
3497 3499 3500
3497 3500 3501
3502 3501 3500
3502 3500 3503
3504 3502 3503
3504 3505 3502
3506 3507 3508
3507 3509 3508
3507 3510 3509
3509 3510 3511
3509 3511 3512
3512 3511 3513
3514 3515 3516
3515 3517 3516
3515 3518 3517
3517 3518 3519
3517 3519 3520
3520 3519 3521
3522 3523 3524
3522 3525 3523
3525 3526 3523
3525 3527 3526
3526 3527 3528
3526 3528 3529
3529 3528 3530
3529 3530 3531
3532 3533 3534
3532 3535 3533
3535 3532 3536
3535 3536 3537
3538 3537 3536
3538 3536 3539
3539 3540 3538
3539 3541 3540
3542 3543 3544
3542 3544 3545
3546 3542 3545
3546 3545 3547
3548 3546 3547
3548 3547 3549
3550 3548 3549
3550 3549 3551
3552 3550 3551
3552 3551 3553
3554 3552 3553
3554 3553 3555
3556 3554 3555
3556 3555 3557
3558 3556 3557
3558 3557 3559
3560 3561 3562
3560 3562 3563
3564 3560 3563
3564 3563 3565
3566 3564 3565
3566 3565 3567
3568 3566 3567
3568 3567 3569
3570 3568 3569
3570 3569 3571
3572 3570 3571
3572 3571 3573
3574 3572 3573
3574 3573 3575
3576 3574 3575
3576 3575 3577
3578 3579 3580
3578 3581 3579
3582 3581 3578
3582 3583 3581
3584 3583 3582
3584 3585 3583
3586 3585 3584
3586 3587 3585
3588 3587 3586
3588 3589 3587
3590 3589 3588
3590 3591 3589
3592 3591 3590
3592 3593 3591
3594 3593 3592
3594 3595 3593
3596 3597 3598
3597 3596 3599
3597 3599 3600
3601 3600 3599
3601 3599 3602
3601 3602 3603
3604 3605 3606
3604 3607 3605
3607 3608 3605
3607 3609 3608
3609 3610 3608
3609 3611 3610
3611 3612 3610
3611 3613 3612
3613 3614 3612
3613 3615 3614
3615 3616 3614
3615 3617 3616
3617 3618 3616
3617 3619 3618
3619 3620 3618
3619 3621 3620
3622 3623 3624
3622 3625 3623
3625 3626 3623
3625 3627 3626
3627 3628 3626
3627 3629 3628
3629 3630 3628
3629 3631 3630
3631 3632 3630
3631 3633 3632
3633 3634 3632
3633 3635 3634
3635 3636 3634
3635 3637 3636
3637 3638 3636
3637 3639 3638
3640 3641 3642
3640 3643 3641
3643 3644 3641
3643 3645 3644
3645 3646 3644
3645 3647 3646
3647 3648 3646
3647 3649 3648
3649 3650 3648
3649 3651 3650
3651 3652 3650
3651 3653 3652
3653 3654 3652
3653 3655 3654
3655 3656 3654
3655 3657 3656
3658 3659 3660
3658 3661 3659
3661 3662 3659
3661 3663 3662
3663 3664 3662
3663 3665 3664
3665 3666 3664
3665 3667 3666
3667 3668 3666
3667 3669 3668
3669 3670 3668
3669 3671 3670
3671 3672 3670
3671 3673 3672
3673 3674 3672
3673 3675 3674
3676 3677 3678
3676 3678 3679
3680 3676 3679
3680 3679 3681
3682 3680 3681
3682 3681 3683
3684 3682 3683
3684 3683 3685
3686 3687 3688
3686 3688 3689
3690 3686 3689
3690 3689 3691
3692 3690 3691
3692 3691 3693
3694 3692 3693
3694 3693 3695
3696 3697 3698
3696 3698 3699
3700 3696 3699
3700 3699 3701
3702 3700 3701
3702 3701 3703
3704 3702 3703
3704 3703 3705
3706 3707 3708
3706 3709 3707
3709 3710 3707
3709 3711 3710
3711 3712 3710
3711 3713 3712
3713 3714 3712
3713 3715 3714
3715 3716 3714
3715 3717 3716
3717 3718 3716
3717 3719 3718
3719 3720 3718
3719 3721 3720
3721 3722 3720
3721 3723 3722
3724 3725 3726
3724 3727 3725
3727 3728 3725
3727 3729 3728
3729 3730 3728
3729 3731 3730
3731 3732 3730
3731 3733 3732
3733 3734 3732
3733 3735 3734
3735 3736 3734
3735 3737 3736
3737 3738 3736
3737 3739 3738
3739 3740 3738
3739 3741 3740
3742 3743 3744
3742 3744 3745
3745 3744 3746
3745 3746 3747
3748 3742 3745
3749 3745 3747
3748 3745 3749
3749 3747 3750
3751 3749 3750
3752 3748 3749
3751 3752 3749
3752 3753 3748
3754 3753 3752
3754 3752 3755
3755 3752 3751
3755 3751 3756
3757 3758 3759
3757 3760 3758
3760 3761 3758
3760 3762 3761
3762 3763 3761
3762 3764 3763
3764 3765 3763
3764 3766 3765
3766 3767 3765
3766 3768 3767
3768 3769 3767
3768 3770 3769
3770 3771 3769
3770 3772 3771
3772 3773 3771
3772 3774 3773
3775 3776 3777
3775 3778 3776
3778 3779 3776
3778 3780 3779
3780 3781 3779
3780 3782 3781
3782 3783 3781
3782 3784 3783
3784 3785 3783
3784 3786 3785
3786 3787 3785
3786 3788 3787
3788 3789 3787
3788 3790 3789
3790 3791 3789
3790 3792 3791
3793 3794 3795
3793 3795 3796
3795 3797 3796
3798 3797 3795
3799 3797 3798
3799 3798 3800
3801 3799 3800
3801 3800 3802
3803 3804 3805
3803 3805 3806
3806 3807 3803
3808 3809 3810
3808 3811 3809
3809 3811 3812
3812 3811 3813
3812 3813 3814
3814 3813 3815
3816 3814 3815
3816 3815 3817
3818 3819 3820
3818 3820 3821
3818 3821 3822
3823 3824 3825
3823 3825 3826
3827 3823 3826
3827 3826 3828
3829 3830 3831
3829 3831 3832
3833 3829 3832
3833 3832 3834
3835 3836 3837
3835 3837 3838
3837 3839 3838
3840 3839 3837
3841 3839 3840
3842 3843 3844
3842 3844 3845
3846 3847 3848
3846 3848 3849
3849 3850 3846
3851 3852 3853
3851 3854 3852
3852 3854 3855
3855 3854 3856
3855 3856 3857
3857 3856 3858
3859 3857 3858
3859 3858 3860
3861 3862 3863
3861 3863 3864
3861 3864 3865
3866 3867 3868
3866 3868 3869
3868 3870 3869
3871 3870 3868
3872 3870 3871
3872 3871 3873
3874 3872 3873
3874 3873 3875
3876 3877 3878
3876 3878 3879
3879 3880 3876
3881 3882 3883
3881 3884 3882
3882 3884 3885
3885 3884 3886
3885 3886 3887
3887 3886 3888
3889 3887 3888
3889 3888 3890
3891 3892 3893
3891 3893 3894
3891 3894 3895
3896 3897 3898
3896 3899 3897
3896 3900 3899
3901 3899 3900
3902 3899 3901
3902 3903 3899
3904 3903 3902
3904 3902 3905
3905 3906 3904
3904 3906 3907
3904 3907 3908
3907 3909 3908
3910 3911 3912
3913 3911 3910
3913 3914 3911
3915 3914 3913
3916 3917 3918
3916 3918 3919
3920 3921 3916
3920 3916 3922
3923 3924 3925
3923 3926 3924
3923 3927 3926
3928 3926 3927
3929 3926 3928
3929 3930 3926
3931 3930 3929
3931 3929 3932
3932 3933 3931
3931 3933 3934
3931 3934 3935
3934 3936 3935
3937 3938 3939
3940 3938 3937
3940 3941 3938
3942 3941 3940
3943 3944 3945
3943 3945 3946
3947 3948 3943
3947 3943 3949
3950 3951 3952
3950 3953 3951
3950 3954 3953
3955 3953 3954
3956 3953 3955
3956 3957 3953
3958 3957 3956
3958 3956 3959
3959 3960 3958
3958 3960 3961
3958 3961 3962
3961 3963 3962
3964 3965 3966
3967 3965 3964
3967 3968 3965
3969 3968 3967
3970 3971 3972
3970 3972 3973
3974 3975 3970
3974 3970 3976
3977 3978 3979
3977 3980 3978
3977 3981 3980
3982 3980 3981
3983 3980 3982
3983 3984 3980
3985 3984 3983
3985 3983 3986
3986 3987 3985
3985 3987 3988
3985 3988 3989
3988 3990 3989
3991 3992 3993
3994 3992 3991
3994 3995 3992
3996 3995 3994
3997 3998 3999
3997 3999 4000
4001 4002 3997
4001 3997 4003
4004 4005 4006
4004 4007 4005
4004 4008 4007
4009 4007 4008
4010 4007 4009
4010 4011 4007
4012 4011 4010
4012 4010 4013
4013 4014 4012
4012 4014 4015
4012 4015 4016
4015 4017 4016
4018 4019 4020
4021 4019 4018
4021 4022 4019
4023 4022 4021
4024 4025 4026
4024 4026 4027
4028 4029 4024
4028 4024 4030
4031 4032 4033
4031 4034 4032
4031 4035 4034
4036 4034 4035
4037 4034 4036
4037 4038 4034
4039 4038 4037
4039 4037 4040
4040 4041 4039
4039 4041 4042
4039 4042 4043
4042 4044 4043
4045 4046 4047
4048 4046 4045
4048 4049 4046
4050 4049 4048
4051 4052 4053
4051 4053 4054
4055 4056 4051
4055 4051 4057
4058 4059 4060
4058 4061 4059
4058 4062 4061
4063 4061 4062
4064 4061 4063
4064 4065 4061
4066 4065 4064
4066 4064 4067
4067 4068 4066
4066 4068 4069
4066 4069 4070
4069 4071 4070
4072 4073 4074
4075 4073 4072
4075 4076 4073
4077 4076 4075
4078 4079 4080
4078 4080 4081
4082 4083 4078
4082 4078 4084
4085 4086 4087
4085 4088 4086
4085 4089 4088
4090 4088 4089
4091 4088 4090
4091 4092 4088
4093 4092 4091
4093 4091 4094
4094 4095 4093
4093 4095 4096
4093 4096 4097
4096 4098 4097
4099 4100 4101
4102 4100 4099
4102 4103 4100
4104 4103 4102
4105 4106 4107
4105 4107 4108
4109 4110 4105
4109 4105 4111
4112 4113 4114
4112 4115 4113
4112 4116 4115
4117 4115 4116
4118 4115 4117
4118 4119 4115
4120 4119 4118
4120 4118 4121
4121 4122 4120
4120 4122 4123
4120 4123 4124
4123 4125 4124
4126 4127 4128
4129 4127 4126
4129 4130 4127
4131 4130 4129
4132 4133 4134
4132 4134 4135
4136 4137 4132
4136 4132 4138
4139 4140 4141
4139 4142 4140
4142 4139 4143
4142 4143 4144
4145 4146 4147
4145 4147 4148
4148 4147 4149
4148 4149 4150
4151 4152 4153
4151 4153 4154
4155 4156 4157
4155 4157 4158
4159 4160 4161
4159 4161 4162
4163 4159 4162
4163 4164 4159
4165 4166 4167
4165 4168 4166
4168 4165 4169
4168 4169 4170
4171 4172 4173
4171 4173 4174
4175 4171 4174
4175 4176 4171
4177 4176 4175
4177 4178 4176
4179 4178 4177
4179 4180 4178
4181 4182 4183
4181 4183 4184
4185 4184 4183
4185 4186 4184
4186 4185 4187
4186 4187 4188
4188 4187 4189
4188 4189 4190
4191 4192 4193
4191 4193 4194
4194 4193 4195
4194 4195 4196
4197 4198 4199
4200 4197 4199
4200 4201 4197
4199 4202 4200
4199 4203 4202
4203 4204 4202
4203 4205 4204
4204 4205 4206
4206 4207 4204
4205 4208 4206
4209 4210 4211
4209 4211 4212
4212 4211 4213
4212 4213 4214
4215 4216 4217
4215 4218 4216
4216 4218 4219
4216 4219 4220
4221 4222 4223
4221 4223 4224
4225 4226 4227
4225 4227 4228
4229 4230 4231
4229 4231 4232
4229 4232 4233
4229 4233 4234
4235 4236 4237
4235 4237 4238
4239 4240 4241
4239 4242 4240
4242 4239 4243
4242 4243 4244
4245 4244 4243
4245 4246 4244
4247 4246 4245
4247 4245 4248
4249 4250 4251
4249 4252 4250
4253 4250 4252
4253 4254 4250
4255 4254 4253
4255 4256 4254
4255 4257 4256
4255 4258 4257
4259 4260 4261
4259 4261 4262
4263 4264 4265
4263 4266 4264
4266 4267 4264
4266 4268 4267
4269 4270 4271
4272 4270 4269
4272 4269 4273
4270 4272 4274
4270 4274 4275
4275 4274 4276
4275 4276 4277
4276 4278 4277
4278 4276 4279
4277 4278 4280
4281 4282 4283
4281 4284 4282
4282 4284 4285
4282 4285 4286
4287 4285 4284
4288 4284 4281
4287 4284 4288
4288 4281 4289
4290 4287 4288
4290 4288 4289
4290 4289 4291
4290 4292 4287
4293 4290 4291
4294 4292 4290
4293 4294 4290
4294 4295 4292
4296 4294 4293
4295 4294 4297
4296 4297 4294
4298 4297 4296
4295 4297 4299
4298 4300 4297
4299 4297 4300
4299 4300 4301
4302 4303 4304
4305 4303 4302
4306 4307 4308
4306 4308 4309
4306 4309 4310
4306 4310 4311
4308 4312 4309
4310 4309 4312
4308 4313 4312
4314 4311 4310
4314 4315 4311
4314 4316 4315
4317 4316 4314
4314 4310 4318
4310 4312 4318
4314 4318 4317
4319 4312 4313
4319 4318 4312
4319 4313 4320
4319 4320 4321
4319 4321 4322
4319 4323 4318
4322 4323 4319
4323 4317 4318
4322 4324 4323
4323 4324 4325
4323 4326 4317
4323 4325 4326
4326 4327 4317
4325 4327 4326
4328 4329 4330
4328 4331 4329
4332 4331 4328
4332 4328 4333
4331 4332 4334
4329 4331 4335
4331 4334 4335
4329 4335 4336
4334 4337 4335
4336 4335 4337
4336 4337 4338
4334 4339 4337
4337 4340 4338
4339 4341 4337
4337 4341 4340
4339 4342 4341
4341 4343 4340
4344 4341 4342
4341 4344 4343
4344 4345 4343
4344 4342 4346
4344 4347 4345
4347 4344 4346
4347 4346 4348
4349 4350 4351
4349 4351 4352
4349 4352 4353
4354 4349 4353
4355 4354 4353
4355 4356 4354
4356 4355 4357
4356 4357 4358
4359 4360 4361
4359 4361 4362
4362 4361 4363
4364 4365 4366
4364 4367 4365
4364 4368 4367
4368 4369 4367
4368 4370 4369
4370 4371 4369
4371 4370 4372
4371 4372 4373
4374 4375 4376
4374 4376 4377
4374 4377 4378
4379 4374 4378
4380 4379 4378
4380 4381 4379
4381 4380 4382
4381 4382 4383
4384 4385 4386
4384 4386 4387
4387 4386 4388
4389 4390 4391
4389 4392 4390
4389 4393 4392
4393 4394 4392
4393 4395 4394
4395 4396 4394
4396 4395 4397
4396 4397 4398
4399 4400 4401
4399 4401 4402
4401 4403 4402
4404 4405 4406
4404 4406 4407
4407 4406 4408
4407 4408 4409
4410 4411 4412
4410 4412 4413
4410 4413 4414
4415 4410 4414
4416 4415 4414
4416 4417 4415
4417 4416 4418
4417 4418 4419
4420 4421 4422
4420 4422 4423
4423 4422 4424
4425 4426 4427
4425 4428 4426
4425 4429 4428
4429 4430 4428
4429 4431 4430
4431 4432 4430
4432 4431 4433
4432 4433 4434
4435 4436 4437
4435 4437 4438
4438 4437 4439
4438 4439 4440
4441 4442 4443
4441 4443 4444
4441 4444 4445
4446 4441 4445
4447 4446 4445
4447 4448 4446
4448 4447 4449
4448 4449 4450
4451 4452 4453
4451 4453 4454
4454 4453 4455
4456 4457 4458
4456 4459 4457
4456 4460 4459
4460 4461 4459
4460 4462 4461
4462 4463 4461
4463 4462 4464
4463 4464 4465
4466 4467 4468
4466 4468 4469
4469 4468 4470
4469 4470 4471
4472 4473 4474
4472 4474 4475
4472 4475 4476
4477 4472 4476
4478 4477 4476
4478 4479 4477
4479 4478 4480
4479 4480 4481
4482 4483 4484
4482 4484 4485
4485 4484 4486
4487 4488 4489
4487 4490 4488
4487 4491 4490
4491 4492 4490
4491 4493 4492
4493 4494 4492
4494 4493 4495
4494 4495 4496
4497 4498 4499
4497 4499 4500
4500 4499 4501
4500 4501 4502
4503 4504 4505
4503 4505 4506
4503 4506 4507
4508 4503 4507
4509 4508 4507
4509 4510 4508
4510 4509 4511
4510 4511 4512
4513 4514 4515
4513 4515 4516
4516 4515 4517
4518 4519 4520
4518 4521 4519
4518 4522 4521
4522 4523 4521
4522 4524 4523
4524 4525 4523
4525 4524 4526
4525 4526 4527
4528 4529 4530
4528 4530 4531
4531 4530 4532
4531 4532 4533
4534 4535 4536
4534 4536 4537
4534 4537 4538
4539 4534 4538
4540 4539 4538
4541 4542 4543
4541 4543 4544
4544 4543 4545
4546 4547 4548
4546 4549 4547
4546 4550 4549
4550 4551 4549
4550 4552 4551
4552 4553 4551
4553 4552 4554
4553 4554 4555
4556 4557 4558
4556 4558 4559
4559 4558 4560
4559 4560 4561
4562 4563 4564
4562 4564 4565
4562 4565 4566
4567 4562 4566
4568 4567 4566
4568 4569 4567
4569 4568 4570
4569 4570 4571
4572 4573 4574
4572 4574 4575
4575 4574 4576
4577 4578 4579
4577 4580 4578
4577 4581 4580
4581 4582 4580
4581 4583 4582
4583 4584 4582
4584 4583 4585
4584 4585 4586
4587 4588 4589
4587 4589 4590
4589 4591 4590
4592 4593 4594
4592 4594 4595
4592 4595 4596
4597 4592 4596
4598 4597 4596
4598 4599 4597
4599 4598 4600
4599 4600 4601
4602 4603 4604
4602 4604 4605
4605 4604 4606
4607 4608 4609
4607 4610 4608
4607 4611 4610
4611 4612 4610
4611 4613 4612
4613 4614 4612
4614 4613 4615
4614 4615 4616
4617 4618 4619
4617 4619 4620
4619 4621 4620
4622 4623 4624
4622 4624 4625
4622 4625 4626
4627 4622 4626
4628 4627 4626
4628 4629 4627
4629 4628 4630
4629 4630 4631
4632 4633 4634
4632 4634 4635
4635 4634 4636
4637 4638 4639
4637 4640 4638
4637 4641 4640
4641 4642 4640
4641 4643 4642
4643 4644 4642
4644 4643 4645
4644 4645 4646
4647 4648 4649
4647 4649 4650
4647 4650 4651
4652 4647 4651
4653 4652 4651
4653 4654 4652
4654 4653 4655
4654 4655 4656
4657 4658 4659
4657 4659 4660
4660 4659 4661
4662 4663 4664
4662 4665 4663
4662 4666 4665
4666 4667 4665
4666 4668 4667
4668 4669 4667
4669 4668 4670
4669 4670 4671
4672 4673 4674
4672 4674 4675
4674 4676 4675
4677 4678 4679
4677 4679 4680
4680 4679 4681
4680 4681 4682
4683 4684 4685
4683 4685 4686
4683 4686 4687
4688 4683 4687
4689 4688 4687
4689 4690 4688
4690 4689 4691
4690 4691 4692
4693 4694 4695
4693 4695 4696
4696 4695 4697
4698 4699 4700
4698 4701 4699
4698 4702 4701
4702 4703 4701
4702 4704 4703
4704 4705 4703
4705 4704 4706
4705 4706 4707
4708 4709 4710
4708 4710 4711
4711 4710 4712
4711 4712 4713
4714 4715 4716
4714 4716 4717
4717 4716 4718
4717 4718 4719
4720 4721 4722
4720 4722 4723
4723 4722 4724
4723 4724 4725
4726 4727 4728
4726 4728 4729
4729 4728 4730
4729 4730 4731
4732 4733 4734
4732 4734 4735
4735 4734 4736
4735 4736 4737
4738 4739 4740
4738 4740 4741
4738 4741 4742
4743 4738 4742
4744 4743 4742
4744 4745 4743
4745 4744 4746
4745 4746 4747
4748 4749 4750
4748 4750 4751
4751 4750 4752
4753 4754 4755
4753 4756 4754
4753 4757 4756
4757 4758 4756
4757 4759 4758
4759 4760 4758
4760 4759 4761
4760 4761 4762
4763 4764 4765
4763 4765 4766
4763 4766 4767
4768 4763 4767
4769 4768 4767
4769 4770 4768
4770 4769 4771
4770 4771 4772
4773 4774 4775
4773 4775 4776
4776 4775 4777
4778 4779 4780
4778 4781 4779
4778 4782 4781
4782 4783 4781
4782 4784 4783
4784 4785 4783
4785 4784 4786
4785 4786 4787
4788 4789 4790
4788 4790 4791
4788 4791 4792
4793 4788 4792
4794 4793 4792
4795 4796 4797
4795 4797 4798
4798 4797 4799
4800 4801 4802
4800 4803 4801
4800 4804 4803
4804 4805 4803
4804 4806 4805
4806 4807 4805
4807 4806 4808
4807 4808 4809
4810 4811 4812
4810 4812 4813
4810 4813 4814
4815 4810 4814
4816 4815 4814
4816 4817 4815
4817 4816 4818
4817 4818 4819
4820 4821 4822
4820 4822 4823
4823 4822 4824
4825 4826 4827
4825 4828 4826
4825 4829 4828
4829 4830 4828
4829 4831 4830
4831 4832 4830
4832 4831 4833
4832 4833 4834
4835 4836 4837
4835 4837 4838
4835 4838 4839
4840 4835 4839
4841 4840 4839
4841 4842 4840
4842 4841 4843
4842 4843 4844
4845 4846 4847
4845 4847 4848
4848 4847 4849
4850 4851 4852
4850 4853 4851
4850 4854 4853
4854 4855 4853
4854 4856 4855
4856 4857 4855
4857 4856 4858
4857 4858 4859
4860 4861 4862
4860 4862 4863
4860 4863 4864
4865 4860 4864
4866 4865 4864
4866 4867 4865
4867 4866 4868
4867 4868 4869
4870 4871 4872
4870 4872 4873
4873 4872 4874
4875 4876 4877
4875 4878 4876
4875 4879 4878
4879 4880 4878
4879 4881 4880
4881 4882 4880
4882 4881 4883
4882 4883 4884
4885 4886 4887
4885 4887 4888
4887 4889 4888
4890 4891 4892
4890 4892 4893
4893 4892 4894
4893 4894 4895
4896 4897 4898
4896 4898 4899
4896 4899 4900
4901 4896 4900
4902 4901 4900
4902 4903 4901
4903 4902 4904
4903 4904 4905
4906 4907 4908
4906 4908 4909
4909 4908 4910
4911 4912 4913
4911 4914 4912
4911 4915 4914
4915 4916 4914
4915 4917 4916
4917 4918 4916
4918 4917 4919
4918 4919 4920
4921 4922 4923
4921 4923 4924
4924 4923 4925
4924 4925 4926
4927 4928 4929
4927 4929 4930
4930 4929 4931
4930 4931 4932
4933 4934 4935
4933 4935 4936
4936 4935 4937
4936 4937 4938
4939 4940 4941
4939 4941 4942
4942 4941 4943
4942 4943 4944
4945 4946 4947
4945 4947 4948
4948 4947 4949
4948 4949 4950
4951 4952 4953
4951 4953 4954
4954 4953 4955
4954 4955 4956
4957 4958 4959
4957 4959 4960
4957 4960 4961
4962 4957 4961
4963 4962 4961
4963 4964 4962
4964 4963 4965
4964 4965 4966
4967 4968 4969
4967 4969 4970
4970 4969 4971
4972 4973 4974
4972 4975 4973
4972 4976 4975
4976 4977 4975
4976 4978 4977
4978 4979 4977
4979 4978 4980
4979 4980 4981
4982 4983 4984
4982 4984 4985
4984 4986 4985
4987 4988 4989
4987 4989 4990
4990 4989 4991
4990 4991 4992
4993 4994 4995
4993 4995 4996
4993 4996 4997
4998 4993 4997
4999 4998 4997
4999 5000 4998
5000 4999 5001
5000 5001 5002
5003 5004 5005
5003 5005 5006
5006 5005 5007
5008 5009 5010
5008 5011 5009
5008 5012 5011
5012 5013 5011
5012 5014 5013
5014 5015 5013
5015 5014 5016
5015 5016 5017
5018 5019 5020
5018 5020 5021
5020 5022 5021
5023 5024 5025
5023 5025 5026
5023 5026 5027
5028 5023 5027
5029 5028 5027
5030 5031 5032
5030 5033 5031
5030 5034 5033
5034 5035 5033
5034 5036 5035
5036 5037 5035
5037 5036 5038
5037 5038 5039
5040 5041 5042
5040 5042 5043
5040 5043 5044
5045 5040 5044
5046 5045 5044
5046 5047 5045
5047 5046 5048
5047 5048 5049
5050 5051 5052
5050 5052 5053
5053 5052 5054
5055 5056 5057
5055 5058 5056
5055 5059 5058
5059 5060 5058
5059 5061 5060
5061 5062 5060
5062 5061 5063
5062 5063 5064
5065 5066 5067
5065 5067 5068
5067 5069 5068
5070 5071 5072
5070 5072 5073
5073 5072 5074
5073 5074 5075
5076 5077 5078
5076 5078 5079
5076 5079 5080
5081 5076 5080
5082 5081 5080
5082 5083 5081
5083 5082 5084
5083 5084 5085
5086 5087 5088
5086 5088 5089
5089 5088 5090
5091 5092 5093
5091 5094 5092
5091 5095 5094
5095 5096 5094
5095 5097 5096
5097 5098 5096
5098 5097 5099
5098 5099 5100
5101 5102 5103
5101 5103 5104
5103 5105 5104
5106 5107 5108
5106 5108 5109
5109 5108 5110
5109 5110 5111
5112 5113 5114
5112 5114 5115
5115 5114 5116
5115 5116 5117
5118 5119 5120
5118 5120 5121
5121 5120 5122
5121 5122 5123
5124 5125 5126
5124 5126 5127
5124 5127 5128
5129 5124 5128
5130 5129 5128
5130 5131 5129
5131 5130 5132
5131 5132 5133
5134 5135 5136
5134 5136 5137
5137 5136 5138
5139 5140 5141
5139 5142 5140
5139 5143 5142
5143 5144 5142
5143 5145 5144
5145 5146 5144
5146 5145 5147
5146 5147 5148
5149 5150 5151
5149 5151 5152
5152 5151 5153
5152 5153 5154
5155 5156 5157
5155 5157 5158
5158 5157 5159
5158 5159 5160
5161 5162 5163
5161 5163 5164
5161 5164 5165
5166 5161 5165
5167 5166 5165
5168 5169 5170
5168 5170 5171
5171 5170 5172
5173 5174 5175
5173 5175 5176
5177 5178 5179
5177 5180 5178
5177 5181 5180
5181 5182 5180
5181 5183 5182
5183 5184 5182
5184 5183 5185
5184 5185 5186
5187 5188 5189
5187 5189 5190
5189 5191 5190
5192 5193 5194
5192 5194 5195
5195 5194 5196
5195 5196 5197
5198 5199 5200
5198 5200 5201
5198 5201 5202
5203 5198 5202
5204 5203 5202
5204 5205 5203
5205 5204 5206
5205 5206 5207
5208 5209 5210
5208 5210 5211
5211 5210 5212
5213 5214 5215
5213 5216 5214
5213 5217 5216
5217 5218 5216
5217 5219 5218
5219 5220 5218
5220 5219 5221
5220 5221 5222
5223 5224 5225
5223 5225 5226
5226 5225 5227
5226 5227 5228
5229 5230 5231
5229 5231 5232
5232 5231 5233
5232 5233 5234
5235 5236 5237
5235 5237 5238
5238 5237 5239
5238 5239 5240
5241 5242 5243
5241 5243 5244
5241 5244 5245
5246 5241 5245
5247 5246 5245
5247 5248 5246
5248 5247 5249
5248 5249 5250
5251 5252 5253
5251 5253 5254
5254 5253 5255
5256 5257 5258
5256 5259 5257
5256 5260 5259
5260 5261 5259
5260 5262 5261
5262 5263 5261
5263 5262 5264
5263 5264 5265
5266 5267 5268
5266 5268 5269
5266 5269 5270
5271 5266 5270
5272 5271 5270
5273 5274 5275
5273 5275 5276
5276 5275 5277
5278 5279 5280
5278 5281 5279
5278 5282 5281
5282 5283 5281
5282 5284 5283
5284 5285 5283
5285 5284 5286
5285 5286 5287
5288 5289 5290
5288 5290 5291
5290 5292 5291
5293 5294 5295
5293 5295 5296
5293 5296 5297
5298 5293 5297
5299 5298 5297
5299 5300 5298
5300 5299 5301
5300 5301 5302
5303 5304 5305
5303 5305 5306
5306 5305 5307
5308 5309 5310
5308 5311 5309
5308 5312 5311
5312 5313 5311
5312 5314 5313
5314 5315 5313
5315 5314 5316
5315 5316 5317
5318 5319 5320
5318 5320 5321
5320 5322 5321
5323 5324 5325
5323 5325 5326
5323 5326 5327
5328 5323 5327
5329 5328 5327
5329 5330 5328
5330 5329 5331
5330 5331 5332
5333 5334 5335
5333 5335 5336
5336 5335 5337
5338 5339 5340
5338 5341 5339
5338 5342 5341
5342 5343 5341
5342 5344 5343
5344 5345 5343
5345 5344 5346
5345 5346 5347
5348 5349 5350
5348 5350 5351
5350 5352 5351
5353 5354 5355
5353 5355 5356
5356 5355 5357
5356 5357 5358
5359 5360 5361
5359 5361 5362
5362 5361 5363
5362 5363 5364
5365 5366 5367
5365 5367 5368
5365 5368 5369
5370 5365 5369
5371 5370 5369
5371 5372 5370
5372 5371 5373
5372 5373 5374
5375 5376 5377
5375 5377 5378
5378 5377 5379
5380 5381 5382
5380 5383 5381
5380 5384 5383
5384 5385 5383
5384 5386 5385
5386 5387 5385
5387 5386 5388
5387 5388 5389
5390 5391 5392
5390 5392 5393
5390 5393 5394
5395 5390 5394
5396 5395 5394
5397 5398 5399
5397 5399 5400
5400 5399 5401
5402 5403 5404
5402 5405 5403
5402 5406 5405
5406 5407 5405
5406 5408 5407
5408 5409 5407
5409 5408 5410
5409 5410 5411
5412 5413 5414
5412 5414 5415
5414 5416 5415
5417 5418 5419
5417 5419 5420
5417 5420 5421
5422 5417 5421
5423 5422 5421
5423 5424 5422
5424 5423 5425
5424 5425 5426
5427 5428 5429
5427 5429 5430
5431 5432 5433
5431 5434 5432
5434 5431 5435
5436 5434 5435
5436 5435 5437
5438 5439 5440
5438 5440 5441
5440 5442 5441
5443 5444 5445
5443 5445 5446
5446 5445 5447
5446 5447 5448
5449 5450 5451
5449 5451 5452
5452 5451 5453
5452 5453 5454
5455 5456 5457
5455 5457 5458
5455 5458 5459
5460 5455 5459
5461 5460 5459
5461 5462 5460
5462 5461 5463
5462 5463 5464
5465 5466 5467
5466 5468 5467
5468 5469 5467
5470 5469 5468
5470 5471 5469
5472 5473 5474
5472 5475 5473
5472 5476 5475
5476 5477 5475
5476 5478 5477
5478 5479 5477
5479 5478 5480
5479 5480 5481
5482 5483 5484
5482 5484 5485
5484 5486 5485
5487 5488 5489
5487 5489 5490
5490 5489 5491
5490 5491 5492
5493 5494 5495
5493 5495 5496
5496 5495 5497
5496 5497 5498
5499 5500 5501
5499 5501 5502
5499 5502 5503
5504 5499 5503
5505 5504 5503
5505 5506 5504
5506 5505 5507
5506 5507 5508
5509 5510 5511
5509 5511 5512
5513 5514 5515
5514 5516 5515
5516 5517 5515
5518 5517 5516
5518 5519 5517
5520 5521 5522
5520 5523 5521
5520 5524 5523
5524 5525 5523
5524 5526 5525
5526 5527 5525
5527 5526 5528
5527 5528 5529
5530 5531 5532
5530 5532 5533
5530 5533 5534
5535 5530 5534
5536 5535 5534
5536 5537 5535
5537 5536 5538
5537 5538 5539
5540 5541 5542
5540 5542 5543
5543 5542 5544
5545 5546 5547
5545 5548 5546
5545 5549 5548
5549 5550 5548
5549 5551 5550
5551 5552 5550
5552 5551 5553
5552 5553 5554
5555 5556 5557
5555 5557 5558
5557 5559 5558
5560 5561 5562
5560 5562 5563
5563 5562 5564
5563 5564 5565
5566 5567 5568
5566 5568 5569
5566 5569 5570
5571 5566 5570
5572 5571 5570
5572 5573 5571
5573 5572 5574
5573 5574 5575
5576 5577 5578
5576 5578 5579
5580 5581 5582
5580 5583 5581
5583 5580 5584
5585 5583 5584
5585 5584 5586
5587 5588 5589
5587 5589 5590
5589 5591 5590
5592 5593 5594
5592 5594 5595
5595 5594 5596
5595 5596 5597
5598 5599 5600
5598 5600 5601
5598 5601 5602
5603 5598 5602
5604 5603 5602
5604 5605 5603
5605 5604 5606
5605 5606 5607
5608 5609 5610
5608 5610 5611
5611 5610 5612
5613 5614 5615
5613 5616 5614
5613 5617 5616
5617 5618 5616
5617 5619 5618
5619 5620 5618
5620 5619 5621
5620 5621 5622
5623 5624 5625
5623 5625 5626
5625 5627 5626
5628 5629 5630
5628 5630 5631
5628 5631 5632
5633 5628 5632
5634 5633 5632
5634 5635 5633
5635 5634 5636
5635 5636 5637
5638 5639 5640
5638 5640 5641
5641 5640 5642
5643 5644 5645
5643 5646 5644
5643 5647 5646
5647 5648 5646
5647 5649 5648
5649 5650 5648
5650 5649 5651
5650 5651 5652
5653 5654 5655
5653 5655 5656
5655 5657 5656
5658 5659 5660
5658 5660 5661
5661 5660 5662
5661 5662 5663
5664 5665 5666
5664 5666 5667
5664 5667 5668
5669 5664 5668
5670 5669 5668
5670 5671 5669
5671 5670 5672
5671 5672 5673
5674 5675 5676
5674 5676 5677
5677 5676 5678
5679 5680 5681
5679 5682 5680
5679 5683 5682
5683 5684 5682
5683 5685 5684
5685 5686 5684
5686 5685 5687
5686 5687 5688
5689 5690 5691
5689 5691 5692
5691 5693 5692
5694 5695 5696
5694 5696 5697
5697 5696 5698
5697 5698 5699
5700 5701 5702
5700 5702 5703
5700 5703 5704
5705 5700 5704
5706 5705 5704
5706 5707 5705
5707 5706 5708
5707 5708 5709
5710 5711 5712
5710 5712 5713
5713 5712 5714
5715 5716 5717
5715 5718 5716
5715 5719 5718
5719 5720 5718
5719 5721 5720
5721 5722 5720
5722 5721 5723
5722 5723 5724
5725 5726 5727
5725 5727 5728
5727 5729 5728
5730 5731 5732
5730 5732 5733
5733 5732 5734
5733 5734 5735
5736 5737 5738
5736 5738 5739
5736 5739 5740
5741 5736 5740
5742 5741 5740
5742 5743 5741
5743 5742 5744
5743 5744 5745
5746 5747 5748
5746 5748 5749
5749 5748 5750
5751 5752 5753
5751 5754 5752
5751 5755 5754
5755 5756 5754
5755 5757 5756
5757 5758 5756
5758 5757 5759
5758 5759 5760
5761 5762 5763
5761 5763 5764
5763 5765 5764
5766 5767 5768
5766 5768 5769
5769 5768 5770
5771 5772 5773
5771 5774 5772
5774 5771 5775
5774 5775 5776
5775 5777 5776
5777 5778 5776
5779 5780 5781
5779 5782 5780
5782 5779 5783
5784 5782 5783
5784 5783 5785
5786 5784 5785
5787 5788 5789
5787 5789 5790
5790 5789 5791
5790 5791 5792
5793 5794 5795
5793 5795 5796
5793 5796 5797
5798 5793 5797
5799 5798 5797
5800 5801 5802
5800 5803 5801
5800 5804 5803
5804 5805 5803
5804 5806 5805
5806 5807 5805
5807 5806 5808
5807 5808 5809
5810 5811 5812
5810 5812 5813
5812 5814 5813
5815 5816 5817
5815 5817 5818
5815 5818 5819
5820 5815 5819
5821 5820 5819
5821 5822 5820
5822 5821 5823
5822 5823 5824
5825 5826 5827
5825 5827 5828
5828 5827 5829
5830 5831 5832
5830 5833 5831
5830 5834 5833
5834 5835 5833
5834 5836 5835
5836 5837 5835
5837 5836 5838
5837 5838 5839
5840 5841 5842
5840 5842 5843
5842 5844 5843
5845 5846 5847
5845 5847 5848
5848 5847 5849
5848 5849 5850
5851 5852 5853
5851 5853 5854
5851 5854 5855
5856 5851 5855
5857 5856 5855
5857 5858 5856
5858 5857 5859
5858 5859 5860
5861 5862 5863
5861 5863 5864
5864 5863 5865
5866 5867 5868
5866 5869 5867
5866 5870 5869
5870 5871 5869
5870 5872 5871
5872 5873 5871
5873 5872 5874
5873 5874 5875
5876 5877 5878
5876 5878 5879
5878 5880 5879
5881 5882 5883
5881 5883 5884
5884 5883 5885
5884 5885 5886
5887 5888 5889
5887 5889 5890
5890 5889 5891
5890 5891 5892
5893 5894 5895
5893 5895 5896
5897 5893 5896
5897 5898 5893
5897 5899 5898
5897 5900 5899
5901 5899 5900
5901 5902 5899
5903 5904 5905
5903 5905 5906
5905 5907 5906
5905 5908 5907
5909 5907 5908
5909 5910 5907
5911 5910 5909
5911 5909 5912
5913 5914 5915
5915 5914 5916
5915 5916 5917
5918 5917 5916
5918 5916 5919
5919 5920 5918
5921 5922 5923
5924 5923 5922
5924 5925 5923
5924 5926 5925
5924 5927 5926
5927 5928 5926
5929 5930 5931
5929 5932 5930
5932 5929 5933
5932 5933 5934
5933 5935 5934
5933 5936 5935
5937 5935 5936
5937 5936 5938
5939 5940 5941
5939 5942 5940
5942 5943 5940
5942 5944 5943
5945 5943 5944
5945 5946 5943
5946 5945 5947
5946 5947 5948
5949 5950 5951
5949 5952 5950
5953 5952 5949
5953 5954 5952
5955 5954 5953
5955 5956 5954
5957 5956 5955
5957 5958 5956
5959 5958 5957
5959 5960 5958
5961 5960 5959
5961 5962 5960
5963 5962 5961
5963 5964 5962
5965 5964 5963
5965 5966 5964
5967 5968 5969
5967 5970 5968
5971 5970 5967
5971 5972 5970
5973 5972 5971
5973 5974 5972
5975 5974 5973
5975 5976 5974
5977 5976 5975
5977 5978 5976
5979 5978 5977
5979 5980 5978
5981 5980 5979
5981 5982 5980
5983 5982 5981
5983 5984 5982
5985 5986 5987
5985 5987 5988
5989 5985 5988
5989 5988 5990
5991 5989 5990
5991 5990 5992
5993 5991 5992
5993 5992 5994
5995 5993 5994
5995 5994 5996
5997 5995 5996
5997 5996 5998
5999 5997 5998
5999 5998 6000
6001 5999 6000
6001 6000 6002
6003 6004 6005
6005 6006 6003
6005 6007 6006
6008 6006 6007
6008 6009 6006
6008 6010 6009
6011 6012 6013
6011 6013 6014
6014 6013 6015
6014 6015 6016
6016 6015 6017
6016 6017 6018
6018 6017 6019
6018 6019 6020
6020 6019 6021
6020 6021 6022
6022 6021 6023
6022 6023 6024
6024 6023 6025
6024 6025 6026
6026 6025 6027
6026 6027 6028
6029 6030 6031
6029 6031 6032
6032 6031 6033
6032 6033 6034
6034 6033 6035
6034 6035 6036
6036 6035 6037
6036 6037 6038
6038 6037 6039
6038 6039 6040
6040 6039 6041
6040 6041 6042
6042 6041 6043
6042 6043 6044
6044 6043 6045
6044 6045 6046
6047 6048 6049
6047 6049 6050
6050 6049 6051
6050 6051 6052
6052 6051 6053
6052 6053 6054
6054 6053 6055
6054 6055 6056
6056 6055 6057
6056 6057 6058
6058 6057 6059
6058 6059 6060
6060 6059 6061
6060 6061 6062
6062 6061 6063
6062 6063 6064
6065 6066 6067
6065 6067 6068
6068 6067 6069
6068 6069 6070
6070 6069 6071
6070 6071 6072
6072 6071 6073
6072 6073 6074
6074 6073 6075
6074 6075 6076
6076 6075 6077
6076 6077 6078
6078 6077 6079
6078 6079 6080
6080 6079 6081
6080 6081 6082
6083 6084 6085
6083 6086 6084
6087 6086 6083
6087 6088 6086
6089 6088 6087
6089 6090 6088
6091 6090 6089
6091 6092 6090
6093 6094 6095
6093 6096 6094
6097 6096 6093
6097 6098 6096
6099 6098 6097
6099 6100 6098
6101 6100 6099
6101 6102 6100
6103 6104 6105
6103 6106 6104
6107 6106 6103
6107 6108 6106
6109 6108 6107
6109 6110 6108
6111 6110 6109
6111 6112 6110
6113 6114 6115
6113 6115 6116
6116 6115 6117
6116 6117 6118
6118 6117 6119
6118 6119 6120
6120 6119 6121
6120 6121 6122
6122 6121 6123
6122 6123 6124
6124 6123 6125
6124 6125 6126
6126 6125 6127
6126 6127 6128
6128 6127 6129
6128 6129 6130
6131 6132 6133
6131 6133 6134
6134 6133 6135
6134 6135 6136
6136 6135 6137
6136 6137 6138
6138 6137 6139
6138 6139 6140
6140 6139 6141
6140 6141 6142
6142 6141 6143
6142 6143 6144
6144 6143 6145
6144 6145 6146
6146 6145 6147
6146 6147 6148
6149 6150 6151
6149 6152 6150
6152 6153 6150
6152 6154 6153
6155 6152 6149
6156 6154 6152
6155 6156 6152
6156 6157 6154
6156 6158 6157
6155 6159 6156
6156 6159 6158
6155 6160 6159
6161 6159 6160
6161 6162 6159
6162 6158 6159
6162 6163 6158
6164 6165 6166
6164 6166 6167
6167 6166 6168
6167 6168 6169
6169 6168 6170
6169 6170 6171
6171 6170 6172
6171 6172 6173
6173 6172 6174
6173 6174 6175
6175 6174 6176
6175 6176 6177
6177 6176 6178
6177 6178 6179
6179 6178 6180
6179 6180 6181
6182 6183 6184
6182 6184 6185
6185 6184 6186
6185 6186 6187
6187 6186 6188
6187 6188 6189
6189 6188 6190
6189 6190 6191
6191 6190 6192
6191 6192 6193
6193 6192 6194
6193 6194 6195
6195 6194 6196
6195 6196 6197
6197 6196 6198
6197 6198 6199
6200 6201 6202
6200 6203 6201
6201 6203 6204
6205 6201 6204
6206 6205 6204
6206 6207 6205
6208 6207 6206
6208 6209 6207
6210 6211 6212
6210 6213 6211
6213 6210 6214
6215 6216 6217
6215 6217 6218
6217 6219 6218
6219 6220 6218
6219 6221 6220
6221 6222 6220
6223 6222 6221
6223 6224 6222
6225 6226 6227
6225 6228 6226
6225 6229 6228
6230 6231 6232
6230 6233 6231
6234 6233 6230
6234 6235 6233
6236 6237 6238
6236 6239 6237
6240 6239 6236
6240 6241 6239
6242 6243 6244
6242 6245 6243
6243 6245 6246
6247 6243 6246
6248 6247 6246
6249 6250 6251
6249 6251 6252
6253 6254 6255
6253 6256 6254
6256 6253 6257
6258 6259 6260
6258 6260 6261
6260 6262 6261
6262 6263 6261
6262 6264 6263
6264 6265 6263
6266 6265 6264
6266 6267 6265
6268 6269 6270
6268 6271 6269
6268 6272 6271
6273 6274 6275
6273 6276 6274
6274 6276 6277
6278 6274 6277
6279 6278 6277
6279 6280 6278
6281 6280 6279
6281 6282 6280
6283 6284 6285
6283 6286 6284
6286 6283 6287
6288 6289 6290
6288 6290 6291
6290 6292 6291
6292 6293 6291
6292 6294 6293
6294 6295 6293
6296 6295 6294
6296 6297 6295
6298 6299 6300
6298 6301 6299
6298 6302 6301
6303 6304 6305
6303 6305 6306
6303 6306 6307
6308 6307 6306
6309 6308 6306
6309 6306 6310
6311 6309 6310
6311 6312 6309
6312 6311 6313
6311 6314 6313
6311 6315 6314
6314 6315 6316
6317 6318 6319
6320 6317 6319
6320 6319 6321
6322 6320 6321
6323 6324 6325
6323 6326 6324
6327 6323 6328
6327 6329 6323
6330 6331 6332
6330 6332 6333
6330 6333 6334
6335 6334 6333
6336 6335 6333
6336 6333 6337
6338 6336 6337
6338 6339 6336
6339 6338 6340
6338 6341 6340
6338 6342 6341
6341 6342 6343
6344 6345 6346
6347 6344 6346
6347 6346 6348
6349 6347 6348
6350 6351 6352
6350 6353 6351
6354 6350 6355
6354 6356 6350
6357 6358 6359
6357 6359 6360
6357 6360 6361
6362 6361 6360
6363 6362 6360
6363 6360 6364
6365 6363 6364
6365 6366 6363
6366 6365 6367
6365 6368 6367
6365 6369 6368
6368 6369 6370
6371 6372 6373
6374 6371 6373
6374 6373 6375
6376 6374 6375
6377 6378 6379
6377 6380 6378
6381 6377 6382
6381 6383 6377
6384 6385 6386
6384 6386 6387
6384 6387 6388
6389 6388 6387
6390 6389 6387
6390 6387 6391
6392 6390 6391
6392 6393 6390
6393 6392 6394
6392 6395 6394
6392 6396 6395
6395 6396 6397
6398 6399 6400
6401 6398 6400
6401 6400 6402
6403 6401 6402
6404 6405 6406
6404 6407 6405
6408 6404 6409
6408 6410 6404
6411 6412 6413
6411 6413 6414
6411 6414 6415
6416 6415 6414
6417 6416 6414
6417 6414 6418
6419 6417 6418
6419 6420 6417
6420 6419 6421
6419 6422 6421
6419 6423 6422
6422 6423 6424
6425 6426 6427
6428 6425 6427
6428 6427 6429
6430 6428 6429
6431 6432 6433
6431 6434 6432
6435 6431 6436
6435 6437 6431
6438 6439 6440
6438 6440 6441
6438 6441 6442
6443 6442 6441
6444 6443 6441
6444 6441 6445
6446 6444 6445
6446 6447 6444
6447 6446 6448
6446 6449 6448
6446 6450 6449
6449 6450 6451
6452 6453 6454
6455 6452 6454
6455 6454 6456
6457 6455 6456
6458 6459 6460
6458 6461 6459
6462 6458 6463
6462 6464 6458
6465 6466 6467
6465 6467 6468
6465 6468 6469
6470 6469 6468
6471 6470 6468
6471 6468 6472
6473 6471 6472
6473 6474 6471
6474 6473 6475
6473 6476 6475
6473 6477 6476
6476 6477 6478
6479 6480 6481
6482 6479 6481
6482 6481 6483
6484 6482 6483
6485 6486 6487
6485 6488 6486
6489 6485 6490
6489 6491 6485
6492 6493 6494
6492 6494 6495
6492 6495 6496
6497 6496 6495
6498 6497 6495
6498 6495 6499
6500 6498 6499
6500 6501 6498
6501 6500 6502
6500 6503 6502
6500 6504 6503
6503 6504 6505
6506 6507 6508
6509 6506 6508
6509 6508 6510
6511 6509 6510
6512 6513 6514
6512 6515 6513
6516 6512 6517
6516 6518 6512
6519 6520 6521
6519 6521 6522
6519 6522 6523
6524 6523 6522
6525 6524 6522
6525 6522 6526
6527 6525 6526
6527 6528 6525
6528 6527 6529
6527 6530 6529
6527 6531 6530
6530 6531 6532
6533 6534 6535
6536 6533 6535
6536 6535 6537
6538 6536 6537
6539 6540 6541
6539 6542 6540
6543 6539 6544
6543 6545 6539
6546 6547 6548
6546 6548 6549
6546 6549 6550
6546 6550 6551
6552 6551 6550
6552 6550 6553
6553 6554 6552
6553 6555 6554
6554 6555 6556
6554 6556 6557
6556 6558 6557
6556 6559 6558
6559 6560 6558
6558 6560 6561
6562 6561 6560
6562 6563 6561
6563 6562 6564
6563 6564 6565
6566 6565 6564
6566 6564 6567
6568 6569 6570
6571 6569 6568
6572 6569 6571
6572 6573 6569
6573 6572 6574
6573 6574 6575
6575 6574 6576
6577 6576 6574
6577 6578 6576
6578 6577 6579
6580 6578 6579
6580 6579 6581
6582 6580 6581
6576 6583 6575
6584 6575 6583
6585 6584 6583
6575 6584 6586
6587 6586 6584
6587 6584 6588
6588 6584 6585
6589 6587 6588
6589 6588 6590
6588 6591 6590
6588 6592 6591
6588 6585 6592
6593 6591 6592
6593 6592 6594
6594 6592 6585
6593 6594 6595
6593 6595 6596
6597 6596 6595
6597 6595 6598
6595 6599 6598
6600 6595 6594
6594 6585 6600
6595 6601 6599
6600 6601 6595
6601 6602 6599
6603 6599 6602
6603 6602 6582
6603 6582 6604
6602 6580 6582
6601 6605 6602
6600 6605 6601
6602 6605 6580
6600 6606 6605
6606 6580 6605
6600 6585 6607
6600 6607 6606
6606 6608 6580
6608 6578 6580
6606 6609 6608
6608 6609 6578
6606 6607 6609
6576 6578 6609
6585 6610 6607
6585 6583 6610
6610 6583 6576
6611 6609 6607
6611 6607 6610
6610 6576 6611
6609 6611 6576
6612 6613 6614
6612 6615 6613
6616 6613 6615
6616 6615 6617
6612 6618 6615
6617 6615 6618
6619 6616 6617
6619 6620 6616
6620 6619 6621
6619 6622 6621
6619 6623 6622
6619 6617 6623
6612 6624 6618
6624 6612 6625
6626 6624 6625
6624 6626 6618
6626 6625 6627
6626 6627 6628
6628 6627 6629
6630 6628 6629
6630 6631 6628
6632 6628 6631
6632 6631 6633
6632 6633 6634
6628 6635 6626
6618 6626 6635
6628 6632 6635
6618 6635 6636
6617 6618 6636
6632 6634 6637
6638 6637 6634
6638 6639 6637
6640 6637 6639
6635 6632 6641
6636 6635 6641
6632 6642 6641
6637 6642 6632
6642 6636 6641
6617 6636 6643
6642 6643 6636
6637 6644 6642
6644 6637 6640
6643 6642 6644
6645 6644 6640
6644 6645 6643
6645 6640 6646
6645 6646 6647
6647 6643 6645
6617 6643 6648
6647 6648 6643
6623 6617 6648
6623 6648 6649
6647 6649 6648
6647 6650 6649
6651 6652 6653
6654 6653 6652
6654 6652 6655
6656 6657 6658
6658 6657 6659
6660 6661 6662
6660 6663 6661
6660 6664 6663
6660 6665 6664
6666 6664 6665
6666 6667 6664
6668 6667 6666
6668 6669 6667
6668 6670 6669
6668 6671 6670
6670 6671 6672
6670 6672 6673
6673 6672 6674
6672 6675 6674
6676 6674 6675
6676 6675 6677
6677 6678 6676
6677 6679 6678
6680 6678 6679
6680 6681 6678
6682 6683 6684
6685 6682 6684
6686 6685 6684
6686 6684 6687
6687 6688 6686
6687 6689 6688
6689 6690 6688
6691 6688 6690
6691 6690 6692
6692 6693 6691
6694 6693 6692
6694 6695 6693
6696 6695 6694
6690 6689 6697
6698 6697 6689
6699 6697 6698
6689 6700 6698
6701 6698 6700
6701 6702 6698
6702 6699 6698
6703 6702 6701
6703 6704 6702
6702 6704 6705
6702 6705 6706
6702 6706 6699
6705 6707 6706
6706 6707 6708
6706 6708 6699
6707 6709 6708
6707 6710 6709
6711 6709 6710
6711 6712 6709
6709 6712 6713
6714 6708 6709
6699 6708 6714
6709 6713 6715
6714 6709 6715
6715 6713 6716
6717 6716 6713
6717 6696 6716
6717 6718 6696
6716 6696 6694
6715 6716 6719
6714 6715 6719
6716 6694 6719
6714 6719 6720
6720 6719 6694
6699 6714 6721
6714 6720 6721
6720 6694 6722
6722 6694 6692
6720 6722 6723
6722 6692 6723
6720 6723 6721
6690 6723 6692
6699 6721 6724
6699 6724 6697
6724 6690 6697
6725 6721 6723
6721 6725 6724
6724 6725 6690
6723 6690 6725
6726 6727 6728
6727 6729 6728
6727 6730 6729
6731 6732 6733
6731 6733 6734
6735 6736 6737
6735 6738 6736
6739 6738 6735
6739 6735 6740
6740 6741 6739
6740 6742 6741
6743 6736 6738
6743 6738 6739
6743 6744 6736
6743 6745 6744
6743 6746 6745
6743 6747 6746
6743 6739 6747
6747 6748 6746
6749 6748 6747
6749 6747 6739
6748 6749 6750
6749 6751 6750
6751 6752 6750
6753 6752 6751
6749 6754 6751
6755 6754 6749
6749 6739 6755
6755 6739 6741
6754 6755 6741
6753 6751 6756
6751 6757 6756
6757 6758 6756
6751 6759 6757
6759 6751 6754
6754 6760 6759
6754 6761 6760
6754 6762 6761
6762 6763 6761
6764 6762 6754
6764 6754 6741
6765 6764 6741
6741 6766 6765
6741 6742 6766
6766 6742 6767
6766 6767 6768
6769 6768 6767
6769 6767 6770
6769 6770 6771
6769 6772 6768
6769 6771 6773
6769 6774 6772
6773 6774 6769
6775 6772 6774
6773 6776 6774
6774 6777 6775
6774 6776 6778
6774 6778 6777
6778 6779 6777
6780 6781 6782
6780 6783 6781
6784 6781 6783
6783 6785 6784
6785 6783 6786
6785 6786 6787
6788 6785 6787
6789 6784 6785
6785 6788 6790
6790 6789 6785
6790 6788 6791
6792 6790 6791
6789 6790 6793
6792 6793 6790
6794 6789 6793
6794 6793 6795
6796 6793 6792
6797 6795 6793
6796 6797 6793
6798 6795 6797
6796 6799 6797
6798 6797 6799
6796 6800 6799
6798 6799 6801
6800 6801 6799
6802 6803 6804
6802 6805 6803
6806 6803 6805
6806 6807 6803
6807 6806 6808
6807 6808 6809
6810 6805 6802
6810 6806 6805
6810 6802 6811
6810 6811 6812
6810 6812 6813
6810 6813 6814
6810 6814 6806
6815 6814 6813
6816 6814 6815
6816 6806 6814
6815 6817 6816
6816 6817 6818
6818 6817 6819
6818 6819 6820
6816 6818 6821
6822 6816 6821
6816 6822 6806
6822 6808 6806
6821 6808 6822
6818 6820 6823
6818 6823 6824
6824 6823 6825
6818 6824 6826
6826 6821 6818
6821 6826 6827
6821 6827 6828
6821 6828 6829
6829 6828 6830
6821 6829 6831
6821 6831 6808
6832 6808 6831
6833 6808 6832
6833 6809 6808
6833 6834 6809
6833 6835 6834
6836 6834 6835
6836 6837 6834
6836 6838 6837
6836 6835 6839
6836 6840 6838
6836 6839 6841
6840 6836 6841
6842 6841 6839
6840 6841 6843
6841 6842 6844
6841 6845 6843
6841 6844 6845
6845 6844 6846
6847 6848 6849
6847 6849 6850
6851 6850 6849
6850 6851 6852
6852 6853 6850
6852 6854 6853
6855 6854 6852
6856 6852 6851
6852 6857 6855
6857 6852 6856
6857 6858 6855
6859 6858 6857
6856 6860 6857
6859 6857 6860
6861 6860 6856
6861 6862 6860
6863 6859 6860
6864 6860 6862
6863 6860 6864
6865 6864 6862
6863 6864 6866
6865 6866 6864
6863 6866 6867
6865 6868 6866
6867 6866 6868
6869 6870 6871
6869 6872 6870
6872 6869 6873
6872 6873 6874
6873 6875 6874
6873 6876 6875
6876 6877 6875
6876 6878 6877
6878 6879 6877
6878 6880 6879
6881 6879 6880
6881 6880 6882
6882 6883 6881
6882 6884 6883
6884 6885 6883
6884 6886 6885
6887 6885 6886
6887 6888 6885
6889 6890 6891
6889 6892 6890
6893 6892 6889
6893 6894 6892
6893 6895 6894
6893 6896 6895
6896 6897 6895
6896 6898 6897
6899 6897 6898
6899 6898 6900
6900 6901 6899
6900 6902 6901
6902 6903 6901
6902 6904 6903
6904 6905 6903
6904 6906 6905
6906 6907 6905
6906 6908 6907
6905 6907 6909
6910 6911 6912
6910 6913 6911
6913 6910 6914
6913 6914 6915
6916 6915 6914
6916 6914 6917
6917 6918 6916
6917 6919 6918
6919 6920 6918
6919 6921 6920
6922 6920 6921
6922 6921 6923
6923 6924 6922
6923 6925 6924
6925 6926 6924
6925 6927 6926
6926 6927 6928
6926 6928 6929
6928 6927 6930
6931 6932 6933
6931 6934 6932
6935 6934 6931
6935 6936 6934
6935 6937 6936
6935 6938 6937
6938 6939 6937
6938 6940 6939
6941 6939 6940
6941 6940 6942
6942 6943 6941
6942 6944 6943
6944 6945 6943
6944 6946 6945
6946 6947 6945
6946 6948 6947
6948 6949 6947
6948 6950 6949
6947 6949 6951
6952 6953 6954
6952 6955 6953
6956 6955 6952
6956 6957 6955
6958 6957 6956
6958 6956 6959
6959 6960 6958
6959 6961 6960
6961 6962 6960
6961 6963 6962
6963 6964 6962
6963 6965 6964
6965 6966 6964
6965 6967 6966
6968 6966 6967
6968 6969 6966
6968 6970 6969
6968 6971 6970
6969 6970 6972
6973 6974 6975
6973 6976 6974
6973 6977 6976
6973 6978 6977
6979 6977 6978
6979 6978 6980
6981 6979 6980
6981 6980 6982
6982 6983 6981
6982 6984 6983
6985 6983 6984
6985 6984 6986
6987 6985 6986
6987 6986 6988
6989 6987 6988
6989 6988 6990
6990 6991 6989
6990 6992 6991
6993 6994 6995
6993 6996 6994
6993 6997 6996
6993 6998 6997
6998 6999 6997
6998 7000 6999
7000 7001 6999
7000 7002 7001
7002 7003 7001
7002 7004 7003
7004 7005 7003
7004 7006 7005
7006 7007 7005
7006 7008 7007
7008 7009 7007
7008 7010 7009
7011 7009 7010
7011 7012 7009
7013 7014 7015
7013 7016 7014
7013 7017 7016
7013 7018 7017
7019 7017 7018
7019 7018 7020
7020 7021 7019
7020 7022 7021
7022 7023 7021
7022 7024 7023
7024 7025 7023
7024 7026 7025
7026 7027 7025
7026 7028 7027
7028 7029 7027
7028 7030 7029
7031 7029 7030
7029 7031 7032
7033 7034 7035
7035 7034 7036
7037 7038 7039
7037 7039 7040
7041 7042 7043
7041 7043 7044
7045 7046 7047
7047 7046 7048
7049 7050 7051
7049 7051 7052
7053 7054 7055
7055 7054 7056
7057 7058 7059
7057 7059 7060
7061 7062 7063
7063 7062 7064
7065 7066 7067
7065 7067 7068
7069 7070 7071
7071 7070 7072
7073 7074 7075
7073 7075 7076
7077 7078 7079
7079 7078 7080
7081 7082 7083
7081 7083 7084
7085 7086 7087
7087 7086 7088
7089 7090 7091
7089 7091 7092
7093 7094 7095
7095 7094 7096
7097 7098 7099
7097 7100 7098
7101 7100 7097
7101 7102 7100
7101 7103 7102
7101 7104 7103
7103 7104 7105
7103 7105 7106
7107 7106 7105
7107 7108 7106
7108 7107 7109
7108 7109 7110
7111 7110 7109
7111 7109 7112
7113 7111 7112
7113 7114 7111
7115 7114 7113
7115 7116 7114
7117 7116 7115
7117 7118 7116
7118 7117 7119
7118 7119 7120
7121 7120 7119
7121 7122 7120
7123 7124 7125
7123 7126 7124
7127 7124 7126
7127 7128 7124
7129 7128 7127
7129 7130 7128
7131 7130 7129
7131 7132 7130
7133 7132 7131
7133 7134 7132
7135 7134 7133
7135 7133 7136
7135 7136 7137
7135 7137 7138
7138 7137 7139
7138 7139 7140
7141 7140 7139
7141 7142 7140
7142 7141 7143
7142 7143 7144
7145 7144 7143
7145 7146 7144
7145 7147 7146
7148 7147 7145
7149 7150 7151
7149 7151 7152
7153 7152 7151
7153 7154 7152
7155 7154 7153
7155 7156 7154
7157 7156 7155
7157 7158 7156
7159 7158 7157
7159 7160 7158
7161 7160 7159
7161 7162 7160
7161 7163 7162
7161 7164 7163
7163 7164 7165
7163 7165 7166
7165 7167 7166
7165 7168 7167
7169 7167 7168
7169 7168 7170
7171 7169 7170
7171 7172 7169
7173 7172 7171
7173 7171 7174
7175 7176 7177
7175 7177 7178
7179 7175 7178
7179 7178 7180
7179 7180 7181
7179 7181 7182
7182 7181 7183
7182 7183 7184
7185 7184 7183
7185 7186 7184
7186 7185 7187
7186 7187 7188
7188 7187 7189
7188 7189 7190
7190 7189 7191
7190 7191 7192
7193 7192 7191
7193 7191 7194
7195 7196 7197
7195 7197 7198
7199 7195 7198
7199 7198 7200
7201 7199 7200
7201 7202 7199
7203 7202 7201
7203 7204 7202
7205 7204 7203
7205 7206 7204
7206 7205 7207
7206 7207 7208
7209 7208 7207
7209 7210 7208
7211 7210 7209
7211 7212 7210
7212 7211 7213
7212 7213 7214
7211 7215 7213
7216 7217 7218
7216 7218 7219
7219 7220 7216
7219 7221 7220
7222 7220 7221
7222 7223 7220
7223 7222 7224
7223 7224 7225
7226 7225 7224
7226 7227 7225
7227 7226 7228
7227 7228 7229
7229 7228 7230
7229 7230 7231
7231 7230 7232
7231 7232 7233
7232 7234 7233
7232 7235 7234
7234 7236 7233
7237 7238 7239
7237 7239 7240
7241 7237 7240
7241 7240 7242
7243 7241 7242
7243 7244 7241
7245 7244 7243
7245 7246 7244
7247 7246 7245
7247 7248 7246
7248 7247 7249
7248 7249 7250
7251 7250 7249
7251 7252 7250
7253 7252 7251
7253 7254 7252
7254 7253 7255
7254 7255 7256
7253 7257 7255
7258 7259 7260
7258 7260 7261
7262 7258 7261
7262 7261 7263
7264 7262 7263
7264 7265 7262
7266 7265 7264
7266 7267 7265
7268 7267 7266
7268 7269 7267
7269 7268 7270
7269 7270 7271
7272 7271 7270
7272 7273 7271
7272 7274 7273
7272 7275 7274
7274 7275 7276
7274 7276 7277
7275 7278 7276
7279 7280 7281
7279 7281 7282
7279 7282 7283
7279 7283 7284
7285 7284 7283
7285 7286 7284
7287 7286 7285
7287 7288 7286
7289 7288 7287
7289 7290 7288
7290 7289 7291
7290 7291 7292
7293 7292 7291
7293 7294 7292
7295 7294 7293
7295 7296 7294
7296 7295 7297
7296 7297 7298
7299 7300 7301
7299 7301 7302
7299 7302 7303
7299 7303 7304
7304 7303 7305
7304 7305 7306
7306 7305 7307
7306 7307 7308
7309 7308 7307
7309 7310 7308
7310 7309 7311
7310 7311 7312
7312 7311 7313
7312 7313 7314
7314 7313 7315
7314 7315 7316
7317 7316 7315
7317 7315 7318
7319 7320 7321
7319 7321 7322
7319 7322 7323
7319 7323 7324
7325 7324 7323
7325 7326 7324
7326 7325 7327
7326 7327 7328
7329 7328 7327
7329 7330 7328
7330 7329 7331
7330 7331 7332
7332 7331 7333
7332 7333 7334
7334 7333 7335
7334 7335 7336
7337 7336 7335
7335 7338 7337
7339 7340 7341
7340 7342 7341
7343 7344 7345
7343 7345 7346
7347 7348 7349
7347 7349 7350
7351 7352 7353
7352 7354 7353
7355 7356 7357
7355 7357 7358
7359 7360 7361
7360 7362 7361
7363 7364 7365
7363 7365 7366
7367 7368 7369
7368 7370 7369
7371 7372 7373
7371 7373 7374
7375 7376 7377
7376 7378 7377
7379 7380 7381
7379 7381 7382
7383 7384 7385
7384 7386 7385
7387 7388 7389
7387 7389 7390
7391 7392 7393
7392 7394 7393
7395 7396 7397
7395 7397 7398
7399 7400 7401
7400 7402 7401
7403 7404 7405
7403 7405 7406
7407 7403 7406
7407 7406 7408
7407 7408 7409
7407 7409 7410
7409 7411 7410
7409 7412 7411
7412 7413 7411
7412 7414 7413
7414 7415 7413
7414 7416 7415
7417 7415 7416
7417 7418 7415
7419 7418 7417
7419 7417 7420
7421 7419 7420
7421 7420 7422
7423 7421 7422
7423 7422 7424
7424 7425 7423
7424 7426 7425
7426 7427 7425
7426 7428 7427
7429 7430 7431
7429 7432 7430
7433 7432 7429
7433 7429 7434
7435 7433 7434
7435 7434 7436
7437 7435 7436
7437 7436 7438
7439 7437 7438
7439 7438 7440
7441 7439 7440
7441 7442 7439
7443 7442 7441
7443 7441 7444
7444 7445 7443
7444 7446 7445
7447 7445 7446
7447 7446 7448
7448 7449 7447
7448 7450 7449
7451 7449 7450
7451 7450 7452
7451 7452 7453
7454 7451 7453
7455 7456 7457
7455 7458 7456
7459 7456 7458
7459 7458 7460
7461 7459 7460
7461 7460 7462
7463 7461 7462
7463 7462 7464
7465 7463 7464
7465 7464 7466
7467 7465 7466
7467 7466 7468
7467 7468 7469
7467 7469 7470
7471 7470 7469
7471 7469 7472
7471 7472 7473
7471 7473 7474
7475 7474 7473
7475 7476 7474
7477 7476 7475
7477 7475 7478
7479 7477 7478
7479 7480 7477
7481 7482 7483
7481 7483 7484
7484 7485 7481
7484 7483 7486
7484 7487 7485
7488 7485 7487
7486 7489 7484
7489 7486 7490
7488 7487 7491
7491 7492 7488
7493 7487 7484
7493 7484 7489
7489 7490 7494
7495 7494 7490
7487 7496 7491
7487 7493 7496
7491 7497 7492
7497 7498 7492
7499 7493 7489
7499 7489 7494
7500 7494 7495
7501 7500 7495
7502 7493 7499
7502 7496 7493
7499 7494 7503
7500 7503 7494
7503 7502 7499
7504 7500 7501
7505 7504 7501
7505 7506 7504
7506 7507 7504
7508 7504 7507
7509 7504 7508
7504 7509 7500
7503 7500 7509
7503 7509 7510
7503 7510 7502
7509 7508 7510
7510 7511 7502
7510 7512 7511
7510 7508 7512
7513 7512 7508
7502 7511 7514
7514 7496 7502
7514 7511 7515
7496 7514 7515
7496 7515 7516
7515 7517 7516
7516 7491 7496
7518 7517 7515
7516 7497 7491
7517 7497 7516
7517 7518 7519
7513 7508 7520
7521 7513 7520
7521 7520 7522
7523 7521 7522
7523 7522 7524
7522 7525 7524
7526 7520 7508
7526 7522 7520
7526 7508 7527
7527 7508 7528
7527 7528 7529
7522 7530 7525
7530 7531 7525
7526 7532 7522
7532 7530 7522
7530 7533 7531
7534 7530 7532
7533 7530 7534
7526 7535 7532
7534 7532 7535
7533 7536 7531
7537 7531 7536
7533 7538 7536
7539 7538 7533
7539 7533 7534
7534 7540 7539
7535 7540 7534
7541 7540 7535
7526 7542 7535
7527 7542 7526
7535 7543 7541
7543 7535 7542
7541 7543 7544
7543 7542 7545
7545 7542 7546
7545 7546 7547
7546 7548 7547
7549 7548 7546
7548 7549 7550
7551 7550 7549
7546 7542 7552
7527 7552 7542
7553 7552 7527
7553 7527 7554
7555 7554 7527
7553 7554 7556
7546 7552 7557
7549 7546 7557
7557 7552 7553
7551 7549 7558
7558 7559 7551
7553 7556 7560
7560 7556 7561
7562 7553 7560
7562 7560 7563
7564 7553 7562
7557 7553 7565
7564 7565 7553
7549 7557 7565
7566 7565 7564
7566 7567 7565
7549 7565 7567
7566 7568 7567
7567 7569 7549
7569 7567 7568
7568 7570 7569
7569 7558 7549
7569 7570 7571
7571 7558 7569
7570 7572 7571
7571 7572 7573
7571 7574 7558
7558 7574 7559
7573 7575 7571
7571 7575 7574
7573 7576 7575
7575 7576 7577
7578 7574 7575
7578 7559 7574
7575 7577 7578
7579 7559 7578
7579 7578 7577
7579 7580 7559
7579 7577 7581
7582 7583 7584
7582 7585 7583
7586 7583 7585
7587 7585 7582
7586 7585 7588
7587 7589 7585
7588 7585 7589
7589 7587 7590
7589 7591 7588
7589 7590 7592
7591 7589 7593
7592 7593 7589
7591 7593 7594
7593 7595 7594
7592 7596 7593
7593 7596 7595
7592 7597 7596
7596 7598 7595
7599 7596 7597
7596 7599 7598
7599 7597 7600
7600 7597 7601
7601 7602 7600
7599 7600 7602
7601 7603 7602
7603 7604 7602
7598 7599 7605
7599 7602 7605
7598 7605 7606
7607 7606 7605
7604 7608 7602
7602 7608 7605
7607 7605 7608
7604 7609 7608
7608 7610 7607
7610 7608 7609
7610 7611 7607
7609 7612 7610
7610 7613 7611
7613 7610 7612
7613 7612 7614
7615 7613 7614
7616 7617 7618
7616 7618 7619
7620 7616 7619
7620 7619 7621
7619 7622 7621
7622 7619 7623
7624 7619 7618
7624 7618 7625
7626 7623 7619
7624 7626 7619
7626 7627 7623
7628 7627 7626
7628 7629 7627
7628 7630 7629
7628 7519 7630
7626 7631 7628
7628 7631 7519
7626 7624 7631
7517 7519 7631
7517 7631 7624
7625 7632 7624
7517 7624 7632
7625 7498 7632
7517 7632 7497
7497 7632 7498
7633 7634 7635
7633 7636 7634
7637 7636 7633
7636 7638 7634
7637 7639 7636
7640 7639 7637
7638 7636 7641
7641 7642 7638
7640 7643 7639
7644 7643 7640
7645 7636 7639
7645 7641 7636
7641 7646 7642
7647 7642 7646
7644 7648 7643
7648 7644 7649
7650 7639 7643
7650 7645 7639
7651 7641 7645
7651 7646 7641
7652 7647 7646
7653 7647 7652
7654 7651 7645
7654 7645 7650
7651 7655 7646
7652 7646 7655
7655 7651 7654
7656 7653 7652
7657 7653 7656
7657 7656 7658
7658 7656 7659
7660 7659 7656
7660 7661 7659
7662 7660 7656
7656 7652 7662
7655 7662 7652
7655 7663 7662
7655 7654 7663
7662 7663 7660
7660 7664 7661
7661 7664 7665
7664 7666 7665
7666 7667 7665
7666 7668 7667
7668 7669 7667
7670 7668 7666
7670 7671 7668
7672 7670 7666
7672 7666 7673
7674 7672 7673
7674 7673 7675
7674 7675 7676
7677 7675 7673
7675 7677 7678
7678 7676 7675
7676 7678 7679
7680 7673 7666
7677 7673 7680
7678 7681 7679
7679 7681 7682
7681 7683 7682
7680 7666 7684
7664 7684 7666
7685 7680 7684
7677 7680 7685
7664 7686 7684
7685 7684 7686
7681 7678 7687
7678 7677 7687
7683 7681 7688
7683 7688 7689
7688 7690 7689
7681 7691 7688
7681 7687 7691
7688 7692 7690
7692 7688 7691
7687 7693 7691
7692 7691 7693
7694 7690 7692
7694 7692 7693
7694 7695 7690
7694 7693 7696
7687 7697 7693
7697 7687 7677
7697 7677 7698
7699 7698 7677
7677 7685 7699
7685 7700 7699
7701 7700 7685
7701 7685 7686
7702 7701 7686
7702 7686 7703
7703 7704 7702
7704 7705 7702
7704 7703 7706
7707 7703 7686
7664 7707 7686
7707 7664 7660
7703 7708 7706
7708 7709 7706
7707 7710 7703
7708 7703 7710
7707 7711 7710
7709 7708 7712
7709 7712 7713
7712 7714 7713
7708 7710 7715
7712 7708 7715
7710 7711 7715
7712 7716 7714
7715 7716 7712
7717 7714 7716
7715 7718 7716
7711 7718 7715
7711 7719 7718
7711 7720 7719
7711 7721 7720
7707 7722 7711
7722 7721 7711
7722 7723 7721
7707 7660 7722
7723 7722 7660
7723 7660 7724
7663 7724 7660
7663 7725 7724
7663 7654 7725
7654 7726 7725
7726 7654 7650
7726 7727 7725
7650 7727 7726
7650 7728 7727
7727 7728 7729
7643 7728 7650
7730 7727 7729
7643 7648 7728
7729 7728 7648
7729 7731 7730
7729 7648 7732
7648 7649 7732
7733 7732 7649
7733 7734 7732
7729 7732 7734
7734 7733 7735
7734 7735 7736
7729 7737 7731
7729 7734 7737
7738 7736 7735
7738 7735 7739
7740 7736 7738
7740 7741 7736
7736 7741 7742
7742 7743 7736
7734 7736 7744
7744 7736 7743
7744 7737 7734
7744 7743 7745
7746 7731 7737
7744 7746 7737
7746 7744 7745
7747 7731 7746
7746 7745 7748
7747 7746 7748
7749 7750 7751
7749 7751 7752
7753 7752 7751
7754 7749 7752
7753 7755 7752
7754 7752 7756
7755 7756 7752
7756 7757 7754
7756 7755 7758
7756 7759 7757
7758 7760 7756
7759 7756 7760
7758 7761 7760
7760 7761 7762
7763 7759 7760
7760 7762 7764
7763 7760 7764
7764 7762 7765
7763 7764 7766
7764 7765 7766
7763 7766 7767
7763 7767 7768
7768 7767 7769
7766 7769 7767
7768 7769 7770
7770 7769 7771
7765 7772 7766
7766 7772 7769
7765 7773 7772
7774 7772 7773
7771 7769 7775
7769 7772 7775
7774 7775 7772
7771 7775 7776
7775 7774 7777
7777 7776 7775
7777 7774 7778
7776 7777 7779
7777 7778 7780
7780 7779 7777
7780 7781 7779
7782 7781 7780
7783 7784 7785
7786 7783 7785
7786 7785 7787
7787 7788 7786
7787 7789 7788
7790 7786 7788
7788 7789 7791
7792 7790 7788
7792 7793 7790
7788 7791 7794
7794 7791 7795
7796 7793 7792
7797 7793 7796
7798 7792 7788
7798 7788 7794
7796 7792 7798
7794 7795 7799
7795 7800 7799
7795 7801 7800
7801 7802 7800
7803 7798 7794
7803 7794 7799
7804 7796 7798
7804 7798 7803
7805 7796 7804
7797 7796 7806
7805 7806 7796
7806 7807 7797
7806 7805 7807
7807 7808 7797
7807 7809 7808
7807 7810 7809
7810 7807 7811
7807 7805 7811
7812 7810 7811
7811 7813 7812
7813 7811 7814
7815 7814 7811
7811 7816 7815
7816 7811 7817
7817 7811 7805
7816 7817 7818
7817 7819 7818
7819 7817 7820
7820 7817 7821
7822 7820 7821
7822 7821 7823
7824 7822 7823
7817 7805 7825
7817 7826 7821
7817 7825 7826
7821 7827 7823
7821 7826 7827
7828 7827 7826
7824 7823 7829
7829 7823 7827
7824 7829 7830
7831 7824 7830
7830 7832 7831
7833 7832 7830
7833 7830 7834
7830 7835 7834
7834 7836 7833
7836 7834 7837
7838 7837 7834
7834 7839 7838
7839 7834 7840
7829 7827 7841
7830 7829 7841
7828 7841 7827
7840 7834 7842
7835 7842 7834
7842 7843 7840
7842 7844 7843
7842 7845 7844
7830 7841 7846
7830 7846 7835
7847 7845 7842
7847 7842 7835
7845 7847 7848
7835 7848 7847
7845 7848 7849
7850 7846 7841
7828 7850 7841
7851 7835 7846
7850 7851 7846
7835 7852 7848
7851 7852 7835
7848 7853 7849
7849 7853 7854
7853 7855 7854
7854 7855 7856
7848 7857 7853
7852 7857 7848
7857 7855 7853
7852 7858 7857
7858 7852 7851
7859 7851 7850
7859 7850 7828
7857 7860 7855
7858 7860 7857
7858 7851 7861
7859 7861 7851
7862 7861 7859
7861 7863 7858
7858 7863 7860
7862 7863 7861
7860 7863 7864
7864 7863 7862
7860 7864 7865
7855 7860 7865
7855 7865 7866
7867 7855 7866
7867 7856 7855
7856 7867 7868
7856 7868 7869
7869 7868 7870
7864 7862 7871
7871 7862 7872
7872 7862 7873
7872 7873 7874
7874 7873 7875
7873 7802 7875
7873 7800 7802
7873 7862 7876
7873 7876 7800
7862 7859 7876
7876 7859 7828
7800 7876 7877
7876 7828 7877
7800 7877 7878
7800 7878 7799
7799 7878 7803
7803 7878 7879
7877 7879 7878
7803 7879 7804
7879 7805 7804
7879 7825 7805
7877 7828 7880
7877 7880 7879
7880 7825 7879
7828 7826 7880
7880 7826 7825
7881 7882 7883
7881 7884 7882
7881 7885 7884
7881 7886 7885
7887 7885 7886
7887 7886 7888
7888 7889 7887
7888 7890 7889
7890 7891 7889
7890 7892 7891
7893 7894 7895
7893 7895 7896
7893 7896 7897
7893 7897 7898
7899 7898 7897
7899 7900 7898
7900 7899 7901
7900 7901 7902
7902 7901 7903
7902 7903 7904
7905 7906 7907
7905 7907 7908
7905 7908 7906
7909 7910 7911
7909 7912 7910
7912 7909 7913
7909 7911 7914
7909 7914 7915
7915 7914 7916
7913 7909 7917
7915 7917 7909
7915 7918 7917
7918 7915 7919
7919 7915 7920
7915 7921 7920
7915 7916 7922
7915 7922 7921
7922 7916 7923
7921 7922 7924
7922 7923 7924
7925 7926 7927
7928 7927 7926
7925 7927 7929
7925 7929 7930
7925 7930 7931
7928 7932 7927
7933 7929 7927
7933 7927 7932
7933 7934 7929
7930 7929 7934
7933 7932 7935
7932 7936 7935
7930 7934 7937
7928 7938 7932
7932 7938 7936
7928 7939 7938
7938 7939 7940
7936 7938 7941
7938 7940 7941
7936 7941 7942
7943 7942 7941
7940 7944 7941
7943 7941 7944
7940 7945 7944
7944 7946 7943
7947 7944 7945
7944 7948 7946
7947 7948 7944
7937 7949 1173
7950 1173 7949
7937 1173 1171
7950 7951 1173
7952 7951 7950
1175 1173 7951
7952 1175 7951
7952 7950 7953
7952 7954 1175
7955 7952 7953
7956 7954 7952
7955 7957 7952
7956 7952 7957
7957 7955 7958
7959 7956 7957
7957 7958 7959
7959 7960 7956
7961 7960 7959
7958 7962 7959
7961 7959 7962
7958 7963 7962
7964 7961 7962
7965 7962 7963
7964 7962 7966
7965 7966 7962
1228 7967 1189
1230 7967 1228
7968 1189 7967
1189 7968 7969
1189 7969 1171
7937 1171 7969
7968 7937 7969
7968 7930 7937
7967 7930 7968
7967 7931 7930
1230 7931 7967
7931 1230 7970
7931 7970 7971
1230 1233 7970
7972 7971 7970
1233 7972 7970
1233 7973 7972
7972 7974 7971
7972 7973 7975
7974 7972 7976
7972 7975 7976
7974 7976 7977
7978 7976 7975
7979 7977 7976
7978 7980 7976
7979 7976 7980
7980 7978 7981
7979 7980 7982
7980 7981 7982
7979 7982 7983
7982 7984 7983
7981 7985 7982
7982 7985 7984
7981 7986 7985
7985 7987 7984
7988 7985 7986
7985 7989 7987
7988 7989 7985
7990 7991 7992
7990 7993 7991
7994 7992 7991
7991 7993 7995
7991 7996 7994
7991 7995 7997
7991 7998 7996
7997 7999 7991
7998 7991 8000
8000 7991 7999
8001 8002 8003
8001 8004 8002
8005 8003 8002
8002 8004 8006
8005 8002 8007
8002 8006 8008
8002 8009 8007
8008 8010 8002
8009 8002 8011
8011 8002 8010
8012 8013 8014
8012 8014 8015
8014 8013 8016
8017 8015 8014
8014 8016 8018
8014 8019 8017
8018 8020 8014
8014 8021 8019
8022 8014 8020
8021 8014 8022
8023 8024 8025
8023 8025 8026
8025 8024 8027
8028 8026 8025
8025 8027 8029
8025 8030 8028
8031 8025 8029
8030 8025 8032
8031 8033 8025
8032 8025 8033
8034 8035 8036
8034 8036 8037
8038 8036 8035
8037 8036 8039
8036 8038 8040
8039 8036 8041
8040 8042 8036
8036 8043 8041
8044 8036 8042
8043 8036 8044
8045 8046 8047
8045 8047 8048
8048 8049 8045
8045 8050 8046
8045 8051 8050
8051 8052 8050
8049 8053 8045
8051 8045 8053
8051 8053 8054
8054 8055 8051
8055 8056 8051
8051 8056 8057
8051 8058 8052
8051 8057 8058
8058 8059 8052
8057 8060 8058
8058 8060 8059
8061 8062 8063
8064 8062 8061
8061 8063 8065
8063 8066 8065
8063 8067 8066
8064 8061 8068
8065 8069 8061
8069 8068 8061
8065 8070 8069
8070 8065 8066
8069 8071 8068
8072 8068 8071
8070 8066 8073
8074 8064 8068
8072 8074 8068
8074 8075 8064
8074 8076 8075
8072 8077 8074
8074 8077 8076
8072 8078 8077
8077 8078 8079
8080 8076 8077
8077 8079 8080
8080 8081 8076
8080 8079 8082
8083 8081 8080
8080 8082 8084
8083 8080 8084
8085 8073 8066
8066 8086 8085
8066 8067 8086
8085 8087 8073
1638 8087 8085
8085 8086 1638
1638 1620 8087
8073 8087 1620
1677 1638 8086
1622 8073 1620
1679 1677 8086
1679 8086 8067
1622 8088 8073
8089 8088 1622
8090 1679 8067
1682 1679 8090
8090 8067 8091
8092 1682 8090
8091 8092 8090
8092 8093 1682
8091 8094 8092
8095 8093 8092
8094 8096 8092
8095 8092 8096
8094 8097 8096
8098 8095 8096
8096 8097 8099
8098 8096 8100
8096 8099 8100
8100 8101 8098
8099 8102 8100
8100 8102 8101
8099 8103 8102
8104 8102 8103
8101 8102 8105
8104 8105 8102
8101 8105 8106
8105 8104 8107
8108 8106 8105
8105 8107 8109
8108 8105 8109
8089 1622 8110
8089 8110 8111
1622 1624 8110
8111 8110 1624
8089 8111 8112
8111 1624 8113
8114 8112 8111
8111 8113 8115
8114 8111 8116
8111 8115 8116
8116 8117 8114
8118 8116 8115
8116 8118 8117
8118 8115 8119
8118 8119 8120
8121 8117 8118
8118 8120 8121
8121 8122 8117
8121 8120 8123
8124 8122 8121
8121 8123 8125
8124 8121 8125
8126 8127 8128
8126 8128 8129
8130 8128 8127
8128 8131 8129
8128 8130 8132
8128 8133 8131
8128 8132 8134
8133 8128 8135
8134 8136 8128
8136 8135 8128
8137 8138 8139
8137 8139 8140
8141 8139 8138
8139 8142 8140
8141 8143 8139
8139 8144 8142
8139 8143 8145
8144 8139 8146
8145 8147 8139
8147 8146 8139
8148 8149 8150
8148 8151 8149
8149 8152 8150
8153 8149 8151
8149 8154 8152
8149 8153 8155
8154 8149 8156
8149 8155 8157
8158 8156 8149
8157 8158 8149
8159 8160 8161
8159 8162 8160
8160 8163 8161
8164 8160 8162
8160 8165 8163
8160 8164 8166
8167 8165 8160
8166 8168 8160
8167 8160 8169
8168 8169 8160
8170 8171 8172
8172 8173 8170
8174 8172 8171
8173 8172 8175
8174 8176 8172
8177 8175 8172
8176 8178 8172
8179 8177 8172
8178 8180 8172
8172 8180 8179
8181 8182 8183
8183 8182 8184
8185 8184 8182
8181 8186 8182
8185 8182 8186
8181 8187 8186
8186 8187 8188
8185 8186 8189
8186 8188 8189
8185 8189 8190
8188 8191 8189
8189 8191 8190
8192 8193 8194
8192 8195 8193
8196 8192 8194
8192 8197 8195
8192 8196 8198
8197 8192 8199
8192 8198 8200
8192 8200 8199
8201 8202 8203
8201 8204 8202
8205 8201 8203
8201 8206 8204
8201 8205 8207
8206 8201 8208
8201 8207 8209
8201 8209 8208
8210 8211 8212
8210 8212 8213
8210 8214 8211
8210 8213 8215
8210 8215 8214
8216 8217 8218
8217 8219 8218
8216 8220 8217
8216 8221 8220
8221 8222 8220
8223 8220 8222
8223 8217 8220
8217 8224 8219
8223 8224 8217
8219 8224 8225
8223 8226 8224
8224 8226 8225
8227 8228 8229
8227 8230 8228
8229 8231 8227
8227 8232 8230
8227 8231 8233
8234 8232 8227
8227 8233 8235
8227 8235 8234
8236 8237 8238
8236 8239 8237
8238 8240 8236
8236 8241 8239
8236 8240 8242
8243 8241 8236
8236 8242 8244
8236 8244 8243
8245 8246 8247
8245 8248 8246
8245 8247 8249
8245 8250 8248
8245 8249 8250
8251 8252 8253
8252 8251 8254
8251 8255 8254
8251 8253 8256
8257 8256 8253
8251 8258 8255
8258 8259 8255
8257 8260 8256
8260 8257 8261
8256 8262 8251
8262 8258 8251
8260 8261 8263
8264 8263 8261
8256 8260 8265
8265 8262 8256
8265 8260 8263
8262 8265 8266
8262 8266 8258
8267 8258 8266
8267 8268 8258
8258 8268 8259
8269 8259 8268
8270 8266 8265
8265 8263 8270
8270 8267 8266
8264 8271 8263
8272 8271 8264
8273 8271 8272
8263 8274 8270
8263 8271 8274
8274 8271 8273
8267 8270 8274
8273 8275 8274
8275 8267 8274
8275 8273 8276
8267 8275 8276
8269 8268 8277
8267 8277 8268
8267 8276 8278
8267 8278 8277
8269 8277 8278
8279 8278 8276
8269 8278 8280
8279 8280 8278
8281 8282 8283
8282 8284 8283
8284 8285 8283
8284 8286 8285
8287 8281 8283
8285 8287 8283
8288 8285 8286
8288 8286 8289
8289 8290 8288
8289 8291 8290
8285 8288 8292
8290 8292 8288
8293 8290 8291
8293 8291 8294
8294 8295 8293
8293 8295 8296
8290 8293 8297
8292 8290 8297
8293 8296 8298
8297 8293 8298
8298 8296 8299
8285 8292 8300
8285 8300 8287
8301 8287 8300
8302 8287 8301
8281 8287 8302
8302 8303 8281
8303 8302 8301
8297 8304 8292
8300 8292 8304
8297 8298 8304
8300 8304 8301
8301 8304 8298
8298 8299 8305
8301 8298 8305
8306 8305 8299
8303 8301 8307
8308 8303 8307
8308 8307 8309
8306 8309 8307
8306 8310 8305
8301 8305 8310
8306 8307 8310
8301 8310 8307
8311 8312 8313
8314 8311 8313
8312 8315 8313
8316 8314 8313
8315 8317 8313
8318 8316 8313
8317 8319 8313
8319 8318 8313
8320 8321 8322
8323 8320 8322
8321 8324 8322
8325 8323 8322
8324 8326 8322
8327 8325 8322
8326 8328 8322
8328 8327 8322
8329 8330 8331
8332 8330 8329
8331 8330 8333
8334 8330 8332
8333 8330 8335
8336 8330 8334
8335 8330 8337
8337 8330 8336
8338 8339 8340
8341 8339 8338
8340 8339 8342
8343 8339 8341
8342 8339 8344
8345 8339 8343
8344 8339 8346
8346 8339 8345
8347 8348 8349
8347 8349 8350
8351 8348 8347
8347 8350 8352
8353 8351 8347
8354 8347 8352
8347 8355 8353
8347 8354 8356
8355 8347 8357
8347 8356 8358
8347 8359 8357
8359 8347 8358
